Workbook

Sheet BẢNG CC
A1: BẢNG CHẤM CÔNG
P3: Tháng | R3: 6 | S3: Năm | T3: 2026 | AN3: =SUM(AN8:AN36) -> 708
A4: Thông tin nhân viên | D4: Các ngày trong tháng | AI4: Tổng Ngày Công | AM4: Tổng | AN4: Tổng ngày công tính lương | AO4: Ngày nhận việc
A5: STT | B5: Mã NV | C5: Họ và tên | D5: =DATE(T3,R3,1) -> 46174 | E5: =D5+1 -> 46175 | F5: =E5+1 -> 46176 | G5: =F5+1 -> 46177 | H5: =G5+1 -> 46178 | I5: =H5+1 -> 46179 | J5: =I5+1 -> 46180 | K5: =J5+1 -> 46181 | L5: =K5+1 -> 46182 | ... AH5: =AG5+1 -> 46204 | AI5: TT | AJ5: P | AK5: L | AL5: KL
D6: =TEXT(D5,"ddd") -> hai | E6: =TEXT(E5,"ddd") -> ba | F6: =TEXT(F5,"ddd") -> tư | G6: =TEXT(G5,"ddd") -> năm | H6: =TEXT(H5,"ddd") -> sáu | I6: =TEXT(I5,"ddd") -> bảy | J6: =TEXT(J5,"ddd") -> cn | K6: =TEXT(K5,"ddd") -> hai | ... AH6: =TEXT(AH5,"ddd") -> tư
A7: MEDIGO | AI7: =SUM(AI8:AI36) -> 689 | AJ7: =SUM(AJ8:AJ36) -> 19 | AK7: =SUM(AK8:AK36) -> 0 | AL7: =SUM(AL8:AL36) -> 0 | AM7: =SUM(AM8:AM36) -> 708 | AN7: =SUM(AN8:AN36) -> 708
A8: 1 | C8: Le Huu Ha | D8: 1 | E8: 1 | F8: 1 | G8: 1 | H8: 1 | I8: 1 | K8: 1 | L8: 1 | M8: 1 | N8: 1 | O8: 1 | P8: 1 | R8: 1 | S8: 1 | T8: 1 | U8: 1 | V8: 1 | W8: 1 | Y8: 1 | Z8: 1 | AA8: 1 | AB8: 1 | AC8: 1 | AD8: 1 | AF8: 1 | AG8: 1 | AI8: =SUM(D8:AH8)+(COUNTIF(D8:AH8,"0,5KL")/2)+(COUNTIF(D8:AH8,"0,5P")/2)+(COUNTIF(D8:AH8,"0.5L")/2) -> 26 | AJ8: =(COUNTIF(D8:AG8,"P"))+(COUNTIF(D8:AG8,"P/2")/2)+(COUNTIF(D8:AG8,"0,5P")/2)+(COUNTIF(D8:AG8,"L/P")/2)+(COUNTIF(D8:AG8,"P/KL")/2) -> 0 | AK8: =COUNTIF(D8:AG8,"L")+(COUNTIF(D8:AG8,"L/2")/2)+(COUNTIF(D8:AG8,"L/P")/2)+(COUNTIF(D8:AG8,"L/KL")/2) -> 0 | AL8: =COUNTIF(D8:AG8,"KL")+COUNTIF(D8:AG8,"0,5KL")/2+COUNTIF(D8:AG8,"L/KL")/2+COUNTIF(D8:AG8,"KL/2")/2+COUNTIF(D8:AG8,"P/KL")/2+COUNTIF(D8:AG8,"0.5")/2 -> 0 | AM8: =SUM(AI8:AL8) -> 26 | AN8: =AI8+AJ8+AK8 -> 26 | AO8: 2019
A9: 2 | C9: Trần Thị Minh Phượng | D9: 1 | E9: 1 | F9: 1 | G9: 1 | H9: 1 | I9: 1 | K9: 1 | L9: 1 | M9: 1 | N9: 1 | O9: 1 | P9: 0,5P | R9: 1 | S9: 1 | T9: 1 | U9: 1 | V9: 1 | W9: 1 | Y9: 1 | Z9: 1 | AA9: 1 | AB9: 1 | AC9: 1 | AD9: 1 | AF9: 1 | AG9: 1 | AI9: =SUM(D9:AH9)+(COUNTIF(D9:AH9,"0,5KL")/2)+(COUNTIF(D9:AH9,"0,5P")/2)+(COUNTIF(D9:AH9,"0.5L")/2) -> 25.5 | AJ9: =(COUNTIF(D9:AG9,"P"))+(COUNTIF(D9:AG9,"P/2")/2)+(COUNTIF(D9:AG9,"0,5P")/2)+(COUNTIF(D9:AG9,"L/P")/2)+(COUNTIF(D9:AG9,"P/KL")/2) -> 0.5 | AK9: =COUNTIF(D9:AG9,"L")+(COUNTIF(D9:AG9,"L/2")/2)+(COUNTIF(D9:AG9,"L/P")/2)+(COUNTIF(D9:AG9,"L/KL")/2) -> 0 | AL9: =COUNTIF(D9:AG9,"KL")+COUNTIF(D9:AG9,"0,5KL")/2+COUNTIF(D9:AG9,"L/KL")/2+COUNTIF(D9:AG9,"KL/2")/2+COUNTIF(D9:AG9,"P/KL")/2+COUNTIF(D9:AG9,"0.5")/2 -> 0 | AM9: =SUM(AI9:AL9) -> 26 | AN9: =AI9+AJ9+AK9 -> 26 | AO9: =VLOOKUP(C9,'[1]1. MEDIGO'!$C$4:$BL$100,62,0) -> 2/2/2026
A10: 3 | C10: Nguyễn Thị Thúy Na | D10: 1 | E10: 1 | F10: 1 | G10: 1 | H10: 1 | I10: 1 | K10: P | L10: 1 | M10: 1 | N10: 1 | O10: 1 | P10: 1 | R10: 1 | S10: 1 | T10: 1 | U10: 1 | V10: 1 | W10: 1 | Y10: 1 | Z10: 1 | AA10: 1 | AB10: 1 | AC10: 1 | AD10: 1 | AF10: 1 | AG10: 1 | AI10: =SUM(D10:AH10)+(COUNTIF(D10:AH10,"0,5KL")/2)+(COUNTIF(D10:AH10,"0,5P")/2)+(COUNTIF(D10:AH10,"0.5L")/2) -> 25 | AJ10: =(COUNTIF(D10:AG10,"P"))+(COUNTIF(D10:AG10,"P/2")/2)+(COUNTIF(D10:AG10,"0,5P")/2)+(COUNTIF(D10:AG10,"L/P")/2)+(COUNTIF(D10:AG10,"P/KL")/2) -> 1 | AK10: =COUNTIF(D10:AG10,"L")+(COUNTIF(D10:AG10,"L/2")/2)+(COUNTIF(D10:AG10,"L/P")/2)+(COUNTIF(D10:AG10,"L/KL")/2) -> 0 | AL10: =COUNTIF(D10:AG10,"KL")+COUNTIF(D10:AG10,"0,5KL")/2+COUNTIF(D10:AG10,"L/KL")/2+COUNTIF(D10:AG10,"KL/2")/2+COUNTIF(D10:AG10,"P/KL")/2+COUNTIF(D10:AG10,"0.5")/2 -> 0 | AM10: =SUM(AI10:AL10) -> 26 | AN10: =AI10+AJ10+AK10 -> 26 | AO10: =VLOOKUP(C10,'[1]1. MEDIGO'!$C$4:$BL$100,62,0) -> 14/8/2025
A11: 4 | C11: Nguyễn Thành Tài | D11: 1 | E11: 1 | F11: 1 | G11: 1 | H11: 1 | I11: 1 | K11: 1 | L11: 1 | M11: 1 | N11: 1 | O11: 1 | P11: 1 | R11: 1 | S11: 1 | T11: 1 | U11: 1 | V11: 1 | W11: 0,5P | Y11: 1 | Z11: 1 | AA11: 1 | AB11: 1 | AC11: 1 | AD11: 1 | AF11: 1 | AG11: 1 | AI11: =SUM(D11:AH11)+(COUNTIF(D11:AH11,"0,5KL")/2)+(COUNTIF(D11:AH11,"0,5P")/2)+(COUNTIF(D11:AH11,"0.5L")/2) -> 25.5 | AJ11: =(COUNTIF(D11:AG11,"P"))+(COUNTIF(D11:AG11,"P/2")/2)+(COUNTIF(D11:AG11,"0,5P")/2)+(COUNTIF(D11:AG11,"L/P")/2)+(COUNTIF(D11:AG11,"P/KL")/2) -> 0.5 | AK11: =COUNTIF(D11:AG11,"L")+(COUNTIF(D11:AG11,"L/2")/2)+(COUNTIF(D11:AG11,"L/P")/2)+(COUNTIF(D11:AG11,"L/KL")/2) -> 0 | AL11: =COUNTIF(D11:AG11,"KL")+COUNTIF(D11:AG11,"0,5KL")/2+COUNTIF(D11:AG11,"L/KL")/2+COUNTIF(D11:AG11,"KL/2")/2+COUNTIF(D11:AG11,"P/KL")/2+COUNTIF(D11:AG11,"0.5")/2 -> 0 | AM11: =SUM(AI11:AL11) -> 26 | AN11: =AI11+AJ11+AK11 -> 26 | AO11: =VLOOKUP(C11,'[1]1. MEDIGO'!$C$4:$BL$100,62,0) -> 28/3/2022
A12: 5 | C12: Tô Ngọc Thiên Phú | D12: 1 | E12: 1 | F12: 1 | G12: 1 | H12: 1 | I12: 1 | K12: P | L12: 1 | M12: 1 | N12: 1 | O12: 1 | P12: 1 | R12: 1 | S12: 1 | T12: 1 | U12: 1 | V12: 1 | W12: 0,5P | Y12: 1 | Z12: 1 | AA12: 1 | AB12: 1 | AC12: 0,5P | AD12: 0,5P | AF12: 1 | AG12: 1 | AI12: =SUM(D12:AH12)+(COUNTIF(D12:AH12,"0,5KL")/2)+(COUNTIF(D12:AH12,"0,5P")/2)+(COUNTIF(D12:AH12,"0.5L")/2) -> 23.5 | AJ12: =(COUNTIF(D12:AG12,"P"))+(COUNTIF(D12:AG12,"P/2")/2)+(COUNTIF(D12:AG12,"0,5P")/2)+(COUNTIF(D12:AG12,"L/P")/2)+(COUNTIF(D12:AG12,"P/KL")/2) -> 2.5 | AK12: =COUNTIF(D12:AG12,"L")+(COUNTIF(D12:AG12,"L/2")/2)+(COUNTIF(D12:AG12,"L/P")/2)+(COUNTIF(D12:AG12,"L/KL")/2) -> 0 | AL12: =COUNTIF(D12:AG12,"KL")+COUNTIF(D12:AG12,"0,5KL")/2+COUNTIF(D12:AG12,"L/KL")/2+COUNTIF(D12:AG12,"KL/2")/2+COUNTIF(D12:AG12,"P/KL")/2+COUNTIF(D12:AG12,"0.5")/2 -> 0 | AM12: =SUM(AI12:AL12) -> 26 | AN12: =AI12+AJ12+AK12 -> 26 | AO12: =VLOOKUP(C12,'[1]1. MEDIGO'!$C$4:$BL$100,62,0) -> 27/10/2025
A13: 6 | C13: Huỳnh Quang Toàn | D13: 1 | E13: 1 | F13: 1 | G13: 1 | H13: 1 | I13: 1 | K13: 1 | L13: 1 | M13: 1 | N13: 1 | O13: 1 | P13: 1 | R13: 1 | S13: 1 | T13: 1 | U13: 1 | V13: 1 | W13: 1 | Y13: 1 | Z13: 1 | AA13: 1 | AB13: 1 | AC13: 1 | AD13: 1 | AF13: 1 | AG13: 1 | AI13: =SUM(D13:AH13)+(COUNTIF(D13:AH13,"0,5KL")/2)+(COUNTIF(D13:AH13,"0,5P")/2)+(COUNTIF(D13:AH13,"0.5L")/2) -> 26 | AJ13: =(COUNTIF(D13:AG13,"P"))+(COUNTIF(D13:AG13,"P/2")/2)+(COUNTIF(D13:AG13,"0,5P")/2)+(COUNTIF(D13:AG13,"L/P")/2)+(COUNTIF(D13:AG13,"P/KL")/2) -> 0 | AK13: =COUNTIF(D13:AG13,"L")+(COUNTIF(D13:AG13,"L/2")/2)+(COUNTIF(D13:AG13,"L/P")/2)+(COUNTIF(D13:AG13,"L/KL")/2) -> 0 | AL13: =COUNTIF(D13:AG13,"KL")+COUNTIF(D13:AG13,"0,5KL")/2+COUNTIF(D13:AG13,"L/KL")/2+COUNTIF(D13:AG13,"KL/2")/2+COUNTIF(D13:AG13,"P/KL")/2+COUNTIF(D13:AG13,"0.5")/2 -> 0 | AM13: =SUM(AI13:AL13) -> 26 | AN13: =AI13+AJ13+AK13 -> 26 | AO13: HĐ CÔNG TÁC VIÊN TỪ THÁNG 4/2026
C14: Nguyễn Tuấn Vinh | D14: 1 | E14: 1 | AI14: =SUM(D14:AH14)+(COUNTIF(D14:AH14,"0,5KL")/2)+(COUNTIF(D14:AH14,"0,5P")/2)+(COUNTIF(D14:AH14,"0.5L")/2) -> 2 | AJ14: =(COUNTIF(D14:AG14,"P"))+(COUNTIF(D14:AG14,"P/2")/2)+(COUNTIF(D14:AG14,"0,5P")/2)+(COUNTIF(D14:AG14,"L/P")/2)+(COUNTIF(D14:AG14,"P/KL")/2) -> 0 | AK14: =COUNTIF(D14:AG14,"L")+(COUNTIF(D14:AG14,"L/2")/2)+(COUNTIF(D14:AG14,"L/P")/2)+(COUNTIF(D14:AG14,"L/KL")/2) -> 0 | AL14: =COUNTIF(D14:AG14,"KL")+COUNTIF(D14:AG14,"0,5KL")/2+COUNTIF(D14:AG14,"L/KL")/2+COUNTIF(D14:AG14,"KL/2")/2+COUNTIF(D14:AG14,"P/KL")/2+COUNTIF(D14:AG14,"0.5")/2 -> 0 | AM14: =SUM(AI14:AL14) -> 2 | AN14: =AI14+AJ14+AK14 -> 2 | AO14: HĐ CÔNG TÁC VIÊN TỪ THÁNG 5/2026
A15: 7 | C15: Hoàng Lê Thanh Vương | D15: 1 | E15: 1 | F15: 1 | G15: 1 | H15: 1 | I15: 1 | K15: 1 | L15: 1 | M15: 1 | N15: 1 | O15: 1 | P15: 0,5P | R15: 1 | S15: 1 | T15: 1 | U15: 1 | V15: 1 | W15: 1 | Y15: 1 | Z15: 1 | AA15: 1 | AB15: 1 | AC15: 1 | AD15: 1 | AF15: 1 | AG15: 1 | AI15: =SUM(D15:AH15)+(COUNTIF(D15:AH15,"0,5KL")/2)+(COUNTIF(D15:AH15,"0,5P")/2)+(COUNTIF(D15:AH15,"0.5L")/2) -> 25.5 | AJ15: =(COUNTIF(D15:AG15,"P"))+(COUNTIF(D15:AG15,"P/2")/2)+(COUNTIF(D15:AG15,"0,5P")/2)+(COUNTIF(D15:AG15,"L/P")/2)+(COUNTIF(D15:AG15,"P/KL")/2) -> 0.5 | AK15: =COUNTIF(D15:AG15,"L")+(COUNTIF(D15:AG15,"L/2")/2)+(COUNTIF(D15:AG15,"L/P")/2)+(COUNTIF(D15:AG15,"L/KL")/2) -> 0 | AL15: =COUNTIF(D15:AG15,"KL")+COUNTIF(D15:AG15,"0,5KL")/2+COUNTIF(D15:AG15,"L/KL")/2+COUNTIF(D15:AG15,"KL/2")/2+COUNTIF(D15:AG15,"P/KL")/2+COUNTIF(D15:AG15,"0.5")/2 -> 0 | AM15: =SUM(AI15:AL15) -> 26 | AN15: =AI15+AJ15+AK15 -> 26 | AO15: =VLOOKUP(C15,'[1]1. MEDIGO'!$C$4:$BL$100,62,0) -> 3/11/2025
A16: 8 | C16: Nguyễn Hoàng Nguyên Đan | D16: 1 | E16: 1 | F16: 1 | G16: 1 | H16: 1 | I16: 1 | K16: 1 | L16: 1 | M16: 1 | N16: 1 | O16: 1 | P16: 1 | R16: 1 | S16: 1 | T16: 1 | U16: 1 | V16: 1 | W16: 1 | Y16: 1 | Z16: 1 | AA16: 1 | AB16: 1 | AC16: 1 | AD16: 1 | AF16: 1 | AG16: P | AI16: =SUM(D16:AH16)+(COUNTIF(D16:AH16,"0,5KL")/2)+(COUNTIF(D16:AH16,"0,5P")/2)+(COUNTIF(D16:AH16,"0.5L")/2) -> 25 | AJ16: =(COUNTIF(D16:AG16,"P"))+(COUNTIF(D16:AG16,"P/2")/2)+(COUNTIF(D16:AG16,"0,5P")/2)+(COUNTIF(D16:AG16,"L/P")/2)+(COUNTIF(D16:AG16,"P/KL")/2) -> 1 | AK16: =COUNTIF(D16:AG16,"L")+(COUNTIF(D16:AG16,"L/2")/2)+(COUNTIF(D16:AG16,"L/P")/2)+(COUNTIF(D16:AG16,"L/KL")/2) -> 0 | AL16: =COUNTIF(D16:AG16,"KL")+COUNTIF(D16:AG16,"0,5KL")/2+COUNTIF(D16:AG16,"L/KL")/2+COUNTIF(D16:AG16,"KL/2")/2+COUNTIF(D16:AG16,"P/KL")/2+COUNTIF(D16:AG16,"0.5")/2 -> 0 | AM16: =SUM(AI16:AL16) -> 26 | AN16: =AI16+AJ16+AK16 -> 26 | AO16: =VLOOKUP(C16,'[1]1. MEDIGO'!$C$4:$BL$100,62,0) -> 8/9/2021
A17: 9 | C17: Nguyễn Văn Toàn | D17: 1 | E17: 1 | F17: 1 | G17: 1 | H17: 1 | I17: 1 | K17: 1 | L17: 1 | M17: 1 | N17: 1 | O17: 1 | P17: 1 | R17: 1 | S17: 1 | T17: 1 | U17: 1 | V17: 1 | W17: 1 | Y17: 1 | Z17: 1 | AA17: 1 | AB17: 1 | AC17: 1 | AD17: 1 | AF17: 1 | AG17: 1 | AI17: =SUM(D17:AH17)+(COUNTIF(D17:AH17,"0,5KL")/2)+(COUNTIF(D17:AH17,"0,5P")/2)+(COUNTIF(D17:AH17,"0.5L")/2) -> 26 | AJ17: =(COUNTIF(D17:AG17,"P"))+(COUNTIF(D17:AG17,"P/2")/2)+(COUNTIF(D17:AG17,"0,5P")/2)+(COUNTIF(D17:AG17,"L/P")/2)+(COUNTIF(D17:AG17,"P/KL")/2) -> 0 | AK17: =COUNTIF(D17:AG17,"L")+(COUNTIF(D17:AG17,"L/2")/2)+(COUNTIF(D17:AG17,"L/P")/2)+(COUNTIF(D17:AG17,"L/KL")/2) -> 0 | AL17: =COUNTIF(D17:AG17,"KL")+COUNTIF(D17:AG17,"0,5KL")/2+COUNTIF(D17:AG17,"L/KL")/2+COUNTIF(D17:AG17,"KL/2")/2+COUNTIF(D17:AG17,"P/KL")/2+COUNTIF(D17:AG17,"0.5")/2 -> 0 | AM17: =SUM(AI17:AL17) -> 26 | AN17: =AI17+AJ17+AK17 -> 26 | AO17: =VLOOKUP(C17,'[1]1. MEDIGO'!$C$4:$BL$100,62,0) -> 7/7/2025
A18: 10 | C18: Lê Phú Quí | D18: 1 | E18: 1 | F18: 1 | G18: 1 | H18: 1 | I18: 1 | K18: 1 | L18: 1 | M18: 1 | N18: 1 | O18: 1 | P18: 1 | R18: 1 | S18: 1 | T18: 1 | U18: 1 | V18: 1 | W18: 1 | Y18: 1 | Z18: 1 | AA18: 0,5P | AB18: 1 | AC18: 1 | AD18: 1 | AF18: 1 | AG18: 1 | AI18: =SUM(D18:AH18)+(COUNTIF(D18:AH18,"0,5KL")/2)+(COUNTIF(D18:AH18,"0,5P")/2)+(COUNTIF(D18:AH18,"0.5L")/2) -> 25.5 | AJ18: =(COUNTIF(D18:AG18,"P"))+(COUNTIF(D18:AG18,"P/2")/2)+(COUNTIF(D18:AG18,"0,5P")/2)+(COUNTIF(D18:AG18,"L/P")/2)+(COUNTIF(D18:AG18,"P/KL")/2) -> 0.5 | AK18: =COUNTIF(D18:AG18,"L")+(COUNTIF(D18:AG18,"L/2")/2)+(COUNTIF(D18:AG18,"L/P")/2)+(COUNTIF(D18:AG18,"L/KL")/2) -> 0 | AL18: =COUNTIF(D18:AG18,"KL")+COUNTIF(D18:AG18,"0,5KL")/2+COUNTIF(D18:AG18,"L/KL")/2+COUNTIF(D18:AG18,"KL/2")/2+COUNTIF(D18:AG18,"P/KL")/2+COUNTIF(D18:AG18,"0.5")/2 -> 0 | AM18: =SUM(AI18:AL18) -> 26 | AN18: =AI18+AJ18+AK18 -> 26 | AO18: =VLOOKUP(C18,'[1]1. MEDIGO'!$C$4:$BL$100,62,0) -> 20/6/2024
A19: 11 | C19: Nguyễn Hồ Phương Anh | D19: 1 | E19: 1 | G19: 1 | H19: 1 | I19: 1 | J19: 1 | K19: 1 | L19: 1 | M19: 1 | N19: 1 | O19: 1 | P19: 1 | R19: 1 | S19: 1 | U19: 1 | V19: 1 | W19: 1 | X19: 1 | Y19: 1 | AA19: 1 | AB19: 1 | AC19: 1 | AD19: 1 | AE19: 1 | AF19: P | AI19: =SUM(D19:AH19)+(COUNTIF(D19:AH19,"0,5KL")/2)+(COUNTIF(D19:AH19,"0,5P")/2)+(COUNTIF(D19:AH19,"0.5L")/2) -> 24 | AJ19: =(COUNTIF(D19:AG19,"P"))+(COUNTIF(D19:AG19,"P/2")/2)+(COUNTIF(D19:AG19,"0,5P")/2)+(COUNTIF(D19:AG19,"L/P")/2)+(COUNTIF(D19:AG19,"P/KL")/2) -> 1 | AK19: =COUNTIF(D19:AG19,"L")+(COUNTIF(D19:AG19,"L/2")/2)+(COUNTIF(D19:AG19,"L/P")/2)+(COUNTIF(D19:AG19,"L/KL")/2) -> 0 | AL19: =COUNTIF(D19:AG19,"KL")+COUNTIF(D19:AG19,"0,5KL")/2+COUNTIF(D19:AG19,"L/KL")/2+COUNTIF(D19:AG19,"KL/2")/2+COUNTIF(D19:AG19,"P/KL")/2+COUNTIF(D19:AG19,"0.5")/2 -> 0 | AM19: =SUM(AI19:AL19) -> 25 | AN19: =AI19+AJ19+AK19 -> 25 | AO19: =VLOOKUP(C19,'[1]1. MEDIGO'!$C$4:$BL$100,62,0) -> 27/7/2021
A20: 12 | C20: Nguyễn Thị Ngọc Hân | D20: 1 | E20: 1 | F20: 1 | G20: 1 | H20: 1 | I20: 1 | K20: 1 | L20: 1 | M20: 1 | N20: P | P20: 1 | Q20: 1 | R20: 1 | T20: 1 | U20: 1 | V20: 1 | W20: 1 | X20: 1 | Z20: 1 | AA20: 1 | AB20: 1 | AC20: 1 | AD20: 1 | AE20: 1 | AF20: 1 | AG20: 1 | AI20: =SUM(D20:AH20)+(COUNTIF(D20:AH20,"0,5KL")/2)+(COUNTIF(D20:AH20,"0,5P")/2)+(COUNTIF(D20:AH20,"0.5L")/2) -> 25 | AJ20: =(COUNTIF(D20:AG20,"P"))+(COUNTIF(D20:AG20,"P/2")/2)+(COUNTIF(D20:AG20,"0,5P")/2)+(COUNTIF(D20:AG20,"L/P")/2)+(COUNTIF(D20:AG20,"P/KL")/2) -> 1 | AK20: =COUNTIF(D20:AG20,"L")+(COUNTIF(D20:AG20,"L/2")/2)+(COUNTIF(D20:AG20,"L/P")/2)+(COUNTIF(D20:AG20,"L/KL")/2) -> 0 | AL20: =COUNTIF(D20:AG20,"KL")+COUNTIF(D20:AG20,"0,5KL")/2+COUNTIF(D20:AG20,"L/KL")/2+COUNTIF(D20:AG20,"KL/2")/2+COUNTIF(D20:AG20,"P/KL")/2+COUNTIF(D20:AG20,"0.5")/2 -> 0 | AM20: =SUM(AI20:AL20) -> 26 | AN20: =AI20+AJ20+AK20 -> 26 | AO20: =VLOOKUP(C20,'[1]1. MEDIGO'!$C$4:$BL$100,62,0) -> 28/2/2022
A21: 13 | C21: Võ Thị Diệu Hiền | D21: 1 | E21: 1 | F21: 1 | G21: 1 | I21: 1 | J21: 1 | K21: 1 | M21: 1 | N21: 1 | O21: 1 | P21: 1 | Q21: 1 | S21: 1 | T21: 1 | U21: 1 | V21: 1 | W21: 1 | X21: P | Y21: 1 | Z21: 1 | AA21: 1 | AB21: 1 | AC21: 1 | AD21: 1 | AF21: 1 | AG21: 1 | AI21: =SUM(D21:AH21)+(COUNTIF(D21:AH21,"0,5KL")/2)+(COUNTIF(D21:AH21,"0,5P")/2)+(COUNTIF(D21:AH21,"0.5L")/2) -> 25 | AJ21: =(COUNTIF(D21:AG21,"P"))+(COUNTIF(D21:AG21,"P/2")/2)+(COUNTIF(D21:AG21,"0,5P")/2)+(COUNTIF(D21:AG21,"L/P")/2)+(COUNTIF(D21:AG21,"P/KL")/2) -> 1 | AK21: =COUNTIF(D21:AG21,"L")+(COUNTIF(D21:AG21,"L/2")/2)+(COUNTIF(D21:AG21,"L/P")/2)+(COUNTIF(D21:AG21,"L/KL")/2) -> 0 | AL21: =COUNTIF(D21:AG21,"KL")+COUNTIF(D21:AG21,"0,5KL")/2+COUNTIF(D21:AG21,"L/KL")/2+COUNTIF(D21:AG21,"KL/2")/2+COUNTIF(D21:AG21,"P/KL")/2+COUNTIF(D21:AG21,"0.5")/2 -> 0 | AM21: =SUM(AI21:AL21) -> 26 | AN21: =AI21+AJ21+AK21 -> 26 | AO21: =VLOOKUP(C21,'[1]1. MEDIGO'!$C$4:$BL$100,62,0) -> 10/8/2023
A22: 14 | C22: Lưu Thanh Tuyền | E22: P | F22: 1 | G22: 1 | H22: 1 | I22: 1 | J22: 1 | K22: 1 | L22: 1 | N22: 1 | O22: 1 | P22: 1 | Q22: 1 | R22: 1 | S22: 1 | T22: 1 | V22: 1 | W22: 1 | X22: 1 | Y22: 1 | Z22: 1 | AA22: 1 | AC22: 1 | AD22: 1 | AE22: 1 | AF22: 1 | AG22: 1 | AI22: =SUM(D22:AH22)+(COUNTIF(D22:AH22,"0,5KL")/2)+(COUNTIF(D22:AH22,"0,5P")/2)+(COUNTIF(D22:AH22,"0.5L")/2) -> 25 | AJ22: =(COUNTIF(D22:AG22,"P"))+(COUNTIF(D22:AG22,"P/2")/2)+(COUNTIF(D22:AG22,"0,5P")/2)+(COUNTIF(D22:AG22,"L/P")/2)+(COUNTIF(D22:AG22,"P/KL")/2) -> 1 | AK22: =COUNTIF(D22:AG22,"L")+(COUNTIF(D22:AG22,"L/2")/2)+(COUNTIF(D22:AG22,"L/P")/2)+(COUNTIF(D22:AG22,"L/KL")/2) -> 0 | AL22: =COUNTIF(D22:AG22,"KL")+COUNTIF(D22:AG22,"0,5KL")/2+COUNTIF(D22:AG22,"L/KL")/2+COUNTIF(D22:AG22,"KL/2")/2+COUNTIF(D22:AG22,"P/KL")/2+COUNTIF(D22:AG22,"0.5")/2 -> 0 | AM22: =SUM(AI22:AL22) -> 26 | AN22: =AI22+AJ22+AK22 -> 26 | AO22: =VLOOKUP(C22,'[1]1. MEDIGO'!$C$4:$BL$100,62,0) -> 30/12/2019
A23: 15 | C23: Võ Tấn Trường | D23: 1 | E23: 1 | F23: 1 | G23: 1 | H23: 1 | J23: 1 | K23: 1 | L23: 1 | M23: 1 | N23: 1 | O23: 1 | Q23: 1 | R23: 1 | S23: 1 | T23: 1 | U23: 1 | V23: 1 | X23: 1 | Y23: 1 | Z23: 1 | AA23: 1 | AB23: 1 | AC23: 1 | AE23: 1 | AF23: 1 | AG23: 1 | AI23: =SUM(D23:AH23)+(COUNTIF(D23:AH23,"0,5KL")/2)+(COUNTIF(D23:AH23,"0,5P")/2)+(COUNTIF(D23:AH23,"0.5L")/2) -> 26 | AJ23: =(COUNTIF(D23:AG23,"P"))+(COUNTIF(D23:AG23,"P/2")/2)+(COUNTIF(D23:AG23,"0,5P")/2)+(COUNTIF(D23:AG23,"L/P")/2)+(COUNTIF(D23:AG23,"P/KL")/2) -> 0 | AK23: =COUNTIF(D23:AG23,"L")+(COUNTIF(D23:AG23,"L/2")/2)+(COUNTIF(D23:AG23,"L/P")/2)+(COUNTIF(D23:AG23,"L/KL")/2) -> 0 | AL23: =COUNTIF(D23:AG23,"KL")+COUNTIF(D23:AG23,"0,5KL")/2+COUNTIF(D23:AG23,"L/KL")/2+COUNTIF(D23:AG23,"KL/2")/2+COUNTIF(D23:AG23,"P/KL")/2+COUNTIF(D23:AG23,"0.5")/2 -> 0 | AM23: =SUM(AI23:AL23) -> 26 | AN23: =AI23+AJ23+AK23 -> 26 | AO23: =VLOOKUP(C23,'[1]1. MEDIGO'!$C$4:$BL$100,62,0) -> 14/4/2025
A24: 16 | C24: Trần Thị Tâm Nhung | D24: 1 | E24: 1 | F24: 1 | H24: 1 | I24: 1 | J24: 1 | L24: 1 | M24: 1 | N24: 1 | O24: 1 | P24: 1 | Q24: 1 | R24: 1 | S24: 1 | T24: 1 | U24: 1 | W24: 1 | X24: 1 | Y24: 1 | Z24: 1 | AB24: 1 | AC24: 1 | AD24: 1 | AE24: 1 | AF24: 1 | AG24: 1 | AI24: =SUM(D24:AH24)+(COUNTIF(D24:AH24,"0,5KL")/2)+(COUNTIF(D24:AH24,"0,5P")/2)+(COUNTIF(D24:AH24,"0.5L")/2) -> 26 | AJ24: =(COUNTIF(D24:AG24,"P"))+(COUNTIF(D24:AG24,"P/2")/2)+(COUNTIF(D24:AG24,"0,5P")/2)+(COUNTIF(D24:AG24,"L/P")/2)+(COUNTIF(D24:AG24,"P/KL")/2) -> 0 | AK24: =COUNTIF(D24:AG24,"L")+(COUNTIF(D24:AG24,"L/2")/2)+(COUNTIF(D24:AG24,"L/P")/2)+(COUNTIF(D24:AG24,"L/KL")/2) -> 0 | AL24: =COUNTIF(D24:AG24,"KL")+COUNTIF(D24:AG24,"0,5KL")/2+COUNTIF(D24:AG24,"L/KL")/2+COUNTIF(D24:AG24,"KL/2")/2+COUNTIF(D24:AG24,"P/KL")/2+COUNTIF(D24:AG24,"0.5")/2 -> 0 | AM24: =SUM(AI24:AL24) -> 26 | AN24: =AI24+AJ24+AK24 -> 26 | AO24: =VLOOKUP(C24,'[1]1. MEDIGO'!$C$4:$BL$100,62,0) -> 20/8/2025
A25: 17 | C25: Nguyễn Tuấn Nghĩa | D25: 1 | E25: 1 | F25: 1 | G25: 1 | H25: 1 | I25: 1 | K25: 1 | L25: 1 | M25: 1 | N25: 1 | O25: 1 | P25: 1 | R25: 1 | S25: 1 | T25: 1 | U25: 1 | V25: 1 | W25: 1 | Y25: 1 | Z25: 1 | AA25: 1 | AB25: 1 | AC25: 1 | AD25: 1 | AF25: 1 | AG25: 1 | AI25: =SUM(D25:AH25)+(COUNTIF(D25:AH25,"0,5KL")/2)+(COUNTIF(D25:AH25,"0,5P")/2)+(COUNTIF(D25:AH25,"0.5L")/2) -> 26 | AJ25: =(COUNTIF(D25:AG25,"P"))+(COUNTIF(D25:AG25,"P/2")/2)+(COUNTIF(D25:AG25,"0,5P")/2)+(COUNTIF(D25:AG25,"L/P")/2)+(COUNTIF(D25:AG25,"P/KL")/2) -> 0 | AK25: =COUNTIF(D25:AG25,"L")+(COUNTIF(D25:AG25,"L/2")/2)+(COUNTIF(D25:AG25,"L/P")/2)+(COUNTIF(D25:AG25,"L/KL")/2) -> 0 | AL25: 0 | AM25: =SUM(AI25:AL25) -> 26 | AN25: =AI25+AJ25+AK25 -> 26 | AO25: =VLOOKUP(C25,'[1]1. MEDIGO'!$C$4:$BL$100,62,0) -> 18/9/2023
A26: 18 | C26: Nguyễn Thị Cẩm Bình | D26: 1 | E26: 1 | F26: P | G26: P | H26: P | I26: 1 | K26: 1 | L26: 1 | M26: 1 | N26: 1 | O26: 1 | P26: 1 | R26: 1 | S26: 1 | T26: 1 | U26: 1 | V26: 1 | W26: 1 | Y26: 1 | Z26: 1 | AA26: 1 | AB26: 1 | AC26: 1 | AD26: 1 | AF26: 1 | AG26: 1 | AI26: =SUM(D26:AH26)+(COUNTIF(D26:AH26,"0,5KL")/2)+(COUNTIF(D26:AH26,"0,5P")/2)+(COUNTIF(D26:AH26,"0.5L")/2) -> 23 | AJ26: =(COUNTIF(D26:AG26,"P"))+(COUNTIF(D26:AG26,"P/2")/2)+(COUNTIF(D26:AG26,"0,5P")/2)+(COUNTIF(D26:AG26,"L/P")/2)+(COUNTIF(D26:AG26,"P/KL")/2) -> 3 | AK26: =COUNTIF(D26:AG26,"L")+(COUNTIF(D26:AG26,"L/2")/2)+(COUNTIF(D26:AG26,"L/P")/2)+(COUNTIF(D26:AG26,"L/KL")/2) -> 0 | AL26: =COUNTIF(D26:AG26,"KL")+COUNTIF(D26:AG26,"0,5KL")/2+COUNTIF(D26:AG26,"L/KL")/2+COUNTIF(D26:AG26,"KL/2")/2+COUNTIF(D26:AG26,"P/KL")/2+COUNTIF(D26:AG26,"0.5")/2 -> 0 | AM26: =SUM(AI26:AL26) -> 26 | AN26: =AI26+AJ26+AK26 -> 26 | AO26: =VLOOKUP(C26,'[1]1. MEDIGO'!$C$4:$BL$100,62,0) -> 1/6/2023
A27: 19 | C27: Nguyễn Cao Nhân | D27: 1 | E27: 1 | F27: 1 | G27: 1 | H27: 1 | I27: 1 | K27: 1 | L27: 1 | M27: 1 | N27: 1 | O27: 1 | P27: 1 | R27: 1 | S27: 1 | T27: 1 | U27: 1 | V27: 1 | W27: 1 | Y27: 1 | Z27: 1 | AA27: 1 | AB27: 1 | AC27: 1 | AD27: 1 | AF27: 1 | AG27: 1 | AI27: =SUM(D27:AH27)+(COUNTIF(D27:AH27,"0,5KL")/2)+(COUNTIF(D27:AH27,"0,5P")/2)+(COUNTIF(D27:AH27,"0.5L")/2) -> 26 | AJ27: =(COUNTIF(D27:AG27,"P"))+(COUNTIF(D27:AG27,"P/2")/2)+(COUNTIF(D27:AG27,"0,5P")/2)+(COUNTIF(D27:AG27,"L/P")/2)+(COUNTIF(D27:AG27,"P/KL")/2) -> 0 | AK27: =COUNTIF(D27:AG27,"L")+(COUNTIF(D27:AG27,"L/2")/2)+(COUNTIF(D27:AG27,"L/P")/2)+(COUNTIF(D27:AG27,"L/KL")/2) -> 0 | AL27: =COUNTIF(D27:AG27,"KL")+COUNTIF(D27:AG27,"0,5KL")/2+COUNTIF(D27:AG27,"L/KL")/2+COUNTIF(D27:AG27,"KL/2")/2+COUNTIF(D27:AG27,"P/KL")/2+COUNTIF(D27:AG27,"0.5")/2 -> 0 | AM27: =SUM(AI27:AL27) -> 26 | AN27: =AI27+AJ27+AK27 -> 26 | AO27: =VLOOKUP(C27,'[1]1. MEDIGO'!$C$4:$BL$100,62,0) -> 1/7/2024
A28: 20 | C28: Đặng Thị Quế Anh | D28: 1 | E28: 1 | F28: 1 | G28: 1 | H28: 1 | I28: 1 | K28: 1 | L28: 1 | M28: 1 | N28: 1 | O28: 1 | P28: 1 | R28: 1 | S28: 1 | T28: 1 | U28: 1 | V28: 1 | W28: 1 | Y28: 1 | Z28: P | AA28: 1 | AB28: 1 | AC28: 1 | AD28: 1 | AF28: 1 | AG28: 1 | AI28: =SUM(D28:AH28)+(COUNTIF(D28:AH28,"0,5KL")/2)+(COUNTIF(D28:AH28,"0,5P")/2)+(COUNTIF(D28:AH28,"0.5L")/2) -> 25 | AJ28: =(COUNTIF(D28:AG28,"P"))+(COUNTIF(D28:AG28,"P/2")/2)+(COUNTIF(D28:AG28,"0,5P")/2)+(COUNTIF(D28:AG28,"L/P")/2)+(COUNTIF(D28:AG28,"P/KL")/2) -> 1 | AK28: =COUNTIF(D28:AG28,"L")+(COUNTIF(D28:AG28,"L/2")/2)+(COUNTIF(D28:AG28,"L/P")/2)+(COUNTIF(D28:AG28,"L/KL")/2) -> 0 | AL28: =COUNTIF(D28:AG28,"KL")+COUNTIF(D28:AG28,"0,5KL")/2+COUNTIF(D28:AG28,"L/KL")/2+COUNTIF(D28:AG28,"KL/2")/2+COUNTIF(D28:AG28,"P/KL")/2+COUNTIF(D28:AG28,"0.5")/2 -> 0 | AM28: =SUM(AI28:AL28) -> 26 | AN28: =AI28+AJ28+AK28 -> 26 | AO28: =VLOOKUP(C28,'[1]1. MEDIGO'!$C$4:$BL$100,62,0) -> 26/11/2024
A29: 21 | C29: Nguyễn Thị Ánh Hồng | D29: 1 | E29: 1 | F29: 1 | G29: 1 | H29: 1 | I29: 1 | K29: 1 | L29: 1 | M29: 1 | N29: 1 | O29: 1 | P29: 1 | R29: 1 | S29: 1 | T29: 1 | U29: 1 | V29: 1 | W29: 1 | Y29: 1 | Z29: 1 | AA29: 1 | AB29: 1 | AC29: 1 | AD29: 1 | AF29: 1 | AG29: 1 | AI29: =SUM(D29:AH29)+(COUNTIF(D29:AH29,"0,5KL")/2)+(COUNTIF(D29:AH29,"0,5P")/2)+(COUNTIF(D29:AH29,"0.5L")/2) -> 26 | AJ29: =(COUNTIF(D29:AG29,"P"))+(COUNTIF(D29:AG29,"P/2")/2)+(COUNTIF(D29:AG29,"0,5P")/2)+(COUNTIF(D29:AG29,"L/P")/2)+(COUNTIF(D29:AG29,"P/KL")/2) -> 0 | AK29: =COUNTIF(D29:AG29,"L")+(COUNTIF(D29:AG29,"L/2")/2)+(COUNTIF(D29:AG29,"L/P")/2)+(COUNTIF(D29:AG29,"L/KL")/2) -> 0 | AL29: =COUNTIF(D29:AG29,"KL")+COUNTIF(D29:AG29,"0,5KL")/2+COUNTIF(D29:AG29,"L/KL")/2+COUNTIF(D29:AG29,"KL/2")/2+COUNTIF(D29:AG29,"P/KL")/2+COUNTIF(D29:AG29,"0.5")/2 -> 0 | AM29: =SUM(AI29:AL29) -> 26 | AN29: =AI29+AJ29+AK29 -> 26 | AO29: =VLOOKUP(C29,'[1]1. MEDIGO'!$C$4:$BL$100,62,0) -> 2/12/2024
A30: 22 | C30: Phan Thị Kim Hiên | D30: 1 | E30: 1 | F30: 1 | G30: 1 | H30: 1 | I30: 1 | K30: 1 | L30: 1 | M30: 1 | N30: 1 | O30: 1 | P30: 1 | R30: 1 | S30: 1 | T30: 1 | U30: 1 | V30: 1 | W30: 1 | Y30: 1 | Z30: 1 | AA30: 1 | AB30: 1 | AC30: 1 | AD30: 1 | AF30: 1 | AG30: 1 | AI30: =SUM(D30:AH30)+(COUNTIF(D30:AH30,"0,5KL")/2)+(COUNTIF(D30:AH30,"0,5P")/2)+(COUNTIF(D30:AH30,"0.5L")/2) -> 26 | AJ30: =(COUNTIF(D30:AG30,"P"))+(COUNTIF(D30:AG30,"P/2")/2)+(COUNTIF(D30:AG30,"0,5P")/2)+(COUNTIF(D30:AG30,"L/P")/2)+(COUNTIF(D30:AG30,"P/KL")/2) -> 0 | AK30: =COUNTIF(D30:AG30,"L")+(COUNTIF(D30:AG30,"L/2")/2)+(COUNTIF(D30:AG30,"L/P")/2)+(COUNTIF(D30:AG30,"L/KL")/2) -> 0 | AL30: =COUNTIF(D30:AG30,"KL")+COUNTIF(D30:AG30,"0,5KL")/2+COUNTIF(D30:AG30,"L/KL")/2+COUNTIF(D30:AG30,"KL/2")/2+COUNTIF(D30:AG30,"P/KL")/2+COUNTIF(D30:AG30,"0.5")/2 -> 0 | AM30: =SUM(AI30:AL30) -> 26 | AN30: =AI30+AJ30+AK30 -> 26 | AO30: =VLOOKUP(C30,'[1]1. MEDIGO'!$C$4:$BL$100,62,0) -> 14/7/2025
A31: 23 | C31: Lê Thị Phương Thảo | D31: 1 | E31: 1 | F31: 1 | G31: 1 | H31: 1 | I31: 1 | K31: 1 | L31: 1 | M31: 1 | N31: 1 | O31: 1 | P31: 1 | R31: 1 | S31: 1 | T31: 1 | U31: 1 | V31: 1 | W31: 1 | Y31: 1 | Z31: 1 | AA31: 1 | AB31: 1 | AC31: 1 | AD31: 1 | AF31: 1 | AG31: 1 | AI31: =SUM(D31:AH31)+(COUNTIF(D31:AH31,"0,5KL")/2)+(COUNTIF(D31:AH31,"0,5P")/2)+(COUNTIF(D31:AH31,"0.5L")/2) -> 26 | AJ31: =(COUNTIF(D31:AG31,"P"))+(COUNTIF(D31:AG31,"P/2")/2)+(COUNTIF(D31:AG31,"0,5P")/2)+(COUNTIF(D31:AG31,"L/P")/2)+(COUNTIF(D31:AG31,"P/KL")/2) -> 0 | AK31: =COUNTIF(D31:AG31,"L")+(COUNTIF(D31:AG31,"L/2")/2)+(COUNTIF(D31:AG31,"L/P")/2)+(COUNTIF(D31:AG31,"L/KL")/2) -> 0 | AL31: =COUNTIF(D31:AG31,"KL")+COUNTIF(D31:AG31,"0,5KL")/2+COUNTIF(D31:AG31,"L/KL")/2+COUNTIF(D31:AG31,"KL/2")/2+COUNTIF(D31:AG31,"P/KL")/2+COUNTIF(D31:AG31,"0.5")/2 -> 0 | AM31: =SUM(AI31:AL31) -> 26 | AN31: =AI31+AJ31+AK31 -> 26 | AO31: =VLOOKUP(C31,'[1]1. MEDIGO'!$C$4:$BL$100,62,0) -> 25/8/2025
A32: 25 | C32: Huỳnh Tấn Nhân | D32: 1 | E32: 1 | F32: 1 | G32: 1 | H32: 1 | I32: 1 | K32: 1 | L32: 1 | M32: 1 | N32: 1 | O32: 1 | P32: 1 | R32: 1 | S32: P | T32: 1 | U32: 1 | V32: 1 | W32: 1 | Y32: 1 | Z32: 1 | AA32: 1 | AB32: 1 | AC32: 1 | AD32: 1 | AF32: 1 | AG32: 1 | AI32: =SUM(D32:AH32)+(COUNTIF(D32:AH32,"0,5KL")/2)+(COUNTIF(D32:AH32,"0,5P")/2)+(COUNTIF(D32:AH32,"0.5L")/2) -> 25 | AJ32: =(COUNTIF(D32:AG32,"P"))+(COUNTIF(D32:AG32,"P/2")/2)+(COUNTIF(D32:AG32,"0,5P")/2)+(COUNTIF(D32:AG32,"L/P")/2)+(COUNTIF(D32:AG32,"P/KL")/2) -> 1 | AK32: =COUNTIF(D32:AG32,"L")+(COUNTIF(D32:AG32,"L/2")/2)+(COUNTIF(D32:AG32,"L/P")/2)+(COUNTIF(D32:AG32,"L/KL")/2) -> 0 | AL32: =COUNTIF(D32:AG32,"KL")+COUNTIF(D32:AG32,"0,5KL")/2+COUNTIF(D32:AG32,"L/KL")/2+COUNTIF(D32:AG32,"KL/2")/2+COUNTIF(D32:AG32,"P/KL")/2+COUNTIF(D32:AG32,"0.5")/2 -> 0 | AM32: =SUM(AI32:AL32) -> 26 | AN32: =AI32+AJ32+AK32 -> 26 | AO32: =VLOOKUP(C32,'[1]1. MEDIGO'!$C$4:$BL$100,62,0) -> 1/8/2025
A33: 26 | C33: Nguyễn Thị Kim Ngọc | D33: 1 | E33: 1 | F33: 1 | G33: 1 | H33: 1 | I33: 1 | K33: 1 | L33: 1 | M33: 1 | N33: 1 | O33: 1 | P33: 1 | R33: 1 | S33: P | T33: P | U33: 1 | V33: 1 | W33: 1 | Y33: 1 | Z33: 1 | AA33: 1 | AB33: 1 | AC33: 1 | AD33: 0,5P | AF33: 1 | AG33: 1 | AI33: =SUM(D33:AH33)+(COUNTIF(D33:AH33,"0,5KL")/2)+(COUNTIF(D33:AH33,"0,5P")/2)+(COUNTIF(D33:AH33,"0.5L")/2) -> 23.5 | AJ33: =(COUNTIF(D33:AG33,"P"))+(COUNTIF(D33:AG33,"P/2")/2)+(COUNTIF(D33:AG33,"0,5P")/2)+(COUNTIF(D33:AG33,"L/P")/2)+(COUNTIF(D33:AG33,"P/KL")/2) -> 2.5 | AK33: =COUNTIF(D33:AG33,"L")+(COUNTIF(D33:AG33,"L/2")/2)+(COUNTIF(D33:AG33,"L/P")/2)+(COUNTIF(D33:AG33,"L/KL")/2) -> 0 | AL33: =COUNTIF(D33:AG33,"KL")+COUNTIF(D33:AG33,"0,5KL")/2+COUNTIF(D33:AG33,"L/KL")/2+COUNTIF(D33:AG33,"KL/2")/2+COUNTIF(D33:AG33,"P/KL")/2+COUNTIF(D33:AG33,"0.5")/2 -> 0 | AM33: =SUM(AI33:AL33) -> 26 | AN33: =AI33+AJ33+AK33 -> 26 | AO33: =VLOOKUP(C33,'[1]1. MEDIGO'!$C$4:$BL$100,62,0) -> 11/8/2025
A34: 27 | C34: Lê Thị Phương Anh | D34: 1 | E34: 1 | F34: 1 | G34: 1 | H34: 1 | I34: 1 | K34: 1 | L34: 1 | M34: 1 | N34: 1 | O34: 1 | P34: 1 | R34: 1 | S34: 1 | T34: P | U34: 1 | V34: 1 | W34: 1 | Y34: 1 | Z34: 1 | AA34: 1 | AB34: 1 | AC34: 1 | AD34: 1 | AF34: 1 | AG34: 1 | AI34: =SUM(D34:AH34)+(COUNTIF(D34:AH34,"0,5KL")/2)+(COUNTIF(D34:AH34,"0,5P")/2)+(COUNTIF(D34:AH34,"0.5L")/2) -> 25 | AJ34: =(COUNTIF(D34:AG34,"P"))+(COUNTIF(D34:AG34,"P/2")/2)+(COUNTIF(D34:AG34,"0,5P")/2)+(COUNTIF(D34:AG34,"L/P")/2)+(COUNTIF(D34:AG34,"P/KL")/2) -> 1 | AK34: =COUNTIF(D34:AG34,"L")+(COUNTIF(D34:AG34,"L/2")/2)+(COUNTIF(D34:AG34,"L/P")/2)+(COUNTIF(D34:AG34,"L/KL")/2) -> 0 | AL34: =COUNTIF(D34:AG34,"KL")+COUNTIF(D34:AG34,"0,5KL")/2+COUNTIF(D34:AG34,"L/KL")/2+COUNTIF(D34:AG34,"KL/2")/2+COUNTIF(D34:AG34,"P/KL")/2+COUNTIF(D34:AG34,"0.5")/2 -> 0 | AM34: =SUM(AI34:AL34) -> 26 | AN34: =AI34+AJ34+AK34 -> 26 | AO34: =VLOOKUP(C34,'[1]1. MEDIGO'!$C$4:$BL$100,62,0) -> 11/9/2025
A35: 28 | C35: Nguyễn Vũ Khôi | D35: 1 | E35: 1 | F35: 1 | G35: 1 | H35: 1 | AI35: =SUM(D35:AH35)+(COUNTIF(D35:AH35,"0,5KL")/2)+(COUNTIF(D35:AH35,"0,5P")/2)+(COUNTIF(D35:AH35,"0.5L")/2) -> 5 | AJ35: =(COUNTIF(D35:AG35,"P"))+(COUNTIF(D35:AG35,"P/2")/2)+(COUNTIF(D35:AG35,"0,5P")/2)+(COUNTIF(D35:AG35,"L/P")/2)+(COUNTIF(D35:AG35,"P/KL")/2) -> 0 | AK35: =COUNTIF(D35:AG35,"L")+(COUNTIF(D35:AG35,"L/2")/2)+(COUNTIF(D35:AG35,"L/P")/2)+(COUNTIF(D35:AG35,"L/KL")/2) -> 0 | AL35: =COUNTIF(D35:AG35,"KL")+COUNTIF(D35:AG35,"0,5KL")/2+COUNTIF(D35:AG35,"L/KL")/2+COUNTIF(D35:AG35,"KL/2")/2+COUNTIF(D35:AG35,"P/KL")/2+COUNTIF(D35:AG35,"0.5")/2 -> 0 | AM35: =SUM(AI35:AL35) -> 5 | AN35: =AI35+AJ35+AK35 -> 5 | AO35: =VLOOKUP(C35,'[1]1. MEDIGO'!$C$4:$BL$100,62,0) -> 25/12/2025
A36: 29 | C36: Lai Thị Bích Châu | D36: 1 | E36: 1 | F36: 1 | G36: 1 | H36: 1 | I36: 1 | K36: 1 | L36: 1 | M36: 1 | N36: 1 | O36: 1 | P36: 1 | R36: 1 | S36: 1 | T36: 1 | U36: 1 | V36: 1 | W36: 1 | Y36: 1 | Z36: 1 | AA36: 1 | AB36: 1 | AC36: 1 | AD36: 1 | AF36: 1 | AG36: 1 | AI36: =SUM(D36:AH36)+(COUNTIF(D36:AH36,"0,5KL")/2)+(COUNTIF(D36:AH36,"0,5P")/2)+(COUNTIF(D36:AH36,"0.5L")/2) -> 26 | AJ36: =(COUNTIF(D36:AG36,"P"))+(COUNTIF(D36:AG36,"P/2")/2)+(COUNTIF(D36:AG36,"0,5P")/2)+(COUNTIF(D36:AG36,"L/P")/2)+(COUNTIF(D36:AG36,"P/KL")/2) -> 0 | AK36: =COUNTIF(D36:AG36,"L")+(COUNTIF(D36:AG36,"L/2")/2)+(COUNTIF(D36:AG36,"L/P")/2)+(COUNTIF(D36:AG36,"L/KL")/2) -> 0 | AL36: =COUNTIF(D36:AG36,"KL")+COUNTIF(D36:AG36,"0,5KL")/2+COUNTIF(D36:AG36,"L/KL")/2+COUNTIF(D36:AG36,"KL/2")/2+COUNTIF(D36:AG36,"P/KL")/2+COUNTIF(D36:AG36,"0.5")/2 -> 0 | AM36: =SUM(AI36:AL36) -> 26 | AN36: =AI36+AJ36+AK36 -> 26 | AO36: =VLOOKUP(C36,'[1]1. MEDIGO'!$C$4:$BL$100,62,0) -> 12/1/2026
B37: MED | D37: 1 | E37: 1 | F37: 1 | G37: 1 | H37: 1 | I37: 1 | K37: 1 | L37: 1 | M37: 1 | N37: 1 | O37: 1 | P37: 1 | R37: 1 | S37: 1 | T37: 1 | U37: 1 | V37: 1 | W37: 1 | Y37: 1 | Z37: 1 | AA37: 1 | AB37: 1 | AC37: 1 | AD37: 1 | AF37: 1 | AG37: 1 | AI37: =SUM(AI38:AI56) -> 435 | AJ37: =SUM(AJ38:AJ56) -> 11 | AK37: =SUM(AK38:AK56) -> 0 | AL37: =SUM(AL38:AL56) -> 10 | AM37: =SUM(AM38:AM49) -> 284 | AN37: =SUM(AN38:AN49) -> 283
A38: =A37+1 -> 1 | C38: Le Huu Ha | D38: 1 | E38: 1 | F38: 1 | G38: 1 | H38: 1 | I38: 1 | K38: 1 | L38: 1 | M38: 1 | N38: 1 | O38: 1 | P38: 1 | R38: 1 | S38: 1 | T38: 1 | U38: 1 | V38: 1 | W38: 1 | Y38: 1 | Z38: 1 | AA38: 1 | AB38: 1 | AC38: 1 | AD38: 1 | AF38: 1 | AG38: 1 | AI38: =SUM(D38:AH38)+(COUNTIF(D38:AH38,"0,5KL")/2)+(COUNTIF(D38:AH38,"0,5P")/2)+(COUNTIF(D38:AH38,"0.5L")/2) -> 26 | AJ38: =(COUNTIF(D38:AG38,"P"))+(COUNTIF(D38:AG38,"P/2")/2)+(COUNTIF(D38:AG38,"0,5P")/2)+(COUNTIF(D38:AG38,"L/P")/2)+(COUNTIF(D38:AG38,"P/KL")/2) -> 0 | AK38: =COUNTIF(D38:AG38,"L")+(COUNTIF(D38:AG38,"L/2")/2)+(COUNTIF(D38:AG38,"L/P")/2)+(COUNTIF(D38:AG38,"L/KL")/2) -> 0 | AL38: =COUNTIF(D38:AG38,"KL")+COUNTIF(D38:AG38,"0,5KL")/2+COUNTIF(D38:AG38,"L/KL")/2+COUNTIF(D38:AG38,"KL/2")/2+COUNTIF(D38:AG38,"P/KL")/2+COUNTIF(D38:AG38,"0.5")/2 -> 0 | AM38: =SUM(AI38:AL38) -> 26 | AN38: =AI38+AJ38+AK38 -> 26 | AO38: 10/8/2021
A39: =A38+1 -> 2 | C39: Đoàn Hữu Luận | D39: 1 | E39: 1 | F39: 1 | G39: 1 | H39: 1 | I39: 1 | K39: 1 | L39: 1 | M39: 1 | N39: 1 | O39: 1 | P39: 1 | R39: 1 | S39: 1 | T39: 1 | U39: 1 | V39: 1 | W39: 1 | Y39: 1 | Z39: 1 | AA39: 1 | AB39: 1 | AC39: 1 | AD39: 1 | AF39: 1 | AG39: 1 | AI39: =SUM(D39:AH39)+(COUNTIF(D39:AH39,"0,5KL")/2)+(COUNTIF(D39:AH39,"0,5P")/2)+(COUNTIF(D39:AH39,"0.5L")/2) -> 26 | AJ39: =(COUNTIF(D39:AG39,"P"))+(COUNTIF(D39:AG39,"P/2")/2)+(COUNTIF(D39:AG39,"0,5P")/2)+(COUNTIF(D39:AG39,"L/P")/2)+(COUNTIF(D39:AG39,"P/KL")/2) -> 0 | AK39: =COUNTIF(D39:AG39,"L")+(COUNTIF(D39:AG39,"L/2")/2)+(COUNTIF(D39:AG39,"L/P")/2)+(COUNTIF(D39:AG39,"L/KL")/2) -> 0 | AL39: =COUNTIF(D39:AG39,"KL")+COUNTIF(D39:AG39,"0,5KL")/2+COUNTIF(D39:AG39,"L/KL")/2+COUNTIF(D39:AG39,"KL/2")/2+COUNTIF(D39:AG39,"P/KL")/2+COUNTIF(D39:AG39,"0.5")/2 -> 0 | AM39: =SUM(AI39:AL39) -> 26 | AN39: =AI39+AJ39+AK39 -> 26 | AO39: 10/8/2022
A40: =A39+1 -> 3 | C40: Lê Thị Quý Ngọc | D40: 1 | E40: 1 | F40: 1 | G40: 1 | H40: 1 | I40: 1 | K40: 1 | L40: 1 | M40: 1 | N40: 1 | O40: 1 | P40: 1 | R40: 1 | S40: 1 | T40: 1 | U40: 1 | V40: 1 | W40: 1 | Y40: 1 | Z40: 1 | AA40: 1 | AB40: 1 | AC40: 1 | AD40: 1 | AF40: 1 | AG40: 1 | AI40: =SUM(D40:AH40)+(COUNTIF(D40:AH40,"0,5KL")/2)+(COUNTIF(D40:AH40,"0,5P")/2)+(COUNTIF(D40:AH40,"0.5L")/2) -> 26 | AJ40: =(COUNTIF(D40:AG40,"P"))+(COUNTIF(D40:AG40,"P/2")/2)+(COUNTIF(D40:AG40,"0,5P")/2)+(COUNTIF(D40:AG40,"L/P")/2)+(COUNTIF(D40:AG40,"P/KL")/2) -> 0 | AK40: =COUNTIF(D40:AG40,"L")+(COUNTIF(D40:AG40,"L/2")/2)+(COUNTIF(D40:AG40,"L/P")/2)+(COUNTIF(D40:AG40,"L/KL")/2) -> 0 | AL40: =COUNTIF(D40:AG40,"KL")+COUNTIF(D40:AG40,"0,5KL")/2+COUNTIF(D40:AG40,"L/KL")/2+COUNTIF(D40:AG40,"KL/2")/2+COUNTIF(D40:AG40,"P/KL")/2+COUNTIF(D40:AG40,"0.5")/2 -> 0 | AM40: =SUM(AI40:AL40) -> 26 | AN40: =AI40+AJ40+AK40 -> 26 | AO40: 24/4/2023
A41: =A40+1 -> 4 | C41: Lê Thu Hà | D41: P | E41: 1 | F41: 1 | G41: 1 | H41: 1 | I41: 1 | K41: 1 | L41: 1 | M41: 1 | N41: 1 | O41: 1 | P41: 1 | R41: 1 | S41: 1 | T41: 1 | U41: 1 | V41: 1 | W41: 1 | Y41: 1 | Z41: 1 | AA41: 1 | AB41: 1 | AC41: 1 | AD41: 1 | AF41: 1 | AG41: 1 | AI41: =SUM(D41:AH41)+(COUNTIF(D41:AH41,"0,5KL")/2)+(COUNTIF(D41:AH41,"0,5P")/2)+(COUNTIF(D41:AH41,"0.5L")/2) -> 25 | AJ41: =(COUNTIF(D41:AG41,"P"))+(COUNTIF(D41:AG41,"P/2")/2)+(COUNTIF(D41:AG41,"0,5P")/2)+(COUNTIF(D41:AG41,"L/P")/2)+(COUNTIF(D41:AG41,"P/KL")/2) -> 1 | AK41: =COUNTIF(D41:AG41,"L")+(COUNTIF(D41:AG41,"L/2")/2)+(COUNTIF(D41:AG41,"L/P")/2)+(COUNTIF(D41:AG41,"L/KL")/2) -> 0 | AL41: =COUNTIF(D41:AG41,"KL")+COUNTIF(D41:AG41,"0,5KL")/2+COUNTIF(D41:AG41,"L/KL")/2+COUNTIF(D41:AG41,"KL/2")/2+COUNTIF(D41:AG41,"P/KL")/2+COUNTIF(D41:AG41,"0.5")/2 -> 0 | AM41: =SUM(AI41:AL41) -> 26 | AN41: =AI41+AJ41+AK41 -> 26 | AO41: 1/9/2020
A42: =A41+1 -> 5 | C42: Nguyễn Thị Kim Huệ | D42: 1 | E42: 1 | F42: 1 | G42: 1 | H42: 1 | I42: 1 | K42: 1 | L42: 1 | M42: 1 | N42: 1 | O42: 1 | P42: 1 | R42: 1 | S42: 0,5P | T42: 1 | U42: 1 | V42: 1 | W42: 1 | Y42: 1 | Z42: 1 | AA42: 1 | AB42: 1 | AC42: 1 | AD42: 1 | AF42: P | AG42: 1 | AI42: =SUM(D42:AH42)+(COUNTIF(D42:AH42,"0,5KL")/2)+(COUNTIF(D42:AH42,"0,5P")/2)+(COUNTIF(D42:AH42,"0.5L")/2) -> 24.5 | AJ42: =(COUNTIF(D42:AG42,"P"))+(COUNTIF(D42:AG42,"P/2")/2)+(COUNTIF(D42:AG42,"0,5P")/2)+(COUNTIF(D42:AG42,"L/P")/2)+(COUNTIF(D42:AG42,"P/KL")/2) -> 1.5 | AK42: =COUNTIF(D42:AG42,"L")+(COUNTIF(D42:AG42,"L/2")/2)+(COUNTIF(D42:AG42,"L/P")/2)+(COUNTIF(D42:AG42,"L/KL")/2) -> 0 | AL42: =COUNTIF(D42:AG42,"KL")+COUNTIF(D42:AG42,"0,5KL")/2+COUNTIF(D42:AG42,"L/KL")/2+COUNTIF(D42:AG42,"KL/2")/2+COUNTIF(D42:AG42,"P/KL")/2+COUNTIF(D42:AG42,"0.5")/2 -> 0 | AM42: =SUM(AI42:AL42) -> 26 | AN42: =AI42+AJ42+AK42 -> 26 | AO42: 1/5/2024
A43: =A42+1 -> 6 | C43: Phạm Thị Hồng Ngọc | D43: 1 | E43: 1 | F43: 1 | G43: 1 | H43: 1 | I43: 1 | K43: 1 | L43: 1 | M43: 1 | N43: P | O43: 1 | P43: 1 | R43: 1 | S43: 1 | T43: 1 | U43: 1 | V43: 1 | W43: 1 | Y43: 1 | Z43: 1 | AA43: 1 | AB43: 1 | AC43: 1 | AD43: 1 | AF43: 1 | AG43: 1 | AI43: =SUM(D43:AH43)+(COUNTIF(D43:AH43,"0,5KL")/2)+(COUNTIF(D43:AH43,"0,5P")/2)+(COUNTIF(D43:AH43,"0.5L")/2) -> 25 | AJ43: =(COUNTIF(D43:AG43,"P"))+(COUNTIF(D43:AG43,"P/2")/2)+(COUNTIF(D43:AG43,"0,5P")/2)+(COUNTIF(D43:AG43,"L/P")/2)+(COUNTIF(D43:AG43,"P/KL")/2) -> 1 | AK43: =COUNTIF(D43:AG43,"L")+(COUNTIF(D43:AG43,"L/2")/2)+(COUNTIF(D43:AG43,"L/P")/2)+(COUNTIF(D43:AG43,"L/KL")/2) -> 0 | AL43: =COUNTIF(D43:AG43,"KL")+COUNTIF(D43:AG43,"0,5KL")/2+COUNTIF(D43:AG43,"L/KL")/2+COUNTIF(D43:AG43,"KL/2")/2+COUNTIF(D43:AG43,"P/KL")/2+COUNTIF(D43:AG43,"0.5")/2 -> 0 | AM43: =SUM(AI43:AL43) -> 26 | AN43: =AI43+AJ43+AK43 -> 26 | AO43: 2/12/2024
A44: =A43+1 -> 7 | C44: Nguyễn Đức Việt Khoa | D44: 1 | E44: 1 | F44: 1 | G44: P | H44: 1 | I44: 1 | K44: 1 | L44: 0,5P | M44: 1 | N44: 1 | O44: 1 | P44: 1 | AI44: =SUM(D44:AH44)+(COUNTIF(D44:AH44,"0,5KL")/2)+(COUNTIF(D44:AH44,"0,5P")/2)+(COUNTIF(D44:AH44,"0.5L")/2) -> 10.5 | AJ44: =(COUNTIF(D44:AG44,"P"))+(COUNTIF(D44:AG44,"P/2")/2)+(COUNTIF(D44:AG44,"0,5P")/2)+(COUNTIF(D44:AG44,"L/P")/2)+(COUNTIF(D44:AG44,"P/KL")/2) -> 1.5 | AK44: =COUNTIF(D44:AG44,"L")+(COUNTIF(D44:AG44,"L/2")/2)+(COUNTIF(D44:AG44,"L/P")/2)+(COUNTIF(D44:AG44,"L/KL")/2) -> 0 | AL44: =COUNTIF(D44:AG44,"KL")+COUNTIF(D44:AG44,"0,5KL")/2+COUNTIF(D44:AG44,"L/KL")/2+COUNTIF(D44:AG44,"KL/2")/2+COUNTIF(D44:AG44,"P/KL")/2+COUNTIF(D44:AG44,"0.5")/2 -> 0 | AM44: =SUM(AI44:AL44) -> 12 | AN44: =AI44+AJ44+AK44 -> 12 | AO44: 19/8/2024
A45: =A44+1 -> 8 | C45: Dương Thị Vân Trang | D45: 1 | E45: 1 | F45: 1 | G45: 1 | H45: 1 | I45: 1 | K45: 1 | L45: 1 | M45: 1 | N45: 1 | O45: 1 | P45: 1 | R45: 1 | S45: 1 | T45: 1 | U45: 1 | V45: 1 | W45: 1 | Y45: 1 | Z45: 1 | AA45: 1 | AB45: 1 | AC45: 1 | AD45: 1 | AF45: 1 | AG45: 1 | AI45: =SUM(D45:AH45)+(COUNTIF(D45:AH45,"0,5KL")/2)+(COUNTIF(D45:AH45,"0,5P")/2)+(COUNTIF(D45:AH45,"0.5L")/2) -> 26 | AJ45: =(COUNTIF(D45:AG45,"P"))+(COUNTIF(D45:AG45,"P/2")/2)+(COUNTIF(D45:AG45,"0,5P")/2)+(COUNTIF(D45:AG45,"L/P")/2)+(COUNTIF(D45:AG45,"P/KL")/2) -> 0 | AK45: =COUNTIF(D45:AG45,"L")+(COUNTIF(D45:AG45,"L/2")/2)+(COUNTIF(D45:AG45,"L/P")/2)+(COUNTIF(D45:AG45,"L/KL")/2) -> 0 | AL45: =COUNTIF(D45:AG45,"KL")+COUNTIF(D45:AG45,"0,5KL")/2+COUNTIF(D45:AG45,"L/KL")/2+COUNTIF(D45:AG45,"KL/2")/2+COUNTIF(D45:AG45,"P/KL")/2+COUNTIF(D45:AG45,"0.5")/2 -> 0 | AM45: =SUM(AI45:AL45) -> 26 | AN45: =AI45+AJ45+AK45 -> 26 | AO45: 30/9/2024
A46: =A45+1 -> 9 | C46: Huỳnh Ngọc Anh | D46: 1 | E46: 1 | F46: 1 | G46: 1 | H46: 1 | I46: 1 | K46: 1 | L46: 1 | M46: 1 | N46: 1 | O46: 1 | P46: 1 | R46: 1 | S46: 1 | T46: 1 | U46: 1 | V46: 1 | W46: 0,5P | Y46: 1 | Z46: 1 | AA46: 1 | AB46: 1 | AC46: 1 | AD46: 1 | AF46: 1 | AG46: 1 | AI46: =SUM(D46:AH46)+(COUNTIF(D46:AH46,"0,5KL")/2)+(COUNTIF(D46:AH46,"0,5P")/2)+(COUNTIF(D46:AH46,"0.5L")/2) -> 25.5 | AJ46: =(COUNTIF(D46:AG46,"P"))+(COUNTIF(D46:AG46,"P/2")/2)+(COUNTIF(D46:AG46,"0,5P")/2)+(COUNTIF(D46:AG46,"L/P")/2)+(COUNTIF(D46:AG46,"P/KL")/2) -> 0.5 | AK46: =COUNTIF(D46:AG46,"L")+(COUNTIF(D46:AG46,"L/2")/2)+(COUNTIF(D46:AG46,"L/P")/2)+(COUNTIF(D46:AG46,"L/KL")/2) -> 0 | AL46: =COUNTIF(D46:AG46,"KL")+COUNTIF(D46:AG46,"0,5KL")/2+COUNTIF(D46:AG46,"L/KL")/2+COUNTIF(D46:AG46,"KL/2")/2+COUNTIF(D46:AG46,"P/KL")/2+COUNTIF(D46:AG46,"0.5")/2 -> 0 | AM46: =SUM(AI46:AL46) -> 26 | AN46: =AI46+AJ46+AK46 -> 26 | AO46: 02/6/2025
A47: =A46+1 -> 10 | C47: Vũ Ngọc Thanh Thảo | D47: 1 | E47: 1 | F47: 1 | G47: 1 | H47: 1 | I47: 1 | K47: 1 | L47: 1 | M47: 1 | N47: 1 | O47: 1 | P47: 0,5P | Z47: P | AA47: P | AB47: 1 | AC47: 1 | AD47: 1 | AF47: 1 | AG47: 1 | AI47: =SUM(D47:AH47)+(COUNTIF(D47:AH47,"0,5KL")/2)+(COUNTIF(D47:AH47,"0,5P")/2)+(COUNTIF(D47:AH47,"0.5L")/2) -> 16.5 | AJ47: =(COUNTIF(D47:AG47,"P"))+(COUNTIF(D47:AG47,"P/2")/2)+(COUNTIF(D47:AG47,"0,5P")/2)+(COUNTIF(D47:AG47,"L/P")/2)+(COUNTIF(D47:AG47,"P/KL")/2) -> 2.5 | AK47: =COUNTIF(D47:AG47,"L")+(COUNTIF(D47:AG47,"L/2")/2)+(COUNTIF(D47:AG47,"L/P")/2)+(COUNTIF(D47:AG47,"L/KL")/2) -> 0 | AL47: =COUNTIF(D47:AG47,"KL")+COUNTIF(D47:AG47,"0,5KL")/2+COUNTIF(D47:AG47,"L/KL")/2+COUNTIF(D47:AG47,"KL/2")/2+COUNTIF(D47:AG47,"P/KL")/2+COUNTIF(D47:AG47,"0.5")/2 -> 0 | AM47: =SUM(AI47:AL47) -> 19 | AN47: =AI47+AJ47+AK47 -> 19 | AO47: 7/7/2025
A48: =A47+1 -> 11 | C48: Nguyễn Hoàng Yến | K48: 1 | L48: 1 | M48: 1 | N48: 0,5P | O48: 1 | P48: 1 | R48: 1 | S48: 1 | T48: KL | U48: 1 | V48: 1 | W48: 1 | Y48: 1 | Z48: 1 | AA48: 1 | AB48: 1 | AC48: 1 | AD48: 0,5P | AF48: 0,5 | AG48: 1 | AI48: =SUM(D48:AH48)+(COUNTIF(D48:AH48,"0,5KL")/2)+(COUNTIF(D48:AH48,"0,5P")/2)+(COUNTIF(D48:AH48,"0.5L")/2) -> 17 | AJ48: =(COUNTIF(D48:AG48,"P"))+(COUNTIF(D48:AG48,"P/2")/2)+(COUNTIF(D48:AG48,"0,5P")/2)+(COUNTIF(D48:AG48,"L/P")/2)+(COUNTIF(D48:AG48,"P/KL")/2) -> 1 | AK48: =COUNTIF(D48:AG48,"L")+(COUNTIF(D48:AG48,"L/2")/2)+(COUNTIF(D48:AG48,"L/P")/2)+(COUNTIF(D48:AG48,"L/KL")/2) -> 0 | AL48: =COUNTIF(D48:AG48,"KL")+COUNTIF(D48:AG48,"0,5KL")/2+COUNTIF(D48:AG48,"L/KL")/2+COUNTIF(D48:AG48,"KL/2")/2+COUNTIF(D48:AG48,"P/KL")/2+COUNTIF(D48:AG48,"0.5")/2 -> 1 | AM48: =SUM(AI48:AL48) -> 19 | AN48: =AI48+AJ48+AK48 -> 18 | AO48: 8/7/2025
A49: =A48+1 -> 12 | C49: Đặng Văn Thắng | D49: 1 | E49: 1 | F49: 1 | G49: 1 | H49: 1 | I49: 1 | K49: 1 | L49: 1 | M49: 1 | N49: 1 | O49: 1 | P49: 0,5P | R49: P | S49: 0,5P | T49: 1 | U49: 1 | V49: 1 | W49: 1 | Y49: 1 | Z49: 1 | AA49: 1 | AB49: 1 | AC49: 1 | AD49: 1 | AF49: 1 | AG49: 1 | AI49: =SUM(D49:AH49)+(COUNTIF(D49:AH49,"0,5KL")/2)+(COUNTIF(D49:AH49,"0,5P")/2)+(COUNTIF(D49:AH49,"0.5L")/2) -> 24 | AJ49: =(COUNTIF(D49:AG49,"P"))+(COUNTIF(D49:AG49,"P/2")/2)+(COUNTIF(D49:AG49,"0,5P")/2)+(COUNTIF(D49:AG49,"L/P")/2)+(COUNTIF(D49:AG49,"P/KL")/2) -> 2 | AK49: =COUNTIF(D49:AG49,"L")+(COUNTIF(D49:AG49,"L/2")/2)+(COUNTIF(D49:AG49,"L/P")/2)+(COUNTIF(D49:AG49,"L/KL")/2) -> 0 | AL49: =COUNTIF(D49:AG49,"KL")+COUNTIF(D49:AG49,"0,5KL")/2+COUNTIF(D49:AG49,"L/KL")/2+COUNTIF(D49:AG49,"KL/2")/2+COUNTIF(D49:AG49,"P/KL")/2+COUNTIF(D49:AG49,"0.5")/2 -> 0 | AM49: =SUM(AI49:AL49) -> 26 | AN49: =AI49+AJ49+AK49 -> 26 | AO49: 26/09/2025
A50: =A49+1 -> 13 | C50: Đặng Thiên Ân | D50: 1 | E50: 0,5KL | F50: 0,5KL | G50: 1 | H50: 0,5KL | I50: 1 | K50: 1 | L50: 1 | M50: 1 | N50: 1 | O50: 1 | P50: 1 | R50: 1 | S50: 0,5KL | T50: 0,5KL | U50: 1 | V50: 0,5KL | W50: 1 | Y50: 1 | Z50: 1 | AA50: 1 | AB50: 1 | AC50: 1 | AD50: 1 | AF50: 1 | AG50: 1 | AI50: =SUM(D50:AH50)+(COUNTIF(D50:AH50,"0,5KL")/2)+(COUNTIF(D50:AH50,"0,5P")/2)+(COUNTIF(D50:AH50,"0.5L")/2) -> 23 | AJ50: =(COUNTIF(D50:AG50,"P"))+(COUNTIF(D50:AG50,"P/2")/2)+(COUNTIF(D50:AG50,"0,5P")/2)+(COUNTIF(D50:AG50,"L/P")/2)+(COUNTIF(D50:AG50,"P/KL")/2) -> 0 | AK50: =COUNTIF(D50:AG50,"L")+(COUNTIF(D50:AG50,"L/2")/2)+(COUNTIF(D50:AG50,"L/P")/2)+(COUNTIF(D50:AG50,"L/KL")/2) -> 0 | AL50: =COUNTIF(D50:AG50,"KL")+COUNTIF(D50:AG50,"0,5KL")/2+COUNTIF(D50:AG50,"L/KL")/2+COUNTIF(D50:AG50,"KL/2")/2+COUNTIF(D50:AG50,"P/KL")/2+COUNTIF(D50:AG50,"0.5")/2 -> 3 | AM50: =SUM(AI50:AL50) -> 26 | AN50: =AI50+AJ50+AK50 -> 23 | AO50: 26/09/2025
A51: =A50+1 -> 14 | C51: Lê Thị Bích Ngọc | E51: 1 | F51: 1 | G51: 1 | H51: 1 | I51: 1 | K51: 1 | L51: 1 | M51: 1 | N51: 1 | O51: 1 | P51: 1 | R51: 1 | S51: 1 | T51: 1 | U51: 1 | V51: 1 | W51: 1 | Y51: 1 | Z51: 1 | AA51: 1 | AB51: 1 | AC51: 1 | AD51: 1 | AF51: 1 | AG51: 1 | AI51: =SUM(D51:AH51)+(COUNTIF(D51:AH51,"0,5KL")/2)+(COUNTIF(D51:AH51,"0,5P")/2)+(COUNTIF(D51:AH51,"0.5L")/2) -> 25 | AJ51: =(COUNTIF(D51:AG51,"P"))+(COUNTIF(D51:AG51,"P/2")/2)+(COUNTIF(D51:AG51,"0,5P")/2)+(COUNTIF(D51:AG51,"L/P")/2)+(COUNTIF(D51:AG51,"P/KL")/2) -> 0 | AK51: =COUNTIF(D51:AG51,"L")+(COUNTIF(D51:AG51,"L/2")/2)+(COUNTIF(D51:AG51,"L/P")/2)+(COUNTIF(D51:AG51,"L/KL")/2) -> 0 | AL51: =COUNTIF(D51:AG51,"KL")+COUNTIF(D51:AG51,"0,5KL")/2+COUNTIF(D51:AG51,"L/KL")/2+COUNTIF(D51:AG51,"KL/2")/2+COUNTIF(D51:AG51,"P/KL")/2+COUNTIF(D51:AG51,"0.5")/2 -> 0 | AM51: =SUM(AI51:AL51) -> 25 | AN51: =AI51+AJ51+AK51 -> 25 | AO51: 02/06/2026
A52: =A51+1 -> 15 | C52: Nguyễn Thanh Nhân | N52: 1 | O52: 1 | P52: 1 | R52: 1 | S52: 1 | T52: 1 | U52: 1 | V52: 1 | W52: 1 | Y52: 1 | Z52: 1 | AA52: 1 | AB52: 1 | AC52: 1 | AD52: 1 | AF52: 1 | AG52: 1 | AI52: =SUM(D52:AH52)+(COUNTIF(D52:AH52,"0,5KL")/2)+(COUNTIF(D52:AH52,"0,5P")/2)+(COUNTIF(D52:AH52,"0.5L")/2) -> 17 | AJ52: =(COUNTIF(D52:AG52,"P"))+(COUNTIF(D52:AG52,"P/2")/2)+(COUNTIF(D52:AG52,"0,5P")/2)+(COUNTIF(D52:AG52,"L/P")/2)+(COUNTIF(D52:AG52,"P/KL")/2) -> 0 | AK52: =COUNTIF(D52:AG52,"L")+(COUNTIF(D52:AG52,"L/2")/2)+(COUNTIF(D52:AG52,"L/P")/2)+(COUNTIF(D52:AG52,"L/KL")/2) -> 0 | AL52: =COUNTIF(D52:AG52,"KL")+COUNTIF(D52:AG52,"0,5KL")/2+COUNTIF(D52:AG52,"L/KL")/2+COUNTIF(D52:AG52,"KL/2")/2+COUNTIF(D52:AG52,"P/KL")/2+COUNTIF(D52:AG52,"0.5")/2 -> 0 | AM52: =SUM(AI52:AL52) -> 17 | AN52: =AI52+AJ52+AK52 -> 17 | AO52: 11/06/2026
A53: =A52+1 -> 16 | C53: Đỗ Vũ Mỹ Linh | D53: 1 | E53: 1 | F53: 1 | G53: 1 | H53: 1 | I53: 1 | K53: 1 | L53: 1 | M53: 1 | N53: 1 | O53: 1 | P53: 0,5KL | R53: 1 | S53: 1 | T53: 1 | U53: 1 | V53: 1 | W53: 1 | Y53: 1 | Z53: 1 | AA53: 1 | AB53: 1 | AC53: 1 | AD53: 1 | AF53: 1 | AG53: 1 | AI53: =SUM(D53:AH53)+(COUNTIF(D53:AH53,"0,5KL")/2)+(COUNTIF(D53:AH53,"0,5P")/2)+(COUNTIF(D53:AH53,"0.5L")/2) -> 25.5 | AJ53: =(COUNTIF(D53:AG53,"P"))+(COUNTIF(D53:AG53,"P/2")/2)+(COUNTIF(D53:AG53,"0,5P")/2)+(COUNTIF(D53:AG53,"L/P")/2)+(COUNTIF(D53:AG53,"P/KL")/2) -> 0 | AK53: =COUNTIF(D53:AG53,"L")+(COUNTIF(D53:AG53,"L/2")/2)+(COUNTIF(D53:AG53,"L/P")/2)+(COUNTIF(D53:AG53,"L/KL")/2) -> 0 | AL53: =COUNTIF(D53:AG53,"KL")+COUNTIF(D53:AG53,"0,5KL")/2+COUNTIF(D53:AG53,"L/KL")/2+COUNTIF(D53:AG53,"KL/2")/2+COUNTIF(D53:AG53,"P/KL")/2+COUNTIF(D53:AG53,"0.5")/2 -> 0.5 | AM53: =SUM(AI53:AL53) -> 26 | AN53: =AI53+AJ53+AK53 -> 25.5 | AO53: 01/04/2026
A54: =A53+1 -> 17 | C54: Đặng Ngọc Trúc Quỳnh | D54: 1 | E54: 1 | F54: 1 | G54: 1 | H54: 1 | I54: 1 | K54: 1 | L54: 1 | M54: 1 | N54: 1 | O54: 1 | P54: 1 | R54: 1 | S54: 1 | T54: 1 | U54: 1 | V54: 1 | W54: 1 | Y54: 1 | Z54: 1 | AA54: 1 | AB54: 1 | AC54: 1 | AD54: 1 | AF54: 1 | AG54: 1 | AI54: =SUM(D54:AH54)+(COUNTIF(D54:AH54,"0,5KL")/2)+(COUNTIF(D54:AH54,"0,5P")/2)+(COUNTIF(D54:AH54,"0.5L")/2) -> 26 | AJ54: =(COUNTIF(D54:AG54,"P"))+(COUNTIF(D54:AG54,"P/2")/2)+(COUNTIF(D54:AG54,"0,5P")/2)+(COUNTIF(D54:AG54,"L/P")/2)+(COUNTIF(D54:AG54,"P/KL")/2) -> 0 | AK54: =COUNTIF(D54:AG54,"L")+(COUNTIF(D54:AG54,"L/2")/2)+(COUNTIF(D54:AG54,"L/P")/2)+(COUNTIF(D54:AG54,"L/KL")/2) -> 0 | AL54: =COUNTIF(D54:AG54,"KL")+COUNTIF(D54:AG54,"0,5KL")/2+COUNTIF(D54:AG54,"L/KL")/2+COUNTIF(D54:AG54,"KL/2")/2+COUNTIF(D54:AG54,"P/KL")/2+COUNTIF(D54:AG54,"0.5")/2 -> 0 | AM54: =SUM(AI54:AL54) -> 26 | AN54: =AI54+AJ54+AK54 -> 26 | AO54: 46174
A55: =A54+1 -> 18 | C55: Trần Như Quỳnh | D55: 1 | E55: 1 | F55: 1 | G55: 1 | H55: 1 | I55: 1 | K55: 1 | L55: KL | M55: 1 | N55: 1 | O55: 0,5KL | P55: 1 | R55: 1 | S55: KL | T55: 1 | U55: 1 | V55: 0,5KL | W55: 1 | Y55: 1 | Z55: 1 | AA55: 1 | AB55: 1 | AC55: 1 | AD55: 1 | AF55: 1 | AG55: 1 | AI55: =SUM(D55:AH55)+(COUNTIF(D55:AH55,"0,5KL")/2)+(COUNTIF(D55:AH55,"0,5P")/2)+(COUNTIF(D55:AH55,"0.5L")/2) -> 23 | AJ55: =(COUNTIF(D55:AG55,"P"))+(COUNTIF(D55:AG55,"P/2")/2)+(COUNTIF(D55:AG55,"0,5P")/2)+(COUNTIF(D55:AG55,"L/P")/2)+(COUNTIF(D55:AG55,"P/KL")/2) -> 0 | AK55: =COUNTIF(D55:AG55,"L")+(COUNTIF(D55:AG55,"L/2")/2)+(COUNTIF(D55:AG55,"L/P")/2)+(COUNTIF(D55:AG55,"L/KL")/2) -> 0 | AL55: =COUNTIF(D55:AG55,"KL")+COUNTIF(D55:AG55,"0,5KL")/2+COUNTIF(D55:AG55,"L/KL")/2+COUNTIF(D55:AG55,"KL/2")/2+COUNTIF(D55:AG55,"P/KL")/2+COUNTIF(D55:AG55,"0.5")/2 -> 3 | AM55: =SUM(AI55:AL55) -> 26 | AN55: =AI55+AJ55+AK55 -> 23 | AO55: 12/05/2026
A56: =A55+1 -> 19 | C56: Hồ Phạm Minh Tiến | D56: 1 | E56: 1 | F56: 1 | G56: 1 | H56: 1 | I56: 1 | K56: 1 | L56: 1 | M56: 1 | N56: 1 | O56: 1 | P56: 1 | R56: 1 | S56: 1 | T56: 1 | U56: 1 | V56: 1 | W56: 1 | Y56: 1 | Z56: 1 | AA56: 1 | AB56: 1 | AC56: 1 | AD56: 0,5KL | AF56: KL | AG56: KL | AI56: =SUM(D56:AH56)+(COUNTIF(D56:AH56,"0,5KL")/2)+(COUNTIF(D56:AH56,"0,5P")/2)+(COUNTIF(D56:AH56,"0.5L")/2) -> 23.5 | AJ56: =(COUNTIF(D56:AG56,"P"))+(COUNTIF(D56:AG56,"P/2")/2)+(COUNTIF(D56:AG56,"0,5P")/2)+(COUNTIF(D56:AG56,"L/P")/2)+(COUNTIF(D56:AG56,"P/KL")/2) -> 0 | AK56: =COUNTIF(D56:AG56,"L")+(COUNTIF(D56:AG56,"L/2")/2)+(COUNTIF(D56:AG56,"L/P")/2)+(COUNTIF(D56:AG56,"L/KL")/2) -> 0 | AL56: =COUNTIF(D56:AG56,"KL")+COUNTIF(D56:AG56,"0,5KL")/2+COUNTIF(D56:AG56,"L/KL")/2+COUNTIF(D56:AG56,"KL/2")/2+COUNTIF(D56:AG56,"P/KL")/2+COUNTIF(D56:AG56,"0.5")/2 -> 2.5 | AM56: =SUM(AI56:AL56) -> 26 | AN56: =AI56+AJ56+AK56 -> 23.5 | AO56: 23/04/2026
A57: =A56+1 -> 20 | C57: Phạm Hồng Nguyên | G57: 1 | H57: 1 | I57: 1 | K57: 1 | L57: 1 | M57: 1 | N57: 1 | O57: 1 | P57: 1 | R57: 1 | S57: 1 | T57: 1 | U57: 1 | V57: 0,5KL | W57: 0,5KL | Y57: 1 | Z57: 1 | AA57: 1 | AB57: 1 | AC57: 1 | AD57: 1 | AF57: 1 | AG57: 1 | AI57: =SUM(D57:AH57)+(COUNTIF(D57:AH57,"0,5KL")/2)+(COUNTIF(D57:AH57,"0,5P")/2)+(COUNTIF(D57:AH57,"0.5L")/2) -> 22 | AJ57: =(COUNTIF(D57:AG57,"P"))+(COUNTIF(D57:AG57,"P/2")/2)+(COUNTIF(D57:AG57,"0,5P")/2)+(COUNTIF(D57:AG57,"L/P")/2)+(COUNTIF(D57:AG57,"P/KL")/2) -> 0 | AK57: =COUNTIF(D57:AG57,"L")+(COUNTIF(D57:AG57,"L/2")/2)+(COUNTIF(D57:AG57,"L/P")/2)+(COUNTIF(D57:AG57,"L/KL")/2) -> 0 | AL57: =COUNTIF(D57:AG57,"KL")+COUNTIF(D57:AG57,"0,5KL")/2+COUNTIF(D57:AG57,"L/KL")/2+COUNTIF(D57:AG57,"KL/2")/2+COUNTIF(D57:AG57,"P/KL")/2+COUNTIF(D57:AG57,"0.5")/2 -> 1 | AM57: =SUM(AI57:AL57) -> 23 | AN57: =AI57+AJ57+AK57 -> 22 | AO57: 23/04/2026
C58: 1 | D58: 2 | E58: 3 | F58: 4 | G58: 5 | H58: 6 | I58: 7 | J58: 8 | K58: 9 | L58: 10 | M58: 11 | N58: 12 | O58: 13 | P58: 14 | Q58: 15 | R58: 16 | S58: 17 | T58: 18 | U58: 19 | V58: 20 | W58: 21 | X58: 22 | Y58: 23 | Z58: 24 | AA58: 25 | AB58: 26 | AC58: 27 | AD58: 28 | AE58: 29 | AF58: 30 | AG58: 31 | AH58: 32 | AI58: 33 | AJ58: 34 | AK58: 35 | AL58: 36 | AM58: 37 | AN58: 38 | AO58: 39
C60: Ngày công chuẩn | E60: 1
C61: Làm 1/2 ngày | E61: 0.5
C62: Nghỉ phép | E62: P
C63: Nghỉ phép 1/2, Lễ 1/2 | E63: L/P
C65: Nghỉ Không Lương | E65: KL
C66: Nghỉ chế độ: ốm đau, thai sản,.. | E66: OD
C67: Làm 1/2, P 1/2 | E67: 0,5P

Sheet Med Service
H1: BẢNG LƯƠNG THÁNG 6
G2: Ngày bắt đầu | H2: 46174 | I2: Ngày kết thúc | J2: 46203
CM7: 1 | CN7: 4 | CO7: 2024 | CP7: 5 | CQ7: 2026 | DA7: 05/2026 | DB7: 05/2026
A8: STT | B8: Tháng | C8: Mã NV | D8: Họ tên | E8: Loại Hợp đồng | F8: Bộ phận | G8: Chức vụ | H8: Ngày vào công ty | I8: Số tài khoản | J8: CN Ngân hàng | K8: Ngày công chuẩn | L8: Ngày công thực tế | M8: CNT ca ngày (giờ) | N8: CNT ca đêm (giờ) | O8: Số giờ TC ngày thường | P8: Số giờ TC ngày CN (*2) | Q8: Số giờ TC ngày Lễ, tết (*3) | R8: HT hiệu quả làm việc | S8: Lương cơ bản (đóng BHXH) | T8: Hỗ trợ tiền ăn | U8: Hỗ trợ đồng phục | V8: Hỗ trợ điện thoại, xăng xe | W8: Hỗ trợ tiền gởi xe | X8: Hỗ trợ nhà ở | Y8: Hỗ trợ nuôi con nhỏ | Z8: Hỗ trợ phụ trách dự án/ sáng kiến | AA8: CNT - Phụ cấp lưu động | AB8: CNT - Phụ cấp tăng cường vận hành | AC8: Lương thỏa thuận | AD8: Lương chính thức | AE8: Lương thử việc | AF8: Lương thực tế | AG8: CNT- Lương ca ngày | AH8: CNT- Lương ca đêm | AI8: Lương tăng ca ngày thường | AJ8: Lương TC ngày CN (*2) | AK8: Lương TC ngày lễ, tết (*3) | AL8: CNT- Tiền HT trách nhiệm | AM8: CNT-Tiền HT cửa hàng mới | AN8: CNT- Tiền HT quy trình/dự án | AO8: CNT- Tiền hỗ trợ đạt KPI | AP8: CNT- tiền HT hàng điểm + Cắt liều | AQ8: CNT- Tiền HT hàng cận date | AR8: CNT- Tiền hỗ trợ chương trình Maps | AS8: CNT- HT Thưởng khác | AT8: Bổ sung lương tính thiếu tháng trước | AU8: CNT - Thưởng dự án Mini | AV8: CNT - Thường Whatsapp | AW8: Hỗ trợ đạt KPI Quý | AX8: HT lễ, tết / thưởng khác | AY8: HT đi CT tỉnh/ gởi xe | AZ8: HT sinh nhật | BA8: HT khấu hao máy tính/ kiêm nhiệm/ hỗ trợ đứng bằng | BB8: CNT trừ hết date | BC8: CNT trừ quy chế, quy trình | BD8: CNT trừ App- Kiot | BE8: CNT trừ Ecom | BF8: CNT các khoản trừ khác | BG8: Khoản trừ KPI, trừ khác | BH8: Tổng thu nhập thực tế | BI8: BHXH Cty (17.5%) | BJ8: BHYT Cty (3%) | BK8: BHTN CTy 1% | BL8: KPCĐ Cty (2%) | BM8: Cộng Cty 23,5% | BN8: BHXH NV (8%) | BO8: BHYT NV (1,5%) | BP8: BHTN NV (1%) | BQ8: ĐP NV (1%) | BR8: BHXH, BHYT, BHTN của NV (11,5%) | BS8: Tổng miễn giảm thuế TNCN (gởi xe, PC điện thoại, tiền ăn, đồng phục) | BT8: Thu nhập chịu thuế | BU8: Giảm trừ TTNCN Bản thân | BV8: Số người phụ thuộc | BW8: Giảm trừ TTNCN Người PT | BX8: Giảm trừ TTNCN 10.5% BHXH, BHYT, BHTN | BY8: Tổng các khoản giảm trừ | BZ8: Thu nhập tính thuế | CA8: Thuế TNCN phải nộp | CB8: Tổng thực nhận sau khi trừ TTNCN, BHXH | CC8: Trả lại lương Cty tính sai/thiếu | CD8: Trừ tạm ứng/ mượn/ bồi thường/ khác | CE8: Tổng thu nhập còn lại | CF8: CK TM | CG8: CK TK | CH8: ESHOP | CI8: Email | CJ8: Lý do bổ sung lương/ trừ lương | CK8: Tháng sinh | CL8: Giờ công đào tạo | CM8: Ngày nhận việc | CN8: Tháng nhận việc | CO8: Năm nhận việc | CP8: thâm niên trước tháng 04/2024 đến 01/4/2024 | CQ8: thâm niên cho NV chưa đủ 12 tháng trong CSTN cũ -> hưởng theo CSTN mới | CR8: Thâm niên cho NV vừa theo chính sách cũ vừa theo chính sách mới | CS8: Số năm TN làm tròn xuống theo CS cũ | CT8: Số năm TN làm tròn xuống theo CS mới | CU8: Số năm TN làm tròn xuống NV hưởng CS mới+ cũ | CV8: Lương thâm niên theo chính sách cũ trước tháng 04/2024 | CW8: Lương thâm niên theo chính sách mới từ 01/04/2024 | CX8: Lương thâm niên cho NV vừa theo chính sách mới + cũ | CY8: Lương Thâm niên của NV | CZ8: Lý do cộng trừ của HC-NS | DA8: Lý do cộng trừ của nhà thuốc | DB8: Lý do chung
A9: 1 | B9: =1+A9 -> 2 | C9: 3 | D9: 4 | E9: 5 | F9: 6 | G9: 7 | H9: 8 | I9: 9 | J9: 10 | K9: 11 | L9: 12 | M9: 13 | N9: 14 | O9: 15 | P9: 16 | Q9: 17 | R9: 18 | S9: 19 | T9: 20 | U9: 21 | V9: 22 | W9: 23 | X9: 24 | Y9: 25 | Z9: 26 | AA9: 44 | AB9: 44 | AC9: 27 | AD9: 28 | AE9: 29 | AF9: 30 | AG9: 31 | AH9: 32 | AI9: 33 | AJ9: 34 | AK9: 35 | AL9: 36 | AM9: 37 | AN9: 38 | AO9: 39 | AP9: 40 | AQ9: 41 | AR9: 42 | AS9: 43 | AT9: 44 | AU9: 44 | AV9: 44 | AW9: 46 | AX9: 47 | AY9: 48 | AZ9: 49 | BA9: 50 | BB9: 51 | BC9: 52 | BD9: 53 | BE9: 54 | BF9: 55 | BG9: 56 | BH9: 57 | BI9: 58 | BJ9: 59 | BK9: 60 | BL9: 61 | BM9: 62 | BN9: 63 | BO9: 64 | BP9: 65 | BQ9: 66 | BR9: 67 | BS9: 68 | BT9: 69 | BU9: 70 | BV9: 71 | BW9: 72 | BX9: 73 | BY9: 74 | BZ9: 75 | CA9: 76 | CB9: 77 | CC9: 78 | CD9: 79 | CE9: 80 | CF9: 81 | CG9: 82 | CH9: 83 | CI9: 84 | CJ9: 85 | CK9: 86 | CL9: 87 | CM9: 88 | CN9: 89 | CO9: 90 | CP9: 91 | CQ9: 92 | CR9: 93 | CS9: 94 | CT9: 95 | CU9: 96 | CV9: 97 | CW9: 98 | CX9: 99 | CY9: 100 | CZ9: 102 | DA9: 103 | DB9: 104 | DC9: 105
A10: V. | B10: CHUỖI NHÀ THUỐC | K10: =K16+K24+K29+K35+K45+K52+K58+K64+K70+K76 -> 896 | L10: =L16+L24+L29+L35+L45+L52+L58+L64+L70+L76 -> 705 | M10: =M16+M24+M29+M35+M45+M52+M58+M64+M70+M76 -> 3505.03 | N10: =N16+N24+N29+N35+N45+N52+N58+N64+N70+N76 -> 2974.34 | O10: =O16+O24+O29+O35+O45+O52+O58+O64+O70+O76 -> 0 | P10: =P16+P24+P29+P35+P45+P52+P58+P64+P70+P76 -> 0 | Q10: =Q16+Q24+Q29+Q35+Q45+Q52+Q58+Q64+Q70+Q76 -> 0 | R10: =R16+R24+R29+R35+R45+R52+R58+R64+R70+R76 -> 0 | ... Z10: =Z16+Z24+Z29+Z35+Z45+Z52+Z58+Z64+Z70+Z76 -> 0 | AC10: =AC16+AC24+AC29+AC35+AC45+AC52+AC58+AC64+AC70+AC76 -> 197809058 | AD10: =AD16+AD24+AD29+AD35+AD45+AD52+AD58+AD64+AD70+AD76 -> 0 | AE10: =AE16+AE24+AE29+AE35+AE45+AE52+AE58+AE64+AE70+AE76 -> 0 | AF10: =AF16+AF24+AF29+AF35+AF45+AF52+AF58+AF64+AF70+AF76 -> 0 | AG10: =AG16+AG24+AG29+AG35+AG45+AG52+AG58+AG64+AG70+AG76 -> 99569588 | AH10: =AH16+AH24+AH29+AH35+AH45+AH52+AH58+AH64+AH70+AH76 -> 1.261177e+08 | AI10: =AI16+AI24+AI29+AI35+AI45+AI52+AI58+AI64+AI70+AI76 -> 0 | AJ10: =AJ16+AJ24+AJ29+AJ35+AJ45+AJ52+AJ58+AJ64+AJ70+AJ76 -> 0 | ... AT10: =AT16+AT24+AT29+AT35+AT45+AT52+AT58+AT64+AT70+AT76 -> 0 | AW10: =AW16+AW24+AW29+AW35+AW45+AW52+AW58+AW64+AW70+AW76 -> 0 | AX10: =AX16+AX24+AX29+AX35+AX45+AX52+AX58+AX64+AX70+AX76 -> 0 | AY10: =AY16+AY24+AY29+AY35+AY45+AY52+AY58+AY64+AY70+AY76 -> 0 | AZ10: =AZ16+AZ24+AZ29+AZ35+AZ45+AZ52+AZ58+AZ64+AZ70+AZ76 -> 200000 | BA10: =BA16+BA24+BA29+BA35+BA45+BA52+BA58+BA64+BA70+BA76 -> 0 | BB10: =BB16+BB24+BB29+BB35+BB45+BB52+BB58+BB64+BB70+BB76 -> 820800 | BC10: =BC16+BC24+BC29+BC35+BC45+BC52+BC58+BC64+BC70+BC76 -> 330000 | BD10: =BD16+BD24+BD29+BD35+BD45+BD52+BD58+BD64+BD70+BD76 -> 273200 | ... CH10: =CH16+CH24+CH29+CH35+CH45+CH52+CH58+CH64+CH70+CH76 -> 0 | CL10: =CL16+CL24+CL29+CL35+CL45+CL52+CL58+CL64+CL70+CL76 -> 75
A11: 1 | B11: 6 | C11: Ho Thi Minh Hoa | D11: Hồ Thị Minh Hòa | E11: =IF(OR(G11="CHT",G11="DSBC"),"HĐLĐ",IF(OR(G11="DSTV",G11="Q.CHT"),"HĐTV","HĐCTV")) -> HĐLĐ | F11: 24H | G11: DSBC | H11: 45352 | I11: 0051000542226 | J11: Vietcombank | K11: 28 | L11: =VLOOKUP($D11,CNT!C4:AL67,14,0) -> 30 | M11: =VLOOKUP($D11,CNT!C4:AL67,3,0) -> 157.8 | N11: =VLOOKUP($D11,CNT!C4:AL67,4,0) -> 120 | S11: =IF(E11="HĐLĐ",5310000,0) -> 5310000 | T11: =IF(500000/28*L11>500000,500000,500000/28*L11) -> 500000 | AA11: =VLOOKUP(D11,CNT!C4:AL67,20,0) -> 0 | AB11: =VLOOKUP(D11,CNT!C4:AL67,21,0) -> 0 | AC11: =CY11 -> 6500000 | AG11: =AC11/28/8*M11 -> 4579017.9 | AH11: =AC11/28/8*N11*1.5 -> 5223214.3 | AL11: =VLOOKUP(D11,CNT!C4:AL67,18,0) -> 500000 | AM11: =VLOOKUP(D11,CNT!C4:AL68,19,0) -> 0 | AN11: =VLOOKUP(D11,CNT!C4:AL67,24,0) -> 1600000 | AO11: =VLOOKUP(D11,CNT!C4:AL67,25,0) -> 0 | AP11: =VLOOKUP(D11,CNT!C4:AL67,26,0) -> 2291050 | AQ11: =VLOOKUP(D11,CNT!C4:AL67,27,0) -> 12451 | AR11: =VLOOKUP(D11,CNT!C4:AL67,28,0) -> 0 | AS11: =VLOOKUP(D11,CNT!C4:AL67,29,0) -> 300000 | AU11: =VLOOKUP(D11,CNT!C4:AL67,22,0) -> 0 | AV11: =VLOOKUP(D11,CNT!C4:AL67,23,0) -> 0 | BB11: =VLOOKUP($D11,CNT!C4:AL67,31,0) -> 68625 | BC11: =VLOOKUP(D11,CNT!C4:AL67,32,0) -> 0 | BD11: =VLOOKUP(D11,CNT!C4:AL67,33,0) -> 0 | BE11: =VLOOKUP(D11,CNT!C4:AL67,34,0) -> 0 | BF11: =VLOOKUP($D11,CNT!C4:AL67,35,0) -> 0 | BH11: =SUM(AF11:BA11)-SUM(BB11:BG11)+T11 -> 14937108 | BI11: =S11*17.5% -> 929250 | BJ11: =S11*3% -> 159300 | BK11: =S11*1% -> 53100 | BM11: =SUM(BI11:BL11) -> 1141650 | BN11: =S11*8% -> 424800 | BO11: =S11*1.5% -> 79650 | BP11: =S11*1% -> 53100 | BR11: =SUM(BN11:BQ11) -> 557550 | BS11: =T11+U11+V11+W11 -> 500000 | BT11: =BH11-BS11 -> 14437108 | BU11: =IF(E11="HĐLĐ",15500000,0) -> 15500000 | BW11: =BV11*6200000 -> 0 | BX11: =BR11 -> 557550 | BY11: =BU11+BW11+BX11 -> 16057550 | BZ11: =IF(BT11-BY11>0,BT11-BY11,0) -> 0 | CA11: =IF(AND(OR($E11="HĐTV",$E11="HĐCTV"),$BZ11<2000000),0,IF(OR($E11="HĐTV",$E11="HĐCTV"),$BZ11*10%,ROUND(IF($BZ11<=10000000,$BZ11*5%,IF($BZ11<=30000000,$BZ11*10%-500000,IF($BZ11<=60000000,$BZ11*20%-3500000,IF($BZ11<=100000000,$BZ11*30%-9500000,$BZ11*35%-14500000)))),0))) -> 0 | CB11: =ROUND(BH11-BR11-CA11,0) -> 14379558 | CD11: =AW11+AX11 -> 0 | CE11: =CB11+CC11-CD11 -> 14379558 | CF11: =CE11-CG11 -> 0 | CG11: =CE11 -> 14379558 | CI11: =VLOOKUP($C11,[2]Sheet1!$C$5:$K$139,9,0) -> medigo.hoa.ho@gmail.com | CJ11: =VLOOKUP(D11,CNT!C4:AL67,36,0) -> 0 | CK11: 11 | CL11: =VLOOKUP(D11,CNT!C4:AL67,15,0) -> 2 | CM11: 1 | CN11: 3 | CO11: 2024 | CP11: =IF((($CO$7-CO11)*12)+($CN$7-CN11)>=12,((($CO$7-CO11)*12)+($CN$7-CN11))-1,0) -> 0 | CQ11: =IF(CP11<12,(($CQ$7-CO11)*12)+($CP$7-CN11),0) -> 26 | CR11: =IF(OR(CP11>12,CP11=12),((CP11-(CS11*12))+((($CQ$7-2024)*12)+($CP$7-4)))+1,0) -> 0 | CS11: =IF(OR(CP11>12,CP11=12),ROUNDDOWN(CP11/12,0),0) -> 0 | CT11: =IF(CQ11>11,ROUNDDOWN(CQ11/12,0),0) -> 2 | CU11: =IF(CR11>11,ROUNDDOWN(CR11/12,0),0) -> 0 | CV11: =IF(CP11=0,0,6000000*1.07^CS11) -> 0 | CW11: =IF(CT11<2,0,6000000+(CT11-1)*500000) -> 6500000 | CX11: =IF(CU11=0,CV11,IF(CU11<1,0,CV11+CU11*500000)) -> 0 | CY11: =IF(CX11>0,CX11,IF(CW11>0,CW11,6000000)) -> 6500000 | DB11: =CZ11&";"&" "&DA11 -> ; | DE11: =VLOOKUP($D11,'[4]Med Service'!$D$11:$DI$87,110,0) -> 1035547 | DF11: =VLOOKUP($D11,'[5]BẢNG LƯƠNG'!$C$3:$AH$102,32,0)
A12: =1+A11 -> 2 | B12: 6 | C12: Tran Thi Kim Khanh | D12: Trần Thị Kim Khánh | E12: =IF(OR(G12="CHT",G12="DSBC"),"HĐLĐ",IF(OR(G12="DSTV",G12="Q.CHT"),"HĐTV","HĐCTV")) -> HĐLĐ | F12: 24H | G12: DSBC | H12: 45099 | I12: 69110000565904 | J12: BIDV | K12: 28 | L12: =VLOOKUP($D12,CNT!C5:AL68,14,0) -> 30 | M12: =VLOOKUP($D12,CNT!C5:AL68,3,0) -> 210.2 | N12: =VLOOKUP($D12,CNT!C5:AL68,4,0) -> 94.47 | S12: =IF(E12="HĐLĐ",5310000,0) -> 5310000 | T12: =IF(500000/28*L12>500000,500000,500000/28*L12) -> 500000 | AA12: =VLOOKUP(D12,CNT!C5:AL68,20,0) -> 0 | AB12: =VLOOKUP(D12,CNT!C5:AL68,21,0) -> 0 | AC12: =CY12 -> 6500000 | AG12: =AC12/28/8*M12 -> 6099553.6 | AH12: =AC12/28/8*N12*1.5 -> 4111975.4 | AL12: =VLOOKUP(D12,CNT!C5:AL68,18,0) -> 0 | AM12: =VLOOKUP(D12,CNT!C5:AL69,19,0) -> 0 | AN12: =VLOOKUP(D12,CNT!C5:AL68,24,0) -> 4000000 | AO12: =VLOOKUP(D12,CNT!C5:AL68,25,0) -> 2127830 | AP12: =VLOOKUP(D12,CNT!C5:AL68,26,0) -> 4568550 | AQ12: =VLOOKUP(D12,CNT!C5:AL68,27,0) -> 2454 | AR12: =VLOOKUP(D12,CNT!C5:AL68,28,0) -> 0 | AS12: =VLOOKUP(D12,CNT!C5:AL68,29,0) -> 120000 | AU12: =VLOOKUP(D12,CNT!C5:AL68,22,0) -> 0 | AV12: =VLOOKUP(D12,CNT!C5:AL68,23,0) -> 0 | BB12: =VLOOKUP($D12,CNT!C5:AL68,31,0) -> 68625 | BC12: =VLOOKUP(D12,CNT!C5:AL68,32,0) -> 0 | BD12: =VLOOKUP(D12,CNT!C5:AL68,33,0) -> 0 | BE12: =VLOOKUP(D12,CNT!C5:AL68,34,0) -> 0 | BF12: =VLOOKUP($D12,CNT!C5:AL68,35,0) -> 0 | BH12: =SUM(AF12:BA12)-SUM(BB12:BG12)+T12 -> 21461738 | BI12: =S12*17.5% -> 929250 | BJ12: =S12*3% -> 159300 | BK12: =S12*1% -> 53100 | BM12: =SUM(BI12:BL12) -> 1141650 | BN12: =S12*8% -> 424800 | BO12: =S12*1.5% -> 79650 | BP12: =S12*1% -> 53100 | BR12: =SUM(BN12:BQ12) -> 557550 | BS12: =T12+U12+V12+W12 -> 500000 | BT12: =BH12-BS12 -> 20961738 | BU12: =IF(E12="HĐLĐ",15500000,0) -> 15500000 | BW12: =BV12*6200000 -> 0 | BX12: =BR12 -> 557550 | BY12: =BU12+BW12+BX12 -> 16057550 | BZ12: =IF(BT12-BY12>0,BT12-BY12,0) -> 4904188 | CA12: =IF(AND(OR($E12="HĐTV",$E12="HĐCTV"),$BZ12<2000000),0,IF(OR($E12="HĐTV",$E12="HĐCTV"),$BZ12*10%,ROUND(IF($BZ12<=10000000,$BZ12*5%,IF($BZ12<=30000000,$BZ12*10%-500000,IF($BZ12<=60000000,$BZ12*20%-3500000,IF($BZ12<=100000000,$BZ12*30%-9500000,$BZ12*35%-14500000)))),0))) -> 245209 | CB12: =ROUND(BH12-BR12-CA12,0) -> 20658979 | CD12: =AW12+AX12 -> 0 | CE12: =CB12+CC12-CD12 -> 20658979 | CF12: =CE12-CG12 -> 0 | CG12: =CE12 -> 20658979 | CI12: =VLOOKUP($C12,[2]Sheet1!$C$5:$K$139,9,0) -> medigo.khanh.tran@gmail.com | CJ12: =VLOOKUP(D12,CNT!C5:AL68,36,0) -> 0 | CK12: 8 | CL12: =VLOOKUP(D12,CNT!C5:AL68,15,0) -> 2 | CM12: 22 | CN12: 6 | CO12: 2023 | CP12: =IF((($CO$7-CO12)*12)+($CN$7-CN12)>=12,((($CO$7-CO12)*12)+($CN$7-CN12))-1,0) -> 0 | CQ12: =IF(CP12<12,(($CQ$7-CO12)*12)+($CP$7-CN12),0) -> 35 | CR12: =IF(OR(CP12>12,CP12=12),((CP12-(CS12*12))+((($CQ$7-2024)*12)+($CP$7-4)))+1,0) -> 0 | CS12: =IF(OR(CP12>12,CP12=12),ROUNDDOWN(CP12/12,0),0) -> 0 | CT12: =IF(CQ12>11,ROUNDDOWN(CQ12/12,0),0) -> 2 | CU12: =IF(CR12>11,ROUNDDOWN(CR12/12,0),0) -> 0 | CV12: =IF(CP12=0,0,6000000*1.07^CS12) -> 0 | CW12: =IF(CT12<2,0,6000000+(CT12-1)*500000) -> 6500000 | CX12: =IF(CU12=0,CV12,IF(CU12<1,0,CV12+CU12*500000)) -> 0 | CY12: =IF(CX12>0,CX12,IF(CW12>0,CW12,6000000)) -> 6500000 | DB12: =CZ12&";"&" "&DA12 -> ; | DE12: =VLOOKUP($D12,'[4]Med Service'!$D$11:$DI$87,110,0) -> 0 | DF12: =VLOOKUP($D12,'[5]BẢNG LƯƠNG'!$C$3:$AH$102,32,0)
A13: =1+A12 -> 3 | B13: 6 | C13: Pham Nguyen Ngoc Quy | D13: Phạm Nguyễn Ngọc Quý | E13: =IF(OR(G13="CHT",G13="DSBC"),"HĐLĐ",IF(OR(G13="DSTV",G13="Q.CHT"),"HĐTV","HĐCTV")) -> HĐLĐ | F13: 24H | G13: DSBC | H13: 01/11/2024 | I13: 1026764251 | J13: Vietcombank | K13: 28 | L13: =VLOOKUP($D13,CNT!C6:AL69,14,0) -> 30 | M13: =VLOOKUP($D13,CNT!C6:AL69,3,0) -> 143.02 | N13: =VLOOKUP($D13,CNT!C6:AL69,4,0) -> 136.38 | S13: =IF(E13="HĐLĐ",5310000,0) -> 5310000 | T13: =IF(500000/28*L13>500000,500000,500000/28*L13) -> 500000 | AA13: =VLOOKUP(D13,CNT!C6:AL69,20,0) -> 0 | AB13: =VLOOKUP(D13,CNT!C6:AL69,21,0) -> 0 | AC13: =CY13 -> 6000000 | AG13: =AC13/28/8*M13 -> 3830892.9 | AH13: =AC13/28/8*N13*1.5 -> 5479553.6 | AL13: =VLOOKUP(D13,CNT!C6:AL69,18,0) -> 0 | AM13: =VLOOKUP(D13,CNT!C6:AL70,19,0) -> 0 | AN13: =VLOOKUP(D13,CNT!C6:AL69,24,0) -> 2200000 | AO13: =VLOOKUP(D13,CNT!C6:AL69,25,0) -> 0 | AP13: =VLOOKUP(D13,CNT!C6:AL69,26,0) -> 2690700 | AQ13: =VLOOKUP(D13,CNT!C6:AL69,27,0) -> 2100 | AR13: =VLOOKUP(D13,CNT!C6:AL69,28,0) -> 0 | AS13: =VLOOKUP(D13,CNT!C6:AL69,29,0) -> 0 | AU13: =VLOOKUP(D13,CNT!C6:AL69,22,0) -> 0 | AV13: =VLOOKUP(D13,CNT!C6:AL69,23,0) -> 0 | AZ13: 100000 | BB13: =VLOOKUP($D13,CNT!C6:AL69,31,0) -> 68625 | BC13: =VLOOKUP(D13,CNT!C6:AL69,32,0) -> 0 | BD13: =VLOOKUP(D13,CNT!C6:AL69,33,0) -> 0 | BE13: =VLOOKUP(D13,CNT!C6:AL69,34,0) -> 0 | BF13: =VLOOKUP($D13,CNT!C6:AL69,35,0) -> 0 | BH13: =SUM(AF13:BA13)-SUM(BB13:BG13)+T13 -> 14734621 | BI13: =S13*17.5% -> 929250 | BJ13: =S13*3% -> 159300 | BK13: =S13*1% -> 53100 | BM13: =SUM(BI13:BL13) -> 1141650 | BN13: =S13*8% -> 424800 | BO13: =S13*1.5% -> 79650 | BP13: =S13*1% -> 53100 | BR13: =SUM(BN13:BQ13) -> 557550 | BS13: =T13+U13+V13+W13 -> 500000 | BT13: =BH13-BS13 -> 14234621 | BU13: =IF(E13="HĐLĐ",15500000,0) -> 15500000 | BW13: =BV13*6200000 -> 0 | BX13: =BR13 -> 557550 | BY13: =BU13+BW13+BX13 -> 16057550 | BZ13: =IF(BT13-BY13>0,BT13-BY13,0) -> 0 | CA13: =IF(AND(OR($E13="HĐTV",$E13="HĐCTV"),$BZ13<2000000),0,IF(OR($E13="HĐTV",$E13="HĐCTV"),$BZ13*10%,ROUND(IF($BZ13<=10000000,$BZ13*5%,IF($BZ13<=30000000,$BZ13*10%-500000,IF($BZ13<=60000000,$BZ13*20%-3500000,IF($BZ13<=100000000,$BZ13*30%-9500000,$BZ13*35%-14500000)))),0))) -> 0 | CB13: =ROUND(BH13-BR13-CA13,0) -> 14177071 | CD13: =AW13+AX13 -> 0 | CE13: =CB13+CC13-CD13 -> 14177071 | CF13: =CE13-CG13 -> 0 | CG13: =CE13 -> 14177071 | CI13: =VLOOKUP($C13,[2]Sheet1!$C$5:$K$139,9,0) -> medigo.quy.pham@gmail.com | CJ13: =VLOOKUP(D13,CNT!C6:AL69,36,0) -> 0 | CK13: 6 | CL13: =VLOOKUP(D13,CNT!C6:AL69,15,0) -> 0 | CM13: 1 | CN13: 11 | CO13: 2024 | CP13: =IF((($CO$7-CO13)*12)+($CN$7-CN13)>=12,((($CO$7-CO13)*12)+($CN$7-CN13))-1,0) -> 0 | CQ13: =IF(CP13<12,(($CQ$7-CO13)*12)+($CP$7-CN13),0) -> 18 | CR13: =IF(OR(CP13>12,CP13=12),((CP13-(CS13*12))+((($CQ$7-2024)*12)+($CP$7-4)))+1,0) -> 0 | CS13: =IF(OR(CP13>12,CP13=12),ROUNDDOWN(CP13/12,0),0) -> 0 | CT13: =IF(CQ13>11,ROUNDDOWN(CQ13/12,0),0) -> 1 | CU13: =IF(CR13>11,ROUNDDOWN(CR13/12,0),0) -> 0 | CV13: =IF(CP13=0,0,6000000*1.07^CS13) -> 0 | CW13: =IF(CT13<2,0,6000000+(CT13-1)*500000) -> 0 | CX13: =IF(CU13=0,CV13,IF(CU13<1,0,CV13+CU13*500000)) -> 0 | CY13: =IF(CX13>0,CX13,IF(CW13>0,CW13,6000000)) -> 6000000 | DB13: =CZ13&";"&" "&DA13 -> ; | DE13: =VLOOKUP($D13,'[4]Med Service'!$D$11:$DI$87,110,0) -> 0 | DF13: =VLOOKUP($D13,'[5]BẢNG LƯƠNG'!$C$3:$AH$102,32,0)
A14: =1+A13 -> 4 | B14: 6 | C14: Ngo Tran Tuyet Vy | D14: Ngô Trần Tuyết Vy | E14: =IF(OR(G14="CHT",G14="DSBC"),"HĐLĐ",IF(OR(G14="DSTV",G14="Q.CHT"),"HĐTV","HĐCTV")) -> HĐLĐ | F14: 24H | G14: DSBC | H14: 44743 | I14: 060260188766 | J14: Sacombank | K14: 28 | L14: =VLOOKUP($D14,CNT!C7:AL70,14,0) -> 27 | M14: =VLOOKUP($D14,CNT!C7:AL70,3,0) -> 104.02 | N14: =VLOOKUP($D14,CNT!C7:AL70,4,0) -> 129.83 | S14: =IF(E14="HĐLĐ",5310000,0) -> 5310000 | T14: =IF(500000/28*L14>500000,500000,500000/28*L14) -> 482142.86 | AA14: =VLOOKUP(D14,CNT!C7:AL70,20,0) -> 0 | AB14: =VLOOKUP(D14,CNT!C7:AL70,21,0) -> 0 | AC14: =CY14 -> 8350258 | AG14: =AC14/28/8*M14 -> 3877651.1 | AH14: =AC14/28/8*N14*1.5 -> 7259691.9 | AL14: =VLOOKUP(D14,CNT!C7:AL70,18,0) -> 0 | AM14: =VLOOKUP(D14,CNT!C7:AL71,19,0) -> 0 | AN14: =VLOOKUP(D14,CNT!C7:AL70,24,0) -> 2200000 | AO14: =VLOOKUP(D14,CNT!C7:AL70,25,0) -> 0 | AP14: =VLOOKUP(D14,CNT!C7:AL70,26,0) -> 3020550 | AQ14: =VLOOKUP(D14,CNT!C7:AL70,27,0) -> 0 | AR14: =VLOOKUP(D14,CNT!C7:AL70,28,0) -> 0 | AS14: =VLOOKUP(D14,CNT!C7:AL70,29,0) -> 0 | AU14: =VLOOKUP(D14,CNT!C7:AL70,22,0) -> 0 | AV14: =VLOOKUP(D14,CNT!C7:AL70,23,0) -> 0 | BB14: =VLOOKUP($D14,CNT!C7:AL70,31,0) -> 68625 | BC14: =VLOOKUP(D14,CNT!C7:AL70,32,0) -> 0 | BD14: =VLOOKUP(D14,CNT!C7:AL70,33,0) -> 0 | BE14: =VLOOKUP(D14,CNT!C7:AL70,34,0) -> 200000 | BF14: =VLOOKUP($D14,CNT!C7:AL70,35,0) -> 0 | BH14: =SUM(AF14:BA14)-SUM(BB14:BG14)+T14 -> 16571411 | BI14: =S14*17.5% -> 929250 | BJ14: =S14*3% -> 159300 | BK14: =S14*1% -> 53100 | BM14: =SUM(BI14:BL14) -> 1141650 | BN14: =S14*8% -> 424800 | BO14: =S14*1.5% -> 79650 | BP14: =S14*1% -> 53100 | BR14: =SUM(BN14:BQ14) -> 557550 | BS14: =T14+U14+V14+W14 -> 482142.86 | BT14: =BH14-BS14 -> 16089268 | BU14: =IF(E14="HĐLĐ",15500000,0) -> 15500000 | BW14: =BV14*6200000 -> 0 | BX14: =BR14 -> 557550 | BY14: =BU14+BW14+BX14 -> 16057550 | BZ14: =IF(BT14-BY14>0,BT14-BY14,0) -> 31717.997 | CA14: =IF(AND(OR($E14="HĐTV",$E14="HĐCTV"),$BZ14<2000000),0,IF(OR($E14="HĐTV",$E14="HĐCTV"),$BZ14*10%,ROUND(IF($BZ14<=10000000,$BZ14*5%,IF($BZ14<=30000000,$BZ14*10%-500000,IF($BZ14<=60000000,$BZ14*20%-3500000,IF($BZ14<=100000000,$BZ14*30%-9500000,$BZ14*35%-14500000)))),0))) -> 1586 | CB14: =ROUND(BH14-BR14-CA14,0) -> 16012275 | CD14: =AW14+AX14 -> 0 | CE14: =CB14+CC14-CD14 -> 16012275 | CF14: =CE14-CG14 -> 0 | CG14: =CE14 -> 16012275 | CI14: =VLOOKUP($C14,[2]Sheet1!$C$5:$K$139,9,0) -> vy.ngo@medigoapp.com | CJ14: =VLOOKUP(D14,CNT!C7:AL70,36,0) -> Làm mất CHBH, Không thực hiện chào kết | CK14: 3 | CL14: =VLOOKUP(D14,CNT!C7:AL70,15,0) -> 0 | CM14: 14 | CN14: 2 | CO14: 2021 | CP14: =IF((($CO$7-CO14)*12)+($CN$7-CN14)>=12,((($CO$7-CO14)*12)+($CN$7-CN14))-1,0) -> 37 | CQ14: =IF(CP14<12,(($CQ$7-CO14)*12)+($CP$7-CN14),0) -> 0 | CR14: =IF(OR(CP14>12,CP14=12),((CP14-(CS14*12))+((($CQ$7-2024)*12)+($CP$7-4)))+1,0) -> 27 | CS14: =IF(OR(CP14>12,CP14=12),ROUNDDOWN(CP14/12,0),0) -> 3 | CT14: =IF(CQ14>11,ROUNDDOWN(CQ14/12,0),0) -> 0 | CU14: =IF(CR14>11,ROUNDDOWN(CR14/12,0),0) -> 2 | CV14: =IF(CP14=0,0,6000000*1.07^CS14) -> 7350258 | CW14: =IF(CT14<2,0,6000000+(CT14-1)*500000) -> 0 | CX14: =IF(CU14=0,CV14,IF(CU14<1,0,CV14+CU14*500000)) -> 8350258 | CY14: =IF(CX14>0,CX14,IF(CW14>0,CW14,6000000)) -> 8350258 | DB14: =CZ14&";"&" "&DA14 -> ; | DE14: =VLOOKUP($D14,'[4]Med Service'!$D$11:$DI$87,110,0) -> 0 | DF14: =VLOOKUP($D14,'[5]BẢNG LƯƠNG'!$C$3:$AH$102,32,0)
A15: =1+A14 -> 5 | B15: 6 | C15: Nguyen Tran Ngoc Phuong | D15: Nguyễn Trần Ngọc Phương | E15: =IF(OR(G15="CHT",G15="DSBC"),"HĐLĐ",IF(OR(G15="DSTV",G15="Q.CHT"),"HĐTV","HĐCTV")) -> HĐTV | F15: 24H | G15: Q.CHT | H15: 46196 | I15: 0721000550950 | J15: Vietcombank | K15: 28 | L15: =VLOOKUP($D15,CNT!C8:AL71,14,0) -> 0 | M15: =VLOOKUP($D15,CNT!C8:AL71,3,0) -> 9 | N15: =VLOOKUP($D15,CNT!C8:AL71,4,0) -> 0 | S15: =IF(E15="HĐLĐ",5310000,0) -> 0 | T15: =IF(500000/28*L15>500000,500000,500000/28*L15) -> 0 | AA15: =VLOOKUP(D15,CNT!C8:AL71,20,0) -> 0 | AB15: =VLOOKUP(D15,CNT!C8:AL71,21,0) -> 0 | AC15: =CY15 -> 6000000 | AG15: =AC15/28/8*M15 -> 241071.43 | AH15: =AC15/28/8*N15*1.5 -> 0 | AL15: =VLOOKUP(D15,CNT!C8:AL71,18,0) -> 400000 | AM15: =VLOOKUP(D15,CNT!C8:AL72,19,0) -> 0 | AN15: =VLOOKUP(D15,CNT!C8:AL71,24,0) -> 0 | AO15: =VLOOKUP(D15,CNT!C8:AL71,25,0) -> 0 | AP15: =VLOOKUP(D15,CNT!C8:AL71,26,0) -> 0 | AQ15: =VLOOKUP(D15,CNT!C8:AL71,27,0) -> 0 | AR15: =VLOOKUP(D15,CNT!C8:AL71,28,0) -> 0 | AS15: =VLOOKUP(D15,CNT!C8:AL71,29,0) -> 0 | AU15: =VLOOKUP(D15,CNT!C8:AL71,22,0) -> 0 | AV15: =VLOOKUP(D15,CNT!C8:AL71,23,0) -> 0 | BB15: =VLOOKUP($D15,CNT!C8:AL71,31,0) -> 0 | BC15: =VLOOKUP(D15,CNT!C8:AL71,32,0) -> 0 | BD15: =VLOOKUP(D15,CNT!C8:AL71,33,0) -> 0 | BE15: =VLOOKUP(D15,CNT!C8:AL71,34,0) -> 0 | BF15: =VLOOKUP($D15,CNT!C8:AL71,35,0) -> 0 | BH15: =SUM(AF15:BA15)-SUM(BB15:BG15)+T15 -> 641071.43 | BI15: =S15*17.5% -> 0 | BJ15: =S15*3% -> 0 | BK15: =S15*1% -> 0 | BM15: =SUM(BI15:BL15) -> 0 | BN15: =S15*8% -> 0 | BO15: =S15*1.5% -> 0 | BP15: =S15*1% -> 0 | BR15: =SUM(BN15:BQ15) -> 0 | BS15: =T15+U15+V15+W15 -> 0 | BT15: =BH15-BS15 -> 641071.43 | BU15: =IF(E15="HĐLĐ",15500000,0) -> 0 | BW15: =BV15*6200000 -> 0 | BX15: =BR15 -> 0 | BY15: =BU15+BW15+BX15 -> 0 | BZ15: =IF(BT15-BY15>0,BT15-BY15,0) -> 641071.43 | CA15: =IF(AND(OR(E15="HĐTV",E15="HĐCTV"),BZ15<2000000),0,IF(OR(E15="HĐTV",E15="HĐCTV"),BZ15*10%,ROUND(+IF(AND(BZ15>=0,BZ15<=5000000),BZ15*0.05,IF(AND(BZ15>5000000,BZ15<=10000000),BZ15*0.1-250000,IF(AND(BZ15>10000000,BZ15<=18000000),BZ15*0.15-750000,IF(AND(BZ15>18000000,BZ15<=32000000),BZ15*0.2-1650000,IF(AND(BZ15>32000000,BZ15<=52000000),BZ15*0.25-3250000,IF(AND(BZ15>52000000,BZ15<=80000000),BZ15*0.3-5850000,BZ15*0.35-9850000)))))),0))) -> 0 | CB15: =ROUND(BH15-BR15-CA15,0) -> 641071 | CD15: =AW15+AX15 -> 0 | CE15: =CB15+CC15-CD15 -> 641071 | CF15: =CE15-CG15 -> 0 | CG15: =CE15 -> 641071 | CI15: phuong.nguyen@medigoapp.com | CJ15: =VLOOKUP(D15,CNT!C8:AL71,36,0) -> 0 | CK15: 9 | CL15: =VLOOKUP(D15,CNT!C8:AL71,15,0) -> 9 | CM15: 23 | CN15: 6 | CO15: 2026 | CP15: =IF((($CO$7-CO15)*12)+($CN$7-CN15)>=12,((($CO$7-CO15)*12)+($CN$7-CN15))-1,0) -> 0 | CQ15: =IF(CP15<12,(($CQ$7-CO15)*12)+($CP$7-CN15),0) -> -1 | CR15: =IF(OR(CP15>12,CP15=12),((CP15-(CS15*12))+((($CQ$7-2024)*12)+($CP$7-4)))+1,0) -> 0 | CS15: =IF(OR(CP15>12,CP15=12),ROUNDDOWN(CP15/12,0),0) -> 0 | CT15: =IF(CQ15>11,ROUNDDOWN(CQ15/12,0),0) -> 0 | CU15: =IF(CR15>11,ROUNDDOWN(CR15/12,0),0) -> 0 | CV15: =IF(CP15=0,0,6000000*1.07^CS15) -> 0 | CW15: =IF(CT15<2,0,6000000+(CT15-1)*500000) -> 0 | CX15: =IF(CU15=0,CV15,IF(CU15<1,0,CV15+CU15*500000)) -> 0 | CY15: =IF(CX15>0,CX15,IF(CW15>0,CW15,6000000)) -> 6000000 | DB15: =CZ15&";"&" "&DA15 -> ; | DE15: =VLOOKUP($D15,'[4]Med Service'!$D$11:$DI$87,110,0) -> #N/A | DF15: =VLOOKUP($D15,'[5]BẢNG LƯƠNG'!$C$3:$AH$102,32,0) -> #N/A
K16: =SUM(K11:K15) -> 140 | L16: =SUM(L11:L15) -> 117 | M16: =SUM(M11:M15) -> 624.04 | N16: =SUM(N11:N15) -> 480.68 | O16: =SUM(O11:O15) -> 0 | P16: =SUM(P11:P15) -> 0 | Q16: =SUM(Q11:Q15) -> 0 | R16: =SUM(R11:R15) -> 0 | ... Z16: =SUM(Z11:Z15) -> 0 | AC16: =SUM(AC11:AC15) -> 33350258 | AD16: =SUM(AD11:AD15) -> 0 | AE16: =SUM(AE11:AE15) -> 0 | AF16: =SUM(AF11:AF15) -> 0 | AG16: =SUM(AG11:AG15) -> 18628187 | AH16: =SUM(AH11:AH15) -> 22074435 | AI16: =SUM(AI11:AI15) -> 0 | AJ16: =SUM(AJ11:AJ15) -> 0 | ... AT16: =SUM(AT11:AT15) -> 0 | AW16: =SUM(AW11:AW15) -> 0 | AX16: =SUM(AX11:AX15) -> 0 | AY16: =SUM(AY11:AY15) -> 0 | AZ16: =SUM(AZ11:AZ15) -> 100000 | BA16: =SUM(BA11:BA15) -> 0 | BB16: =SUM(BB11:BB15) -> 274500 | BC16: =SUM(BC11:BC15) -> 0 | BD16: =SUM(BD11:BD15) -> 0 | ... CI16: =SUM(CI11:CI15) -> 0 | CL16: =SUM(CL11:CL15) -> 13 | DE16: =VLOOKUP($D16,'[4]Med Service'!$D$11:$DI$87,110,0) -> 0
A17: 6 | B17: 6 | C17: Hoang Thanh Thuy | D17: Hoàng Thanh Thủy | E17: =IF(OR(G17="CHT",G17="DSBC"),"HĐLĐ",IF(OR(G17="DSTV",G17="Q.CHT"),"HĐTV","HĐCTV")) -> HĐLĐ | F17: Đỗ Quang Đẩu | G17: DSBC | H17: 27/10/2025 | I17: 615704060127761 | J17: VIB | K17: 28 | L17: =VLOOKUP(D17,CNT!C4:AL67,14,0) -> 28 | M17: =VLOOKUP(D17,CNT!C4:AL67,3,0) -> 224.7 | N17: =VLOOKUP(D17,CNT!C4:AL67,4,0) -> 8.43 | S17: =IF(E17="HĐLĐ",5310000,0) -> 5310000 | T17: =IF(500000/28*L17>500000,500000,500000/28*L17) -> 500000 | AA17: =VLOOKUP(D17,CNT!C4:AL67,20,0) -> 0 | AB17: =VLOOKUP(D17,CNT!C4:AL67,21,0) -> 0 | AC17: =CY17 -> 6000000 | AG17: =AC17/28/8*M17 -> 6018750 | AH17: =AC17/28/8*N17*1.5 -> 338705.36 | AK17: =AC17/28/8*Q17*3 -> 0 | AL17: =VLOOKUP(D17,CNT!C4:AL67,18,0) -> 0 | AM17: =VLOOKUP(D17,CNT!C4:AL68,19,0) -> 0 | AN17: =VLOOKUP(D17,CNT!C4:AL67,24,0) -> 0 | AO17: =VLOOKUP(D17,CNT!C4:AL67,25,0) -> 0 | AP17: =VLOOKUP(D17,CNT!C4:AL67,26,0) -> 1060700 | AQ17: =VLOOKUP(D17,CNT!C4:AL67,27,0) -> 15955 | AR17: =VLOOKUP(D17,CNT!C4:AL67,28,0) -> 0 | AS17: =VLOOKUP(D17,CNT!C4:AL67,29,0) -> 150000 | AU17: =VLOOKUP(D17,CNT!C4:AL67,22,0) -> 0 | AV17: =VLOOKUP(D17,CNT!C4:AL67,23,0) -> 3144860 | BB17: =VLOOKUP(D17,CNT!C4:AL67,31,0) -> 0 | BC17: =VLOOKUP(D17,CNT!C4:AL67,32,0) -> 0 | BD17: =VLOOKUP(D17,CNT!C4:AL67,33,0) -> 0 | BE17: =VLOOKUP(D17,CNT!C4:AL67,34,0) -> 100000 | BF17: =VLOOKUP($D17,CNT!C4:AL67,35,0) -> 0 | BH17: =SUM(AF17:BA17)-SUM(BB17:BG17)+T17 -> 11128970 | BI17: =S17*17.5% -> 929250 | BJ17: =S17*3% -> 159300 | BK17: =S17*1% -> 53100 | BM17: =SUM(BI17:BL17) -> 1141650 | BN17: =S17*8% -> 424800 | BO17: =S17*1.5% -> 79650 | BP17: =S17*1% -> 53100 | BR17: =SUM(BN17:BQ17) -> 557550 | BS17: =T17+U17+V17+W17 -> 500000 | BT17: =BH17-BS17 -> 10628970 | BU17: =IF(E17="HĐLĐ",15500000,0) -> 15500000 | BW17: =BV17*6200000 -> 0 | BX17: =BR17 -> 557550 | BY17: =BU17+BW17+BX17 -> 16057550 | BZ17: =IF(BT17-BY17>0,BT17-BY17,0) -> 0 | CA17: =IF(AND(OR($E17="HĐTV",$E17="HĐCTV"),$BZ17<2000000),0,IF(OR($E17="HĐTV",$E17="HĐCTV"),$BZ17*10%,ROUND(IF($BZ17<=10000000,$BZ17*5%,IF($BZ17<=30000000,$BZ17*10%-500000,IF($BZ17<=60000000,$BZ17*20%-3500000,IF($BZ17<=100000000,$BZ17*30%-9500000,$BZ17*35%-14500000)))),0))) -> 0 | CB17: =ROUND(BH17-BR17-CA17,0) -> 10571420 | CD17: =AW17+AX17 -> 0 | CE17: =CB17+CC17-CD17 -> 10571420 | CF17: =CE17-CG17 -> 0 | CG17: =CE17 -> 10571420 | CI17: =VLOOKUP($C17,[2]Sheet1!$C$5:$K$139,9,0) -> thuy.hoang@medigoapp.com | CJ17: =VLOOKUP(D17,CNT!C4:AL67,36,0) -> Không thực hiện chào kết | CK17: 3 | CL17: =VLOOKUP(D17,CNT!C4:AL67,15,0) -> 2 | CM17: 27 | CN17: 10 | CO17: 2025 | CP17: =IF((($CO$7-CO17)*12)+($CN$7-CN17)>=12,((($CO$7-CO17)*12)+($CN$7-CN17))-1,0) -> 0 | CQ17: =IF(CP17<12,(($CQ$7-CO17)*12)+($CP$7-CN17),0) -> 7 | CR17: =IF(OR(CP17>12,CP17=12),((CP17-(CS17*12))+((($CQ$7-2024)*12)+($CP$7-4)))+1,0) -> 0 | CS17: =IF(OR(CP17>12,CP17=12),ROUNDDOWN(CP17/12,0),0) -> 0 | CT17: =IF(CQ17>11,ROUNDDOWN(CQ17/12,0),0) -> 0 | CU17: =IF(CR17>11,ROUNDDOWN(CR17/12,0),0) -> 0 | CV17: =IF(CP17=0,0,6000000*1.07^CS17) -> 0 | CW17: =IF(CT17<2,0,6000000+(CT17-1)*500000) -> 0 | CX17: =IF(CU17=0,CV17,IF(CU17<1,0,CV17+CU17*500000)) -> 0 | CY17: =IF(CX17>0,CX17,IF(CW17>0,CW17,6000000)) -> 6000000 | DA17: =CJ17 -> Không thực hiện chào kết | DB17: =CZ17&";"&" "&DA17&";"&" "&DF17 -> ; Không thực hiện chào kết; | DE17: =VLOOKUP($D17,'[4]Med Service'!$D$11:$DI$87,110,0) -> 0 | DF17: =VLOOKUP($D17,'[5]BẢNG LƯƠNG'!$C$3:$AH$102,32,0)
A18: =1+A17 -> 7 | B18: 6 | C18: Le Thi Huyen Tran | D18: Lê Thị Huyền Trân | E18: =IF(OR(G18="CHT",G18="DSBC"),"HĐLĐ",IF(OR(G18="DSTV",G18="Q.CHT"),"HĐTV","HĐCTV")) -> HĐLĐ | F18: Đỗ Quang Đẩu | G18: DSBC | H18: 45510 | I18: 03130767201 | J18: Tiên Phong Bank | K18: 28 | L18: =VLOOKUP(D18,CNT!C5:AL68,14,0) -> 30 | M18: =VLOOKUP(D18,CNT!C5:AL68,3,0) -> 256.88 | N18: =VLOOKUP(D18,CNT!C5:AL68,4,0) -> 8.08 | S18: =IF(E18="HĐLĐ",5310000,0) -> 5310000 | T18: =IF(500000/28*L18>500000,500000,500000/28*L18) -> 500000 | AA18: =VLOOKUP(D18,CNT!C5:AL68,20,0) -> 0 | AB18: =VLOOKUP(D18,CNT!C5:AL68,21,0) -> 0 | AC18: =CY18 -> 6000000 | AG18: =AC18/28/8*M18 -> 6880714.3 | AH18: =AC18/28/8*N18*1.5 -> 324642.86 | AK18: =AC18/28/8*Q18*3 -> 0 | AL18: =VLOOKUP(D18,CNT!C5:AL68,18,0) -> 0 | AM18: =VLOOKUP(D18,CNT!C5:AL69,19,0) -> 0 | AN18: =VLOOKUP(D18,CNT!C5:AL68,24,0) -> 400000 | AO18: =VLOOKUP(D18,CNT!C5:AL68,25,0) -> 0 | AP18: =VLOOKUP(D18,CNT!C5:AL68,26,0) -> 1269500 | AQ18: =VLOOKUP(D18,CNT!C5:AL68,27,0) -> 30645 | AR18: =VLOOKUP(D18,CNT!C5:AL68,28,0) -> 0 | AS18: =VLOOKUP(D18,CNT!C5:AL68,29,0) -> 0 | AU18: =VLOOKUP(D18,CNT!C5:AL68,22,0) -> 0 | AV18: =VLOOKUP(D18,CNT!C5:AL68,23,0) -> 2238372 | BB18: =VLOOKUP(D18,CNT!C5:AL68,31,0) -> 0 | BC18: =VLOOKUP(D18,CNT!C5:AL68,32,0) -> 0 | BD18: =VLOOKUP(D18,CNT!C5:AL68,33,0) -> 100000 | BE18: =VLOOKUP(D18,CNT!C5:AL68,34,0) -> 0 | BF18: =VLOOKUP($D18,CNT!C5:AL68,35,0) -> 0 | BH18: =SUM(AF18:BA18)-SUM(BB18:BG18)+T18 -> 11543874 | BI18: =S18*17.5% -> 929250 | BJ18: =S18*3% -> 159300 | BK18: =S18*1% -> 53100 | BM18: =SUM(BI18:BL18) -> 1141650 | BN18: =S18*8% -> 424800 | BO18: =S18*1.5% -> 79650 | BP18: =S18*1% -> 53100 | BR18: =SUM(BN18:BQ18) -> 557550 | BS18: =T18+U18+V18+W18 -> 500000 | BT18: =BH18-BS18 -> 11043874 | BU18: =IF(E18="HĐLĐ",15500000,0) -> 15500000 | BW18: =BV18*6200000 -> 0 | BX18: =BR18 -> 557550 | BY18: =BU18+BW18+BX18 -> 16057550 | BZ18: =IF(BT18-BY18>0,BT18-BY18,0) -> 0 | CA18: =IF(AND(OR($E18="HĐTV",$E18="HĐCTV"),$BZ18<2000000),0,IF(OR($E18="HĐTV",$E18="HĐCTV"),$BZ18*10%,ROUND(IF($BZ18<=10000000,$BZ18*5%,IF($BZ18<=30000000,$BZ18*10%-500000,IF($BZ18<=60000000,$BZ18*20%-3500000,IF($BZ18<=100000000,$BZ18*30%-9500000,$BZ18*35%-14500000)))),0))) -> 0 | CB18: =ROUND(BH18-BR18-CA18,0) -> 10986324 | CD18: =AW18+AX18 -> 0 | CE18: =CB18+CC18-CD18 -> 10986324 | CF18: =CE18-CG18 -> 0 | CG18: =CE18 -> 10986324 | CI18: tran.le@medigoapp.com | CJ18: =VLOOKUP(D18,CNT!C5:AL68,36,0) -> chênh lệch doanh thu VPWKNOY7 | CK18: 1 | CL18: =VLOOKUP(D18,CNT!C5:AL68,15,0) -> 2 | CM18: 6 | CN18: 8 | CO18: 2024 | CP18: =IF((($CO$7-CO18)*12)+($CN$7-CN18)>=12,((($CO$7-CO18)*12)+($CN$7-CN18))-1,0) -> 0 | CQ18: =IF(CP18<12,(($CQ$7-CO18)*12)+($CP$7-CN18),0) -> 21 | CR18: =IF(OR(CP18>12,CP18=12),((CP18-(CS18*12))+((($CQ$7-2024)*12)+($CP$7-4)))+1,0) -> 0 | CS18: =IF(OR(CP18>12,CP18=12),ROUNDDOWN(CP18/12,0),0) -> 0 | CT18: =IF(CQ18>11,ROUNDDOWN(CQ18/12,0),0) -> 1 | CU18: =IF(CR18>11,ROUNDDOWN(CR18/12,0),0) -> 0 | CV18: =IF(CP18=0,0,6000000*1.07^CS18) -> 0 | CW18: =IF(CT18<2,0,6000000+(CT18-1)*500000) -> 0 | CX18: =IF(CU18=0,CV18,IF(CU18<1,0,CV18+CU18*500000)) -> 0 | CY18: =IF(CX18>0,CX18,IF(CW18>0,CW18,6000000)) -> 6000000 | DA18: =CJ18 -> chênh lệch doanh thu VPWKNOY7 | DB18: =CZ18&";"&" "&DA18&";"&" "&DF18 -> ; chênh lệch doanh thu VPWKNOY7; | DD18: =VLOOKUP($D18,'[3]Tong hop'!$B$8:$Q$45,15,0) -> 79114 | DE18: =VLOOKUP($D18,'[4]Med Service'!$D$11:$DI$87,110,0) -> 0 | DF18: =VLOOKUP($D18,'[5]BẢNG LƯƠNG'!$C$3:$AH$102,32,0)
A19: =1+A18 -> 8 | B19: 6 | C19: Ngo Thi Ngoc Thuy | D19: Ngô Thị Ngọc Thủy | E19: =IF(OR(G19="CHT",G19="DSBC"),"HĐLĐ",IF(OR(G19="DSTV",G19="Q.CHT"),"HĐTV","HĐCTV")) -> HĐTV | F19: Đỗ Quang Đẩu | G19: DSTV | H19: 46190 | I19: 02031125202 | J19: TP Bank | K19: 28 | L19: =VLOOKUP(D19,CNT!C6:AL69,14,0) -> 14 | M19: =VLOOKUP(D19,CNT!C6:AL69,3,0) -> 122.62 | N19: =VLOOKUP(D19,CNT!C6:AL69,4,0) -> 0 | S19: =IF(E19="HĐLĐ",5310000,0) -> 0 | T19: =IF(500000/28*L19>500000,500000,500000/28*L19) -> 250000 | AA19: =VLOOKUP(D19,CNT!C6:AL69,20,0) -> 0 | AB19: =VLOOKUP(D19,CNT!C6:AL69,21,0) -> 0 | AC19: =CY19 -> 6000000 | AG19: =AC19/28/8*M19 -> 3284464.3 | AH19: =AC19/28/8*N19*1.5 -> 0 | AL19: =VLOOKUP(D19,CNT!C6:AL69,18,0) -> 0 | AM19: =VLOOKUP(D19,CNT!C6:AL70,19,0) -> 0 | AN19: =VLOOKUP(D19,CNT!C6:AL69,24,0) -> 0 | AO19: =VLOOKUP(D19,CNT!C6:AL69,25,0) -> 0 | AP19: =VLOOKUP(D19,CNT!C6:AL69,26,0) -> 0 | AQ19: =VLOOKUP(D19,CNT!C6:AL69,27,0) -> 0 | AR19: =VLOOKUP(D19,CNT!C6:AL69,28,0) -> 0 | AS19: =VLOOKUP(D19,CNT!C6:AL69,29,0) -> 0 | AU19: =VLOOKUP(D19,CNT!C6:AL69,22,0) -> 0 | AV19: =VLOOKUP(D19,CNT!C6:AL69,23,0) -> 0 | BB19: =VLOOKUP(D19,CNT!C6:AL69,31,0) -> 0 | BC19: =VLOOKUP(D19,CNT!C6:AL69,32,0) -> 0 | BD19: =VLOOKUP(D19,CNT!C6:AL69,33,0) -> 0 | BE19: =VLOOKUP(D19,CNT!C6:AL69,34,0) -> 0 | BF19: =VLOOKUP($D19,CNT!C6:AL69,35,0) -> 0 | BH19: =SUM(AF19:BA19)-SUM(BB19:BG19)+T19 -> 3534464.3 | BI19: =S19*17.5% -> 0 | BJ19: =S19*3% -> 0 | BK19: =S19*1% -> 0 | BM19: =SUM(BI19:BL19) -> 0 | BN19: =S19*8% -> 0 | BO19: =S19*1.5% -> 0 | BP19: =S19*1% -> 0 | BR19: =SUM(BN19:BQ19) -> 0 | BS19: =T19+U19+V19+W19 -> 250000 | BT19: =BH19-BS19 -> 3284464.3 | BU19: =IF(E19="HĐLĐ",15500000,0) -> 0 | BW19: =BV19*6200000 -> 0 | BX19: =BR19 -> 0 | BY19: =BU19+BW19+BX19 -> 0 | BZ19: =IF(BT19-BY19>0,BT19-BY19,0) -> 3284464.3 | CA19: =IF(AND(OR($E19="HĐTV",$E19="HĐCTV"),$BZ19<2000000),0,IF(OR($E19="HĐTV",$E19="HĐCTV"),$BZ19*10%,ROUND(IF($BZ19<=10000000,$BZ19*5%,IF($BZ19<=30000000,$BZ19*10%-500000,IF($BZ19<=60000000,$BZ19*20%-3500000,IF($BZ19<=100000000,$BZ19*30%-9500000,$BZ19*35%-14500000)))),0))) -> 328446.43 | CB19: =ROUND(BH19-BR19-CA19,0) -> 3206018 | CE19: =CB19+CC19-CD19 -> 3206018 | CF19: =CE19-CG19 -> 0 | CG19: =CE19 -> 3206018 | CI19: thuy.ngo@medigoapp.com | CJ19: =VLOOKUP(D19,CNT!C6:AL69,36,0) -> 0 | CL19: =VLOOKUP(D19,CNT!C6:AL69,15,0) -> 9 | CY19: =IF(CX19>0,CX19,IF(CW19>0,CW19,6000000)) -> 6000000
A20: =1+A19 -> 9 | B20: 6 | C20: Ngo Thi Thanh Tham | D20: Ngô Thị Thanh Thắm | E20: =IF(OR(G20="CHT",G20="DSBC"),"HĐLĐ",IF(OR(G20="DSTV",G20="Q.CHT"),"HĐTV","HĐCTV")) -> HĐLĐ | F20: Đỗ Quang Đẩu | G20: CHT | H20: 45524 | I20: 0431000219840 | J20: Vietcombank | K20: 28 | L20: =VLOOKUP(D20,CNT!C7:AL70,14,0) -> 27 | M20: =VLOOKUP(D20,CNT!C7:AL70,3,0) -> 201.53 | N20: =VLOOKUP(D20,CNT!C7:AL70,4,0) -> 15.85 | S20: =IF(E20="HĐLĐ",5310000,0) -> 5310000 | T20: =IF(500000/28*L20>500000,500000,500000/28*L20) -> 482142.86 | AA20: =VLOOKUP(D20,CNT!C7:AL70,20,0) -> 0 | AB20: =VLOOKUP(D20,CNT!C7:AL70,21,0) -> 0 | AC20: =CY20 -> 6000000 | AG20: =AC20/28/8*M20 -> 5398125 | AH20: =AC20/28/8*N20*1.5 -> 636830.36 | AK20: =AC20/28/8*Q20*3 -> 0 | AL20: =VLOOKUP(D20,CNT!C7:AL70,18,0) -> 1000000 | AM20: =VLOOKUP(D20,CNT!C7:AL71,19,0) -> 0 | AN20: =VLOOKUP(D20,CNT!C7:AL70,24,0) -> 0 | AO20: =VLOOKUP(D20,CNT!C7:AL70,25,0) -> 0 | AP20: =VLOOKUP(D20,CNT!C7:AL70,26,0) -> 430800 | AQ20: =VLOOKUP(D20,CNT!C7:AL70,27,0) -> 28950 | AR20: =VLOOKUP(D20,CNT!C7:AL70,28,0) -> 0 | AS20: =VLOOKUP(D20,CNT!C7:AL70,29,0) -> 0 | AU20: =VLOOKUP(D20,CNT!C7:AL70,22,0) -> 0 | AV20: =VLOOKUP(D20,CNT!C7:AL70,23,0) -> 5786860 | BB20: =VLOOKUP(D20,CNT!C7:AL70,31,0) -> 0 | BC20: =VLOOKUP(D20,CNT!C7:AL70,32,0) -> 10000 | BD20: =VLOOKUP(D20,CNT!C7:AL70,33,0) -> 0 | BE20: =VLOOKUP(D20,CNT!C7:AL70,34,0) -> 0 | BF20: =VLOOKUP($D20,CNT!C7:AL70,35,0) -> 0 | BH20: =SUM(AF20:BA20)-SUM(BB20:BG20)+T20 -> 13753708 | BI20: =S20*17.5% -> 929250 | BJ20: =S20*3% -> 159300 | BK20: =S20*1% -> 53100 | BM20: =SUM(BI20:BL20) -> 1141650 | BN20: =S20*8% -> 424800 | BO20: =S20*1.5% -> 79650 | BP20: =S20*1% -> 53100 | BR20: =SUM(BN20:BQ20) -> 557550 | BS20: =T20+U20+V20+W20 -> 482142.86 | BT20: =BH20-BS20 -> 13271565 | BU20: =IF(E20="HĐLĐ",15500000,0) -> 15500000 | BW20: =BV20*6200000 -> 0 | BX20: =BR20 -> 557550 | BY20: =BU20+BW20+BX20 -> 16057550 | BZ20: =IF(BT20-BY20>0,BT20-BY20,0) -> 0 | CA20: =IF(AND(OR($E20="HĐTV",$E20="HĐCTV"),$BZ20<2000000),0,IF(OR($E20="HĐTV",$E20="HĐCTV"),$BZ20*10%,ROUND(IF($BZ20<=10000000,$BZ20*5%,IF($BZ20<=30000000,$BZ20*10%-500000,IF($BZ20<=60000000,$BZ20*20%-3500000,IF($BZ20<=100000000,$BZ20*30%-9500000,$BZ20*35%-14500000)))),0))) -> 0 | CB20: =ROUND(BH20-BR20-CA20,0) -> 13196158 | CD20: =AW20+AX20 -> 0 | CE20: =CB20+CC20-CD20 -> 13196158 | CF20: =CE20-CG20 -> 0 | CG20: =CE20 -> 13196158 | CI20: tham.ngo@medigoapp.com | CJ20: =VLOOKUP(D20,CNT!C7:AL70,36,0) -> Vào ca trễ 09/06/2026 | CK20: 12 | CL20: =VLOOKUP(D20,CNT!C7:AL70,15,0) -> 1 | CM20: 20 | CN20: 8 | CO20: 2024 | CP20: =IF((($CO$7-CO20)*12)+($CN$7-CN20)>=12,((($CO$7-CO20)*12)+($CN$7-CN20))-1,0) -> 0 | CQ20: =IF(CP20<12,(($CQ$7-CO20)*12)+($CP$7-CN20),0) -> 21 | CR20: =IF(OR(CP20>12,CP20=12),((CP20-(CS20*12))+((($CQ$7-2024)*12)+($CP$7-4)))+1,0) -> 0 | CS20: =IF(OR(CP20>12,CP20=12),ROUNDDOWN(CP20/12,0),0) -> 0 | CT20: =IF(CQ20>11,ROUNDDOWN(CQ20/12,0),0) -> 1 | CU20: =IF(CR20>11,ROUNDDOWN(CR20/12,0),0) -> 0 | CV20: =IF(CP20=0,0,6000000*1.07^CS20) -> 0 | CW20: =IF(CT20<2,0,6000000+(CT20-1)*500000) -> 0 | CX20: =IF(CU20=0,CV20,IF(CU20<1,0,CV20+CU20*500000)) -> 0 | CY20: =IF(CX20>0,CX20,IF(CW20>0,CW20,6000000)) -> 6000000 | DA20: =CJ20 -> Vào ca trễ 09/06/2026 | DB20: =CZ20&";"&" "&DA20&";"&" "&DF20 -> ; Vào ca trễ 09/06/2026; Vi phạm chấm điểm checklist 28/05/2026: 10.000đ | DD20: =VLOOKUP($D20,'[3]Tong hop'!$B$8:$Q$45,15,0) -> 346622 | DE20: =VLOOKUP($D20,'[4]Med Service'!$D$11:$DI$87,110,0) -> 0 | DF20: =VLOOKUP($D20,'[5]BẢNG LƯƠNG'!$C$3:$AH$102,32,0) -> Vi phạm chấm điểm checklist 28/05/2026: 10.000đ
A21: =1+A20 -> 10 | B21: 6 | C21: Pham Thi Dien | D21: Phạm Thị Diên | E21: =IF(OR(G21="CHT",G21="DSBC"),"HĐLĐ",IF(OR(G21="DSTV",G21="Q.CHT"),"HĐTV","HĐCTV")) -> HĐTV | F21: Đỗ Quang Đẩu | G21: DSTV | H21: 46199 | I21: 1028841251 | J21: Vietcombank | K21: 28 | L21: =VLOOKUP(D21,CNT!C8:AL71,14,0) -> 5 | M21: =VLOOKUP(D21,CNT!C8:AL71,3,0) -> 40.13 | N21: =VLOOKUP(D21,CNT!C8:AL71,4,0) -> 0 | S21: =IF(E21="HĐLĐ",5310000,0) -> 0 | T21: =IF(500000/28*L21>500000,500000,500000/28*L21) -> 89285.714 | AA21: =VLOOKUP(D21,CNT!C8:AL71,20,0) -> 0 | AB21: =VLOOKUP(D21,CNT!C8:AL71,21,0) -> 0 | AC21: =CY21 -> 6000000 | AG21: =AC21/28/8*M21 -> 1074910.7 | AH21: =AC21/28/8*N21*1.5 -> 0 | AL21: =VLOOKUP(D21,CNT!C8:AL71,18,0) -> 0 | AM21: =VLOOKUP(D21,CNT!C8:AL72,19,0) -> 0 | AN21: =VLOOKUP(D21,CNT!C8:AL71,24,0) -> 0 | AO21: =VLOOKUP(D21,CNT!C8:AL71,25,0) -> 0 | AP21: =VLOOKUP(D21,CNT!C8:AL71,26,0) -> 0 | AQ21: =VLOOKUP(D21,CNT!C8:AL71,27,0) -> 0 | AR21: =VLOOKUP(D21,CNT!C8:AL71,28,0) -> 0 | AS21: =VLOOKUP(D21,CNT!C8:AL71,29,0) -> 0 | AU21: =VLOOKUP(D21,CNT!C8:AL71,22,0) -> 0 | AV21: =VLOOKUP(D21,CNT!C8:AL71,23,0) -> 0 | BB21: =VLOOKUP(D21,CNT!C8:AL71,31,0) -> 0 | BC21: =VLOOKUP(D21,CNT!C8:AL71,32,0) -> 0 | BD21: =VLOOKUP(D21,CNT!C8:AL71,33,0) -> 0 | BE21: =VLOOKUP(D21,CNT!C8:AL71,34,0) -> 0 | BF21: =VLOOKUP($D21,CNT!C8:AL71,35,0) -> 0 | BH21: =SUM(AF21:BA21)-SUM(BB21:BG21)+T21 -> 1164196.4 | BI21: =S21*17.5% -> 0 | BJ21: =S21*3% -> 0 | BK21: =S21*1% -> 0 | BM21: =SUM(BI21:BL21) -> 0 | BN21: =S21*8% -> 0 | BO21: =S21*1.5% -> 0 | BP21: =S21*1% -> 0 | BR21: =SUM(BN21:BQ21) -> 0 | BS21: =T21+U21+V21+W21 -> 89285.714 | BT21: =BH21-BS21 -> 1074910.7 | BU21: =IF(E21="HĐLĐ",15500000,0) -> 0 | BW21: =BV21*6200000 -> 0 | BX21: =BR21 -> 0 | BY21: =BU21+BW21+BX21 -> 0 | BZ21: =IF(BT21-BY21>0,BT21-BY21,0) -> 1074910.7 | CA21: =IF(AND(OR($E21="HĐTV",$E21="HĐCTV"),$BZ21<2000000),0,IF(OR($E21="HĐTV",$E21="HĐCTV"),$BZ21*10%,ROUND(IF($BZ21<=10000000,$BZ21*5%,IF($BZ21<=30000000,$BZ21*10%-500000,IF($BZ21<=60000000,$BZ21*20%-3500000,IF($BZ21<=100000000,$BZ21*30%-9500000,$BZ21*35%-14500000)))),0))) -> 0 | CB21: =ROUND(BH21-BR21-CA21,0) -> 1164196 | CE21: =CB21+CC21-CD21 -> 1164196 | CF21: =CE21-CG21 -> 0 | CG21: =CE21 -> 1164196 | CI21: dien.pham@medigoapp.com | CJ21: =VLOOKUP(D21,CNT!C8:AL71,36,0) -> 0 | CL21: =VLOOKUP(D21,CNT!C8:AL71,15,0) -> 0 | CY21: =IF(CX21>0,CX21,IF(CW21>0,CW21,6000000)) -> 6000000
A22: =1+A21 -> 11 | B22: 6 | C22: Pham Thi Nghia Huong | D22: Phạm Thị Nghĩa Hương | E22: HĐLĐ | F22: Đỗ Quang Đẩu | G22: DSBC | H22: 45575 | I22: 0968249073 | J22: Mb bank | K22: 28 | L22: =VLOOKUP(D22,CNT!C9:AL72,14,0) -> 24 | M22: =VLOOKUP(D22,CNT!C9:AL72,3,0) -> 31.37 | N22: =VLOOKUP(D22,CNT!C9:AL72,4,0) -> 159.32 | S22: 5310000 | T22: =IF(500000/28*L22>500000,500000,500000/28*L22) -> 428571.43 | AA22: =VLOOKUP(D22,CNT!C9:AL72,20,0) -> 0 | AB22: =VLOOKUP(D22,CNT!C9:AL72,21,0) -> 0 | AC22: =CY22 -> 6000000 | AG22: =AC22/28/8*M22 -> 840267.86 | AH22: =AC22/28/8*N22*1.5 -> 6401250 | AK22: =AC22/28/8*Q22*3 -> 0 | AL22: =VLOOKUP(D22,CNT!C9:AL72,18,0) -> 0 | AM22: =VLOOKUP(D22,CNT!C9:AL73,19,0) -> 0 | AN22: =VLOOKUP(D22,CNT!C9:AL72,24,0) -> 0 | AO22: =VLOOKUP(D22,CNT!C9:AL72,25,0) -> 0 | AP22: =VLOOKUP(D22,CNT!C9:AL72,26,0) -> 403560 | AQ22: =VLOOKUP(D22,CNT!C9:AL72,27,0) -> 9965 | AR22: =VLOOKUP(D22,CNT!C9:AL72,28,0) -> 0 | AS22: =VLOOKUP(D22,CNT!C9:AL72,29,0) -> 590100 | AU22: =VLOOKUP(D22,CNT!C9:AL72,22,0) -> 0 | AV22: =VLOOKUP(D22,CNT!C9:AL72,23,0) -> 120840 | BB22: =VLOOKUP(D22,CNT!C9:AL72,31,0) -> 0 | BC22: =VLOOKUP(D22,CNT!C9:AL72,32,0) -> 0 | BD22: =VLOOKUP(D22,CNT!C9:AL72,33,0) -> 0 | BE22: =VLOOKUP(D22,CNT!C9:AL72,34,0) -> 0 | BF22: =VLOOKUP($D22,CNT!C9:AL72,35,0) -> 0 | BH22: =SUM(AF22:BA22)-SUM(BB22:BG22)+T22 -> 8794554.3 | BI22: =S22*17.5% -> 929250 | BJ22: =T22*17.5% -> 75000 | BK22: =T22*3% -> 12857.143 | BM22: =SUM(BI22:BL22) -> 1017107.1 | BN22: =S22*8% -> 424800 | BO22: =S22*1.5% -> 79650 | BP22: =S22*1% -> 53100 | BR22: =SUM(BN22:BQ22) -> 557550 | BS22: =SUM(BO22:BR22) -> 690300 | BT22: =BH22-BS22 -> 8104254.3 | BU22: =IF(E22="HĐLĐ",15500000,0) -> 15500000 | BW22: =BV22*6200000 -> 0 | BX22: =BR22 -> 557550 | BY22: =BU22+BW22+BX22 -> 16057550 | BZ22: =IF(BT22-BY22>0,BT22-BY22,0) -> 0 | CA22: =IF(AND(OR($E22="HĐTV",$E22="HĐCTV"),$BZ22<2000000),0,IF(OR($E22="HĐTV",$E22="HĐCTV"),$BZ22*10%,ROUND(IF($BZ22<=10000000,$BZ22*5%,IF($BZ22<=30000000,$BZ22*10%-500000,IF($BZ22<=60000000,$BZ22*20%-3500000,IF($BZ22<=100000000,$BZ22*30%-9500000,$BZ22*35%-14500000)))),0))) -> 0 | CB22: =ROUND(BH22-BR22-CA22,0) -> 8237004 | CD22: =AW22+AX22 -> 0 | CE22: =CB22+CC22-CD22 -> 8237004 | CF22: =CE22-CG22 -> 0 | CG22: =CE22 -> 8237004 | CI22: huong.pham@medigoapp.com | CJ22: =VLOOKUP(D22,CNT!C9:AL72,36,0) -> 0 | CK22: 10 | CL22: =VLOOKUP(D22,CNT!C9:AL72,15,0) -> 0 | CM22: 10 | CN22: 10 | CO22: 2024 | CP22: 0 | CQ22: 17 | CR22: =IF(OR(CP22>12,CP22=12),((CP22-(CS22*12))+((($CQ$7-2024)*12)+($CP$7-4)))+1,0) -> 0 | CS22: 0 | CT22: 1 | CU22: 0 | CV22: 0 | CW22: 0 | CX22: 0 | CY22: 6000000 | DA22: =CJ22 -> 0 | DB22: =CZ22&";"&" "&DA22&";"&" "&DF22 -> ; 0; | DD22: =VLOOKUP($D22,'[3]Tong hop'!$B$8:$Q$45,15,0) -> 432003 | DE22: =VLOOKUP($D22,'[4]Med Service'!$D$11:$DI$87,110,0) -> 0 | DF22: =VLOOKUP($D22,'[5]BẢNG LƯƠNG'!$C$3:$AH$102,32,0)
A23: =1+A22 -> 12 | B23: 6 | C23: Tran Thien Phat | D23: Trần Thiên Phát | E23: =IF(OR(G23="CHT",G23="DSBC"),"HĐLĐ",IF(OR(G23="DSTV",G23="Q.CHT"),"HĐTV","HĐCTV")) -> HĐLĐ | F23: Đỗ Quang Đẩu | G23: DSBC | H23: 21/07/2025 | I23: 0345611564 | J23: Mbbank | K23: 28 | L23: =VLOOKUP(D23,CNT!C10:AL73,14,0) -> 29 | M23: =VLOOKUP(D23,CNT!C10:AL73,3,0) -> 8 | N23: =VLOOKUP(D23,CNT!C10:AL73,4,0) -> 227.77 | S23: =IF(E23="HĐLĐ",5310000,0) -> 5310000 | T23: =IF(500000/28*L23>500000,500000,500000/28*L23) -> 500000 | AA23: =VLOOKUP(D23,CNT!C10:AL73,20,0) -> 0 | AB23: =VLOOKUP(D23,CNT!C10:AL73,21,0) -> 0 | AC23: =CY23 -> 6000000 | AG23: =AC23/28/8*M23 -> 214285.71 | AH23: =AC23/28/8*N23*1.5 -> 9151473.2 | AK23: =AC23/28/8*Q23*3 -> 0 | AL23: =VLOOKUP(D23,CNT!C10:AL73,18,0) -> 0 | AM23: =VLOOKUP(D23,CNT!C10:AL74,19,0) -> 0 | AN23: =VLOOKUP(D23,CNT!C10:AL73,24,0) -> 0 | AO23: =VLOOKUP(D23,CNT!C10:AL73,25,0) -> 0 | AP23: =VLOOKUP(D23,CNT!C10:AL73,26,0) -> 624800 | AQ23: =VLOOKUP(D23,CNT!C10:AL73,27,0) -> 4830 | AR23: =VLOOKUP(D23,CNT!C10:AL73,28,0) -> 0 | AS23: =VLOOKUP(D23,CNT!C10:AL73,29,0) -> 0 | AU23: =VLOOKUP(D23,CNT!C10:AL73,22,0) -> 0 | AV23: =VLOOKUP(D23,CNT!C10:AL73,23,0) -> 228600 | BB23: =VLOOKUP(D23,CNT!C10:AL73,31,0) -> 0 | BC23: =VLOOKUP(D23,CNT!C10:AL73,32,0) -> 0 | BD23: =VLOOKUP(D23,CNT!C10:AL73,33,0) -> 0 | BE23: =VLOOKUP(D23,CNT!C10:AL73,34,0) -> 0 | BF23: =VLOOKUP($D23,CNT!C10:AL73,35,0) -> 0 | BH23: =SUM(AF23:BA23)-SUM(BB23:BG23)+T23 -> 10723989 | BI23: =S23*17.5% -> 929250 | BJ23: =S23*3% -> 159300 | BK23: =S23*1% -> 53100 | BM23: =SUM(BI23:BL23) -> 1141650 | BN23: =S23*8% -> 424800 | BO23: =S23*1.5% -> 79650 | BP23: =S23*1% -> 53100 | BR23: =SUM(BN23:BQ23) -> 557550 | BS23: =T23+U23+V23+W23 -> 500000 | BT23: =BH23-BS23 -> 10223989 | BU23: =IF(E23="HĐLĐ",15500000,0) -> 15500000 | BW23: =BV23*6200000 -> 0 | BX23: =BR23 -> 557550 | BY23: =BU23+BW23+BX23 -> 16057550 | BZ23: =IF(BT23-BY23>0,BT23-BY23,0) -> 0 | CA23: =IF(AND(OR($E23="HĐTV",$E23="HĐCTV"),$BZ23<2000000),0,IF(OR($E23="HĐTV",$E23="HĐCTV"),$BZ23*10%,ROUND(IF($BZ23<=10000000,$BZ23*5%,IF($BZ23<=30000000,$BZ23*10%-500000,IF($BZ23<=60000000,$BZ23*20%-3500000,IF($BZ23<=100000000,$BZ23*30%-9500000,$BZ23*35%-14500000)))),0))) -> 0 | CB23: =ROUND(BH23-BR23-CA23,0) -> 10166439 | CD23: =AW23+AX23 -> 0 | CE23: =CB23+CC23-CD23 -> 10166439 | CF23: =CE23-CG23 -> 0 | CG23: =CE23 -> 10166439 | CI23: phat.tran@medigoapp.com | CJ23: =VLOOKUP(D23,CNT!C10:AL73,36,0) -> 0 | CK23: 8 | CL23: =VLOOKUP(D23,CNT!C10:AL73,15,0) -> 0 | CM23: 21 | CN23: 7 | CO23: 2025 | CP23: =IF((($CO$7-CO23)*12)+($CN$7-CN23)>=12,((($CO$7-CO23)*12)+($CN$7-CN23))-1,0) -> 0 | CQ23: =IF(CP23<12,(($CQ$7-CO23)*12)+($CP$7-CN23),0) -> 10 | CR23: =IF(OR(CP23>12,CP23=12),((CP23-(CS23*12))+((($CQ$7-2024)*12)+($CP$7-4)))+1,0) -> 0 | CS23: =IF(OR(CP23>12,CP23=12),ROUNDDOWN(CP23/12,0),0) -> 0 | CT23: =IF(CQ23>11,ROUNDDOWN(CQ23/12,0),0) -> 0 | CU23: =IF(CR23>11,ROUNDDOWN(CR23/12,0),0) -> 0 | CV23: =IF(CP23=0,0,6000000*1.07^CS23) -> 0 | CW23: =IF(CT23<2,0,6000000+(CT23-1)*500000) -> 0 | CX23: =IF(CU23=0,CV23,IF(CU23<1,0,CV23+CU23*500000)) -> 0 | CY23: =IF(CX23>0,CX23,IF(CW23>0,CW23,6000000)) -> 6000000 | DA23: =CJ23 -> 0 | DB23: =CZ23&";"&" "&DA23&";"&" "&DF23 -> ; 0; | DE23: =VLOOKUP($D23,'[4]Med Service'!$D$11:$DI$87,110,0) -> 0 | DF23: =VLOOKUP($D23,'[5]BẢNG LƯƠNG'!$C$3:$AH$102,32,0)
K24: =SUM(K22:K23) -> 56 | L24: =SUM(L22:L23) -> 53 | M24: =SUM(M22:M23) -> 39.37 | N24: =SUM(N22:N23) -> 387.09 | O24: =SUM(O22:O23) -> 0 | P24: =SUM(P22:P23) -> 0 | Q24: =SUM(Q22:Q23) -> 0 | R24: =SUM(R22:R23) -> 0 | ... Z24: =SUM(Z22:Z23) -> 0 | AC24: =SUM(AC22:AC23) -> 12000000 | AD24: =SUM(AD22:AD23) -> 0 | AE24: =SUM(AE22:AE23) -> 0 | AF24: =SUM(AF22:AF23) -> 0 | AG24: =SUM(AG22:AG23) -> 1054553.6 | AH24: =SUM(AH22:AH23) -> 15552723 | AI24: =SUM(AI22:AI23) -> 0 | AJ24: =SUM(AJ22:AJ23) -> 0 | ... AT24: =SUM(AT22:AT23) -> 0 | AW24: =SUM(AW22:AW23) -> 0 | AX24: =SUM(AX22:AX23) -> 0 | AY24: =SUM(AY22:AY23) -> 0 | AZ24: =SUM(AZ22:AZ23) -> 0 | BA24: =SUM(BA22:BA23) -> 0 | BB24: =SUM(BB22:BB23) -> 0 | BC24: =SUM(BC22:BC23) -> 0 | BD24: =SUM(BD22:BD23) -> 0 | ... CI24: =SUM(CI22:CI23) -> 0 | CL24: =SUM(CL17:CL23) -> 14 | CM24: =SUM(CM22:CM23) -> 31 | CN24: =SUM(CN22:CN23) -> 17 | CO24: =SUM(CO22:CO23) -> 4049 | CP24: =SUM(CP22:CP23) -> 0 | CQ24: =SUM(CQ22:CQ23) -> 27 | CR24: =SUM(CR22:CR23) -> 0 | CS24: =SUM(CS22:CS23) -> 0 | CT24: =SUM(CT22:CT23) -> 1 | ... DC24: =SUM(DC22:DC23) -> 0 | DE24: =VLOOKUP($D24,'[4]Med Service'!$D$11:$DI$87,110,0) -> 0
A25: 13 | B25: 6 | C25: Hoang Lam Gia Bao | D25: Hoàng Lâm Gia Bảo | E25: =IF(OR(G25="CHT",G25="DSBC"),"HĐLĐ",IF(OR(G25="DSTV",G25="Q.CHT"),"HĐTV","HĐCTV")) -> HĐTV | F25: Minh Châu | G25: DSTV | H25: 27/5/2026 | I25: 067106916868 | J25: Sacombank | K25: 28 | L25: =VLOOKUP(D25,CNT!C4:AL67,14,0) -> 29 | M25: =VLOOKUP(D25,CNT!C4:AL67,3,0) -> 274.37 | N25: =VLOOKUP(D25,CNT!C4:AL67,4,0) -> 6.25 | S25: =IF(E25="HĐLĐ",5310000,0) -> 0 | T25: =IF(500000/28*L25>500000,500000,500000/28*L25) -> 500000 | AA25: =VLOOKUP(D25,CNT!C4:AL67,20,0) -> 0 | AB25: =VLOOKUP(D25,CNT!C4:AL67,21,0) -> 0 | AC25: =CY25 -> 5100000 | AG25: =AC25/28/8*M25 -> 6246817 | AH25: =AC25/28/8*N25*1.5 -> 213448.66 | AK25: =AC25/28/8*Q25*3 -> 0 | AL25: =VLOOKUP(D25,CNT!C4:AL67,18,0) -> 0 | AM25: =VLOOKUP(D25,CNT!C4:AL68,19,0) -> 0 | AN25: =VLOOKUP(D25,CNT!C4:AL67,24,0) -> 1666667 | AO25: =VLOOKUP(D25,CNT!C4:AL67,25,0) -> 0 | AP25: =VLOOKUP(D25,CNT!C4:AL67,26,0) -> 1175100 | AQ25: =VLOOKUP(D25,CNT!C4:AL67,27,0) -> 13920 | AR25: =VLOOKUP(D25,CNT!C4:AL67,28,0) -> 0 | AS25: =VLOOKUP(D25,CNT!C4:AL67,29,0) -> 0 | AU25: =VLOOKUP(D25,CNT!C4:AL67,22,0) -> 310000 | AV25: =VLOOKUP(D25,CNT!C4:AL67,23,0) -> 0 | BB25: =VLOOKUP(D25,CNT!C4:AL67,31,0) -> 0 | BC25: =VLOOKUP(D25,CNT!C4:AL67,32,0) -> 0 | BD25: =VLOOKUP(D25,CNT!C4:AL67,33,0) -> 0 | BE25: =VLOOKUP(D25,CNT!C4:AL67,34,0) -> 0 | BF25: =VLOOKUP(D25,CNT!C4:AL67,35,0) -> 500000 | BH25: =SUM(AF25:BA25)-SUM(BB25:BG25)+T25 -> 9625952.6 | BI25: =S25*17.5% -> 0 | BJ25: =S25*3% -> 0 | BK25: =S25*1% -> 0 | BM25: =SUM(BI25:BL25) -> 0 | BN25: =S25*8% -> 0 | BO25: =S25*1.5% -> 0 | BP25: =S25*1% -> 0 | BR25: =SUM(BN25:BQ25) -> 0 | BS25: =T25+U25+V25+W25 -> 500000 | BT25: =BH25-BS25 -> 9125952.6 | BU25: =IF(E25="HĐLĐ",15500000,0) -> 0 | BW25: =BV25*6200000 -> 0 | BX25: =BR25 -> 0 | BY25: =BU25+BW25+BX25 -> 0 | BZ25: =IF(BT25-BY25>0,BT25-BY25,0) -> 9125952.6 | CA25: =IF(AND(OR($E25="HĐTV",$E25="HĐCTV"),$BZ25<2000000),0,IF(OR($E25="HĐTV",$E25="HĐCTV"),$BZ25*10%,ROUND(IF($BZ25<=10000000,$BZ25*5%,IF($BZ25<=30000000,$BZ25*10%-500000,IF($BZ25<=60000000,$BZ25*20%-3500000,IF($BZ25<=100000000,$BZ25*30%-9500000,$BZ25*35%-14500000)))),0))) -> 912595.26 | CB25: =ROUND(BH25-BR25-CA25,0) -> 8713357 | CD25: =AW25+AX25 -> 0 | CE25: =CB25+CC25-CD25 -> 8713357 | CF25: =CE25-CG25 -> 0 | CG25: =CE25 -> 8713357 | CI25: bao.hoang@medigoapp.com | CJ25: =VLOOKUP(D25,CNT!C4:AL67,36,0) -> Khấu khao chi phí đồng phục | CK25: 11 | CL25: =VLOOKUP(D25,CNT!C4:AL67,15,0) -> 0 | CM25: 27 | CN25: 5 | CO25: 2026 | CP25: =IF((($CO$7-CO25)*12)+($CN$7-CN25)>=12,((($CO$7-CO25)*12)+($CN$7-CN25))-1,0) -> 0 | CQ25: =IF(CP25<12,(($CQ$7-CO25)*12)+($CP$7-CN25),0) -> 0 | CR25: =IF(OR(CP25>12,CP25=12),((CP25-(CS25*12))+((($CQ$7-2024)*12)+($CP$7-4)))+1,0) -> 0 | CS25: =IF(OR(CP25>12,CP25=12),ROUNDDOWN(CP25/12,0),0) -> 0 | CT25: =IF(CQ25>11,ROUNDDOWN(CQ25/12,0),0) -> 0 | CU25: =IF(CR25>11,ROUNDDOWN(CR25/12,0),0) -> 0 | CV25: =IF(CP25=0,0,6000000*1.07^CS25) -> 0 | CW25: =IF(CT25<2,0,6000000+(CT25-1)*500000) -> 0 | CX25: =IF(CU25=0,CV25,IF(CU25<1,0,CV25+CU25*500000)) -> 0 | CY25: 5100000 | DA25: =CJ25 -> Khấu khao chi phí đồng phục | DB25: =CZ25&";"&" "&DA25&";"&" "&DF25 -> ; Khấu khao chi phí đồng phục; | DE25: =VLOOKUP($D25,'[4]Med Service'!$D$11:$DI$87,110,0) -> #N/A | DF25: =VLOOKUP($D25,'[5]BẢNG LƯƠNG'!$C$3:$AH$102,32,0)
A26: =1+A25 -> 14 | B26: 6 | C26: Phan Cong Vu Tai | D26: Phan Công Vũ Tài | E26: =IF(OR(G26="CHT",G26="DSBC"),"HĐLĐ",IF(OR(G26="DSTV",G26="Q.CHT"),"HĐTV","HĐCTV")) -> HĐLĐ | F26: Minh Châu | G26: DSBC | H26: 26/01/2026 | I26: 02446989901 | J26: Tp Bank | K26: 28 | L26: =VLOOKUP(D26,CNT!C5:AL68,14,0) -> 26 | M26: =VLOOKUP(D26,CNT!C5:AL68,3,0) -> 100.12 | N26: =VLOOKUP(D26,CNT!C5:AL68,4,0) -> 136.6 | S26: =IF(E26="HĐLĐ",5310000,0) -> 5310000 | T26: =IF(500000/28*L26*L32*L62>500000,500000,500000/28*L26) -> 500000 | AA26: =VLOOKUP(D26,CNT!C5:AL68,20,0) -> 0 | AB26: =VLOOKUP(D26,CNT!C5:AL68,21,0) -> 0 | AC26: =CY26 -> 6000000 | AG26: =AC26/28/8*M26 -> 2681785.7 | AH26: =AC26/28/8*N26*1.5 -> 5488392.9 | AK26: =AC26/28/8*Q26*3 -> 0 | AL26: =VLOOKUP(D26,CNT!C5:AL68,18,0) -> 0 | AM26: =VLOOKUP(D26,CNT!C5:AL69,19,0) -> 0 | AN26: =VLOOKUP(D26,CNT!C5:AL68,24,0) -> 2200000 | AO26: =VLOOKUP(D26,CNT!C5:AL68,25,0) -> 1646299 | AP26: =VLOOKUP(D26,CNT!C5:AL68,26,0) -> 3005300 | AQ26: =VLOOKUP(D26,CNT!C5:AL68,27,0) -> 1470 | AR26: =VLOOKUP(D26,CNT!C5:AL68,28,0) -> 0 | AS26: =VLOOKUP(D26,CNT!C5:AL68,29,0) -> 0 | AU26: =VLOOKUP(D26,CNT!C5:AL68,22,0) -> 100000 | AV26: =VLOOKUP(D26,CNT!C5:AL68,23,0) -> 0 | BB26: =VLOOKUP(D26,CNT!C5:AL68,31,0) -> 0 | BC26: =VLOOKUP(D26,CNT!C5:AL68,32,0) -> 0 | BD26: =VLOOKUP(D26,CNT!C5:AL68,33,0) -> 0 | BE26: =VLOOKUP(D26,CNT!C5:AL68,34,0) -> 0 | BF26: =VLOOKUP(D26,CNT!C5:AL68,35,0) -> 0 | BH26: =SUM(AF26:BA26)-SUM(BB26:BG26)+T26 -> 15623248 | BI26: =S26*17.5% -> 929250 | BJ26: =S26*3% -> 159300 | BK26: =S26*1% -> 53100 | BM26: =SUM(BI26:BL26) -> 1141650 | BN26: =S26*8% -> 424800 | BO26: =S26*1.5% -> 79650 | BP26: =S26*1% -> 53100 | BR26: =SUM(BN26:BQ26) -> 557550 | BS26: =T26+U26+V26+W26 -> 500000 | BT26: =BH26-BS26 -> 15123248 | BU26: =IF(E26="HĐLĐ",15500000,0) -> 15500000 | BW26: =BV26*6200000 -> 0 | BX26: =BR26 -> 557550 | BY26: =BU26+BW26+BX26 -> 16057550 | BZ26: =IF(BT26-BY26>0,BT26-BY26,0) -> 0 | CA26: =IF(AND(OR($E26="HĐTV",$E26="HĐCTV"),$BZ26<2000000),0,IF(OR($E26="HĐTV",$E26="HĐCTV"),$BZ26*10%,ROUND(IF($BZ26<=10000000,$BZ26*5%,IF($BZ26<=30000000,$BZ26*10%-500000,IF($BZ26<=60000000,$BZ26*20%-3500000,IF($BZ26<=100000000,$BZ26*30%-9500000,$BZ26*35%-14500000)))),0))) -> 0 | CB26: =ROUND(BH26-BR26-CA26,0) -> 15065698 | CD26: =AW26+AX26 -> 0 | CE26: =CB26+CC26-CD26 -> 15065698 | CF26: =CE26-CG26 -> 0 | CG26: =CE26 -> 15065698 | CI26: =VLOOKUP($C26,[2]Sheet1!$C$5:$K$139,9,0) -> tai.phan@medigoapp.com | CJ26: =VLOOKUP(D26,CNT!C5:AL68,36,0) -> 0 | CK26: 4 | CL26: =VLOOKUP(D26,CNT!C5:AL68,15,0) -> 0 | CM26: 26 | CN26: 1 | CO26: 2026 | CP26: =IF((($CO$7-CO26)*12)+($CN$7-CN26)>=12,((($CO$7-CO26)*12)+($CN$7-CN26))-1,0) -> 0 | CQ26: =IF(CP26<12,(($CQ$7-CO26)*12)+($CP$7-CN26),0) -> 4 | CR26: =IF(OR(CP26>12,CP26=12),((CP26-(CS26*12))+((($CQ$7-2024)*12)+($CP$7-4)))+1,0) -> 0 | CS26: =IF(OR(CP26>12,CP26=12),ROUNDDOWN(CP26/12,0),0) -> 0 | CT26: =IF(CQ26>11,ROUNDDOWN(CQ26/12,0),0) -> 0 | CU26: =IF(CR26>11,ROUNDDOWN(CR26/12,0),0) -> 0 | CV26: =IF(CP26=0,0,6000000*1.07^CS26) -> 0 | CW26: =IF(CT26<2,0,6000000+(CT26-1)*500000) -> 0 | CX26: =IF(CU26=0,CV26,IF(CU26<1,0,CV26+CU26*500000)) -> 0 | CY26: 6000000 | DA26: =CJ26 -> 0 | DB26: =CZ26&";"&" "&DA26&";"&" "&DF26 -> ; 0; | DE26: =VLOOKUP($D26,'[4]Med Service'!$D$11:$DI$87,110,0) -> 0 | DF26: =VLOOKUP($D26,'[5]BẢNG LƯƠNG'!$C$3:$AH$102,32,0)
A27: =1+A26 -> 15 | B27: 6 | C27: Thai Thuy Linh | D27: Thái Thùy Linh | E27: =IF(OR(G27="CHT",G27="DSBC"),"HĐLĐ",IF(OR(G27="DSTV",G27="Q.CHT"),"HĐTV","HĐCTV")) -> HĐLĐ | F27: Minh Châu | G27: CHT | H27: 44644 | I27: 070077077837 | J27: Sacombank | K27: 28 | L27: =VLOOKUP(D27,CNT!C6:AL69,14,0) -> 28 | M27: =VLOOKUP(D27,CNT!C6:AL69,3,0) -> 207.82 | N27: =VLOOKUP(D27,CNT!C6:AL69,4,0) -> 37.1 | S27: =IF(E27="HĐLĐ",5310000,0) -> 5310000 | T27: =IF(500000/28*L27>500000,500000,500000/28*L27) -> 500000 | AA27: =VLOOKUP(D27,CNT!C6:AL69,20,0) -> 0 | AB27: =VLOOKUP(D27,CNT!C6:AL69,21,0) -> 0 | AC27: =CY27 -> 7869400 | AG27: =AC27/28/8*M27 -> 7300976.4 | AH27: =AC27/28/8*N27*1.5 -> 1955054.1 | AK27: =AC27/28/8*Q27*3 -> 0 | AL27: =VLOOKUP(D27,CNT!C6:AL69,18,0) -> 1000000 | AM27: =VLOOKUP(D27,CNT!C6:AL70,19,0) -> 0 | AN27: =VLOOKUP(D27,CNT!C6:AL69,24,0) -> 0 | AO27: =VLOOKUP(D27,CNT!C6:AL69,25,0) -> 1754898 | AP27: =VLOOKUP(D27,CNT!C6:AL69,26,0) -> 785900 | AQ27: =VLOOKUP(D27,CNT!C6:AL69,27,0) -> 18350 | AR27: =VLOOKUP(D27,CNT!C6:AL69,28,0) -> 0 | AS27: =VLOOKUP(D27,CNT!C6:AL69,29,0) -> 0 | AU27: =VLOOKUP(D27,CNT!C6:AL69,22,0) -> 0 | AV27: =VLOOKUP(D27,CNT!C6:AL69,23,0) -> 0 | BB27: =VLOOKUP(D27,CNT!C6:AL69,31,0) -> 68000 | BC27: =VLOOKUP(D27,CNT!C6:AL69,32,0) -> 100000 | BD27: =VLOOKUP(D27,CNT!C6:AL69,33,0) -> 0 | BE27: =VLOOKUP(D27,CNT!C6:AL69,34,0) -> 0 | BF27: =VLOOKUP(D27,CNT!C6:AL69,35,0) -> 0 | BH27: =SUM(AF27:BA27)-SUM(BB27:BG27)+T27 -> 13147178 | BI27: =S27*17.5% -> 929250 | BJ27: =S27*3% -> 159300 | BK27: =S27*1% -> 53100 | BM27: =SUM(BI27:BL27) -> 1141650 | BN27: =S27*8% -> 424800 | BO27: =S27*1.5% -> 79650 | BP27: =S27*1% -> 53100 | BR27: =SUM(BN27:BQ27) -> 557550 | BS27: =T27+U27+V27+W27 -> 500000 | BT27: =BH27-BS27 -> 12647178 | BU27: =IF(E27="HĐLĐ",15500000,0) -> 15500000 | BW27: =BV27*6200000 -> 0 | BX27: =BR27 -> 557550 | BY27: =BU27+BW27+BX27 -> 16057550 | BZ27: =IF(BT27-BY27>0,BT27-BY27,0) -> 0 | CA27: =IF(AND(OR(E27="HĐTV",E27="HĐCTV"),BZ27<2000000),0,IF(OR(E27="HĐTV",E27="HĐCTV"),BZ27*10%,ROUND(+IF(AND(BZ27>=0,BZ27<=5000000),BZ27*0.05,IF(AND(BZ27>5000000,BZ27<=10000000),BZ27*0.1-250000,IF(AND(BZ27>10000000,BZ27<=18000000),BZ27*0.15-750000,IF(AND(BZ27>18000000,BZ27<=32000000),BZ27*0.2-1650000,IF(AND(BZ27>32000000,BZ27<=52000000),BZ27*0.25-3250000,IF(AND(BZ27>52000000,BZ27<=80000000),BZ27*0.3-5850000,BZ27*0.35-9850000)))))),0))) -> 0 | CB27: =ROUND(BH27-BR27-CA27,0) -> 12589628 | CE27: =CB27+CC27-CD27 -> 12589628 | CF27: =CE27-CG27 -> 0 | CG27: =CE27 -> 12589628 | CI27: linh.thai@medigoapp.com | CJ27: =VLOOKUP(D27,CNT!C6:AL69,36,0) -> Vi phạm 1 sao trên Maps 24/06/2026 | CK27: 12 | CL27: =VLOOKUP(D27,CNT!C6:AL69,15,0) -> 2 | CM27: 24 | CN27: 3 | CO27: 2022 | CP27: =IF((($CO$7-CO27)*12)+($CN$7-CN27)>=12,((($CO$7-CO27)*12)+($CN$7-CN27))-1,0) -> 24 | CQ27: =IF(CP27<12,(($CQ$7-CO27)*12)+($CP$7-CN27),0) -> 0 | CR27: =IF(OR(CP27>12,CP27=12),((CP27-(CS27*12))+((($CQ$7-2024)*12)+($CP$7-4)))+1,0) -> 26 | CS27: =IF(OR(CP27>12,CP27=12),ROUNDDOWN(CP27/12,0),0) -> 2 | CT27: =IF(CQ27>11,ROUNDDOWN(CQ27/12,0),0) -> 0 | CU27: =IF(CR27>11,ROUNDDOWN(CR27/12,0),0) -> 2 | CV27: =IF(CP27=0,0,6000000*1.07^CS27) -> 6869400 | CW27: =IF(CT27<2,0,6000000+(CT27-1)*500000) -> 0 | CX27: =IF(CU27=0,CV27,IF(CU27<1,0,CV27+CU27*500000)) -> 7869400 | CY27: =IF(CX27>0,CX27,IF(CW27>0,CW27,6000000)) -> 7869400 | DA27: =CJ27 -> Vi phạm 1 sao trên Maps 24/06/2026 | DB27: =CZ27&";"&" "&DA27&";"&" "&DF27 -> ; Vi phạm 1 sao trên Maps 24/06/2026; Lệch doanh thu HD.BY98NJKV: 60.000đ | DD27: =VLOOKUP($D27,'[3]Tong hop'!$B$8:$Q$45,15,0) -> 0 | DE27: =VLOOKUP($D27,'[4]Med Service'!$D$11:$DI$87,110,0) -> 3028734 | DF27: =VLOOKUP($D27,'[5]BẢNG LƯƠNG'!$C$3:$AH$102,32,0) -> Lệch doanh thu HD.BY98NJKV: 60.000đ
A28: =1+A27 -> 16 | B28: 6 | C28: Trinh Thi Phuong | D28: Trịnh Thị Phượng | E28: =IF(OR(G28="CHT",G28="DSBC"),"HĐLĐ",IF(OR(G28="DSTV",G28="Q.CHT"),"HĐTV","HĐCTV")) -> HĐLĐ | F28: Minh Châu | G28: DSBC | H28: 45096 | I28: 10200014211025 | J28: Đông Nam Á (Seabank) | K28: 28 | L28: =VLOOKUP(D28,CNT!C7:AL70,14,0) -> 22 | M28: =VLOOKUP(D28,CNT!C7:AL70,3,0) -> 5.3 | N28: =VLOOKUP(D28,CNT!C7:AL70,4,0) -> 173 | S28: =IF(E28="HĐLĐ",5310000,0) -> 5310000 | T28: =IF(500000/28*L28>500000,500000,500000/28*L28) -> 392857.14 | AA28: =VLOOKUP(D28,CNT!C7:AL70,20,0) -> 0 | AB28: =VLOOKUP(D28,CNT!C7:AL70,21,0) -> 0 | AC28: =CY28 -> 6500000 | AG28: =AC28/28/8*M28 -> 153794.64 | AH28: =AC28/28/8*N28*1.5 -> 7530133.9 | AK28: =AC28/28/8*Q28*3 -> 0 | AL28: =VLOOKUP(D28,CNT!C7:AL70,18,0) -> 0 | AM28: =VLOOKUP(D28,CNT!C7:AL71,19,0) -> 0 | AN28: =VLOOKUP(D28,CNT!C7:AL70,24,0) -> 2200000 | AO28: =VLOOKUP(D28,CNT!C7:AL70,25,0) -> 1482156 | AP28: =VLOOKUP(D28,CNT!C7:AL70,26,0) -> 2808800 | AQ28: =VLOOKUP(D28,CNT!C7:AL70,27,0) -> 0 | AR28: =VLOOKUP(D28,CNT!C7:AL70,28,0) -> 0 | AS28: =VLOOKUP(D28,CNT!C7:AL70,29,0) -> 0 | AU28: =VLOOKUP(D28,CNT!C7:AL70,22,0) -> 370000 | AV28: =VLOOKUP(D28,CNT!C7:AL70,23,0) -> 0 | BB28: =VLOOKUP(D28,CNT!C7:AL70,31,0) -> 68000 | BC28: =VLOOKUP(D28,CNT!C7:AL70,32,0) -> 100000 | BD28: =VLOOKUP(D28,CNT!C7:AL70,33,0) -> 0 | BE28: =VLOOKUP(D28,CNT!C7:AL70,34,0) -> 0 | BF28: =VLOOKUP(D28,CNT!C7:AL70,35,0) -> 0 | BH28: =SUM(AF28:BA28)-SUM(BB28:BG28)+T28 -> 14769742 | BI28: =S28*17.5% -> 929250 | BJ28: =S28*3% -> 159300 | BK28: =S28*1% -> 53100 | BM28: =SUM(BI28:BL28) -> 1141650 | BN28: =S28*8% -> 424800 | BO28: =S28*1.5% -> 79650 | BP28: =S28*1% -> 53100 | BR28: =SUM(BN28:BQ28) -> 557550 | BS28: =T28+U28+V28+W28 -> 392857.14 | BT28: =BH28-BS28 -> 14376885 | BU28: =IF(E28="HĐLĐ",15500000,0) -> 15500000 | BV28: 1 | BW28: =BV28*6200000 -> 6200000 | BX28: =BR28 -> 557550 | BY28: =BU28+BW28+BX28 -> 22257550 | BZ28: =IF(BT28-BY28>0,BT28-BY28,0) -> 0 | CA28: =IF(AND(OR(E28="HĐTV",E28="HĐCTV"),BZ28<2000000),0,IF(OR(E28="HĐTV",E28="HĐCTV"),BZ28*10%,ROUND(+IF(AND(BZ28>=0,BZ28<=5000000),BZ28*0.05,IF(AND(BZ28>5000000,BZ28<=10000000),BZ28*0.1-250000,IF(AND(BZ28>10000000,BZ28<=18000000),BZ28*0.15-750000,IF(AND(BZ28>18000000,BZ28<=32000000),BZ28*0.2-1650000,IF(AND(BZ28>32000000,BZ28<=52000000),BZ28*0.25-3250000,IF(AND(BZ28>52000000,BZ28<=80000000),BZ28*0.3-5850000,BZ28*0.35-9850000)))))),0))) -> 0 | CB28: =ROUND(BH28-BR28-CA28,0) -> 14212192 | CD28: =AW28+AX28 -> 0 | CE28: =CB28+CC28-CD28 -> 14212192 | CF28: =CE28-CG28 -> 0 | CG28: =CE28 -> 14212192 | CI28: phuong.trinh@medigoapp.com | CJ28: =VLOOKUP(D28,CNT!C7:AL70,36,0) -> Không nhập HD lên kiot 20/06/2026 | CK28: 4 | CL28: =VLOOKUP(D28,CNT!C7:AL70,15,0) -> 2 | CM28: 19 | CN28: 6 | CO28: 2023 | CP28: =IF((($CO$7-CO28)*12)+($CN$7-CN28)>=12,((($CO$7-CO28)*12)+($CN$7-CN28))-1,0) -> 0 | CQ28: =IF(CP28<12,(($CQ$7-CO28)*12)+($CP$7-CN28),0) -> 35 | CR28: =IF(OR(CP28>12,CP28=12),((CP28-(CS28*12))+((($CQ$7-2024)*12)+($CP$7-4)))+1,0) -> 0 | CS28: =IF(OR(CP28>12,CP28=12),ROUNDDOWN(CP28/12,0),0) -> 0 | CT28: =IF(CQ28>11,ROUNDDOWN(CQ28/12,0),0) -> 2 | CU28: =IF(CR28>11,ROUNDDOWN(CR28/12,0),0) -> 0 | CV28: =IF(CP28=0,0,6000000*1.07^CS28) -> 0 | CW28: =IF(CT28<2,0,6000000+(CT28-1)*500000) -> 6500000 | CX28: =IF(CU28=0,CV28,IF(CU28<1,0,CV28+CU28*500000)) -> 0 | CY28: =IF(CX28>0,CX28,IF(CW28>0,CW28,6000000)) -> 6500000 | DA28: =CJ28 -> Không nhập HD lên kiot 20/06/2026 | DB28: =CZ28&";"&" "&DA28&";"&" "&DF28 -> ; Không nhập HD lên kiot 20/06/2026; | DE28: =VLOOKUP($D28,'[4]Med Service'!$D$11:$DI$87,110,0) -> 0 | DF28: =VLOOKUP($D28,'[5]BẢNG LƯƠNG'!$C$3:$AH$102,32,0)
K29: =SUM(K27:K28) -> 56 | L29: =SUM(L27:L28) -> 50 | M29: =SUM(M27:M28) -> 213.12 | N29: =SUM(N27:N28) -> 210.1 | O29: =SUM(O27:O28) -> 0 | P29: =SUM(P27:P28) -> 0 | Q29: =SUM(Q27:Q28) -> 0 | R29: =SUM(R27:R28) -> 0 | ... Z29: =SUM(Z27:Z28) -> 0 | AC29: =SUM(AC27:AC28) -> 14369400 | AD29: =SUM(AD27:AD28) -> 0 | AE29: =SUM(AE27:AE28) -> 0 | AF29: =SUM(AF27:AF28) -> 0 | AG29: =SUM(AG27:AG28) -> 7454771 | AH29: =SUM(AH27:AH28) -> 9485188 | AI29: =SUM(AI27:AI28) -> 0 | AJ29: =SUM(AJ27:AJ28) -> 0 | ... AT29: =SUM(AT27:AT28) -> 0 | AW29: =SUM(AW27:AW28) -> 0 | AX29: =SUM(AX27:AX28) -> 0 | AY29: =SUM(AY27:AY28) -> 0 | AZ29: =SUM(AZ27:AZ28) -> 0 | BA29: =SUM(BA27:BA28) -> 0 | BB29: =SUM(BB27:BB28) -> 136000 | BC29: =SUM(BC27:BC28) -> 200000 | BD29: =SUM(BD27:BD28) -> 0 | ... CI29: =SUM(CI27:CI28) -> 0 | CL29: =SUM(CL25:CL28) -> 4 | CP29: =SUM(CP27:CP28) -> 24 | CQ29: =SUM(CQ27:CQ28) -> 35 | CR29: =SUM(CR27:CR28) -> 26 | CS29: =SUM(CS27:CS28) -> 2 | CT29: =SUM(CT27:CT28) -> 2 | CU29: =SUM(CU27:CU28) -> 2 | CV29: =SUM(CV27:CV28) -> 6869400 | CW29: =SUM(CW27:CW28) -> 6500000 | ... DC29: =SUM(DC27:DC28) -> 0 | DE29: =VLOOKUP($D29,'[4]Med Service'!$D$11:$DI$87,110,0) -> 0
A30: 17 | B30: 6 | C30: Ha Ngan Khanh | D30: Hạ Ngân Khánh | E30: =IF(OR(G30="CHT",G30="DSBC"),"HĐLĐ",IF(OR(G30="DSTV",G30="Q.CHT"),"HĐTV","HĐCTV")) -> HĐLĐ | F30: Nam Hòa | G30: DSBC | H30: 23/06/2025 | I30: 109873777758 | J30: VietinBank | K30: 28 | L30: =VLOOKUP(D30,CNT!C20:AL24,14,0) -> 26 | M30: =VLOOKUP(D30,CNT!C20:AL24,3,0) -> 245.58 | N30: =VLOOKUP(D30,CNT!C20:AL24,4,0) -> 54.72 | S30: =IF(E30="HĐLĐ",5310000,0) -> 5310000 | T30: =IF(500000/28*L30>500000,500000,500000/28*L30) -> 464285.71 | AA30: =VLOOKUP(D30,CNT!C20:AL24,20,0) -> 0 | AB30: =VLOOKUP(D30,CNT!C20:AL24,21,0) -> 2000000 | AC30: =CY30 -> 6000000 | AG30: =AC30/28/8*M30 -> 6578035.7 | AH30: =AC30/28/8*N30*1.5 -> 2198571.4 | AL30: =VLOOKUP(D30,CNT!C20:AL24,18,0) -> 0 | AM30: =VLOOKUP(D30,CNT!C20:AL24,19,0) -> 0 | AN30: =VLOOKUP(D30,CNT!C20:AL24,24,0) -> 0 | AO30: =VLOOKUP(D30,CNT!C20:AL24,25,0) -> 0 | AP30: =VLOOKUP(D30,CNT!C20:AL24,26,0) -> 528100 | AQ30: =VLOOKUP(D30,CNT!C20:AL24,27,0) -> 53110 | AR30: =VLOOKUP(D30,CNT!C20:AL24,28,0) -> 0 | AS30: =VLOOKUP(D30,CNT!C20:AL24,29,0) -> 0 | AU30: =VLOOKUP(D30,CNT!C20:AL24,22,0) -> 0 | AV30: =VLOOKUP(D30,CNT!C20:AL24,23,0) -> 0 | BB30: =VLOOKUP(D30,CNT!C20:AL24,31,0) -> 86600 | BC30: =VLOOKUP(D30,CNT!C20:AL24,32,0) -> 20000 | BD30: =VLOOKUP(D30,CNT!C20:AL24,33,0) -> 0 | BE30: =VLOOKUP(D30,CNT!C20:AL24,34,0) -> 0 | BF30: =VLOOKUP(D30,CNT!C20:AL24,35,0) -> 0 | BH30: =SUM(AF30:BA30)-SUM(BB30:BG30)+T30 -> 9715502.9 | BI30: =S30*17.5% -> 929250 | BJ30: =S30*3% -> 159300 | BK30: =S30*1% -> 53100 | BM30: =SUM(BI30:BL30) -> 1141650 | BN30: =S30*8% -> 424800 | BO30: =S30*1.5% -> 79650 | BP30: =S30*1% -> 53100 | BR30: =SUM(BN30:BQ30) -> 557550 | BS30: =T30+U30+V30+W30 -> 464285.71 | BT30: =BH30-BS30 -> 9251217.1 | BU30: =IF(E30="HĐLĐ",15500000,0) -> 15500000 | BW30: =BV30*6200000 -> 0 | BX30: =BR30 -> 557550 | BY30: =BU30+BW30+BX30 -> 16057550 | BZ30: =IF(BT30-BY30>0,BT30-BY30,0) -> 0 | CA30: =IF(AND(OR($E30="HĐTV",$E30="HĐCTV"),$BZ30<2000000),0,IF(OR($E30="HĐTV",$E30="HĐCTV"),$BZ30*10%,ROUND(IF($BZ30<=10000000,$BZ30*5%,IF($BZ30<=30000000,$BZ30*10%-500000,IF($BZ30<=60000000,$BZ30*20%-3500000,IF($BZ30<=100000000,$BZ30*30%-9500000,$BZ30*35%-14500000)))),0))) -> 0 | CB30: =ROUND(BH30-BR30-CA30,0) -> 9157953 | CE30: =CB30+CC30-CD30 -> 9157953 | CF30: =CE30-CG30 -> 0 | CG30: =CE30 -> 9157953 | CI30: khanh.ha@medigoapp.com | CJ30: =VLOOKUP(D30,CNT!C20:AL24,36,0) -> Thiếu quy trình bán hàng HD1103541 08/06/2026, Vi phạm checklist 27/06/2026 | CK30: 9 | CL30: =VLOOKUP(D30,CNT!C20:AL24,15,0) -> 0 | CM30: 23 | CN30: 6 | CO30: 2025 | CP30: =IF((($CO$7-CO30)*12)+($CN$7-CN30)>=12,((($CO$7-CO30)*12)+($CN$7-CN30))-1,0) -> 0 | CQ30: =IF(CP30<12,(($CQ$7-CO30)*12)+($CP$7-CN30),0) -> 11 | CR30: =IF(OR(CP30>12,CP30=12),((CP30-(CS30*12))+((($CQ$7-2024)*12)+($CP$7-4)))+1,0) -> 0 | CS30: =IF(OR(CP30>12,CP30=12),ROUNDDOWN(CP30/12,0),0) -> 0 | CT30: =IF(CQ30>11,ROUNDDOWN(CQ30/12,0),0) -> 0 | CU30: =IF(CR30>11,ROUNDDOWN(CR30/12,0),0) -> 0 | CV30: =IF(CP30=0,0,6000000*1.07^CS30) -> 0 | CW30: =IF(CT30<2,0,6000000+(CT30-1)*500000) -> 0 | CX30: =IF(CU30=0,CV30,IF(CU30<1,0,CV30+CU30*500000)) -> 0 | CY30: =IF(CX30>0,CX30,IF(CW30>0,CW30,6000000)) -> 6000000 | DA30: =CJ30 -> Thiếu quy trình bán hàng HD1103541 08/06/2026, Vi phạm checklist 27/06/2026 | DB30: =CZ30&";"&" "&DA30&";"&" "&DF30 -> ; Thiếu quy trình bán hàng HD1103541 08/06/2026, Vi phạm checklist 27/06/2026; | DE30: =VLOOKUP($D30,'[4]Med Service'!$D$11:$DI$87,110,0) -> 0 | DF30: =VLOOKUP($D30,'[5]BẢNG LƯƠNG'!$C$3:$AH$102,32,0)
A31: =1+A30 -> 18 | B31: 6 | C31: Nguyen Tri Nghia | D31: Nguyễn Trí Nghĩa | E31: =IF(OR(G31="CHT",G31="DSBC"),"HĐLĐ",IF(OR(G31="DSTV",G31="Q.CHT"),"HĐTV","HĐCTV")) -> HĐLĐ | F31: Nam Hòa | G31: DSBC | H31: 45439 | I31: 0251002787705 | J31: Vietcombank | K31: 28 | L31: =VLOOKUP(D31,CNT!C21:AL25,14,0) -> 16 | M31: =VLOOKUP(D31,CNT!C21:AL25,3,0) -> 79.38 | N31: =VLOOKUP(D31,CNT!C5:AL68,4,0) -> 41.22 | S31: =IF(E31="HĐLĐ",5310000,0) -> 5310000 | T31: =IF(500000/28*L31*L40*L48>500000,500000,500000/28*L31) -> 500000 | AA31: =VLOOKUP(D31,CNT!C21:AL25,20,0) -> 1000000 | AB31: =VLOOKUP(D31,CNT!C21:AL25,21,0) -> 2000000 | AC31: =CY31 -> 6500000 | AG31: =AC31/28/8*M31 -> 2303437.5 | AH31: =AC31/28/8*N31*1.5 -> 1794174.1 | AK31: =AC31/28/8*Q31*3 -> 0 | AL31: =VLOOKUP(D31,CNT!C21:AL25,18,0) -> 0 | AM31: =VLOOKUP(D31,CNT!C21:AL25,19,0) -> 0 | AN31: =VLOOKUP(D31,CNT!C21:AL25,24,0) -> 0 | AO31: =VLOOKUP(D31,CNT!C21:AL25,25,0) -> 0 | AP31: =VLOOKUP(D31,CNT!C21:AL25,26,0) -> 0 | AQ31: =VLOOKUP(D31,CNT!C21:AL25,27,0) -> 0 | AR31: =VLOOKUP(D31,CNT!C21:AL25,28,0) -> 0 | AS31: =VLOOKUP(D31,CNT!C21:AL25,29,0) -> 0 | AU31: =VLOOKUP(D31,CNT!C21:AL25,22,0) -> 0 | AV31: =VLOOKUP(D31,CNT!C21:AL25,23,0) -> 0 | BB31: =VLOOKUP(D31,CNT!C21:AL25,31,0) -> 0 | BC31: =VLOOKUP(D31,CNT!C21:AL25,32,0) -> 0 | BD31: =VLOOKUP(D31,CNT!C21:AL25,33,0) -> 0 | BE31: =VLOOKUP(D31,CNT!C21:AL25,34,0) -> 0 | BF31: =VLOOKUP(D31,CNT!C21:AL25,35,0) -> 0 | BH31: =SUM(AF31:BA31)-SUM(BB31:BG31)+T31 -> 4597611.6 | BR31: =SUM(BN31:BQ31) -> 0 | BS31: =T31+U31+V31+W31 -> 500000 | BT31: =BH31-BS31 -> 4097611.6 | BU31: =IF(E31="HĐLĐ",15500000,0) -> 15500000 | BW31: =BV31*6200000 -> 0 | BX31: =BR31 -> 0 | BY31: =BU31+BW31+BX31 -> 15500000 | BZ31: =IF(BT31-BY31>0,BT31-BY31,0) -> 0 | CA31: =IF(AND(OR($E31="HĐTV",$E31="HĐCTV"),$BZ31<2000000),0,IF(OR($E31="HĐTV",$E31="HĐCTV"),$BZ31*10%,ROUND(IF($BZ31<=10000000,$BZ31*5%,IF($BZ31<=30000000,$BZ31*10%-500000,IF($BZ31<=60000000,$BZ31*20%-3500000,IF($BZ31<=100000000,$BZ31*30%-9500000,$BZ31*35%-14500000)))),0))) -> 0 | CB31: =ROUND(BH31-BR31-CA31,0) -> 4597612 | CD31: 6000000 | CE31: =CB31+CC31-CD31 -> -1402388 | CF31: =CE31-CG31 -> 0 | CG31: =CE31 -> -1402388 | CI31: tringhia.nguyen@medigoapp.com | CJ31: =VLOOKUP(D31,CNT!C21:AL25,36,0) -> 0 | CK31: 5 | CL31: =VLOOKUP(D31,CNT!C21:AL25,15,0) -> 0 | CM31: 27 | CN31: 5 | CO31: 2024 | CP31: =IF((($CO$7-CO31)*12)+($CN$7-CN31)>=12,((($CO$7-CO31)*12)+($CN$7-CN31))-1,0) -> 0 | CQ31: =IF(CP31<12,(($CQ$7-CO31)*12)+($CP$7-CN31),0) -> 24 | CR31: =IF(OR(CP31>12,CP31=12),((CP31-(CS31*12))+((($CQ$7-2024)*12)+($CP$7-4)))+1,0) -> 0 | CS31: =IF(OR(CP31>12,CP31=12),ROUNDDOWN(CP31/12,0),0) -> 0 | CT31: =IF(CQ31>11,ROUNDDOWN(CQ31/12,0),0) -> 2 | CU31: =IF(CR31>11,ROUNDDOWN(CR31/12,0),0) -> 0 | CV31: =IF(CP31=0,0,6000000*1.07^CS31) -> 0 | CW31: =IF(CT31<2,0,6000000+(CT31-1)*500000) -> 6500000 | CX31: =IF(CU31=0,CV31,IF(CU31<1,0,CV31+CU31*500000)) -> 0 | CY31: =IF(CX31>0,CX31,IF(CW31>0,CW31,6000000)) -> 6500000 | DA31: =CJ31 -> 0 | DB31: =CZ31&";"&" "&DA31&";"&" "&DF31 -> ; 0; | DE31: =VLOOKUP($D31,'[4]Med Service'!$D$11:$DI$87,110,0) -> 0 | DF31: =VLOOKUP($D31,'[5]BẢNG LƯƠNG'!$C$3:$AH$102,32,0)
A32: =1+A31 -> 19 | B32: 6 | C32: Phan Cong Vu Tai | D32: Phan Công Vũ Tài | E32: =IF(OR(G32="CHT",G32="DSBC"),"HĐLĐ",IF(OR(G32="DSTV",G32="Q.CHT"),"HĐTV","HĐCTV")) -> HĐLĐ | F32: Nam Hòa | G32: DSBC | H32: 26/01/2026 | I32: 02446989901 | J32: Tp Bank | K32: 28 | L32: =VLOOKUP(D32,CNT!C22:AL26,14,0) -> 15 | M32: =VLOOKUP(D32,CNT!C22:AL26,3,0) -> 97.52 | N32: =VLOOKUP(D32,CNT!C6:AL69,4,0) -> 136.6 | S32: =IF(E32="HĐLĐ",5310000,0) -> 5310000 | AA32: =VLOOKUP(D32,CNT!C22:AL26,20,0) -> 1000000 | AB32: =VLOOKUP(D32,CNT!C22:AL26,21,0) -> 2000000 | AC32: =CY32 -> 6000000 | AG32: =AC32/28/8*M32 -> 2612142.9 | AH32: =AC32/28/8*N32*1.5 -> 5488392.9 | AL32: =VLOOKUP(D32,CNT!C22:AL26,18,0) -> 0 | AM32: =VLOOKUP(D32,CNT!C22:AL26,19,0) -> 0 | AN32: =VLOOKUP(D32,CNT!C22:AL26,24,0) -> 2200000 | AO32: =VLOOKUP(D32,CNT!C22:AL26,25,0) -> 0 | AP32: =VLOOKUP(D32,CNT!C22:AL26,26,0) -> 0 | AQ32: =VLOOKUP(D32,CNT!C22:AL26,27,0) -> 0 | AR32: =VLOOKUP(D32,CNT!C22:AL26,28,0) -> 0 | AS32: =VLOOKUP(D32,CNT!C22:AL26,29,0) -> 0 | AU32: =VLOOKUP(D32,CNT!C22:AL26,22,0) -> 0 | AV32: =VLOOKUP(D32,CNT!C22:AL26,23,0) -> 0 | BB32: =VLOOKUP(D32,CNT!C22:AL26,31,0) -> 0 | BC32: =VLOOKUP(D32,CNT!C22:AL26,32,0) -> 0 | BD32: =VLOOKUP(D32,CNT!C22:AL26,33,0) -> 0 | BE32: =VLOOKUP(D32,CNT!C22:AL26,34,0) -> 0 | BF32: =VLOOKUP(D32,CNT!C22:AL26,35,0) -> 0 | BH32: =SUM(AF32:BA32)-SUM(BB32:BG32)+T32 -> 10300536 | BR32: =SUM(BN32:BQ32) -> 0 | BS32: =T32+U32+V32+W32 -> 0 | BT32: =BH32-BS32 -> 10300536 | BU32: =IF(E32="HĐLĐ",15500000,0) -> 15500000 | BW32: =BV32*6200000 -> 0 | BX32: =BR32 -> 0 | BY32: =BU32+BW32+BX32 -> 15500000 | BZ32: =IF(BT32-BY32>0,BT32-BY32,0) -> 0 | CA32: =IF(AND(OR($E32="HĐTV",$E32="HĐCTV"),$BZ32<2000000),0,IF(OR($E32="HĐTV",$E32="HĐCTV"),$BZ32*10%,ROUND(IF($BZ32<=10000000,$BZ32*5%,IF($BZ32<=30000000,$BZ32*10%-500000,IF($BZ32<=60000000,$BZ32*20%-3500000,IF($BZ32<=100000000,$BZ32*30%-9500000,$BZ32*35%-14500000)))),0))) -> 0 | CB32: =ROUND(BH32-BR32-CA32,0) -> 10300536 | CE32: =CB32+CC32-CD32 -> 10300536 | CF32: =CE32-CG32 -> 0 | CG32: =CE32 -> 10300536 | CI32: =VLOOKUP($C32,[2]Sheet1!$C$5:$K$139,9,0) -> tai.phan@medigoapp.com | CJ32: =VLOOKUP(D32,CNT!C22:AL26,36,0) -> 0 | CK32: 4 | CL32: =VLOOKUP(D32,CNT!C22:AL26,15,0) -> 0 | CM32: 26 | CN32: 1 | CO32: 2026 | CP32: =IF((($CO$7-CO32)*12)+($CN$7-CN32)>=12,((($CO$7-CO32)*12)+($CN$7-CN32))-1,0) -> 0 | CQ32: =IF(CP32<12,(($CQ$7-CO32)*12)+($CP$7-CN32),0) -> 4 | CR32: =IF(OR(CP32>12,CP32=12),((CP32-(CS32*12))+((($CQ$7-2024)*12)+($CP$7-4)))+1,0) -> 0 | CS32: =IF(OR(CP32>12,CP32=12),ROUNDDOWN(CP32/12,0),0) -> 0 | CT32: =IF(CQ32>11,ROUNDDOWN(CQ32/12,0),0) -> 0 | CU32: =IF(CR32>11,ROUNDDOWN(CR32/12,0),0) -> 0 | CV32: =IF(CP32=0,0,6000000*1.07^CS32) -> 0 | CW32: =IF(CT32<2,0,6000000+(CT32-1)*500000) -> 0 | CX32: =IF(CU32=0,CV32,IF(CU32<1,0,CV32+CU32*500000)) -> 0 | CY32: 6000000 | DA32: =CJ32 -> 0 | DB32: =CZ32&";"&" "&DA32&";"&" "&DF32 -> ; 0; | DE32: =VLOOKUP($D32,'[4]Med Service'!$D$11:$DI$87,110,0) -> 0 | DF32: =VLOOKUP($D32,'[5]BẢNG LƯƠNG'!$C$3:$AH$102,32,0)
A33: =1+A32 -> 20 | B33: 6 | C33: Tran Thi Anh Nguyet | D33: Trần Thị Ánh Nguyệt | E33: =IF(OR(G33="CHT",G33="DSBC"),"HĐLĐ",IF(OR(G33="DSTV",G33="Q.CHT"),"HĐTV","HĐCTV")) -> HĐLĐ | F33: Nam Hòa | G33: DSBC | H33: 13/3/2026 | I33: 19035042801010 | J33: techcombank - chi nhánh Bình Đăng | K33: 28 | L33: =VLOOKUP(D33,CNT!C23:AL27,14,0) -> 28 | M33: =VLOOKUP(D33,CNT!C23:AL27,3,0) -> 38.47 | N33: =VLOOKUP(D33,CNT!C7:AL70,4,0) -> 224.87 | S33: =IF(E33="HĐLĐ",5310000,0) -> 5310000 | T33: =IF(500000/28*L33>500000,500000,500000/28*L33) -> 500000 | AA33: =VLOOKUP(D33,CNT!C23:AL27,20,0) -> 0 | AB33: =VLOOKUP(D33,CNT!C23:AL27,21,0) -> 0 | AC33: =CY33 -> 6000000 | AG33: =AC33/28/8*M33 -> 1030446.4 | AH33: =AC33/28/8*N33*1.5 -> 9034955.4 | AL33: =VLOOKUP(D33,CNT!C23:AL27,18,0) -> 0 | AM33: =VLOOKUP(D33,CNT!C23:AL27,19,0) -> 0 | AN33: =VLOOKUP(D33,CNT!C23:AL27,24,0) -> 1000000 | AO33: =VLOOKUP(D33,CNT!C23:AL27,25,0) -> 809111 | AP33: =VLOOKUP(D33,CNT!C23:AL27,26,0) -> 2143900 | AQ33: =VLOOKUP(D33,CNT!C23:AL27,27,0) -> 32195 | AR33: =VLOOKUP(D33,CNT!C23:AL27,28,0) -> 0 | AS33: =VLOOKUP(D33,CNT!C23:AL27,29,0) -> 400000 | AU33: =VLOOKUP(D33,CNT!C23:AL27,22,0) -> 0 | AV33: =VLOOKUP(D33,CNT!C23:AL27,23,0) -> 0 | BB33: =VLOOKUP(D33,CNT!C23:AL27,31,0) -> 86600 | BC33: =VLOOKUP(D33,CNT!C23:AL27,32,0) -> 0 | BD33: =VLOOKUP(D33,CNT!C23:AL27,33,0) -> 0 | BE33: =VLOOKUP(D33,CNT!C23:AL27,34,0) -> 0 | BF33: =VLOOKUP(D33,CNT!C23:AL27,35,0) -> 0 | BH33: =SUM(AF33:BA33)-SUM(BB33:BG33)+T33 -> 14864008 | BI33: =S33*17.5% -> 929250 | BJ33: =S33*3% -> 159300 | BK33: =S33*1% -> 53100 | BM33: =SUM(BI33:BL33) -> 1141650 | BN33: =S33*8% -> 424800 | BO33: =S33*1.5% -> 79650 | BP33: =S33*1% -> 53100 | BR33: =SUM(BN33:BQ33) -> 557550 | BS33: =T33+U33+V33+W33 -> 500000 | BT33: =BH33-BS33 -> 14364008 | BU33: =IF(E33="HĐLĐ",15500000,0) -> 15500000 | BW33: =BV33*6200000 -> 0 | BX33: =BR33 -> 557550 | BY33: =BU33+BW33+BX33 -> 16057550 | BZ33: =IF(BT33-BY33>0,BT33-BY33,0) -> 0 | CA33: =IF(AND(OR($E33="HĐTV",$E33="HĐCTV"),$BZ33<2000000),0,IF(OR($E33="HĐTV",$E33="HĐCTV"),$BZ33*10%,ROUND(IF($BZ33<=10000000,$BZ33*5%,IF($BZ33<=30000000,$BZ33*10%-500000,IF($BZ33<=60000000,$BZ33*20%-3500000,IF($BZ33<=100000000,$BZ33*30%-9500000,$BZ33*35%-14500000)))),0))) -> 0 | CB33: =ROUND(BH33-BR33-CA33,0) -> 14306458 | CE33: =CB33+CC33-CD33 -> 14306458 | CF33: =CE33-CG33 -> 0 | CG33: =CE33 -> 14306458 | CI33: =VLOOKUP($C33,[2]Sheet1!$C$5:$K$139,9,0) -> nguyet.tran@medigoapp.com | CJ33: =VLOOKUP(D33,CNT!C23:AL27,36,0) -> 0 | CK33: 2 | CL33: =VLOOKUP(D33,CNT!C23:AL27,15,0) -> 2 | CM33: 13 | CN33: 3 | CO33: 2026 | CP33: =IF((($CO$7-CO33)*12)+($CN$7-CN33)>=12,((($CO$7-CO33)*12)+($CN$7-CN33))-1,0) -> 0 | CQ33: =IF(CP33<12,(($CQ$7-CO33)*12)+($CP$7-CN33),0) -> 2 | CR33: =IF(OR(CP33>12,CP33=12),((CP33-(CS33*12))+((($CQ$7-2024)*12)+($CP$7-4)))+1,0) -> 0 | CS33: =IF(OR(CP33>12,CP33=12),ROUNDDOWN(CP33/12,0),0) -> 0 | CT33: =IF(CQ33>11,ROUNDDOWN(CQ33/12,0),0) -> 0 | CU33: =IF(CR33>11,ROUNDDOWN(CR33/12,0),0) -> 0 | CV33: =IF(CP33=0,0,6000000*1.07^CS33) -> 0 | CW33: =IF(CT33<2,0,6000000+(CT33-1)*500000) -> 0 | CX33: =IF(CU33=0,CV33,IF(CU33<1,0,CV33+CU33*500000)) -> 0 | CY33: 6000000 | DA33: =CJ33 -> 0 | DB33: =CZ33&";"&" "&DA33&";"&" "&DF33 -> ; 0; | DE33: =VLOOKUP($D33,'[4]Med Service'!$D$11:$DI$87,110,0) -> 0 | DF33: =VLOOKUP($D33,'[5]BẢNG LƯƠNG'!$C$3:$AH$102,32,0)
A34: =1+A33 -> 21 | B34: 6 | C34: Do Thi Thu Huong | D34: Đỗ Thị Thu Hương | E34: =IF(OR(G34="CHT",G34="DSBC"),"HĐLĐ",IF(OR(G34="DSTV",G34="Q.CHT"),"HĐTV","HĐCTV")) -> HĐLĐ | F34: Nam Hòa | G34: DSBC | H34: 19/08/2025 | I34: 9903670079 | J34: Vietcombank | K34: 28 | L34: =VLOOKUP(D34,CNT!C24:AL28,14,0) -> 10 | M34: =VLOOKUP(D34,CNT!C24:AL28,3,0) -> 0 | N34: =VLOOKUP(D34,CNT!C8:AL71,4,0) -> 72.43 | S34: =IF(E34="HĐLĐ",5310000,0) -> 5310000 | T34: =IF(500000/28*L34>500000,500000,500000/28*L34) -> 178571.43 | AA34: =VLOOKUP(D34,CNT!C24:AL28,20,0) -> 0 | AB34: =VLOOKUP(D34,CNT!C24:AL28,21,0) -> 0 | AC34: =CY34 -> 6000000 | AG34: =AC34/28/8*M34 -> 0 | AH34: =AC34/28/8*N34*1.5 -> 2910133.9 | AL34: =VLOOKUP(D34,CNT!C24:AL28,18,0) -> 0 | AM34: =VLOOKUP(D34,CNT!C24:AL28,19,0) -> 0 | AN34: =VLOOKUP(D34,CNT!C24:AL28,24,0) -> 0 | AO34: =VLOOKUP(D34,CNT!C24:AL28,25,0) -> 0 | AP34: =VLOOKUP(D34,CNT!C24:AL28,26,0) -> 272430 | AQ34: =VLOOKUP(D34,CNT!C24:AL28,27,0) -> 1200 | AR34: =VLOOKUP(D34,CNT!C24:AL28,28,0) -> 0 | AS34: =VLOOKUP(D34,CNT!C24:AL28,29,0) -> 100000 | AU34: =VLOOKUP(D34,CNT!C24:AL28,22,0) -> 0 | AV34: =VLOOKUP(D34,CNT!C24:AL28,23,0) -> 0 | BB34: =VLOOKUP(D34,CNT!C24:AL28,31,0) -> 86600 | BC34: =VLOOKUP(D34,CNT!C24:AL28,32,0) -> 0 | BD34: =VLOOKUP(D34,CNT!C24:AL28,33,0) -> 0 | BE34: =VLOOKUP(D34,CNT!C24:AL28,34,0) -> 0 | BF34: =VLOOKUP(D34,CNT!C24:AL28,35,0) -> 0 | BH34: =SUM(AF34:BA34)-SUM(BB34:BG34)+T34 -> 3375735.4 | BI34: =S34*17.5% -> 929250 | BJ34: =S34*3% -> 159300 | BK34: =S34*1% -> 53100 | BM34: =SUM(BI34:BL34) -> 1141650 | BN34: =S34*8% -> 424800 | BO34: =S34*1.5% -> 79650 | BP34: =S34*1% -> 53100 | BR34: =SUM(BN34:BQ34) -> 557550 | BS34: =T34+U34+V34+W34 -> 178571.43 | BT34: =BH34-BS34 -> 3197163.9 | BU34: =IF(E34="HĐLĐ",15500000,0) -> 15500000 | BW34: =BV34*6200000 -> 0 | BX34: =BR34 -> 557550 | BY34: =BU34+BW34+BX34 -> 16057550 | BZ34: =IF(BT34-BY34>0,BT34-BY34,0) -> 0 | CA34: =IF(AND(OR($E34="HĐTV",$E34="HĐCTV"),$BZ34<2000000),0,IF(OR($E34="HĐTV",$E34="HĐCTV"),$BZ34*10%,ROUND(IF($BZ34<=10000000,$BZ34*5%,IF($BZ34<=30000000,$BZ34*10%-500000,IF($BZ34<=60000000,$BZ34*20%-3500000,IF($BZ34<=100000000,$BZ34*30%-9500000,$BZ34*35%-14500000)))),0))) -> 0 | CB34: =ROUND(BH34-BR34-CA34,0) -> 2818185 | CE34: =CB34+CC34-CD34 -> 2818185 | CF34: =CE34-CG34 -> 0 | CG34: =CE34 -> 2818185 | CI34: =VLOOKUP($C34,[2]Sheet1!$C$5:$K$139,9,0) -> huong.do@medigoapp.com | CJ34: =VLOOKUP(D34,CNT!C24:AL28,36,0) -> 0 | CK34: 7 | CL34: =VLOOKUP(D34,CNT!C24:AL28,15,0) -> 0 | CM34: 19 | CN34: 8 | CO34: 2025 | CP34: =IF((($CO$7-CO34)*12)+($CN$7-CN34)>=12,((($CO$7-CO34)*12)+($CN$7-CN34))-1,0) -> 0 | CQ34: =IF(CP34<12,(($CQ$7-CO34)*12)+($CP$7-CN34),0) -> 9 | CR34: =IF(OR(CP34>12,CP34=12),((CP34-(CS34*12))+((($CQ$7-2024)*12)+($CP$7-4)))+1,0) -> 0 | CS34: =IF(OR(CP34>12,CP34=12),ROUNDDOWN(CP34/12,0),0) -> 0 | CT34: =IF(CQ34>11,ROUNDDOWN(CQ34/12,0),0) -> 0 | CU34: =IF(CR34>11,ROUNDDOWN(CR34/12,0),0) -> 0 | CV34: =IF(CP34=0,0,6000000*1.07^CS34) -> 0 | CW34: =IF(CT34<2,0,6000000+(CT34-1)*500000) -> 0 | CX34: =IF(CU34=0,CV34,IF(CU34<1,0,CV34+CU34*500000)) -> 0 | CY34: =IF(CX34>0,CX34,IF(CW34>0,CW34,6000000)) -> 6000000 | DA34: =CJ34 -> 0 | DB34: =CZ34&";"&" "&DA34&";"&" "&DF34 -> ; 0; Nghỉ ngơi quá thời gian quy định 21/05/2026: 10.000đ Vào ca trễ 27/05/2026: 10.000đ Lệch doanh thu HD.B1G915ZV:175.000đ | DE34: =VLOOKUP($D34,'[4]Med Service'!$D$11:$DI$87,110,0) -> 1071428 | DF34: =VLOOKUP($D34,'[5]BẢNG LƯƠNG'!$C$3:$AH$102,32,0) -> Nghỉ ngơi quá thời gian quy định 21/05/2026: 10.000đ Vào ca trễ 27/05/2026: 10.000đ Lệch doanh thu HD.B1G915ZV:175.000đ
K35: =SUM(K34:K34) -> 28 | L35: =SUM(L34:L34) -> 10 | M35: =SUM(M34:M34) -> 0 | N35: =SUM(N34:N34) -> 72.43 | O35: =SUM(O34:O34) -> 0 | P35: =SUM(P34:P34) -> 0 | Q35: =SUM(Q34:Q34) -> 0 | R35: =SUM(R34:R34) -> 0 | ... Z35: =SUM(Z34:Z34) -> 0 | AC35: =SUM(AC34:AC34) -> 6000000 | AD35: =SUM(AD34:AD34) -> 0 | AE35: =SUM(AE34:AE34) -> 0 | AF35: =SUM(AF34:AF34) -> 0 | AG35: =SUM(AG34:AG34) -> 0 | AH35: =SUM(AH34:AH34) -> 2910133.9 | AI35: =SUM(AI34:AI34) -> 0 | AJ35: =SUM(AJ34:AJ34) -> 0 | ... AT35: =SUM(AT34:AT34) -> 0 | AW35: =SUM(AW34:AW34) -> 0 | AX35: =SUM(AX34:AX34) -> 0 | AY35: =SUM(AY34:AY34) -> 0 | AZ35: =SUM(AZ34:AZ34) -> 0 | BA35: =SUM(BA34:BA34) -> 0 | BB35: =SUM(BB34:BB34) -> 86600 | BC35: =SUM(BC34:BC34) -> 0 | BD35: =SUM(BD34:BD34) -> 0 | ... CA35: =SUM(CA34:CA34) -> 0 | CB35: =SUM(CB30:CB34) -> 41180744 | CC35: =SUM(CC34:CC34) -> 0 | CD35: =SUM(CD34:CD34) -> 0 | CE35: =SUM(CE30:CE34) -> 35180744 | CF35: =SUM(CF34:CF34) -> 0 | CG35: =SUM(CG30:CG34) -> 35180744 | CH35: =SUM(CH34:CH34) -> 0 | CI35: =SUM(CI34:CI34) -> 0 | CL35: =SUM(CL30:CL34) -> 2 | CP35: =SUM(CP34:CP34) -> 0 | CQ35: =SUM(CQ34:CQ34) -> 9 | CR35: =SUM(CR34:CR34) -> 0 | CS35: =SUM(CS34:CS34) -> 0 | CT35: =SUM(CT34:CT34) -> 0 | CU35: =SUM(CU34:CU34) -> 0 | CV35: =SUM(CV34:CV34) -> 0 | CW35: =SUM(CW34:CW34) -> 0 | ... DC35: =SUM(DC34:DC34) -> 0 | DE35: =VLOOKUP($D35,'[4]Med Service'!$D$11:$DI$87,110,0) -> 0
A36: 22 | B36: 6 | C36: Ha Ngan Khanh | D36: Hạ Ngân Khánh | E36: =IF(OR(G36="CHT",G36="DSBC"),"HĐLĐ",IF(OR(G36="DSTV",G36="Q.CHT"),"HĐTV","HĐCTV")) -> HĐLĐ | F36: Nguyễn Chí Thanh | G36: DSBC | H36: 23/06/2025 | I36: 109873777758 | J36: VietinBank | K36: 28 | L36: =VLOOKUP(D36,CNT!C25:AL33,14,0) -> 1 | M36: =VLOOKUP(D36,CNT!C25:AL33,3,0) -> 0 | N36: =VLOOKUP(D36,CNT!C25:AL33,4,0) -> 6.2 | S36: =IF(E36="HĐLĐ",5310000,0) -> 5310000 | T36: =IF(500000/28*(L36+L42)>500000,500000,500000/28*L36) -> 17857.143 | AA36: =VLOOKUP(D36,CNT!C25:AL33,20,0) -> 0 | AB36: =VLOOKUP(D36,CNT!C25:AL33,21,0) -> 0 | AC36: =CY36 -> 6000000 | AG36: =AC36/28/8*M36 -> 0 | AH36: =AC36/28/8*N36*1.5 -> 249107.14 | AL36: =VLOOKUP(D36,CNT!C25:AL33,18,0) -> 0 | AM36: =VLOOKUP(D36,CNT!C25:AL33,19,0) -> 0 | AN36: =VLOOKUP(D36,CNT!C25:AL33,24,0) -> 0 | AO36: =VLOOKUP(D36,CNT!C25:AL33,25,0) -> 0 | AP36: =VLOOKUP(D36,CNT!C25:AL33,26,0) -> 0 | AQ36: =VLOOKUP(D36,CNT!C25:AL33,27,0) -> 0 | AR36: =VLOOKUP(D36,CNT!C25:AL33,28,0) -> 0 | AS36: =VLOOKUP(D36,CNT!C25:AL33,29,0) -> 0 | AU36: =VLOOKUP(D36,CNT!C25:AL33,22,0) -> 0 | AV36: =VLOOKUP(D36,CNT!C25:AL33,23,0) -> 0 | BB36: =VLOOKUP(D36,CNT!C25:AL33,31,0) -> 0 | BC36: =VLOOKUP(D36,CNT!C25:AL33,32,0) -> 0 | BD36: =VLOOKUP(D36,CNT!C25:AL33,33,0) -> 0 | BE36: =VLOOKUP(D36,CNT!C25:AL33,34,0) -> 0 | BF36: =VLOOKUP(D36,CNT!C25:AL33,35,0) -> 0 | BH36: =SUM(AF36:BA36)-SUM(BB36:BG36)+T36 -> 266964.29 | BS36: =T36+U36+V36+W36 -> 17857.143 | BT36: =BH36-BS36 -> 249107.14 | BU36: =IF(E36="HĐLĐ",15500000,0) -> 15500000 | BW36: =BV36*6200000 -> 0 | BX36: =BR36 -> 0 | BY36: =BU36+BW36+BX36 -> 15500000 | BZ36: =IF(BT36-BY36>0,BT36-BY36,0) -> 0 | CA36: =IF(AND(OR($E36="HĐTV",$E36="HĐCTV"),$BZ36<2000000),0,IF(OR($E36="HĐTV",$E36="HĐCTV"),$BZ36*10%,ROUND(IF($BZ36<=10000000,$BZ36*5%,IF($BZ36<=30000000,$BZ36*10%-500000,IF($BZ36<=60000000,$BZ36*20%-3500000,IF($BZ36<=100000000,$BZ36*30%-9500000,$BZ36*35%-14500000)))),0))) -> 0 | CB36: =ROUND(BH36-BR36-CA36,0) -> 266964 | CE36: =CB36+CC36-CD36 -> 266964 | CF36: =CE36-CG36 -> 0 | CG36: =CE36 -> 266964 | CI36: khanh.ha@medigoapp.com | CJ36: =VLOOKUP(D36,CNT!C25:AL33,36,0) -> 0 | CK36: 9 | CL36: =VLOOKUP(D36,CNT!C25:AL33,15,0) -> 0 | CM36: 23 | CN36: 6 | CO36: 2025 | CP36: =IF((($CO$7-CO36)*12)+($CN$7-CN36)>=12,((($CO$7-CO36)*12)+($CN$7-CN36))-1,0) -> 0 | CQ36: =IF(CP36<12,(($CQ$7-CO36)*12)+($CP$7-CN36),0) -> 11 | CR36: =IF(OR(CP36>12,CP36=12),((CP36-(CS36*12))+((($CQ$7-2024)*12)+($CP$7-4)))+1,0) -> 0 | CS36: =IF(OR(CP36>12,CP36=12),ROUNDDOWN(CP36/12,0),0) -> 0 | CT36: =IF(CQ36>11,ROUNDDOWN(CQ36/12,0),0) -> 0 | CU36: =IF(CR36>11,ROUNDDOWN(CR36/12,0),0) -> 0 | CV36: =IF(CP36=0,0,6000000*1.07^CS36) -> 0 | CW36: =IF(CT36<2,0,6000000+(CT36-1)*500000) -> 0 | CX36: =IF(CU36=0,CV36,IF(CU36<1,0,CV36+CU36*500000)) -> 0 | CY36: =IF(CX36>0,CX36,IF(CW36>0,CW36,6000000)) -> 6000000 | DA36: =CJ36 -> 0 | DB36: =CZ36&";"&" "&DA36&";"&" "&DF36 -> ; 0; | DE36: =VLOOKUP($D36,'[4]Med Service'!$D$11:$DI$87,110,0) -> 0 | DF36: =VLOOKUP($D36,'[5]BẢNG LƯƠNG'!$C$3:$AH$102,32,0)
A37: =1+A36 -> 23 | B37: 6 | C37: Ho Tan Nguyen | D37: Hồ Tấn Nguyên | E37: =IF(OR(G37="CHT",G37="DSBC"),"HĐLĐ",IF(OR(G37="DSTV",G37="Q.CHT"),"HĐTV","HĐCTV")) -> HĐTV | F37: Nguyễn Chí Thanh | G37: DSTV | H37: 20/3/2026 | I37: 1303032027 | J37: BIDV | K37: 28 | L37: =VLOOKUP(D37,CNT!C26:AL34,14,0) -> 9 | M37: =VLOOKUP(D37,CNT!C26:AL34,3,0) -> 0 | N37: =VLOOKUP(D37,CNT!C26:AL34,4,0) -> 72.62 | S37: =IF(E37="HĐLĐ",5310000,0) -> 0 | T37: =IF(500000/28*L37>500000,500000,500000/28*L37) -> 160714.29 | AA37: =VLOOKUP(D37,CNT!C26:AL34,20,0) -> 0 | AB37: =VLOOKUP(D37,CNT!C26:AL34,21,0) -> 0 | AC37: =CY37 -> 5100000 | AG37: =AC37/28/8*M37 -> 0 | AH37: =AC37/28/8*N37*1.5 -> 2480102.7 | AL37: =VLOOKUP(D37,CNT!C26:AL34,18,0) -> 0 | AM37: =VLOOKUP(D37,CNT!C26:AL34,19,0) -> 0 | AN37: =VLOOKUP(D37,CNT!C26:AL34,24,0) -> 0 | AO37: =VLOOKUP(D37,CNT!C26:AL34,25,0) -> 0 | AP37: =VLOOKUP(D37,CNT!C26:AL34,26,0) -> 97300 | AQ37: =VLOOKUP(D37,CNT!C26:AL34,27,0) -> 1185 | AR37: =VLOOKUP(D37,CNT!C26:AL34,28,0) -> 0 | AS37: =VLOOKUP(D37,CNT!C26:AL34,29,0) -> 1666667 | AU37: =VLOOKUP(D37,CNT!C26:AL34,22,0) -> 0 | AV37: =VLOOKUP(D37,CNT!C26:AL34,23,0) -> 0 | BB37: =VLOOKUP(D37,CNT!C26:AL34,31,0) -> 0 | BC37: =VLOOKUP(D37,CNT!C26:AL34,32,0) -> 0 | BD37: =VLOOKUP(D37,CNT!C26:AL34,33,0) -> 43000 | BE37: =VLOOKUP(D37,CNT!C26:AL34,34,0) -> 0 | BF37: =VLOOKUP(D37,CNT!C26:AL34,35,0) -> 0 | BH37: =SUM(AF37:BA37)-SUM(BB37:BG37)+T37 -> 4362969 | BI37: =S37*17.5% -> 0 | BJ37: =S37*3% -> 0 | BK37: =S37*1% -> 0 | BM37: =SUM(BI37:BL37) -> 0 | BN37: =S37*8% -> 0 | BO37: =S37*1.5% -> 0 | BP37: =S37*1% -> 0 | BR37: =SUM(BN37:BQ37) -> 0 | BS37: =T37+U37+V37+W37 -> 160714.29 | BT37: =BH37-BS37 -> 4202254.7 | BU37: =IF(E37="HĐLĐ",15500000,0) -> 0 | BW37: =BV37*6200000 -> 0 | BX37: =BR37 -> 0 | BY37: =BU37+BW37+BX37 -> 0 | BZ37: =IF(BT37-BY37>0,BT37-BY37,0) -> 4202254.7 | CA37: =IF(AND(OR($E37="HĐTV",$E37="HĐCTV"),$BZ37<2000000),0,IF(OR($E37="HĐTV",$E37="HĐCTV"),$BZ37*10%,ROUND(IF($BZ37<=10000000,$BZ37*5%,IF($BZ37<=30000000,$BZ37*10%-500000,IF($BZ37<=60000000,$BZ37*20%-3500000,IF($BZ37<=100000000,$BZ37*30%-9500000,$BZ37*35%-14500000)))),0))) -> 420225.47 | CB37: =ROUND(BH37-BR37-CA37,0) -> 3942743 | CE37: =CB37+CC37-CD37 -> 3942743 | CF37: =CE37-CG37 -> 0 | CG37: =CE37 -> 3942743 | CI37: =VLOOKUP($C37,[2]Sheet1!$C$5:$K$139,9,0) -> nguyen.ho@medigoapp.com | CJ37: =VLOOKUP(D37,CNT!C26:AL34,36,0) -> Lệch doanh thu 7X6R8XNV | CK37: 4 | CL37: =VLOOKUP(D37,CNT!C26:AL34,15,0) -> 0 | CM37: 20 | CN37: 3 | CO37: 2026 | CP37: =IF((($CO$7-CO37)*12)+($CN$7-CN37)>=12,((($CO$7-CO37)*12)+($CN$7-CN37))-1,0) -> 0 | CQ37: =IF(CP37<12,(($CQ$7-CO37)*12)+($CP$7-CN37),0) -> 2 | CR37: =IF(OR(CP37>12,CP37=12),((CP37-(CS37*12))+((($CQ$7-2024)*12)+($CP$7-4)))+1,0) -> 0 | CS37: =IF(OR(CP37>12,CP37=12),ROUNDDOWN(CP37/12,0),0) -> 0 | CT37: =IF(CQ37>11,ROUNDDOWN(CQ37/12,0),0) -> 0 | CU37: =IF(CR37>11,ROUNDDOWN(CR37/12,0),0) -> 0 | CV37: =IF(CP37=0,0,6000000*1.07^CS37) -> 0 | CW37: =IF(CT37<2,0,6000000+(CT37-1)*500000) -> 0 | CX37: =IF(CU37=0,CV37,IF(CU37<1,0,CV37+CU37*500000)) -> 0 | CY37: 5100000 | DA37: =CJ37 -> Lệch doanh thu 7X6R8XNV | DB37: =CZ37&";"&" "&DA37&";"&" "&DF37 -> ; Lệch doanh thu 7X6R8XNV; | DE37: =VLOOKUP($D37,'[4]Med Service'!$D$11:$DI$87,110,0) -> 0 | DF37: =VLOOKUP($D37,'[5]BẢNG LƯƠNG'!$C$3:$AH$102,32,0) | DG37: 1. Bù bảng lương nhà Rạch Bùng Binh tháng 4: 873.214
A38: =1+A37 -> 24 | B38: 6 | C38: Le Thi Quynh Tram | D38: Lê Thị Quỳnh Trâm | E38: =IF(OR(G38="CHT",G38="DSBC"),"HĐLĐ",IF(OR(G38="DSTV",G38="Q.CHT"),"HĐTV","HĐCTV")) -> HĐLĐ | F38: Nguyễn Chí Thanh | G38: CHT | H38: 18/08/2025 | I38: 6321205302943 | J38: AGRIBANK | K38: 28 | L38: =VLOOKUP(D38,CNT!C27:AL35,14,0) -> 28 | M38: =VLOOKUP(D38,CNT!C27:AL35,3,0) -> 235.38 | N38: =VLOOKUP(D38,CNT!C27:AL35,4,0) -> 0 | S38: =IF(E38="HĐLĐ",5310000,0) -> 5310000 | T38: =IF(500000/28*L38>500000,500000,500000/28*L38) -> 500000 | AA38: =VLOOKUP(D38,CNT!C27:AL35,20,0) -> 0 | AB38: =VLOOKUP(D38,CNT!C27:AL35,21,0) -> 0 | AC38: =CY38 -> 6000000 | AG38: =AC38/28/8*M38 -> 6304821.4 | AH38: =AC38/28/8*N38*1.5 -> 0 | AL38: =VLOOKUP(D38,CNT!C27:AL35,18,0) -> 1000000 | AM38: =VLOOKUP(D38,CNT!C27:AL35,19,0) -> 0 | AN38: =VLOOKUP(D38,CNT!C27:AL35,24,0) -> 0 | AO38: =VLOOKUP(D38,CNT!C27:AL35,25,0) -> 0 | AP38: =VLOOKUP(D38,CNT!C27:AL35,26,0) -> 496620 | AQ38: =VLOOKUP(D38,CNT!C27:AL35,27,0) -> 27510 | AR38: =VLOOKUP(D38,CNT!C27:AL35,28,0) -> 0 | AS38: =VLOOKUP(D38,CNT!C27:AL35,29,0) -> 0 | AU38: =VLOOKUP(D38,CNT!C27:AL35,22,0) -> 0 | AV38: =VLOOKUP(D38,CNT!C27:AL35,23,0) -> 0 | BB38: =VLOOKUP(D38,CNT!C27:AL35,31,0) -> 0 | BC38: =VLOOKUP(D38,CNT!C27:AL35,32,0) -> 0 | BD38: =VLOOKUP(D38,CNT!C27:AL35,33,0) -> 0 | BE38: =VLOOKUP(D38,CNT!C27:AL35,34,0) -> 0 | BF38: =VLOOKUP(D38,CNT!C27:AL35,35,0) -> 0 | BH38: =SUM(AF38:BA38)-SUM(BB38:BG38)+T38 -> 8328951.4 | BI38: =S38*17.5% -> 929250 | BJ38: =S38*3% -> 159300 | BK38: =S38*1% -> 53100 | BM38: =SUM(BI38:BL38) -> 1141650 | BN38: =S38*8% -> 424800 | BO38: =S38*1.5% -> 79650 | BP38: =S38*1% -> 53100 | BR38: =SUM(BN38:BQ38) -> 557550 | BS38: =T38+U38+V38+W38 -> 500000 | BT38: =BH38-BS38 -> 7828951.4 | BU38: =IF(E38="HĐLĐ",15500000,0) -> 15500000 | BW38: =BV38*6200000 -> 0 | BX38: =BR38 -> 557550 | BY38: =BU38+BW38+BX38 -> 16057550 | BZ38: =IF(BT38-BY38>0,BT38-BY38,0) -> 0 | CA38: =IF(AND(OR($E38="HĐTV",$E38="HĐCTV"),$BZ38<2000000),0,IF(OR($E38="HĐTV",$E38="HĐCTV"),$BZ38*10%,ROUND(IF($BZ38<=10000000,$BZ38*5%,IF($BZ38<=30000000,$BZ38*10%-500000,IF($BZ38<=60000000,$BZ38*20%-3500000,IF($BZ38<=100000000,$BZ38*30%-9500000,$BZ38*35%-14500000)))),0))) -> 0 | CB38: =ROUND(BH38-BR38-CA38,0) -> 7771401 | CE38: =CB38+CC38-CD38 -> 7771401 | CF38: =CE38-CG38 -> 0 | CG38: =CE38 -> 7771401 | CI38: =VLOOKUP($C38,[2]Sheet1!$C$5:$K$139,9,0) -> tram.le@medigoapp.com | CJ38: =VLOOKUP(D38,CNT!C27:AL35,36,0) -> 0 | CK38: 11 | CL38: =VLOOKUP(D38,CNT!C27:AL35,15,0) -> 0 | CM38: 18 | CN38: 8 | CO38: 2025 | CP38: =IF((($CO$7-CO38)*12)+($CN$7-CN38)>=12,((($CO$7-CO38)*12)+($CN$7-CN38))-1,0) -> 0 | CQ38: =IF(CP38<12,(($CQ$7-CO38)*12)+($CP$7-CN38),0) -> 9 | CR38: =IF(OR(CP38>12,CP38=12),((CP38-(CS38*12))+((($CQ$7-2024)*12)+($CP$7-4)))+1,0) -> 0 | CS38: =IF(OR(CP38>12,CP38=12),ROUNDDOWN(CP38/12,0),0) -> 0 | CT38: =IF(CQ38>11,ROUNDDOWN(CQ38/12,0),0) -> 0 | CU38: =IF(CR38>11,ROUNDDOWN(CR38/12,0),0) -> 0 | CV38: =IF(CP38=0,0,6000000*1.07^CS38) -> 0 | CW38: =IF(CT38<2,0,6000000+(CT38-1)*500000) -> 0 | CX38: =IF(CU38=0,CV38,IF(CU38<1,0,CV38+CU38*500000)) -> 0 | CY38: =IF(CX38>0,CX38,IF(CW38>0,CW38,6000000)) -> 6000000 | DA38: =CJ38 -> 0 | DB38: =CZ38&";"&" "&DA38&";"&" "&DF38 -> ; 0; | DE38: =VLOOKUP($D38,'[4]Med Service'!$D$11:$DI$87,110,0) -> 0 | DF38: =VLOOKUP($D38,'[5]BẢNG LƯƠNG'!$C$3:$AH$102,32,0)
A39: =1+A38 -> 25 | B39: 6 | C39: Nguyen Thi Hong Hanh | D39: Nguyễn Thị Hồng Hạnh | E39: =IF(OR(G39="CHT",G39="DSBC"),"HĐLĐ",IF(OR(G39="DSTV",G39="Q.CHT"),"HĐTV","HĐCTV")) -> HĐLĐ | F39: Nguyễn Chí Thanh | G39: DSBC | H39: 45502 | I39: 19036469088011 | J39: Techcombank | K39: 28 | L39: =VLOOKUP(D39,CNT!C28:AL36,14,0) -> 30 | M39: =VLOOKUP(D39,CNT!C28:AL36,3,0) -> 18 | N39: =VLOOKUP(D39,CNT!C28:AL36,4,0) -> 236.45 | S39: =IF(E39="HĐLĐ",5310000,0) -> 5310000 | T39: =IF(500000/28*L39>500000,500000,500000/28*L39) -> 500000 | AA39: =VLOOKUP(D39,CNT!C28:AL36,20,0) -> 0 | AB39: =VLOOKUP(D39,CNT!C28:AL36,21,0) -> 0 | AC39: =CY39 -> 6000000 | AG39: =AC39/28/8*M39 -> 482142.86 | AH39: =AC39/28/8*N39*1.5 -> 9500223.2 | AL39: =VLOOKUP(D39,CNT!C28:AL36,18,0) -> 0 | AM39: =VLOOKUP(D39,CNT!C28:AL36,19,0) -> 0 | AN39: =VLOOKUP(D39,CNT!C28:AL36,24,0) -> 0 | AO39: =VLOOKUP(D39,CNT!C28:AL36,25,0) -> 0 | AP39: =VLOOKUP(D39,CNT!C28:AL36,26,0) -> 1136300 | AQ39: =VLOOKUP(D39,CNT!C28:AL36,27,0) -> 6170 | AR39: =VLOOKUP(D39,CNT!C28:AL36,28,0) -> 0 | AS39: =VLOOKUP(D39,CNT!C28:AL36,29,0) -> 0 | AU39: =VLOOKUP(D39,CNT!C28:AL36,22,0) -> 0 | AV39: =VLOOKUP(D39,CNT!C28:AL36,23,0) -> 0 | BB39: =VLOOKUP(D39,CNT!C28:AL36,31,0) -> 0 | BC39: =VLOOKUP(D39,CNT!C28:AL36,32,0) -> 10000 | BD39: =VLOOKUP(D39,CNT!C28:AL36,33,0) -> 0 | BE39: =VLOOKUP(D39,CNT!C28:AL36,34,0) -> 100000 | BF39: =VLOOKUP(D39,CNT!C28:AL36,35,0) -> 0 | BH39: =SUM(AF39:BA39)-SUM(BB39:BG39)+T39 -> 11514836 | BI39: =S39*17.5% -> 929250 | BJ39: =S39*3% -> 159300 | BK39: =S39*1% -> 53100 | BM39: =SUM(BI39:BL39) -> 1141650 | BN39: =S39*8% -> 424800 | BO39: =S39*1.5% -> 79650 | BP39: =S39*1% -> 53100 | BR39: =SUM(BN39:BQ39) -> 557550 | BS39: =T39+U39+V39+W39 -> 500000 | BT39: =BH39-BS39 -> 11014836 | BU39: =IF(E39="HĐLĐ",15500000,0) -> 15500000 | BW39: =BV39*6200000 -> 0 | BX39: =BR39 -> 557550 | BY39: =BU39+BW39+BX39 -> 16057550 | BZ39: =IF(BT39-BY39>0,BT39-BY39,0) -> 0 | CA39: =IF(AND(OR($E39="HĐTV",$E39="HĐCTV"),$BZ39<2000000),0,IF(OR($E39="HĐTV",$E39="HĐCTV"),$BZ39*10%,ROUND(IF($BZ39<=10000000,$BZ39*5%,IF($BZ39<=30000000,$BZ39*10%-500000,IF($BZ39<=60000000,$BZ39*20%-3500000,IF($BZ39<=100000000,$BZ39*30%-9500000,$BZ39*35%-14500000)))),0))) -> 0 | CB39: =ROUND(BH39-BR39-CA39,0) -> 10957286 | CE39: =CB39+CC39-CD39 -> 10957286 | CF39: =CE39-CG39 -> 0 | CG39: =CE39 -> 10957286 | CI39: hanh.nguyen@medigoapp.com | CJ39: =VLOOKUP(D39,CNT!C28:AL36,36,0) -> Thiếu quy trình bán hàng HD1123243 25/06/2026, Không thực hiện chào kết | CK39: 2 | CL39: =VLOOKUP(D39,CNT!C28:AL36,15,0) -> 2 | CM39: 29 | CN39: 7 | CO39: 2024 | CP39: =IF((($CO$7-CO39)*12)+($CN$7-CN39)>=12,((($CO$7-CO39)*12)+($CN$7-CN39))-1,0) -> 0 | CQ39: =IF(CP39<12,(($CQ$7-CO39)*12)+($CP$7-CN39),0) -> 22 | CR39: =IF(OR(CP39>12,CP39=12),((CP39-(CS39*12))+((($CQ$7-2024)*12)+($CP$7-4)))+1,0) -> 0 | CS39: =IF(OR(CP39>12,CP39=12),ROUNDDOWN(CP39/12,0),0) -> 0 | CT39: =IF(CQ39>11,ROUNDDOWN(CQ39/12,0),0) -> 1 | CU39: =IF(CR39>11,ROUNDDOWN(CR39/12,0),0) -> 0 | CV39: =IF(CP39=0,0,6000000*1.07^CS39) -> 0 | CW39: =IF(CT39<2,0,6000000+(CT39-1)*500000) -> 0 | CX39: =IF(CU39=0,CV39,IF(CU39<1,0,CV39+CU39*500000)) -> 0 | CY39: =IF(CX39>0,CX39,IF(CW39>0,CW39,6000000)) -> 6000000 | DA39: =CJ39 -> Thiếu quy trình bán hàng HD1123243 25/06/2026, Không thực hiện chào kết | DB39: =CZ39&";"&" "&DA39&";"&" "&DF39 -> ; Thiếu quy trình bán hàng HD1123243 25/06/2026, Không thực hiện chào kết; | DD39: =VLOOKUP($D39,'[3]Tong hop'!$B$8:$Q$45,15,0) -> 138277 | DE39: =VLOOKUP($D39,'[4]Med Service'!$D$11:$DI$87,110,0) -> 0 | DF39: =VLOOKUP($D39,'[5]BẢNG LƯƠNG'!$C$3:$AH$102,32,0)
A40: =1+A39 -> 26 | B40: 6 | C40: Nguyen Tri Nghia | D40: Nguyễn Trí Nghĩa | E40: =IF(OR(G40="CHT",G40="DSBC"),"HĐLĐ",IF(OR(G40="DSTV",G40="Q.CHT"),"HĐTV","HĐCTV")) -> HĐLĐ | F40: Nguyễn Chí Thanh | G40: DSBC | H40: 45439 | I40: 0251002787705 | J40: Vietcombank | K40: 28 | L40: =VLOOKUP(D40,CNT!C29:AL37,14,0) -> 2 | M40: =VLOOKUP(D40,CNT!C29:AL37,3,0) -> 8.25 | N40: =VLOOKUP(D40,CNT!C29:AL37,4,0) -> 7.5 | S40: =IF(E40="HĐLĐ",5310000,0) -> 5310000 | AA40: =VLOOKUP(D40,CNT!C29:AL37,20,0) -> 0 | AB40: =VLOOKUP(D40,CNT!C29:AL37,21,0) -> 0 | AC40: =CY40 -> 6500000 | AG40: =AC40/28/8*M40 -> 239397.32 | AH40: =AC40/28/8*N40*1.5 -> 326450.89 | AL40: =VLOOKUP(D40,CNT!C29:AL37,18,0) -> 0 | AM40: =VLOOKUP(D40,CNT!C29:AL37,19,0) -> 0 | AN40: =VLOOKUP(D40,CNT!C29:AL37,24,0) -> 0 | AO40: =VLOOKUP(D40,CNT!C29:AL37,25,0) -> 0 | AP40: =VLOOKUP(D40,CNT!C29:AL37,26,0) -> 0 | AQ40: =VLOOKUP(D40,CNT!C29:AL37,27,0) -> 0 | AR40: =VLOOKUP(D40,CNT!C29:AL37,28,0) -> 0 | AS40: =VLOOKUP(D40,CNT!C29:AL37,29,0) -> 0 | AU40: =VLOOKUP(D40,CNT!C29:AL37,22,0) -> 0 | AV40: =VLOOKUP(D40,CNT!C29:AL37,23,0) -> 0 | BB40: =VLOOKUP(D40,CNT!C29:AL37,31,0) -> 0 | BC40: =VLOOKUP(D40,CNT!C29:AL37,32,0) -> 0 | BD40: =VLOOKUP(D40,CNT!C29:AL37,33,0) -> 0 | BE40: =VLOOKUP(D40,CNT!C29:AL37,34,0) -> 0 | BF40: =VLOOKUP(D40,CNT!C29:AL37,35,0) -> 0 | BH40: =SUM(AF40:BA40)-SUM(BB40:BG40)+T40 -> 565848.21 | BR40: =SUM(BN40:BQ40) -> 0 | BS40: =T40+U40+V40+W40 -> 0 | BT40: =BH40-BS40 -> 565848.21 | BU40: =IF(E40="HĐLĐ",15500000,0) -> 15500000 | BW40: =BV40*6200000 -> 0 | BX40: =BR40 -> 0 | BY40: =BU40+BW40+BX40 -> 15500000 | BZ40: =IF(BT40-BY40>0,BT40-BY40,0) -> 0 | CA40: =IF(AND(OR($E40="HĐTV",$E40="HĐCTV"),$BZ40<2000000),0,IF(OR($E40="HĐTV",$E40="HĐCTV"),$BZ40*10%,ROUND(IF($BZ40<=10000000,$BZ40*5%,IF($BZ40<=30000000,$BZ40*10%-500000,IF($BZ40<=60000000,$BZ40*20%-3500000,IF($BZ40<=100000000,$BZ40*30%-9500000,$BZ40*35%-14500000)))),0))) -> 0 | CB40: =ROUND(BH40-BR40-CA40,0) -> 565848 | CE40: =CB40+CC40-CD40 -> 565848 | CF40: =CE40-CG40 -> 0 | CG40: =CE40 -> 565848 | CI40: tringhia.nguyen@medigoapp.com | CJ40: =VLOOKUP(D40,CNT!C29:AL37,36,0) -> 0 | CK40: 5 | CL40: =VLOOKUP(D40,CNT!C29:AL37,15,0) -> 0 | CM40: 27 | CN40: 5 | CO40: 2024 | CP40: 0 | CQ40: =IF(CP40<12,(($CQ$7-CO40)*12)+($CP$7-CN40),0) -> 24 | CR40: =IF(OR(CP40>12,CP40=12),((CP40-(CS40*12))+((($CQ$7-2024)*12)+($CP$7-4)))+1,0) -> 0 | CS40: 0 | CT40: =IF(CQ40>11,ROUNDDOWN(CQ40/12,0),0) -> 2 | CU40: 0 | CV40: 0 | CW40: =IF(CT40<2,0,6000000+(CT40-1)*500000) -> 6500000 | CX40: 0 | CY40: =IF(CX40>0,CX40,IF(CW40>0,CW40,6000000)) -> 6500000 | DA40: =CJ40 -> 0 | DB40: =CZ40&";"&" "&DA40&";"&" "&DF40 -> ; 0; | DE40: =VLOOKUP($D40,'[4]Med Service'!$D$11:$DI$87,110,0) -> 0 | DF40: =VLOOKUP($D40,'[5]BẢNG LƯƠNG'!$C$3:$AH$102,32,0) | DG40: 2.Chênh lệch bảng lương Nguyễn Chí Thanh tháng 4: 69.567
A41: =1+A40 -> 27 | B41: 6 | C41: Nguyen Dang An | D41: Nguyễn Đăng An | E41: =IF(OR(G41="CHT",G41="DSBC"),"HĐLĐ",IF(OR(G41="DSTV",G41="Q.CHT"),"HĐTV","HĐCTV")) -> HĐTV | F41: Nguyễn Chí Thanh | G41: DSTV | H41: 45575 | I41: 57100051532 | J41: Vietcombank | K41: 28 | L41: =VLOOKUP(D41,CNT!C30:AL38,14,0) -> 7 | M41: =VLOOKUP(D41,CNT!C30:AL38,3,0) -> 62.52 | N41: =VLOOKUP(D41,CNT!C30:AL38,4,0) -> 0 | S41: =IF(E41="HĐLĐ",5310000,0) -> 0 | T41: =IF(500000/28*L41>500000,500000,500000/28*L41) -> 125000 | AA41: =VLOOKUP(D41,CNT!C30:AL38,20,0) -> 0 | AB41: =VLOOKUP(D41,CNT!C30:AL38,21,0) -> 0 | AC41: =CY41 -> 6000000 | AG41: =AC41/28/8*M41 -> 1674642.9 | AH41: =AC41/28/8*N41*1.5 -> 0 | AL41: =VLOOKUP(D41,CNT!C30:AL38,18,0) -> 0 | AM41: =VLOOKUP(D41,CNT!C30:AL38,19,0) -> 0 | AN41: =VLOOKUP(D41,CNT!C30:AL38,24,0) -> 0 | AO41: =VLOOKUP(D41,CNT!C30:AL38,25,0) -> 0 | AP41: =VLOOKUP(D41,CNT!C30:AL38,26,0) -> 0 | AQ41: =VLOOKUP(D41,CNT!C30:AL38,27,0) -> 0 | AR41: =VLOOKUP(D41,CNT!C30:AL38,28,0) -> 0 | AS41: =VLOOKUP(D41,CNT!C30:AL38,29,0) -> 0 | AU41: =VLOOKUP(D41,CNT!C30:AL38,22,0) -> 0 | AV41: =VLOOKUP(D41,CNT!C30:AL38,23,0) -> 0 | BB41: =VLOOKUP(D41,CNT!C30:AL38,31,0) -> 0 | BC41: =VLOOKUP(D41,CNT!C30:AL38,32,0) -> 0 | BD41: =VLOOKUP(D41,CNT!C30:AL38,33,0) -> 0 | BE41: =VLOOKUP(D41,CNT!C30:AL38,34,0) -> 0 | BF41: =VLOOKUP(D41,CNT!C30:AL38,35,0) -> 0 | BH41: =SUM(AF41:BA41)-SUM(BB41:BG41)+T41 -> 1799642.9 | BI41: =S41*17.5% -> 0 | BJ41: =S41*3% -> 0 | BK41: =S41*1% -> 0 | BM41: =SUM(BI41:BL41) -> 0 | BN41: =S41*8% -> 0 | BO41: =S41*1.5% -> 0 | BP41: =S41*1% -> 0 | BR41: =SUM(BN41:BQ41) -> 0 | BS41: =T41+U41+V41+W41 -> 125000 | BT41: =BH41-BS41 -> 1674642.9 | BU41: =IF(E41="HĐLĐ",15500000,0) -> 0 | BW41: =BV41*6200000 -> 0 | BX41: =BR41 -> 0 | BY41: =BU41+BW41+BX41 -> 0 | BZ41: =IF(BT41-BY41>0,BT41-BY41,0) -> 1674642.9 | CA41: =IF(AND(OR($E41="HĐTV",$E41="HĐCTV"),$BZ41<2000000),0,IF(OR($E41="HĐTV",$E41="HĐCTV"),$BZ41*10%,ROUND(IF($BZ41<=10000000,$BZ41*5%,IF($BZ41<=30000000,$BZ41*10%-500000,IF($BZ41<=60000000,$BZ41*20%-3500000,IF($BZ41<=100000000,$BZ41*30%-9500000,$BZ41*35%-14500000)))),0))) -> 0 | CB41: =ROUND(BH41-BR41-CA41,0) -> 1799643 | CE41: =CB41+CC41-CD41 -> 1799643 | CF41: =CE41-CG41 -> 0 | CG41: =CE41 -> 1799643 | CI41: an.nguyen@medigoapp.com | CJ41: =VLOOKUP(D41,CNT!C30:AL38,36,0) -> 0 | CK41: 10 | CL41: =VLOOKUP(D41,CNT!C30:AL38,15,0) -> 6 | CM41: 10 | CN41: 10 | CO41: 2024 | CP41: 0 | CQ41: =IF(CP41<12,(($CQ$7-CO41)*12)+($CP$7-CN41),0) -> 19 | CR41: =IF(OR(CP41>12,CP41=12),((CP41-(CS41*12))+((($CQ$7-2024)*12)+($CP$7-4)))+1,0) -> 0 | CS41: 0 | CT41: =IF(CQ41>11,ROUNDDOWN(CQ41/12,0),0) -> 1 | CU41: 0 | CV41: 0 | CW41: 0 | CX41: 0 | CY41: 6000000 | DA41: =CJ41 -> 0 | DB41: =CZ41&";"&" "&DA41&";"&" "&DF41 -> #N/A | DE41: =VLOOKUP($D41,'[4]Med Service'!$D$11:$DI$87,110,0) -> #N/A | DF41: =VLOOKUP($D41,'[5]BẢNG LƯƠNG'!$C$3:$AH$102,32,0) -> #N/A | DG41: 3.Bù thưởng quy trình tháng 4: 1.000.000
A42: =1+A41 -> 28 | B42: 6 | C42: Pham Thi Hong Nhi | D42: Phạm Thị Hồng Nhi | E42: =IF(OR(G42="CHT",G42="DSBC"),"HĐLĐ",IF(OR(G42="DSTV",G42="Q.CHT"),"HĐTV","HĐCTV")) -> HĐCTV | F42: Nguyễn Chí Thanh | G42: DSHV | H42: 25/05/2026 | I42: 0377972841 | J42: Mb bank | K42: 28 | L42: =VLOOKUP(D42,CNT!C31:AL39,14,0) -> 1 | M42: =VLOOKUP(D42,CNT!C31:AL39,3,0) -> 7.88 | N42: =VLOOKUP(D42,CNT!C31:AL39,4,0) -> 0 | S42: =IF(E42="HĐLĐ",5310000,0) -> 0 | T42: =IF(500000/28*L42>500000,500000,500000/28*L42) -> 17857.143 | AA42: =VLOOKUP(D42,CNT!C31:AL39,20,0) -> 0 | AB42: =VLOOKUP(D42,CNT!C31:AL39,21,0) -> 0 | AC42: =CY42 -> 3000000 | AG42: =AC42/28/8*M42 -> 105535.71 | AH42: =AC42/28/8*N42*1.5 -> 0 | AL42: =VLOOKUP(D42,CNT!C31:AL39,18,0) -> 0 | AM42: =VLOOKUP(D42,CNT!C31:AL39,19,0) -> 0 | AN42: =VLOOKUP(D42,CNT!C31:AL39,24,0) -> 0 | AO42: =VLOOKUP(D42,CNT!C31:AL39,25,0) -> 0 | AP42: =VLOOKUP(D42,CNT!C31:AL39,26,0) -> 0 | AQ42: =VLOOKUP(D42,CNT!C31:AL39,27,0) -> 0 | AR42: =VLOOKUP(D42,CNT!C31:AL39,28,0) -> 0 | AS42: =VLOOKUP(D42,CNT!C31:AL39,29,0) -> 0 | AU42: =VLOOKUP(D42,CNT!C31:AL39,22,0) -> 0 | AV42: =VLOOKUP(D42,CNT!C31:AL39,23,0) -> 0 | BB42: =VLOOKUP(D42,CNT!C31:AL39,31,0) -> 0 | BC42: =VLOOKUP(D42,CNT!C31:AL39,32,0) -> 0 | BD42: =VLOOKUP(D42,CNT!C31:AL39,33,0) -> 0 | BE42: =VLOOKUP(D42,CNT!C31:AL39,34,0) -> 0 | BF42: =VLOOKUP(D42,CNT!C31:AL39,35,0) -> 0 | BH42: =SUM(AF42:BA42)-SUM(BB42:BG42)+T42 -> 123392.86 | BI42: =S42*17.5% -> 0 | BJ42: =S42*3% -> 0 | BK42: =S42*1% -> 0 | BM42: =SUM(BI42:BL42) -> 0 | BN42: =S42*8% -> 0 | BO42: =S42*1.5% -> 0 | BP42: =S42*1% -> 0 | BR42: =SUM(BN42:BQ42) -> 0 | BS42: =T42+U42+V42+W42 -> 17857.143 | BT42: =BH42-BS42 -> 105535.71 | BU42: =IF(E42="HĐLĐ",15500000,0) -> 0 | BW42: =BV42*6200000 -> 0 | BX42: =BR42 -> 0 | BY42: =BU42+BW42+BX42 -> 0 | BZ42: =IF(BT42-BY42>0,BT42-BY42,0) -> 105535.71 | CA42: =IF(AND(OR($E42="HĐTV",$E42="HĐCTV"),$BZ42<2000000),0,IF(OR($E42="HĐTV",$E42="HĐCTV"),$BZ42*10%,ROUND(IF($BZ42<=10000000,$BZ42*5%,IF($BZ42<=30000000,$BZ42*10%-500000,IF($BZ42<=60000000,$BZ42*20%-3500000,IF($BZ42<=100000000,$BZ42*30%-9500000,$BZ42*35%-14500000)))),0))) -> 0 | CB42: =ROUND(BH42-BR42-CA42,0) -> 123393 | CE42: =CB42+CC42-CD42 -> 123393 | CF42: =CE42-CG42 -> 0 | CG42: =CE42 -> 123393 | CI42: nhi.pham@medigoapp.com | CJ42: =VLOOKUP(D42,CNT!C31:AL39,36,0) -> 0 | CL42: =VLOOKUP(D42,CNT!C31:AL39,15,0) -> 0 | CM42: 25 | CN42: 5 | CO42: 2026 | CP42: 0 | CQ42: =IF(CP42<12,(($CQ$7-CO42)*12)+($CP$7-CN42),0) -> 0 | CR42: =IF(OR(CP42>12,CP42=12),((CP42-(CS42*12))+((($CQ$7-2024)*12)+($CP$7-4)))+1,0) -> 0 | CS42: 0 | CT42: =IF(CQ42>11,ROUNDDOWN(CQ42/12,0),0) -> 0 | CU42: 0 | CV42: 0 | CW42: 0 | CX42: 0 | CY42: 3000000 | DA42: =CJ42 -> 0 | DB42: =CZ42&";"&" "&DA42&";"&" "&DF42 -> ; 0; | DE42: =VLOOKUP($D42,'[4]Med Service'!$D$11:$DI$87,110,0) -> #N/A | DF42: =VLOOKUP($D42,'[5]BẢNG LƯƠNG'!$C$3:$AH$102,32,0)
A43: =1+A42 -> 29 | B43: 6 | C43: Tran Hoang Khanh | D43: Trần Hoàng Khánh | E43: HĐLĐ | F43: Nguyễn Chí Thanh | G43: DSBC | H43: 02/06/2025 | I43: 0985967065 | J43: Tp Bank | K43: 28 | L43: =VLOOKUP(D43,CNT!C32:AL40,14,0) -> 27 | M43: =VLOOKUP(D43,CNT!C32:AL40,3,0) -> 121.48 | N43: =VLOOKUP(D43,CNT!C32:AL40,4,0) -> 116.48 | S43: =IF(E43="HĐLĐ",5310000,0) -> 5310000 | T43: =IF(500000/28*L43>500000,500000,500000/28*L43) -> 482142.86 | AA43: =VLOOKUP(D43,CNT!C32:AL40,20,0) -> 0 | AB43: =VLOOKUP(D43,CNT!C32:AL40,21,0) -> 0 | AC43: =CY43 -> 6000000 | AG43: =AC43/28/8*M43 -> 3253928.6 | AH43: =AC43/28/8*N43*1.5 -> 4680000 | AL43: =VLOOKUP(D43,CNT!C32:AL40,18,0) -> 0 | AM43: =VLOOKUP(D43,CNT!C32:AL40,19,0) -> 0 | AN43: =VLOOKUP(D43,CNT!C32:AL40,24,0) -> 400000 | AO43: =VLOOKUP(D43,CNT!C32:AL40,25,0) -> 0 | AP43: =VLOOKUP(D43,CNT!C32:AL40,26,0) -> 1103000 | AQ43: =VLOOKUP(D43,CNT!C32:AL40,27,0) -> 8450 | AR43: =VLOOKUP(D43,CNT!C32:AL40,28,0) -> 0 | AS43: =VLOOKUP(D43,CNT!C32:AL40,29,0) -> 0 | AU43: =VLOOKUP(D43,CNT!C32:AL40,22,0) -> 0 | AV43: =VLOOKUP(D43,CNT!C32:AL40,23,0) -> 0 | BB43: =VLOOKUP(D43,CNT!C32:AL40,31,0) -> 0 | BC43: =VLOOKUP(D43,CNT!C32:AL40,32,0) -> 0 | BD43: =VLOOKUP(D43,CNT!C32:AL40,33,0) -> 0 | BE43: =VLOOKUP(D43,CNT!C32:AL40,34,0) -> 0 | BF43: =VLOOKUP(D43,CNT!C32:AL40,35,0) -> 0 | BH43: =SUM(AF43:BA43)-SUM(BB43:BG43)+T43 -> 9927521.4 | BI43: =S43*17.5% -> 929250 | BJ43: =S43*3% -> 159300 | BK43: =S43*1% -> 53100 | BM43: =SUM(BI43:BL43) -> 1141650 | BN43: =S43*8% -> 424800 | BO43: =S43*1.5% -> 79650 | BP43: =S43*1% -> 53100 | BR43: =SUM(BN43:BQ43) -> 557550 | BS43: =T43+U43+V43+W43 -> 482142.86 | BT43: =BH43-BS43 -> 9445378.6 | BU43: =IF(E43="HĐLĐ",15500000,0) -> 15500000 | BW43: =BV43*6200000 -> 0 | BX43: =BR43 -> 557550 | BY43: =BU43+BW43+BX43 -> 16057550 | BZ43: =IF(BT43-BY43>0,BT43-BY43,0) -> 0 | CA43: =IF(AND(OR($E43="HĐTV",$E43="HĐCTV"),$BZ43<2000000),0,IF(OR($E43="HĐTV",$E43="HĐCTV"),$BZ43*10%,ROUND(IF($BZ43<=10000000,$BZ43*5%,IF($BZ43<=30000000,$BZ43*10%-500000,IF($BZ43<=60000000,$BZ43*20%-3500000,IF($BZ43<=100000000,$BZ43*30%-9500000,$BZ43*35%-14500000)))),0))) -> 0 | CB43: =ROUND(BH43-BR43-CA43,0) -> 9369971 | CE43: =CB43+CC43-CD43 -> 9369971 | CF43: =CE43-CG43 -> 0 | CG43: =CE43 -> 9369971 | CI43: khanh.tran@medigoapp.com | CJ43: =VLOOKUP(D43,CNT!C32:AL40,36,0) -> 0 | CK43: 9 | CL43: =VLOOKUP(D43,CNT!C32:AL40,15,0) -> 2 | CM43: 2 | CN43: 6 | CO43: 2025 | CP43: 0 | CQ43: =IF(CP43<12,(($CQ$7-CO43)*12)+($CP$7-CN43),0) -> 11 | CR43: =IF(OR(CP43>12,CP43=12),((CP43-(CS43*12))+((($CQ$7-2024)*12)+($CP$7-4)))+1,0) -> 0 | CS43: 0 | CT43: =IF(CQ43>11,ROUNDDOWN(CQ43/12,0),0) -> 0 | CU43: 0 | CV43: 0 | CW43: 0 | CX43: 0 | CY43: 6000000 | DA43: =CJ43 -> 0 | DB43: =CZ43&";"&" "&DA43&";"&" "&DF43 -> ; 0; | DE43: =VLOOKUP($D43,'[4]Med Service'!$D$11:$DI$87,110,0) -> 0 | DF43: =VLOOKUP($D43,'[5]BẢNG LƯƠNG'!$C$3:$AH$102,32,0)
A44: =1+A43 -> 30 | B44: 6 | C44: Do Thi Phuong Thao | D44: Đỗ Thị Phương Thảo | E44: =IF(OR(G44="CHT",G44="DSBC"),"HĐLĐ",IF(OR(G44="DSTV",G44="Q.CHT"),"HĐTV","HĐCTV")) -> HĐLĐ | F44: Nguyễn Chí Thanh | G44: DSBC | H44: 19/04/2025 | I44: 0561000503731 | J44: Vietcombank | K44: 28 | L44: =VLOOKUP(D44,CNT!C33:AL41,14,0) -> 27 | M44: =VLOOKUP(D44,CNT!C33:AL41,3,0) -> 197.52 | N44: =VLOOKUP(D44,CNT!C33:AL41,4,0) -> 31.77 | S44: =IF(E44="HĐLĐ",5310000,0) -> 5310000 | T44: =IF(500000/28*L44>500000,500000,500000/28*L44) -> 482142.86 | AA44: =VLOOKUP(D44,CNT!C33:AL41,20,0) -> 0 | AB44: =VLOOKUP(D44,CNT!C33:AL41,21,0) -> 0 | AC44: =CY44 -> 6000000 | AG44: =AC44/28/8*M44 -> 5290714.3 | AH44: =AC44/28/8*N44*1.5 -> 1276473.2 | AL44: =VLOOKUP(D44,CNT!C33:AL41,18,0) -> 0 | AM44: =VLOOKUP(D44,CNT!C33:AL41,19,0) -> 0 | AN44: =VLOOKUP(D44,CNT!C33:AL41,24,0) -> 0 | AO44: =VLOOKUP(D44,CNT!C33:AL41,25,0) -> 0 | AP44: =VLOOKUP(D44,CNT!C33:AL41,26,0) -> 458190 | AQ44: =VLOOKUP(D44,CNT!C33:AL41,27,0) -> 22145 | AR44: =VLOOKUP(D44,CNT!C33:AL41,28,0) -> 0 | AS44: =VLOOKUP(D44,CNT!C33:AL41,29,0) -> 0 | AU44: =VLOOKUP(D44,CNT!C33:AL41,22,0) -> 0 | AV44: =VLOOKUP(D44,CNT!C33:AL41,23,0) -> 0 | BB44: =VLOOKUP(D44,CNT!C33:AL41,31,0) -> 0 | BC44: =VLOOKUP(D44,CNT!C33:AL41,32,0) -> 0 | BD44: =VLOOKUP(D44,CNT!C33:AL41,33,0) -> 0 | BE44: =VLOOKUP(D44,CNT!C33:AL41,34,0) -> 0 | BF44: =VLOOKUP(D44,CNT!C33:AL41,35,0) -> 0 | BH44: =SUM(AF44:BA44)-SUM(BB44:BG44)+T44 -> 7529665.4 | BI44: =S44*17.5% -> 929250 | BJ44: =S44*3% -> 159300 | BK44: =S44*1% -> 53100 | BM44: =SUM(BI44:BL44) -> 1141650 | BN44: =S44*8% -> 424800 | BO44: =S44*1.5% -> 79650 | BP44: =S44*1% -> 53100 | BR44: =SUM(BN44:BQ44) -> 557550 | BS44: =T44+U44+V44+W44 -> 482142.86 | BT44: =BH44-BS44 -> 7047522.5 | BU44: =IF(E44="HĐLĐ",15500000,0) -> 15500000 | BW44: =BV44*6200000 -> 0 | BX44: =BR44 -> 557550 | BY44: =BU44+BW44+BX44 -> 16057550 | BZ44: =IF(BT44-BY44>0,BT44-BY44,0) -> 0 | CA44: =IF(AND(OR($E44="HĐTV",$E44="HĐCTV"),$BZ44<2000000),0,IF(OR($E44="HĐTV",$E44="HĐCTV"),$BZ44*10%,ROUND(IF($BZ44<=10000000,$BZ44*5%,IF($BZ44<=30000000,$BZ44*10%-500000,IF($BZ44<=60000000,$BZ44*20%-3500000,IF($BZ44<=100000000,$BZ44*30%-9500000,$BZ44*35%-14500000)))),0))) -> 0 | CB44: =ROUND(BH44-BR44-CA44,0) -> 6972115 | CE44: =CB44+CC44-CD44 -> 6972115 | CF44: =CE44-CG44 -> 0 | CG44: =CE44 -> 6972115 | CI44: thao.do@medigoapp.com | CJ44: =VLOOKUP(D44,CNT!C33:AL41,36,0) -> 0 | CK44: 8 | CL44: =VLOOKUP(D44,CNT!C33:AL41,15,0) -> 2 | CM44: 19 | CN44: 4 | CO44: 2025 | CP44: =IF((($CO$7-CO44)*12)+($CN$7-CN44)>=12,((($CO$7-CO44)*12)+($CN$7-CN44))-1,0) -> 0 | CQ44: =IF(CP44<12,(($CQ$7-CO44)*12)+($CP$7-CN44),0) -> 13 | CR44: =IF(OR(CP44>12,CP44=12),((CP44-(CS44*12))+((($CQ$7-2024)*12)+($CP$7-4)))+1,0) -> 0 | CS44: =IF(OR(CP44>12,CP44=12),ROUNDDOWN(CP44/12,0),0) -> 0 | CT44: =IF(CQ44>11,ROUNDDOWN(CQ44/12,0),0) -> 1 | CU44: =IF(CR44>11,ROUNDDOWN(CR44/12,0),0) -> 0 | CV44: =IF(CP44=0,0,6000000*1.07^CS44) -> 0 | CW44: =IF(CT44<2,0,6000000+(CT44-1)*500000) -> 0 | CX44: =IF(CU44=0,CV44,IF(CU44<1,0,CV44+CU44*500000)) -> 0 | CY44: =IF(CX44>0,CX44,IF(CW44>0,CW44,6000000)) -> 6000000 | DA44: =CJ44 -> 0 | DB44: =CZ44&";"&" "&DA44&";"&" "&DF44 -> ; 0; | DE44: =VLOOKUP($D44,'[4]Med Service'!$D$11:$DI$87,110,0) -> 0 | DF44: =VLOOKUP($D44,'[5]BẢNG LƯƠNG'!$C$3:$AH$102,32,0)
K45: =SUM(K39:K44) -> 168 | L45: =SUM(L39:L44) -> 94 | M45: =SUM(M39:M44) -> 415.65 | N45: =SUM(N39:N44) -> 392.2 | O45: =SUM(O39:O44) -> 0 | P45: =SUM(P39:P44) -> 0 | Q45: =SUM(Q39:Q44) -> 0 | R45: =SUM(R39:R44) -> 0 | ... Z45: =SUM(Z39:Z44) -> 0 | AC45: =SUM(AC39:AC44) -> 33500000 | AD45: =SUM(AD39:AD44) -> 0 | AE45: =SUM(AE39:AE44) -> 0 | AF45: =SUM(AF39:AF44) -> 0 | AG45: =SUM(AG39:AG44) -> 11046362 | AH45: =SUM(AH39:AH44) -> 15783147 | AI45: =SUM(AI39:AI44) -> 0 | AJ45: =SUM(AJ39:AJ44) -> 0 | ... AT45: =SUM(AT39:AT44) -> 0 | AW45: =SUM(AW39:AW44) -> 0 | AX45: =SUM(AX39:AX44) -> 0 | AY45: =SUM(AY39:AY44) -> 0 | AZ45: =SUM(AZ39:AZ44) -> 0 | BA45: =SUM(BA39:BA44) -> 0 | BB45: =SUM(BB39:BB44) -> 0 | BC45: =SUM(BC39:BC44) -> 10000 | BD45: =SUM(BD39:BD44) -> 0 | ... CI45: =SUM(CI39:CI44) -> 0 | CL45: =SUM(CL36:CL44) -> 12 | CP45: =SUM(CP39:CP44) -> 0 | CQ45: =SUM(CQ39:CQ44) -> 89 | CR45: =SUM(CR39:CR44) -> 0 | CS45: =SUM(CS39:CS44) -> 0 | CT45: =SUM(CT39:CT44) -> 5 | CU45: =SUM(CU39:CU44) -> 0 | CV45: =SUM(CV39:CV44) -> 0 | CW45: =SUM(CW39:CW44) -> 6500000 | ... DC45: =SUM(DC39:DC44) -> 0 | DE45: =VLOOKUP($D45,'[4]Med Service'!$D$11:$DI$87,110,0) -> 0
A46: 31 | B46: 6 | C46: Cao Trong Nhan | D46: Cao Trọng Nhân | E46: =IF(OR(G46="CHT",G46="DSBC"),"HĐLĐ",IF(OR(G46="DSTV",G46="Q.CHT"),"HĐTV","HĐCTV")) -> HĐLĐ | F46: Nguyễn Thị Thập | G46: DSBC | H46: 18/12/2025 | I46: 109868265987 | J46: Vietinbank | K46: 28 | L46: =VLOOKUP(D46,CNT!C34:AL39,14,0) -> 29 | M46: =VLOOKUP(D46,CNT!C34:AL39,3,0) -> 36.95 | N46: =VLOOKUP(D46,CNT!C34:AL39,4,0) -> 232.1 | S46: =IF(E46="HĐLĐ",5310000,0) -> 5310000 | T46: =IF(500000/28*L46>500000,500000,500000/28*L46) -> 500000 | AA46: =VLOOKUP(D46,CNT!C34:AL39,20,0) -> 0 | AB46: =VLOOKUP(D46,CNT!C34:AL39,21,0) -> 0 | AC46: =CY46 -> 6000000 | AG46: =AC46/28/8*M46 -> 989732.14 | AH46: =AC46/28/8*N46*1.5 -> 9325446.4 | AL46: =VLOOKUP(D46,CNT!C34:AL39,18,0) -> 0 | AM46: =VLOOKUP(D46,CNT!C34:AL39,19,0) -> 0 | AN46: =VLOOKUP(D46,CNT!C34:AL39,24,0) -> 1000000 | AO46: =VLOOKUP(D46,CNT!C34:AL39,25,0) -> 1310964 | AP46: =VLOOKUP(D46,CNT!C34:AL39,26,0) -> 1767800 | AQ46: =VLOOKUP(D46,CNT!C34:AL39,27,0) -> 56155 | AR46: =VLOOKUP(D46,CNT!C34:AL39,28,0) -> 0 | AS46: =VLOOKUP(D46,CNT!C34:AL39,29,0) -> 500000 | AU46: =VLOOKUP(D46,CNT!C34:AL39,22,0) -> 0 | AV46: =VLOOKUP(D46,CNT!C34:AL39,23,0) -> 0 | BB46: =VLOOKUP(D46,CNT!C34:AL39,31,0) -> 0 | BC46: =VLOOKUP(D46,CNT!C34:AL39,32,0) -> 0 | BD46: =VLOOKUP(D46,CNT!C34:AL39,33,0) -> 0 | BE46: =VLOOKUP(D46,CNT!C34:AL39,34,0) -> 0 | BF46: =VLOOKUP(D46,CNT!C34:AL39,35,0) -> 0 | BH46: =SUM(AF46:BA46)-SUM(BB46:BG46)+T46 -> 15450098 | BI46: =S46*17.5% -> 929250 | BJ46: =S46*3% -> 159300 | BK46: =S46*1% -> 53100 | BM46: =SUM(BI46:BL46) -> 1141650 | BN46: =S46*8% -> 424800 | BO46: =S46*1.5% -> 79650 | BP46: =S46*1% -> 53100 | BR46: =SUM(BN46:BQ46) -> 557550 | BS46: =T46+U46+V46+W46 -> 500000 | BT46: =BH46-BS46 -> 14950098 | BU46: =IF(E46="HĐLĐ",15500000,0) -> 15500000 | BW46: =BV46*6200000 -> 0 | BX46: =BR46 -> 557550 | BY46: =BU46+BW46+BX46 -> 16057550 | BZ46: =IF(BT46-BY46>0,BT46-BY46,0) -> 0 | CA46: =IF(AND(OR($E46="HĐTV",$E46="HĐCTV"),$BZ46<2000000),0,IF(OR($E46="HĐTV",$E46="HĐCTV"),$BZ46*10%,ROUND(IF($BZ46<=10000000,$BZ46*5%,IF($BZ46<=30000000,$BZ46*10%-500000,IF($BZ46<=60000000,$BZ46*20%-3500000,IF($BZ46<=100000000,$BZ46*30%-9500000,$BZ46*35%-14500000)))),0))) -> 0 | CB46: =ROUND(BH46-BR46-CA46,0) -> 14892548 | CE46: =CB46+CC46-CD46 -> 14892548 | CF46: =CE46-CG46 -> 0 | CG46: =CE46 -> 14892548 | CI46: =VLOOKUP($C46,[2]Sheet1!$C$5:$K$139,9,0) -> nhan.cao@medigoapp.com | CJ46: =VLOOKUP(D46,CNT!C34:AL39,36,0) -> 0 | CK46: 8 | CL46: =VLOOKUP(D46,CNT!C34:AL39,15,0) -> 2 | CM46: 18 | CN46: 12 | CO46: 2025 | CP46: =IF((($CO$7-CO46)*12)+($CN$7-CN46)>=12,((($CO$7-CO46)*12)+($CN$7-CN46))-1,0) -> 0 | CQ46: =IF(CP46<12,(($CQ$7-CO46)*12)+($CP$7-CN46),0) -> 5 | CR46: =IF(OR(CP46>12,CP46=12),((CP46-(CS46*12))+((($CQ$7-2024)*12)+($CP$7-4)))+1,0) -> 0 | CS46: =IF(OR(CP46>12,CP46=12),ROUNDDOWN(CP46/12,0),0) -> 0 | CT46: =IF(CQ46>11,ROUNDDOWN(CQ46/12,0),0) -> 0 | CU46: =IF(CR46>11,ROUNDDOWN(CR46/12,0),0) -> 0 | CV46: =IF(CP46=0,0,6000000*1.07^CS46) -> 0 | CW46: =IF(CT46<2,0,6000000+(CT46-1)*500000) -> 0 | CX46: =IF(CU46=0,CV46,IF(CU46<1,0,CV46+CU46*500000)) -> 0 | CY46: 6000000 | DA46: =CJ46 -> 0 | DB46: =CZ46&";"&" "&DA46&";"&" "&DF46 -> ; 0; | DE46: =VLOOKUP($D46,'[4]Med Service'!$D$11:$DI$87,110,0) -> 0 | DF46: =VLOOKUP($D46,'[5]BẢNG LƯƠNG'!$C$3:$AH$102,32,0)
A47: =1+A46 -> 32 | B47: 6 | C47: Nguyen Minh Tri | D47: Nguyễn Minh Trí | E47: =IF(OR(G47="CHT",G47="DSBC"),"HĐLĐ",IF(OR(G47="DSTV",G47="Q.CHT"),"HĐTV","HĐCTV")) -> HĐLĐ | F47: Nguyễn Thị Thập | G47: DSBC | H47: 04/05/2026 | I47: 060240357464 | J47: Sacombank | K47: 28 | L47: =VLOOKUP(D47,CNT!C35:AL40,14,0) -> 29 | M47: =VLOOKUP(D47,CNT!C35:AL40,3,0) -> 248.38 | N47: =VLOOKUP(D47,CNT!C35:AL40,4,0) -> 0 | S47: =IF(E47="HĐLĐ",5310000,0) -> 5310000 | T47: =IF(500000/28*L47>500000,500000,500000/28*L47) -> 500000 | AA47: =VLOOKUP(D47,CNT!C35:AL40,20,0) -> 0 | AB47: =VLOOKUP(D47,CNT!C35:AL40,21,0) -> 0 | AC47: =CY47 -> 3000000 | AG47: =AC47/28/8*M47 -> 3326517.9 | AH47: =AC47/28/8*N47*1.5 -> 0 | AL47: =VLOOKUP(D47,CNT!C35:AL40,18,0) -> 0 | AM47: =VLOOKUP(D47,CNT!C35:AL40,19,0) -> 0 | AN47: =VLOOKUP(D47,CNT!C35:AL40,24,0) -> 0 | AO47: =VLOOKUP(D47,CNT!C35:AL40,25,0) -> 0 | AP47: =VLOOKUP(D47,CNT!C35:AL40,26,0) -> 0 | AQ47: =VLOOKUP(D47,CNT!C35:AL40,27,0) -> 0 | AR47: =VLOOKUP(D47,CNT!C35:AL40,28,0) -> 0 | AS47: =VLOOKUP(D47,CNT!C35:AL40,29,0) -> 0 | AU47: =VLOOKUP(D47,CNT!C35:AL40,22,0) -> 0 | AV47: =VLOOKUP(D47,CNT!C35:AL40,23,0) -> 0 | BB47: =VLOOKUP(D47,CNT!C35:AL40,31,0) -> 0 | BC47: =VLOOKUP(D47,CNT!C35:AL40,32,0) -> 0 | BD47: =VLOOKUP(D47,CNT!C35:AL40,33,0) -> 0 | BE47: =VLOOKUP(D47,CNT!C35:AL40,34,0) -> 0 | BF47: =VLOOKUP(D47,CNT!C35:AL40,35,0) -> 0 | BH47: =SUM(AF47:BA47)-SUM(BB47:BG47)+T47 -> 3826517.9 | BI47: =S47*17.5% -> 929250 | BJ47: =S47*3% -> 159300 | BK47: =S47*1% -> 53100 | BM47: =SUM(BI47:BL47) -> 1141650 | BN47: =S47*8% -> 424800 | BO47: =S47*1.5% -> 79650 | BP47: =S47*1% -> 53100 | BR47: =SUM(BN47:BQ47) -> 557550 | BS47: =T47+U47+V47+W47 -> 500000 | BT47: =BH47-BS47 -> 3326517.9 | BU47: =IF(E47="HĐLĐ",15500000,0) -> 15500000 | BW47: =BV47*6200000 -> 0 | BX47: =BR47 -> 557550 | BY47: =BU47+BW47+BX47 -> 16057550 | BZ47: =IF(BT47-BY47>0,BT47-BY47,0) -> 0 | CA47: =IF(AND(OR($E47="HĐTV",$E47="HĐCTV"),$BZ47<2000000),0,IF(OR($E47="HĐTV",$E47="HĐCTV"),$BZ47*10%,ROUND(IF($BZ47<=10000000,$BZ47*5%,IF($BZ47<=30000000,$BZ47*10%-500000,IF($BZ47<=60000000,$BZ47*20%-3500000,IF($BZ47<=100000000,$BZ47*30%-9500000,$BZ47*35%-14500000)))),0))) -> 0 | CB47: =ROUND(BH47-BR47-CA47,0) -> 3268968 | CE47: =CB47+CC47-CD47 -> 3268968 | CF47: =CE47-CG47 -> 0 | CG47: =CE47 -> 3268968 | CI47: tri.nguyen@medigoapp.com | CJ47: =VLOOKUP(D47,CNT!C35:AL40,36,0) -> 0 | CK47: 3 | CL47: =VLOOKUP(D47,CNT!C35:AL40,15,0) -> 2 | CM47: 4 | CN47: 5 | CO47: 2026 | CP47: =IF((($CO$7-CO47)*12)+($CN$7-CN47)>=12,((($CO$7-CO47)*12)+($CN$7-CN47))-1,0) -> 0 | CQ47: =IF(CP47<12,(($CQ$7-CO47)*12)+($CP$7-CN47),0) -> 0 | CR47: =IF(OR(CP47>12,CP47=12),((CP47-(CS47*12))+((($CQ$7-2024)*12)+($CP$7-4)))+1,0) -> 0 | CS47: =IF(OR(CP47>12,CP47=12),ROUNDDOWN(CP47/12,0),0) -> 0 | CT47: =IF(CQ47>11,ROUNDDOWN(CQ47/12,0),0) -> 0 | CU47: =IF(CR47>11,ROUNDDOWN(CR47/12,0),0) -> 0 | CV47: =IF(CP47=0,0,6000000*1.07^CS47) -> 0 | CW47: =IF(CT47<2,0,6000000+(CT47-1)*500000) -> 0 | CX47: =IF(CU47=0,CV47,IF(CU47<1,0,CV47+CU47*500000)) -> 0 | CY47: 3000000 | DB47: =CZ47&";"&" "&DA47&";"&" "&DF47 -> ; ; | DE47: =VLOOKUP($D47,'[4]Med Service'!$D$11:$DI$87,110,0) -> #N/A | DF47: =VLOOKUP($D47,'[5]BẢNG LƯƠNG'!$C$3:$AH$102,32,0)
A48: =1+A47 -> 33 | B48: 6 | C48: Nguyen Tri Nghia | D48: Nguyễn Trí Nghĩa | E48: HĐLĐ | F48: Nguyễn Thị Thập | G48: DSBC | H48: 45439 | I48: 0251002787705 | J48: Vietcombank | K48: 28 | L48: =VLOOKUP(D48,CNT!C36:AL41,14,0) -> 25 | M48: =VLOOKUP(D48,CNT!C36:AL41,3,0) -> 189.2 | N48: =VLOOKUP(D48,CNT!C36:AL41,4,0) -> 33.42 | S48: =IF(E48="HĐLĐ",5310000,0) -> 5310000 | AA48: =VLOOKUP(D48,CNT!C36:AL41,20,0) -> 0 | AB48: =VLOOKUP(D48,CNT!C36:AL41,21,0) -> 0 | AC48: =CY48 -> 6500000 | AG48: =AC48/28/8*M48 -> 5490178.6 | AH48: =AC48/28/8*N48*1.5 -> 1454665.2 | AK48: =AC48/28/8*Q48*3 -> 0 | AL48: =VLOOKUP(D48,CNT!C36:AL41,18,0) -> 0 | AM48: =VLOOKUP(D48,CNT!C36:AL41,19,0) -> 0 | AN48: =VLOOKUP(D48,CNT!C36:AL41,24,0) -> 0 | AO48: =VLOOKUP(D48,CNT!C36:AL41,25,0) -> 1358679 | AP48: =VLOOKUP(D48,CNT!C36:AL41,26,0) -> 917400 | AQ48: =VLOOKUP(D48,CNT!C36:AL41,27,0) -> 31400 | AR48: =VLOOKUP(D48,CNT!C36:AL41,28,0) -> 0 | AS48: =VLOOKUP(D48,CNT!C36:AL41,29,0) -> 0 | AU48: =VLOOKUP(D48,CNT!C36:AL41,22,0) -> 0 | AV48: =VLOOKUP(D48,CNT!C36:AL41,23,0) -> 0 | BB48: =VLOOKUP(D48,CNT!C36:AL41,31,0) -> 0 | BC48: =VLOOKUP(D48,CNT!C36:AL41,32,0) -> 100000 | BD48: =VLOOKUP(D48,CNT!C36:AL41,33,0) -> 0 | BE48: =VLOOKUP(D48,CNT!C36:AL41,34,0) -> 100000 | BF48: =VLOOKUP(D48,CNT!C36:AL41,35,0) -> 0 | BH48: =SUM(AF48:BA48)-SUM(BB48:BG48)+T48 -> 9052322.8 | BI48: =S48*17.5% -> 929250 | BJ48: =S48*3% -> 159300 | BK48: =S48*1% -> 53100 | BM48: =SUM(BI48:BL48) -> 1141650 | BN48: =S48*8% -> 424800 | BO48: =S48*1.5% -> 79650 | BP48: =S48*1% -> 53100 | BR48: =SUM(BN48:BQ48) -> 557550 | BS48: =T48+U48+V48+W48 -> 0 | BT48: =BH48-BS48 -> 9052322.8 | BU48: =IF(E48="HĐLĐ",15500000,0) -> 15500000 | BW48: =BV48*6200000 -> 0 | BX48: =BR48 -> 557550 | BY48: =BU48+BW48+BX48 -> 16057550 | BZ48: =IF(BT48-BY48>0,BT48-BY48,0) -> 0 | CA48: =IF(AND(OR($E48="HĐTV",$E48="HĐCTV"),$BZ48<2000000),0,IF(OR($E48="HĐTV",$E48="HĐCTV"),$BZ48*10%,ROUND(IF($BZ48<=10000000,$BZ48*5%,IF($BZ48<=30000000,$BZ48*10%-500000,IF($BZ48<=60000000,$BZ48*20%-3500000,IF($BZ48<=100000000,$BZ48*30%-9500000,$BZ48*35%-14500000)))),0))) -> 0 | CB48: =ROUND(BH48-BR48-CA48,0) -> 8494773 | CD48: 5585830 | CE48: =CB48+CC48-CD48 -> 2908943 | CF48: =CE48-CG48 -> 0 | CG48: =CE48 -> 2908943 | CI48: tringhia.nguyen@medigoapp.com | CJ48: =VLOOKUP(D48,CNT!C36:AL41,36,0) -> Xuất HD1105933 quá thời gian quy định 10/06/2026, Phản hồi khách hàng quá 15 phút | CK48: 5 | CL48: =VLOOKUP(D48,CNT!C36:AL41,15,0) -> 0 | CM48: 27 | CN48: 5 | CO48: 2024 | CP48: 0 | CQ48: =IF(CP48<12,(($CQ$7-CO48)*12)+($CP$7-CN48),0) -> 24 | CR48: =IF(OR(CP48>12,CP48=12),((CP48-(CS48*12))+((($CQ$7-2024)*12)+($CP$7-4)))+1,0) -> 0 | CS48: 0 | CT48: =IF(CQ48>11,ROUNDDOWN(CQ48/12,0),0) -> 2 | CU48: 0 | CV48: 0 | CW48: =IF(CT48<2,0,6000000+(CT48-1)*500000) -> 6500000 | CX48: 0 | CY48: =IF(CX48>0,CX48,IF(CW48>0,CW48,6000000)) -> 6500000 | DA48: =CJ48 -> Xuất HD1105933 quá thời gian quy định 10/06/2026, Phản hồi khách hàng quá 15 phút | DB48: =CZ48&";"&" "&DA48&";"&" "&DF48 -> ; Xuất HD1105933 quá thời gian quy định 10/06/2026, Phản hồi khách hàng quá 15 phút ; | DE48: =VLOOKUP($D48,'[4]Med Service'!$D$11:$DI$87,110,0) -> 0 | DF48: =VLOOKUP($D48,'[5]BẢNG LƯƠNG'!$C$3:$AH$102,32,0)
A49: =1+A48 -> 34 | B49: 6 | C49: Trieu Thi Ngoc Ly | D49: Triệu Thị Ngọc Lý | E49: =IF(OR(G49="CHT",G49="DSBC"),"HĐLĐ",IF(OR(G49="DSTV",G49="Q.CHT"),"HĐTV","HĐCTV")) -> HĐLĐ | F49: Nguyễn Thị Thập | G49: CHT | H49: 45194 | I49: 0989442883 | J49: MB BANK | K49: 28 | L49: =VLOOKUP(D49,CNT!C37:AL42,14,0) -> 26 | M49: =VLOOKUP(D49,CNT!C37:AL42,3,0) -> 299.88 | N49: =VLOOKUP(D49,CNT!C37:AL42,4,0) -> 15.68 | S49: =IF(E49="HĐLĐ",5310000,0) -> 5310000 | T49: =IF(500000/28*L49>500000,500000,500000/28*L49) -> 464285.71 | AA49: =VLOOKUP(D49,CNT!C37:AL42,20,0) -> 0 | AB49: =VLOOKUP(D49,CNT!C37:AL42,21,0) -> 0 | AC49: =CY49 -> 6500000 | AG49: =AC49/28/8*M49 -> 8701875 | AH49: =AC49/28/8*N49*1.5 -> 682500 | AL49: =VLOOKUP(D49,CNT!C37:AL42,18,0) -> 1000000 | AM49: =VLOOKUP(D49,CNT!C37:AL42,19,0) -> 0 | AN49: =VLOOKUP(D49,CNT!C37:AL42,24,0) -> 400000 | AO49: =VLOOKUP(D49,CNT!C37:AL42,25,0) -> 1987801 | AP49: =VLOOKUP(D49,CNT!C37:AL42,26,0) -> 1126800 | AQ49: =VLOOKUP(D49,CNT!C37:AL42,27,0) -> 40538 | AR49: =VLOOKUP(D49,CNT!C37:AL42,28,0) -> 0 | AS49: =VLOOKUP(D49,CNT!C37:AL42,29,0) -> 223025 | AU49: =VLOOKUP(D49,CNT!C37:AL42,22,0) -> 0 | AV49: =VLOOKUP(D49,CNT!C37:AL42,23,0) -> 0 | BB49: =VLOOKUP(D49,CNT!C37:AL42,31,0) -> 0 | BC49: =VLOOKUP(D49,CNT!C37:AL42,32,0) -> 10000 | BD49: =VLOOKUP(D49,CNT!C37:AL42,33,0) -> 0 | BE49: =VLOOKUP(D49,CNT!C37:AL42,34,0) -> 0 | BF49: =VLOOKUP(D49,CNT!C37:AL42,35,0) -> 0 | BH49: =SUM(AF49:BA49)-SUM(BB49:BG49)+T49 -> 14616825 | BI49: =S49*17.5% -> 929250 | BJ49: =S49*3% -> 159300 | BK49: =S49*1% -> 53100 | BM49: =SUM(BI49:BL49) -> 1141650 | BN49: =S49*8% -> 424800 | BO49: =S49*1.5% -> 79650 | BP49: =S49*1% -> 53100 | BR49: =SUM(BN49:BQ49) -> 557550 | BS49: =T49+U49+V49+W49 -> 464285.71 | BT49: =BH49-BS49 -> 14152539 | BU49: =IF(E49="HĐLĐ",15500000,0) -> 15500000 | BW49: =BV49*6200000 -> 0 | BX49: =BR49 -> 557550 | BY49: =BU49+BW49+BX49 -> 16057550 | BZ49: =IF(BT49-BY49>0,BT49-BY49,0) -> 0 | CA49: =IF(AND(OR($E49="HĐTV",$E49="HĐCTV"),$BZ49<2000000),0,IF(OR($E49="HĐTV",$E49="HĐCTV"),$BZ49*10%,ROUND(IF($BZ49<=10000000,$BZ49*5%,IF($BZ49<=30000000,$BZ49*10%-500000,IF($BZ49<=60000000,$BZ49*20%-3500000,IF($BZ49<=100000000,$BZ49*30%-9500000,$BZ49*35%-14500000)))),0))) -> 0 | CB49: =ROUND(BH49-BR49-CA49,0) -> 14059275 | CE49: =CB49+CC49-CD49 -> 14059275 | CF49: =CE49-CG49 -> 0 | CG49: =CE49 -> 14059275 | CI49: ly.trieu@medigoapp.com | CJ49: =VLOOKUP(D49,CNT!C37:AL42,36,0) -> Vi phạm checklist 27/06/2026 | CK49: 5 | CL49: =VLOOKUP(D49,CNT!C37:AL42,15,0) -> 0 | CM49: 25 | CN49: 9 | CO49: 2023 | CP49: =IF((($CO$7-CO49)*12)+($CN$7-CN49)>=12,((($CO$7-CO49)*12)+($CN$7-CN49))-1,0) -> 0 | CQ49: =IF(CP49<12,(($CQ$7-CO49)*12)+($CP$7-CN49),0) -> 32 | CR49: =IF(OR(CP49>12,CP49=12),((CP49-(CS49*12))+((($CQ$7-2024)*12)+($CP$7-4)))+1,0) -> 0 | CS49: =IF(OR(CP49>12,CP49=12),ROUNDDOWN(CP49/12,0),0) -> 0 | CT49: =IF(CQ49>11,ROUNDDOWN(CQ49/12,0),0) -> 2 | CU49: =IF(CR49>11,ROUNDDOWN(CR49/12,0),0) -> 0 | CV49: =IF(CP49=0,0,6000000*1.07^CS49) -> 0 | CW49: =IF(CT49<2,0,6000000+(CT49-1)*500000) -> 6500000 | CX49: =IF(CU49=0,CV49,IF(CU49<1,0,CV49+CU49*500000)) -> 0 | CY49: =IF(CX49>0,CX49,IF(CW49>0,CW49,6000000)) -> 6500000 | DA49: =CJ49 -> Vi phạm checklist 27/06/2026 | DB49: =CZ49&";"&" "&DA49&";"&" "&DF49 -> ; Vi phạm checklist 27/06/2026; Không đảm bảo vệ sinh khu vực làm việc 21/05/2026: 10.000đ Vi phạm chấm điểm checklist 27/05/2026: 10.000đ | DD49: ='[3]Tong hop'!$P$11+'[3]Tong hop'!$P$25 -> 737824 | DE49: =VLOOKUP($D49,'[4]Med Service'!$D$11:$DI$87,110,0) -> 0 | DF49: =VLOOKUP($D49,'[5]BẢNG LƯƠNG'!$C$3:$AH$102,32,0) -> Không đảm bảo vệ sinh khu vực làm việc 21/05/2026: 10.000đ Vi phạm chấm điểm checklist 27/05/2026: 10.000đ
A50: =1+A49 -> 35 | B50: 6 | C50: Tran Thanh Dat | D50: Trần Thành Đạt | E50: =IF(OR(G50="CHT",G50="DSBC"),"HĐLĐ",IF(OR(G50="DSTV",G50="Q.CHT"),"HĐTV","HĐCTV")) -> HĐLĐ | F50: Nguyễn Thị Thập | G50: DSBC | H50: 21/07/2025 | I50: 0621000445313 | J50: Vietcombank | K50: 28 | L50: =VLOOKUP(D50,CNT!C38:AL43,14,0) -> 27 | M50: =VLOOKUP(D50,CNT!C38:AL43,3,0) -> 13.13 | N50: =VLOOKUP(D50,CNT!C38:AL43,4,0) -> 262.82 | S50: =IF(E50="HĐLĐ",5310000,0) -> 5310000 | T50: =IF(500000/28*L50>500000,500000,500000/28*L50) -> 482142.86 | AA50: =VLOOKUP(D50,CNT!C38:AL43,20,0) -> 0 | AB50: =VLOOKUP(D50,CNT!C38:AL43,21,0) -> 0 | AC50: =CY50 -> 6000000 | AG50: =AC50/28/8*M50 -> 351696.43 | AH50: =AC50/28/8*N50*1.5 -> 10559732 | AL50: =VLOOKUP(D50,CNT!C38:AL43,18,0) -> 0 | AM50: =VLOOKUP(D50,CNT!C38:AL43,19,0) -> 0 | AN50: =VLOOKUP(D50,CNT!C38:AL43,24,0) -> 0 | AO50: =VLOOKUP(D50,CNT!C38:AL43,25,0) -> 0 | AP50: =VLOOKUP(D50,CNT!C38:AL43,26,0) -> 863700 | AQ50: =VLOOKUP(D50,CNT!C38:AL43,27,0) -> 100200 | AR50: =VLOOKUP(D50,CNT!C38:AL43,28,0) -> 0 | AS50: =VLOOKUP(D50,CNT!C38:AL43,29,0) -> 0 | AU50: =VLOOKUP(D50,CNT!C38:AL43,22,0) -> 0 | AV50: =VLOOKUP(D50,CNT!C38:AL43,23,0) -> 0 | BB50: =VLOOKUP(D50,CNT!C38:AL43,31,0) -> 0 | BC50: =VLOOKUP(D50,CNT!C38:AL43,32,0) -> 0 | BD50: =VLOOKUP(D50,CNT!C38:AL43,33,0) -> 0 | BE50: =VLOOKUP(D50,CNT!C38:AL43,34,0) -> 0 | BF50: =VLOOKUP(D50,CNT!C38:AL43,35,0) -> 0 | BH50: =SUM(AF50:BA50)-SUM(BB50:BG50)+T50 -> 12357471 | BI50: =S50*17.5% -> 929250 | BJ50: =S50*3% -> 159300 | BK50: =S50*1% -> 53100 | BM50: =SUM(BI50:BL50) -> 1141650 | BN50: =S50*8% -> 424800 | BO50: =S50*1.5% -> 79650 | BP50: =S50*1% -> 53100 | BR50: =SUM(BN50:BQ50) -> 557550 | BS50: =T50+U50+V50+W50 -> 482142.86 | BT50: =BH50-BS50 -> 11875329 | BU50: =IF(E50="HĐLĐ",15500000,0) -> 15500000 | BW50: =BV50*6200000 -> 0 | BX50: =BR50 -> 557550 | BY50: =BU50+BW50+BX50 -> 16057550 | BZ50: =IF(BT50-BY50>0,BT50-BY50,0) -> 0 | CA50: =IF(AND(OR($E50="HĐTV",$E50="HĐCTV"),$BZ50<2000000),0,IF(OR($E50="HĐTV",$E50="HĐCTV"),$BZ50*10%,ROUND(IF($BZ50<=10000000,$BZ50*5%,IF($BZ50<=30000000,$BZ50*10%-500000,IF($BZ50<=60000000,$BZ50*20%-3500000,IF($BZ50<=100000000,$BZ50*30%-9500000,$BZ50*35%-14500000)))),0))) -> 0 | CB50: =ROUND(BH50-BR50-CA50,0) -> 11799921 | CE50: =CB50+CC50-CD50 -> 11799921 | CF50: =CE50-CG50 -> 0 | CG50: =CE50 -> 11799921 | CI50: dat.tran@medigoapp.com | CJ50: =VLOOKUP(D50,CNT!C38:AL43,36,0) -> 0 | CK50: 9 | CL50: =VLOOKUP(D50,CNT!C38:AL43,15,0) -> 2 | CM50: 21 | CN50: 7 | CO50: 2025 | CP50: =IF((($CO$7-CO50)*12)+($CN$7-CN50)>=12,((($CO$7-CO50)*12)+($CN$7-CN50))-1,0) -> 0 | CQ50: =IF(CP50<12,(($CQ$7-CO50)*12)+($CP$7-CN50),0) -> 10 | CR50: =IF(OR(CP50>12,CP50=12),((CP50-(CS50*12))+((($CQ$7-2024)*12)+($CP$7-4)))+1,0) -> 0 | CS50: =IF(OR(CP50>12,CP50=12),ROUNDDOWN(CP50/12,0),0) -> 0 | CT50: =IF(CQ50>11,ROUNDDOWN(CQ50/12,0),0) -> 0 | CU50: =IF(CR50>11,ROUNDDOWN(CR50/12,0),0) -> 0 | CV50: =IF(CP50=0,0,6000000*1.07^CS50) -> 0 | CW50: =IF(CT50<2,0,6000000+(CT50-1)*500000) -> 0 | CX50: =IF(CU50=0,CV50,IF(CU50<1,0,CV50+CU50*500000)) -> 0 | CY50: =IF(CX50>0,CX50,IF(CW50>0,CW50,6000000)) -> 6000000 | DA50: =CJ50 -> 0 | DB50: =CZ50&";"&" "&DA50&";"&" "&DF50 -> ; 0; | DE50: =VLOOKUP($D50,'[4]Med Service'!$D$11:$DI$87,110,0) -> 0 | DF50: =VLOOKUP($D50,'[5]BẢNG LƯƠNG'!$C$3:$AH$102,32,0)
A51: =1+A50 -> 36 | B51: 6 | C51: Dao Thi Xuyen | D51: Đào Thị Xuyến | E51: =IF(OR(G51="CHT",G51="DSBC"),"HĐLĐ",IF(OR(G51="DSTV",G51="Q.CHT"),"HĐTV","HĐCTV")) -> HĐTV | F51: Nguyễn Thị Thập | G51: DSTV | H51: 25/05/2026 | I51: 107868103965 | J51: Viettinbank | K51: 28 | L51: =VLOOKUP(D51,CNT!C39:AL44,14,0) -> 1 | M51: =VLOOKUP(D51,CNT!C39:AL44,3,0) -> 8.03 | N51: =VLOOKUP(D51,CNT!C39:AL44,4,0) -> 0 | S51: =IF(E51="HĐLĐ",5310000,0) -> 0 | T51: =IF(500000/28*L51>500000,500000,500000/28*L51) -> 17857.143 | AA51: =VLOOKUP(D51,CNT!C39:AL44,20,0) -> 0 | AB51: =VLOOKUP(D51,CNT!C39:AL44,21,0) -> 0 | AC51: =CY51 -> 5100000 | AG51: =AC51/28/8*M51 -> 182825.89 | AH51: =AC51/28/8*N51*1.5 -> 0 | AL51: =VLOOKUP(D51,CNT!C39:AL44,18,0) -> 0 | AM51: =VLOOKUP(D51,CNT!C39:AL44,19,0) -> 0 | AN51: =VLOOKUP(D51,CNT!C39:AL44,24,0) -> 0 | AO51: =VLOOKUP(D51,CNT!C39:AL44,25,0) -> 0 | AP51: =VLOOKUP(D51,CNT!C39:AL44,26,0) -> 0 | AQ51: =VLOOKUP(D51,CNT!C39:AL44,27,0) -> 0 | AR51: =VLOOKUP(D51,CNT!C39:AL44,28,0) -> 0 | AS51: =VLOOKUP(D51,CNT!C39:AL44,29,0) -> 0 | AU51: =VLOOKUP(D51,CNT!C39:AL44,22,0) -> 0 | AV51: =VLOOKUP(D51,CNT!C39:AL44,23,0) -> 0 | BB51: =VLOOKUP(D51,CNT!C39:AL44,31,0) -> 0 | BC51: =VLOOKUP(D51,CNT!C39:AL44,32,0) -> 0 | BD51: =VLOOKUP(D51,CNT!C39:AL44,33,0) -> 0 | BE51: =VLOOKUP(D51,CNT!C39:AL44,34,0) -> 0 | BF51: =VLOOKUP(D51,CNT!C39:AL44,35,0) -> 0 | BH51: =SUM(AF51:BA51)-SUM(BB51:BG51)+T51 -> 200683.04 | BI51: =S51*17.5% -> 0 | BJ51: =S51*3% -> 0 | BK51: =S51*1% -> 0 | BM51: =SUM(BI51:BL51) -> 0 | BN51: =S51*8% -> 0 | BO51: =S51*1.5% -> 0 | BP51: =S51*1% -> 0 | BR51: =SUM(BN51:BQ51) -> 0 | BS51: =T51+U51+V51+W51 -> 17857.143 | BT51: =BH51-BS51 -> 182825.89 | BU51: =IF(E51="HĐLĐ",15500000,0) -> 0 | BW51: =BV51*6200000 -> 0 | BX51: =BR51 -> 0 | BY51: =BU51+BW51+BX51 -> 0 | BZ51: =IF(BT51-BY51>0,BT51-BY51,0) -> 182825.89 | CA51: =IF(AND(OR($E51="HĐTV",$E51="HĐCTV"),$BZ51<2000000),0,IF(OR($E51="HĐTV",$E51="HĐCTV"),$BZ51*10%,ROUND(IF($BZ51<=10000000,$BZ51*5%,IF($BZ51<=30000000,$BZ51*10%-500000,IF($BZ51<=60000000,$BZ51*20%-3500000,IF($BZ51<=100000000,$BZ51*30%-9500000,$BZ51*35%-14500000)))),0))) -> 0 | CB51: =ROUND(BH51-BR51-CA51,0) -> 200683 | CE51: =CB51+CC51-CD51 -> 200683 | CF51: =CE51-CG51 -> 0 | CG51: =CE51 -> 200683 | CI51: xuyen.dao@medigoapp.com | CJ51: =VLOOKUP(D51,CNT!C39:AL44,36,0) -> 0 | CK51: 8 | CL51: =VLOOKUP(D51,CNT!C39:AL44,15,0) -> 0 | CM51: 25 | CN51: 5 | CO51: 2026 | CP51: =IF((($CO$7-CO51)*12)+($CN$7-CN51)>=12,((($CO$7-CO51)*12)+($CN$7-CN51))-1,0) -> 0 | CQ51: =IF(CP51<12,(($CQ$7-CO51)*12)+($CP$7-CN51),0) -> 0 | CR51: =IF(OR(CP51>12,CP51=12),((CP51-(CS51*12))+((($CQ$7-2024)*12)+($CP$7-4)))+1,0) -> 0 | CS51: =IF(OR(CP51>12,CP51=12),ROUNDDOWN(CP51/12,0),0) -> 0 | CT51: =IF(CQ51>11,ROUNDDOWN(CQ51/12,0),0) -> 0 | CU51: =IF(CR51>11,ROUNDDOWN(CR51/12,0),0) -> 0 | CV51: =IF(CP51=0,0,6000000*1.07^CS51) -> 0 | CW51: =IF(CT51<2,0,6000000+(CT51-1)*500000) -> 0 | CX51: =IF(CU51=0,CV51,IF(CU51<1,0,CV51+CU51*500000)) -> 0 | CY51: 5100000 | DB51: =CZ51&";"&" "&DA51&";"&" "&DF51 -> ; ; | DE51: =VLOOKUP($D51,'[4]Med Service'!$D$11:$DI$87,110,0) -> #N/A | DF51: =VLOOKUP($D51,'[5]BẢNG LƯƠNG'!$C$3:$AH$102,32,0)
K52: =SUM(K49:K51) -> 84 | L52: =SUM(L49:L51) -> 54 | M52: =SUM(M49:M51) -> 321.04 | N52: =SUM(N49:N51) -> 278.5 | O52: =SUM(O49:O51) -> 0 | P52: =SUM(P49:P51) -> 0 | Q52: =SUM(Q49:Q51) -> 0 | R52: =SUM(R49:R51) -> 0 | ... Z52: =SUM(Z49:Z51) -> 0 | AC52: =SUM(AC49:AC51) -> 17600000 | AD52: =SUM(AD49:AD51) -> 0 | AE52: =SUM(AE49:AE51) -> 0 | AF52: =SUM(AF49:AF51) -> 0 | AG52: =SUM(AG49:AG51) -> 9236397.3 | AH52: =SUM(AH49:AH51) -> 11242232 | AI52: =SUM(AI49:AI51) -> 0 | AJ52: =SUM(AJ49:AJ51) -> 0 | ... AT52: =SUM(AT49:AT51) -> 0 | AW52: =SUM(AW49:AW51) -> 0 | AX52: =SUM(AX49:AX51) -> 0 | AY52: =SUM(AY49:AY51) -> 0 | AZ52: =SUM(AZ49:AZ51) -> 0 | BA52: =SUM(BA49:BA51) -> 0 | BB52: =SUM(BB49:BB51) -> 0 | BC52: =SUM(BC49:BC51) -> 10000 | BD52: =SUM(BD49:BD51) -> 0 | ... CD52: =SUM(CD49:CD51) -> 0 | CE52: =SUM(CE46:CE51) -> 47130338 | CF52: =SUM(CF49:CF51) -> 0 | CG52: =SUM(CG46:CG51) -> 47130338 | CH52: =SUM(CH49:CH51) -> 0 | CI52: =SUM(CI49:CI51) -> 0 | CL52: =SUM(CL46:CL51) -> 6 | CP52: =SUM(CP49:CP51) -> 0 | CQ52: =SUM(CQ49:CQ51) -> 42 | CR52: =SUM(CR49:CR51) -> 0 | CS52: =SUM(CS49:CS51) -> 0 | CT52: =SUM(CT49:CT51) -> 2 | CU52: =SUM(CU49:CU51) -> 0 | CV52: =SUM(CV49:CV51) -> 0 | CW52: =SUM(CW49:CW51) -> 6500000 | ... DC52: =SUM(DC49:DC51) -> 0 | DE52: =VLOOKUP($D52,'[4]Med Service'!$D$11:$DI$87,110,0) -> 0
A53: 37 | B53: 6 | C53: Van Minh Tri | D53: Văn Minh Trí | E53: =IF(OR(G53="CHT",G53="DSBC"),"HĐLĐ",IF(OR(G53="DSTV",G53="Q.CHT"),"HĐTV","HĐCTV")) -> HĐCTV | F53: Nguyễn Văn Quá | G53: DSHV | H53: 25/05/2026 | I53: 0843630854 | J53: MB bank | K53: 28 | L53: =VLOOKUP(D53,CNT!C40:AL44,14,0) -> 0 | M53: =VLOOKUP(D53,CNT!C40:AL44,3,0) -> 0 | N53: =VLOOKUP(D53,CNT!C40:AL44,4,0) -> 0 | S53: =IF(E53="HĐLĐ",5310000,0) -> 0 | T53: =IF(500000/28*L53>500000,500000,500000/28*L53) -> 0 | AA53: =VLOOKUP(D53,CNT!C40:AL44,20,0) -> 0 | AB53: =VLOOKUP(D53,CNT!C40:AL44,21,0) -> 0 | AC53: =CY53 -> 3000000 | AG53: =AC53/28/8*M53 -> 0 | AH53: =AC53/28/8*N53*1.5 -> 0 | AL53: =VLOOKUP(D53,CNT!C40:AL44,18,0) -> 0 | AM53: =VLOOKUP(D53,CNT!C40:AL44,19,0) -> 0 | AN53: =VLOOKUP(D53,CNT!C40:AL44,24,0) -> 0 | AO53: =VLOOKUP(D53,CNT!C40:AL44,25,0) -> 0 | AP53: =VLOOKUP(D53,CNT!C40:AL44,26,0) -> 0 | AQ53: =VLOOKUP(D53,CNT!C40:AL44,27,0) -> 0 | AR53: =VLOOKUP(D53,CNT!C40:AL44,28,0) -> 0 | AS53: =VLOOKUP(D53,CNT!C40:AL44,29,0) -> 400000 | AU53: =VLOOKUP(D53,CNT!C40:AL44,22,0) -> 0 | AV53: =VLOOKUP(D53,CNT!C40:AL44,23,0) -> 0 | BB53: =VLOOKUP(D53,CNT!C40:AL44,31,0) -> 0 | BC53: =VLOOKUP(D53,CNT!C40:AL44,32,0) -> 0 | BD53: =VLOOKUP(D53,CNT!C40:AL44,33,0) -> 0 | BE53: =VLOOKUP(D53,CNT!C40:AL44,34,0) -> 0 | BF53: =VLOOKUP(D53,CNT!C40:AL44,35,0) -> 0 | BH53: =SUM(AF53:BA53)-SUM(BB53:BG53)+T53 -> 400000 | BI53: =S53*17.5% -> 0 | BJ53: =S53*3% -> 0 | BK53: =S53*1% -> 0 | BM53: =SUM(BI53:BL53) -> 0 | BN53: =S53*8% -> 0 | BO53: =S53*1.5% -> 0 | BP53: =S53*1% -> 0 | BR53: =SUM(BN53:BQ53) -> 0 | BS53: =T53+U53+V53+W53 -> 0 | BT53: =BH53-BS53 -> 400000 | BU53: =IF(E53="HĐLĐ",15500000,0) -> 0 | BW53: =BV53*6200000 -> 0 | BX53: =BR53 -> 0 | BY53: =BU53+BW53+BX53 -> 0 | BZ53: =IF(BT53-BY53>0,BT53-BY53,0) -> 400000 | CA53: =IF(AND(OR($E53="HĐTV",$E53="HĐCTV"),$BZ53<2000000),0,IF(OR($E53="HĐTV",$E53="HĐCTV"),$BZ53*10%,ROUND(IF($BZ53<=10000000,$BZ53*5%,IF($BZ53<=30000000,$BZ53*10%-500000,IF($BZ53<=60000000,$BZ53*20%-3500000,IF($BZ53<=100000000,$BZ53*30%-9500000,$BZ53*35%-14500000)))),0))) -> 0 | CB53: =ROUND(BH53-BR53-CA53,0) -> 400000 | CE53: =CB53+CC53-CD53 -> 400000 | CF53: =CE53-CG53 -> 0 | CG53: =CE53 -> 400000 | CI53: tri.van@medigoapp.com | CJ53: =VLOOKUP(D53,CNT!C40:AL44,36,0) -> 0 | CK53: 8 | CL53: =VLOOKUP(D53,CNT!C40:AL44,15,0) -> 0 | CM53: 25 | CN53: 5 | CO53: 2026 | CP53: =IF((($CO$7-CO53)*12)+($CN$7-CN53)>=12,((($CO$7-CO53)*12)+($CN$7-CN53))-1,0) -> 0 | CQ53: =IF(CP53<12,(($CQ$7-CO53)*12)+($CP$7-CN53),0) -> 0 | CR53: =IF(OR(CP53>12,CP53=12),((CP53-(CS53*12))+((($CQ$7-2024)*12)+($CP$7-4)))+1,0) -> 0 | CS53: =IF(OR(CP53>12,CP53=12),ROUNDDOWN(CP53/12,0),0) -> 0 | CT53: =IF(CQ53>11,ROUNDDOWN(CQ53/12,0),0) -> 0 | CU53: =IF(CR53>11,ROUNDDOWN(CR53/12,0),0) -> 0 | CV53: =IF(CP53=0,0,6000000*1.07^CS53) -> 0 | CW53: =IF(CT53<2,0,6000000+(CT53-1)*500000) -> 0 | CX53: =IF(CU53=0,CV53,IF(CU53<1,0,CV53+CU53*500000)) -> 0 | CY53: 3000000 | DB53: =CZ53&";"&" "&DA53&";"&" "&DF53 -> #N/A | DE53: =VLOOKUP($D53,'[4]Med Service'!$D$11:$DI$87,110,0) -> 0 | DF53: =VLOOKUP($D53,'[5]BẢNG LƯƠNG'!$C$3:$AH$102,32,0) -> #N/A
A54: =1+A53 -> 38 | B54: 6 | C54: Ho Ngoc Ly | D54: Hồ Ngọc Lý | E54: =IF(OR(G54="CHT",G54="DSBC"),"HĐLĐ",IF(OR(G54="DSTV",G54="Q.CHT"),"HĐTV","HĐCTV")) -> HĐLĐ | F54: Nguyễn Văn Quá | G54: DSBC | H54: 08/07/2024 | I54: 0081765868686 | J54: MB bank | K54: 28 | L54: =VLOOKUP(D54,CNT!C41:AL45,14,0) -> 27 | M54: =VLOOKUP(D54,CNT!C41:AL45,3,0) -> 20.32 | N54: =VLOOKUP(D54,CNT!C41:AL45,4,0) -> 196.25 | S54: =IF(E54="HĐLĐ",5310000,0) -> 5310000 | T54: =IF(500000/28*L54>500000,500000,500000/28*L54) -> 482142.86 | AA54: =VLOOKUP(D54,CNT!C41:AL45,20,0) -> 0 | AB54: =VLOOKUP(D54,CNT!C41:AL45,21,0) -> 0 | AC54: =CY54 -> 6000000 | AG54: =AC54/28/8*M54 -> 544285.71 | AH54: =AC54/28/8*N54*1.5 -> 7885044.6 | AL54: =VLOOKUP(D54,CNT!C41:AL45,18,0) -> 0 | AM54: =VLOOKUP(D54,CNT!C41:AL45,19,0) -> 0 | AN54: =VLOOKUP(D54,CNT!C41:AL45,24,0) -> 1000000 | AO54: =VLOOKUP(D54,CNT!C41:AL45,25,0) -> 0 | AP54: =VLOOKUP(D54,CNT!C41:AL45,26,0) -> 1207600 | AQ54: =VLOOKUP(D54,CNT!C41:AL45,27,0) -> 2540 | AR54: =VLOOKUP(D54,CNT!C41:AL45,28,0) -> 0 | AS54: =VLOOKUP(D54,CNT!C41:AL45,29,0) -> 0 | AU54: =VLOOKUP(D54,CNT!C41:AL45,22,0) -> 0 | AV54: =VLOOKUP(D54,CNT!C41:AL45,23,0) -> 0 | BB54: =VLOOKUP(D54,CNT!C41:AL45,31,0) -> 40050 | BC54: =VLOOKUP(D54,CNT!C41:AL45,32,0) -> 10000 | BD54: =VLOOKUP(D54,CNT!C41:AL45,33,0) -> 0 | BE54: =VLOOKUP(D54,CNT!C41:AL45,34,0) -> 0 | BF54: =VLOOKUP(D54,CNT!C41:AL45,35,0) -> 0 | BH54: =SUM(AF54:BA54)-SUM(BB54:BG54)+T54 -> 11071563 | BI54: =S54*17.5% -> 929250 | BJ54: =S54*3% -> 159300 | BK54: =S54*1% -> 53100 | BM54: =SUM(BI54:BL54) -> 1141650 | BN54: =S54*8% -> 424800 | BO54: =S54*1.5% -> 79650 | BP54: =S54*1% -> 53100 | BR54: =SUM(BN54:BQ54) -> 557550 | BS54: =T54+U54+V54+W54 -> 482142.86 | BT54: =BH54-BS54 -> 10589420 | BU54: =IF(E54="HĐLĐ",15500000,0) -> 15500000 | BW54: =BV54*6200000 -> 0 | BX54: =BR54 -> 557550 | BY54: =BU54+BW54+BX54 -> 16057550 | BZ54: =IF(BT54-BY54>0,BT54-BY54,0) -> 0 | CA54: =IF(AND(OR($E54="HĐTV",$E54="HĐCTV"),$BZ54<2000000),0,IF(OR($E54="HĐTV",$E54="HĐCTV"),$BZ54*10%,ROUND(IF($BZ54<=10000000,$BZ54*5%,IF($BZ54<=30000000,$BZ54*10%-500000,IF($BZ54<=60000000,$BZ54*20%-3500000,IF($BZ54<=100000000,$BZ54*30%-9500000,$BZ54*35%-14500000)))),0))) -> 0 | CB54: =ROUND(BH54-BR54-CA54,0) -> 10514013 | CE54: =CB54+CC54-CD54 -> 10514013 | CF54: =CE54-CG54 -> 0 | CG54: =CE54 -> 10514013 | CI54: ly.ho@medigoapp.com | CJ54: =VLOOKUP(D54,CNT!C41:AL45,36,0) -> Vào ca trễ 09/06/2026 | CK54: 12 | CL54: =VLOOKUP(D54,CNT!C41:AL45,15,0) -> 2 | CM54: 8 | CN54: 7 | CO54: 2024 | CP54: =IF((($CO$7-CO54)*12)+($CN$7-CN54)>=12,((($CO$7-CO54)*12)+($CN$7-CN54))-1,0) -> 0 | CQ54: =IF(CP54<12,(($CQ$7-CO54)*12)+($CP$7-CN54),0) -> 22 | CR54: =IF(OR(CP54>12,CP54=12),((CP54-(CS54*12))+((($CQ$7-2024)*12)+($CP$7-4)))+1,0) -> 0 | CS54: =IF(OR(CP54>12,CP54=12),ROUNDDOWN(CP54/12,0),0) -> 0 | CT54: =IF(CQ54>11,ROUNDDOWN(CQ54/12,0),0) -> 1 | CU54: =IF(CR54>11,ROUNDDOWN(CR54/12,0),0) -> 0 | CV54: =IF(CP54=0,0,6000000*1.07^CS54) -> 0 | CW54: =IF(CT54<2,0,6000000+(CT54-1)*500000) -> 0 | CX54: =IF(CU54=0,CV54,IF(CU54<1,0,CV54+CU54*500000)) -> 0 | CY54: =IF(CX54>0,CX54,IF(CW54>0,CW54,6000000)) -> 6000000 | DA54: =CJ54 -> Vào ca trễ 09/06/2026 | DB54: =CZ54&";"&" "&DA54&";"&" "&DF54 -> ; Vào ca trễ 09/06/2026; Vào ca trễ 28/05/2026: 10.000đ | DE54: =VLOOKUP($D54,'[4]Med Service'!$D$11:$DI$87,110,0) -> 0 | DF54: =VLOOKUP($D54,'[5]BẢNG LƯƠNG'!$C$3:$AH$102,32,0) -> Vào ca trễ 28/05/2026: 10.000đ
A55: =1+A53 -> 38 | B55: 6 | C55: Nguyen Thi Huong Giang | D55: Nguyễn Thị Hương Giang | E55: =IF(OR(G55="CHT",G55="DSBC"),"HĐLĐ",IF(OR(G55="DSTV",G55="Q.CHT"),"HĐTV","HĐCTV")) -> HĐLĐ | F55: Nguyễn Văn Quá | G55: DSBC | H55: 45544 | I55: 1028255437 | J55: Vietcombank | K55: 28 | L55: =VLOOKUP(D55,CNT!C42:AL46,14,0) -> 27 | M55: =VLOOKUP(D55,CNT!C42:AL46,3,0) -> 209.42 | N55: =VLOOKUP(D55,CNT!C42:AL46,4,0) -> 5.33 | S55: =IF(E55="HĐLĐ",5310000,0) -> 5310000 | T55: =IF(500000/28*L55>500000,500000,500000/28*L55) -> 482142.86 | AA55: =VLOOKUP(D55,CNT!C42:AL46,20,0) -> 0 | AB55: =VLOOKUP(D55,CNT!C42:AL46,21,0) -> 0 | AC55: =CY55 -> 6000000 | AG55: =AC55/28/8*M55 -> 5609464.3 | AH55: =AC55/28/8*N55*1.5 -> 214151.79 | AL55: =VLOOKUP(D55,CNT!C42:AL46,18,0) -> 0 | AM55: =VLOOKUP(D55,CNT!C42:AL46,19,0) -> 0 | AN55: =VLOOKUP(D55,CNT!C42:AL46,24,0) -> 1000000 | AO55: =VLOOKUP(D55,CNT!C42:AL46,25,0) -> 859048 | AP55: =VLOOKUP(D55,CNT!C42:AL46,26,0) -> 1493400 | AQ55: =VLOOKUP(D55,CNT!C42:AL46,27,0) -> 2460 | AR55: =VLOOKUP(D55,CNT!C42:AL46,28,0) -> 0 | AS55: =VLOOKUP(D55,CNT!C42:AL46,29,0) -> 0 | AU55: =VLOOKUP(D55,CNT!C42:AL46,22,0) -> 0 | AV55: =VLOOKUP(D55,CNT!C42:AL46,23,0) -> 0 | BB55: =VLOOKUP(D55,CNT!C42:AL46,31,0) -> 40050 | BC55: =VLOOKUP(D55,CNT!C42:AL46,32,0) -> 0 | BD55: =VLOOKUP(D55,CNT!C42:AL46,33,0) -> 0 | BE55: =VLOOKUP(D55,CNT!C42:AL46,34,0) -> 0 | BF55: =VLOOKUP(D55,CNT!C42:AL46,35,0) -> 0 | BH55: =SUM(AF55:BA55)-SUM(BB55:BG55)+T55 -> 9620616.9 | BI55: =S55*17.5% -> 929250 | BJ55: =S55*3% -> 159300 | BK55: =S55*1% -> 53100 | BM55: =SUM(BI55:BL55) -> 1141650 | BN55: =S55*8% -> 424800 | BO55: =S55*1.5% -> 79650 | BP55: =S55*1% -> 53100 | BR55: =SUM(BN55:BQ55) -> 557550 | BS55: =T55+U55+V55+W55 -> 482142.86 | BT55: =BH55-BS55 -> 9138474.1 | BU55: =IF(E55="HĐLĐ",15500000,0) -> 15500000 | BW55: =BV55*6200000 -> 0 | BX55: =BR55 -> 557550 | BY55: =BU55+BW55+BX55 -> 16057550 | BZ55: =IF(BT55-BY55>0,BT55-BY55,0) -> 0 | CA55: =IF(AND(OR($E55="HĐTV",$E55="HĐCTV"),$BZ55<2000000),0,IF(OR($E55="HĐTV",$E55="HĐCTV"),$BZ55*10%,ROUND(IF($BZ55<=10000000,$BZ55*5%,IF($BZ55<=30000000,$BZ55*10%-500000,IF($BZ55<=60000000,$BZ55*20%-3500000,IF($BZ55<=100000000,$BZ55*30%-9500000,$BZ55*35%-14500000)))),0))) -> 0 | CB55: =ROUND(BH55-BR55-CA55,0) -> 9063067 | CE55: =CB55+CC55-CD55 -> 9063067 | CF55: =CE55-CG55 -> 0 | CG55: =CE55 -> 9063067 | CI55: giang.nguyen@medigoapp.com | CJ55: =VLOOKUP(D55,CNT!C42:AL46,36,0) -> 0 | CK55: 11 | CL55: =VLOOKUP(D55,CNT!C42:AL46,15,0) -> 2 | CM55: 9 | CN55: 9 | CO55: 2024 | CP55: =IF((($CO$7-CO55)*12)+($CN$7-CN55)>=12,((($CO$7-CO55)*12)+($CN$7-CN55))-1,0) -> 0 | CQ55: =IF(CP55<12,(($CQ$7-CO55)*12)+($CP$7-CN55),0) -> 20 | CR55: =IF(OR(CP55>12,CP55=12),((CP55-(CS55*12))+((($CQ$7-2024)*12)+($CP$7-4)))+1,0) -> 0 | CS55: =IF(OR(CP55>12,CP55=12),ROUNDDOWN(CP55/12,0),0) -> 0 | CT55: =IF(CQ55>11,ROUNDDOWN(CQ55/12,0),0) -> 1 | CU55: =IF(CR55>11,ROUNDDOWN(CR55/12,0),0) -> 0 | CV55: =IF(CP55=0,0,6000000*1.07^CS55) -> 0 | CW55: =IF(CT55<2,0,6000000+(CT55-1)*500000) -> 0 | CX55: =IF(CU55=0,CV55,IF(CU55<1,0,CV55+CU55*500000)) -> 0 | CY55: =IF(CX55>0,CX55,IF(CW55>0,CW55,6000000)) -> 6000000 | DA55: =CJ55 -> 0 | DB55: =CZ55&";"&" "&DA55&";"&" "&DF55 -> ; 0; | DE55: =VLOOKUP($D55,'[4]Med Service'!$D$11:$DI$87,110,0) -> 0 | DF55: =VLOOKUP($D55,'[5]BẢNG LƯƠNG'!$C$3:$AH$102,32,0)
A56: =1+A55 -> 39 | B56: 6 | C56: Nguyen Thi Thu Huyen | D56: Nguyễn Thị Thu Huyền | E56: =IF(OR(G56="CHT",G56="DSBC"),"HĐLĐ",IF(OR(G56="DSTV",G56="Q.CHT"),"HĐTV","HĐCTV")) -> HĐLĐ | F56: Nguyễn Văn Quá | G56: DSBC | H56: 24/06/2025 | I56: 0964455650 | J56: Sacombank | K56: 28 | L56: =VLOOKUP(D56,CNT!C43:AL47,14,0) -> 26 | M56: =VLOOKUP(D56,CNT!C43:AL47,3,0) -> 70.9 | N56: =VLOOKUP(D56,CNT!C43:AL47,4,0) -> 200.42 | S56: =IF(E56="HĐLĐ",5310000,0) -> 5310000 | T56: =IF(500000/28*L56>500000,500000,500000/28*L56) -> 464285.71 | AA56: =VLOOKUP(D56,CNT!C43:AL47,20,0) -> 0 | AB56: =VLOOKUP(D56,CNT!C43:AL47,21,0) -> 0 | AC56: =CY56 -> 6000000 | AG56: =AC56/28/8*M56 -> 1899107.1 | AH56: =AC56/28/8*N56*1.5 -> 8052589.3 | AL56: =VLOOKUP(D56,CNT!C43:AL47,18,0) -> 0 | AM56: =VLOOKUP(D56,CNT!C43:AL47,19,0) -> 0 | AN56: =VLOOKUP(D56,CNT!C43:AL47,24,0) -> 1000000 | AO56: =VLOOKUP(D56,CNT!C43:AL47,25,0) -> 855013 | AP56: =VLOOKUP(D56,CNT!C43:AL47,26,0) -> 1307500 | AQ56: =VLOOKUP(D56,CNT!C43:AL47,27,0) -> 5140 | AR56: =VLOOKUP(D56,CNT!C43:AL47,28,0) -> 0 | AS56: =VLOOKUP(D56,CNT!C43:AL47,29,0) -> 0 | AU56: =VLOOKUP(D56,CNT!C43:AL47,22,0) -> 0 | AV56: =VLOOKUP(D56,CNT!C43:AL47,23,0) -> 0 | AZ56: 100000 | BB56: =VLOOKUP(D56,CNT!C43:AL47,31,0) -> 40050 | BC56: =VLOOKUP(D56,CNT!C43:AL47,32,0) -> 0 | BD56: =VLOOKUP(D56,CNT!C43:AL47,33,0) -> 0 | BE56: =VLOOKUP(D56,CNT!C43:AL47,34,0) -> 0 | BF56: =VLOOKUP(D56,CNT!C43:AL47,35,0) -> 0 | BH56: =SUM(AF56:BA56)-SUM(BB56:BG56)+T56 -> 13643585 | BI56: =S56*17.5% -> 929250 | BJ56: =S56*3% -> 159300 | BK56: =S56*1% -> 53100 | BM56: =SUM(BI56:BL56) -> 1141650 | BN56: =S56*8% -> 424800 | BO56: =S56*1.5% -> 79650 | BP56: =S56*1% -> 53100 | BR56: =SUM(BN56:BQ56) -> 557550 | BS56: =T56+U56+V56+W56 -> 464285.71 | BT56: =BH56-BS56 -> 13179299 | BU56: =IF(E56="HĐLĐ",15500000,0) -> 15500000 | BW56: =BV56*6200000 -> 0 | BX56: =BR56 -> 557550 | BY56: =BU56+BW56+BX56 -> 16057550 | BZ56: =IF(BT56-BY56>0,BT56-BY56,0) -> 0 | CA56: =IF(AND(OR($E56="HĐTV",$E56="HĐCTV"),$BZ56<2000000),0,IF(OR($E56="HĐTV",$E56="HĐCTV"),$BZ56*10%,ROUND(IF($BZ56<=10000000,$BZ56*5%,IF($BZ56<=30000000,$BZ56*10%-500000,IF($BZ56<=60000000,$BZ56*20%-3500000,IF($BZ56<=100000000,$BZ56*30%-9500000,$BZ56*35%-14500000)))),0))) -> 0 | CB56: =ROUND(BH56-BR56-CA56,0) -> 13086035 | CE56: =CB56+CC56-CD56 -> 13086035 | CF56: =CE56-CG56 -> 0 | CG56: =CE56 -> 13086035 | CI56: huyen.nguyen@medigoapp.com | CJ56: =VLOOKUP(D56,CNT!C43:AL47,36,0) -> 0 | CK56: 6 | CL56: =VLOOKUP(D56,CNT!C43:AL47,15,0) -> 2 | CM56: 24 | CN56: 6 | CO56: 2025 | CP56: =IF((($CO$7-CO56)*12)+($CN$7-CN56)>=12,((($CO$7-CO56)*12)+($CN$7-CN56))-1,0) -> 0 | CQ56: =IF(CP56<12,(($CQ$7-CO56)*12)+($CP$7-CN56),0) -> 11 | CR56: =IF(OR(CP56>12,CP56=12),((CP56-(CS56*12))+((($CQ$7-2024)*12)+($CP$7-4)))+1,0) -> 0 | CS56: =IF(OR(CP56>12,CP56=12),ROUNDDOWN(CP56/12,0),0) -> 0 | CT56: =IF(CQ56>11,ROUNDDOWN(CQ56/12,0),0) -> 0 | CU56: =IF(CR56>11,ROUNDDOWN(CR56/12,0),0) -> 0 | CV56: =IF(CP56=0,0,6000000*1.07^CS56) -> 0 | CW56: =IF(CT56<2,0,6000000+(CT56-1)*500000) -> 0 | CX56: =IF(CU56=0,CV56,IF(CU56<1,0,CV56+CU56*500000)) -> 0 | CY56: =IF(CX56>0,CX56,IF(CW56>0,CW56,6000000)) -> 6000000 | DA56: =CJ56 -> 0 | DB56: =CZ56&";"&" "&DA56&";"&" "&DF56 -> ; 0; | DE56: =VLOOKUP($D56,'[4]Med Service'!$D$11:$DI$87,110,0) -> 0 | DF56: =VLOOKUP($D56,'[5]BẢNG LƯƠNG'!$C$3:$AH$102,32,0)
A57: =1+A56 -> 40 | B57: 6 | C57: Vo Ngoc Giau Sang | D57: Võ Ngọc Giàu Sang | E57: =IF(OR(G57="CHT",G57="DSBC"),"HĐLĐ",IF(OR(G57="DSTV",G57="Q.CHT"),"HĐTV","HĐCTV")) -> HĐLĐ | F57: Nguyễn Văn Quá | G57: CHT | H57: 08/07/2024 | I57: 04015933001 | J57: TP bank | K57: 28 | L57: =VLOOKUP(D57,CNT!C44:AL48,14,0) -> 23 | M57: =VLOOKUP(D57,CNT!C44:AL48,3,0) -> 208.02 | N57: =VLOOKUP(D57,CNT!C44:AL48,4,0) -> 12.25 | S57: =IF(E57="HĐLĐ",5310000,0) -> 5310000 | T57: =IF(500000/28*L57>500000,500000,500000/28*L57) -> 410714.29 | AA57: =VLOOKUP(D57,CNT!C44:AL48,20,0) -> 0 | AB57: =VLOOKUP(D57,CNT!C44:AL48,21,0) -> 0 | AC57: =CY57 -> 6000000 | AG57: =AC57/28/8*M57 -> 5571964.3 | AH57: =AC57/28/8*N57*1.5 -> 492187.5 | AL57: =VLOOKUP(D57,CNT!C44:AL48,18,0) -> 1000000 | AM57: =VLOOKUP(D57,CNT!C44:AL48,19,0) -> 0 | AN57: =VLOOKUP(D57,CNT!C44:AL48,24,0) -> 400000 | AO57: =VLOOKUP(D57,CNT!C44:AL48,25,0) -> 0 | AP57: =VLOOKUP(D57,CNT!C44:AL48,26,0) -> 1025200 | AQ57: =VLOOKUP(D57,CNT!C44:AL48,27,0) -> 1675 | AR57: =VLOOKUP(D57,CNT!C44:AL48,28,0) -> 0 | AS57: =VLOOKUP(D57,CNT!C44:AL48,29,0) -> 846000 | AU57: =VLOOKUP(D57,CNT!C44:AL48,22,0) -> 0 | AV57: =VLOOKUP(D57,CNT!C44:AL48,23,0) -> 0 | BB57: =VLOOKUP(D57,CNT!C44:AL48,31,0) -> 40050 | BC57: =VLOOKUP(D57,CNT!C44:AL48,32,0) -> 0 | BD57: =VLOOKUP(D57,CNT!C44:AL48,33,0) -> 0 | BE57: =VLOOKUP(D57,CNT!C44:AL48,34,0) -> 0 | BF57: =VLOOKUP(D57,CNT!C44:AL48,35,0) -> 0 | BH57: =SUM(AF57:BA57)-SUM(BB57:BG57)+T57 -> 9707691.1 | BI57: =S57*17.5% -> 929250 | BJ57: =S57*3% -> 159300 | BK57: =S57*1% -> 53100 | BM57: =SUM(BI57:BL57) -> 1141650 | BN57: =S57*8% -> 424800 | BO57: =S57*1.5% -> 79650 | BP57: =S57*1% -> 53100 | BR57: =SUM(BN57:BQ57) -> 557550 | BS57: =T57+U57+V57+W57 -> 410714.29 | BT57: =BH57-BS57 -> 9296976.8 | BU57: =IF(E57="HĐLĐ",15500000,0) -> 15500000 | BW57: =BV57*6200000 -> 0 | BX57: =BR57 -> 557550 | BY57: =BU57+BW57+BX57 -> 16057550 | BZ57: =IF(BT57-BY57>0,BT57-BY57,0) -> 0 | CA57: =IF(AND(OR($E57="HĐTV",$E57="HĐCTV"),$BZ57<2000000),0,IF(OR($E57="HĐTV",$E57="HĐCTV"),$BZ57*10%,ROUND(IF($BZ57<=10000000,$BZ57*5%,IF($BZ57<=30000000,$BZ57*10%-500000,IF($BZ57<=60000000,$BZ57*20%-3500000,IF($BZ57<=100000000,$BZ57*30%-9500000,$BZ57*35%-14500000)))),0))) -> 0 | CB57: =ROUND(BH57-BR57-CA57,0) -> 9150141 | CE57: =CB57+CC57-CD57 -> 9150141 | CF57: =CE57-CG57 -> 0 | CG57: =CE57 -> 9150141 | CI57: sang.vo@medigoapp.com | CJ57: =VLOOKUP(D57,CNT!C44:AL48,36,0) -> 0 | CK57: 11 | CL57: =VLOOKUP(D57,CNT!C44:AL48,15,0) -> 2 | CM57: 8 | CN57: 7 | CO57: 2024 | CP57: =IF((($CO$7-CO57)*12)+($CN$7-CN57)>=12,((($CO$7-CO57)*12)+($CN$7-CN57))-1,0) -> 0 | CQ57: =IF(CP57<12,(($CQ$7-CO57)*12)+($CP$7-CN57),0) -> 22 | CR57: =IF(OR(CP57>12,CP57=12),((CP57-(CS57*12))+((($CQ$7-2024)*12)+($CP$7-4)))+1,0) -> 0 | CS57: =IF(OR(CP57>12,CP57=12),ROUNDDOWN(CP57/12,0),0) -> 0 | CT57: =IF(CQ57>11,ROUNDDOWN(CQ57/12,0),0) -> 1 | CU57: =IF(CR57>11,ROUNDDOWN(CR57/12,0),0) -> 0 | CV57: =IF(CP57=0,0,6000000*1.07^CS57) -> 0 | CW57: =IF(CT57<2,0,6000000+(CT57-1)*500000) -> 0 | CX57: =IF(CU57=0,CV57,IF(CU57<1,0,CV57+CU57*500000)) -> 0 | CY57: =IF(CX57>0,CX57,IF(CW57>0,CW57,6000000)) -> 6000000 | DA57: =CJ57 -> 0 | DB57: =CZ57&";"&" "&DA57&";"&" "&DF57 -> ; 0; Vi phạm chấm điểm checklist 25/05/2026: 10.000đ | DD57: =VLOOKUP($D57,'[3]Tong hop'!$B$8:$Q$45,15,0) -> 190014 | DE57: =VLOOKUP($D57,'[4]Med Service'!$D$11:$DI$87,110,0) -> 0 | DF57: =VLOOKUP($D57,'[5]BẢNG LƯƠNG'!$C$3:$AH$102,32,0) -> Vi phạm chấm điểm checklist 25/05/2026: 10.000đ
K58: =SUM(K55:K57) -> 84 | L58: =SUM(L55:L57) -> 76 | M58: =SUM(M55:M57) -> 488.34 | N58: =SUM(N55:N57) -> 218 | O58: =SUM(O55:O57) -> 0 | P58: =SUM(P55:P57) -> 0 | Q58: =SUM(Q55:Q57) -> 0 | R58: =SUM(R55:R57) -> 0 | ... Z58: =SUM(Z55:Z57) -> 0 | AC58: =SUM(AC55:AC57) -> 18000000 | AD58: =SUM(AD55:AD57) -> 0 | AE58: =SUM(AE55:AE57) -> 0 | AF58: =SUM(AF55:AF57) -> 0 | AG58: =SUM(AG55:AG57) -> 13080536 | AH58: =SUM(AH55:AH57) -> 8758928.6 | AI58: =SUM(AI55:AI57) -> 0 | AJ58: =SUM(AJ55:AJ57) -> 0 | ... AT58: =SUM(AT55:AT57) -> 0 | AW58: =SUM(AW55:AW57) -> 0 | AX58: =SUM(AX55:AX57) -> 0 | AY58: =SUM(AY55:AY57) -> 0 | AZ58: =SUM(AZ55:AZ57) -> 100000 | BA58: =SUM(BA55:BA57) -> 0 | BB58: =SUM(BB55:BB57) -> 120150 | BC58: =SUM(BC55:BC57) -> 0 | BD58: =SUM(BD55:BD57) -> 0 | ... CI58: =SUM(CI55:CI57) -> 0 | CL58: =SUM(CL53:CL57) -> 8 | CP58: =SUM(CP55:CP57) -> 0 | CQ58: =SUM(CQ55:CQ57) -> 53 | CR58: =SUM(CR55:CR57) -> 0 | CS58: =SUM(CS55:CS57) -> 0 | CT58: =SUM(CT55:CT57) -> 2 | CU58: =SUM(CU55:CU57) -> 0 | CV58: =SUM(CV55:CV57) -> 0 | CW58: =SUM(CW55:CW57) -> 0 | ... DC58: =SUM(DC55:DC57) -> 0 | DE58: =VLOOKUP($D58,'[4]Med Service'!$D$11:$DI$87,110,0) -> 0
A59: 41 | B59: 6 | C59: Cu Thi Tuong Vy | D59: Cù Thị Tường Vy | E59: =IF(OR(G59="CHT",G59="DSBC"),"HĐLĐ",IF(OR(G59="DSTV",G59="Q.CHT"),"HĐTV","HĐCTV")) -> HĐLĐ | F59: Rạch Bùng Binh | G59: CHT | H59: 16/3/2026 | I59: 0071000937911 | J59: Vietcombank | K59: 28 | L59: =VLOOKUP(D59,CNT!C45:AL49,14,0) -> 25 | M59: =VLOOKUP(D59,CNT!C45:AL49,3,0) -> 237.65 | N59: =VLOOKUP(D59,CNT!C45:AL49,4,0) -> 40.68 | S59: =IF(E59="HĐLĐ",5310000,0) -> 5310000 | T59: =IF(500000/28*L59>500000,500000,500000/28*L59) -> 446428.57 | AA59: =VLOOKUP(D59,CNT!C45:AL49,20,0) -> 0 | AB59: =VLOOKUP(D59,CNT!C45:AL49,21,0) -> 0 | AC59: =CY59 -> 6000000 | AG59: =AC59/28/8*M59 -> 6365625 | AH59: =AC59/28/8*N59*1.5 -> 1634464.3 | AL59: =VLOOKUP(D59,CNT!C45:AL49,18,0) -> 1000000 | AM59: =VLOOKUP(D59,CNT!C45:AL49,19,0) -> 0 | AN59: =VLOOKUP(D59,CNT!C45:AL49,24,0) -> 400000 | AO59: =VLOOKUP(D59,CNT!C45:AL49,25,0) -> 0 | AP59: =VLOOKUP(D59,CNT!C45:AL49,26,0) -> 2179500 | AQ59: =VLOOKUP(D59,CNT!C45:AL49,27,0) -> 12000 | AR59: =VLOOKUP(D59,CNT!C45:AL49,28,0) -> 0 | AS59: =VLOOKUP(D59,CNT!C45:AL49,29,0) -> 1676000 | AU59: =VLOOKUP(D59,CNT!C45:AL49,22,0) -> 564000 | AV59: =VLOOKUP(D59,CNT!C45:AL49,23,0) -> 0 | BB59: =VLOOKUP(D59,CNT!C45:AL49,31,0) -> 0 | BC59: =VLOOKUP(D59,CNT!C45:AL49,32,0) -> 10000 | BD59: =VLOOKUP(D59,CNT!C45:AL49,33,0) -> 0 | BE59: =VLOOKUP(D59,CNT!C45:AL49,34,0) -> 0 | BF59: =VLOOKUP(D59,CNT!C45:AL49,35,0) -> 0 | BH59: =SUM(AF59:BA59)-SUM(BB59:BG59)+T59 -> 14268018 | BI59: =S59*17.5% -> 929250 | BJ59: =S59*3% -> 159300 | BK59: =S59*1% -> 53100 | BM59: =SUM(BI59:BL59) -> 1141650 | BN59: =S59*8% -> 424800 | BO59: =S59*1.5% -> 79650 | BP59: =S59*1% -> 53100 | BR59: =SUM(BN59:BQ59) -> 557550 | BS59: =T59+U59+V59+W59 -> 446428.57 | BT59: =BH59-BS59 -> 13821589 | BU59: =IF(E59="HĐLĐ",15500000,0) -> 15500000 | BW59: =BV59*6200000 -> 0 | BX59: =BR59 -> 557550 | BY59: =BU59+BW59+BX59 -> 16057550 | BZ59: =IF(BT59-BY59>0,BT59-BY59,0) -> 0 | CA59: =IF(AND(OR($E59="HĐTV",$E59="HĐCTV"),$BZ59<2000000),0,IF(OR($E59="HĐTV",$E59="HĐCTV"),$BZ59*10%,ROUND(IF($BZ59<=10000000,$BZ59*5%,IF($BZ59<=30000000,$BZ59*10%-500000,IF($BZ59<=60000000,$BZ59*20%-3500000,IF($BZ59<=100000000,$BZ59*30%-9500000,$BZ59*35%-14500000)))),0))) -> 0 | CB59: =ROUND(BH59-BR59-CA59,0) -> 13710468 | CE59: =CB59+CC59-CD59 -> 13710468 | CF59: =CE59-CG59 -> 0 | CG59: =CE59 -> 13710468 | CI59: =VLOOKUP($C59,[2]Sheet1!$C$5:$K$139,9,0) -> vy.cu@medigoapp.com | CJ59: =VLOOKUP(D59,CNT!C45:AL49,36,0) -> Vi phạm checklist 27/06/2026 | CK59: 10 | CL59: =VLOOKUP(D59,CNT!C45:AL49,15,0) -> 2 | CM59: 4 | CN59: 9 | CO59: 2024 | CP59: =IF((($CO$7-CO59)*12)+($CN$7-CN59)>=12,((($CO$7-CO59)*12)+($CN$7-CN59))-1,0) -> 0 | CQ59: =IF(CP59<12,(($CQ$7-CO59)*12)+($CP$7-CN59),0) -> 20 | CR59: =IF(OR(CP59>12,CP59=12),((CP59-(CS59*12))+((($CQ$7-2024)*12)+($CP$7-4)))+1,0) -> 0 | CS59: =IF(OR(CP59>12,CP59=12),ROUNDDOWN(CP59/12,0),0) -> 0 | CT59: =IF(CQ59>11,ROUNDDOWN(CQ59/12,0),0) -> 1 | CU59: =IF(CR59>11,ROUNDDOWN(CR59/12,0),0) -> 0 | CV59: =IF(CP59=0,0,6000000*1.07^CS59) -> 0 | CW59: =IF(CT59<2,0,6000000+(CT59-1)*500000) -> 0 | CX59: =IF(CU59=0,CV59,IF(CU59<1,0,CV59+CU59*500000)) -> 0 | CY59: =IF(CX59>0,CX59,IF(CW59>0,CW59,6000000)) -> 6000000 | DA59: =CJ59 -> Vi phạm checklist 27/06/2026 | DB59: =CZ59&";"&" "&DA59&";"&" "&DF59 -> ; Vi phạm checklist 27/06/2026; Vi phạm chấm điểm checklist 28/05/2026: 10.000đ | DE59: =VLOOKUP($D59,'[4]Med Service'!$D$11:$DI$87,110,0) -> 0 | DF59: =VLOOKUP($D59,'[5]BẢNG LƯƠNG'!$C$3:$AH$102,32,0) -> Vi phạm chấm điểm checklist 28/05/2026: 10.000đ
