Workbook

Sheet BẢNG CC
A1: BẢNG CHẤM CÔNG
P3: Tháng | R3: 8 | S3: Năm | T3: 2026 | AN3: =SUM(AN8:AN36)
A4: Thông tin nhân viên | D4: Các ngày trong tháng | AI4: Tổng Ngày Công | AM4: Tổng | AN4: Tổng ngày công tính lương | AO4: Ngày nhận việc
A5: STT | B5: Mã NV | C5: Họ và tên | D5: =DATE(T3,R3,1) | E5: =D5+1 | F5: =E5+1 | G5: =F5+1 | H5: =G5+1 | I5: =H5+1 | J5: =I5+1 | K5: =J5+1 | L5: =K5+1 | ... AH5: =AG5+1 | AI5: TT | AJ5: P | AK5: L | AL5: KL
D6: =TEXT(D5,"ddd") | E6: =TEXT(E5,"ddd") | F6: =TEXT(F5,"ddd") | G6: =TEXT(G5,"ddd") | H6: =TEXT(H5,"ddd") | I6: =TEXT(I5,"ddd") | J6: =TEXT(J5,"ddd") | K6: =TEXT(K5,"ddd") | ... AH6: =TEXT(AH5,"ddd")
A7: MEDIGO | AI7: =SUM(AI8:AI36) | AJ7: =SUM(AJ8:AJ36) | AK7: =SUM(AK8:AK36) | AL7: =SUM(AL8:AL36) | AM7: =SUM(AM8:AM36) | AN7: =SUM(AN8:AN36)
A8: 1 | C8: Le Huu Ha | D8: 1 | F8: 1 | G8: 1 | H8: 1 | I8: 1 | J8: 1 | K8: 1 | M8: 1 | N8: 1 | O8: 1 | P8: 1 | Q8: 1 | R8: 1 | T8: 1 | U8: 1 | V8: 1 | W8: 1 | X8: 1 | Y8: 1 | AA8: 1 | AB8: 1 | AC8: 1 | AD8: 1 | AE8: 1 | AF8: 1 | AH8: 1 | AI8: =SUM(D8:AH8)+(COUNTIF(D8:AH8,"0,5KL")/2)+(COUNTIF(D8:AH8,"0,5P")/2)+(COUNTIF(D8:AH8,"0.5L")/2) | AJ8: =(COUNTIF(D8:AH8,"P"))+(COUNTIF(D8:AG8,"P/2")/2)+(COUNTIF(D8:AG8,"0,5P")/2)+(COUNTIF(D8:AG8,"L/P")/2)+(COUNTIF(D8:AG8,"P/KL")/2) | AK8: =COUNTIF(D8:AH8,"L")+(COUNTIF(D8:AG8,"L/2")/2)+(COUNTIF(D8:AG8,"L/P")/2)+(COUNTIF(D8:AG8,"L/KL")/2) | AL8: =COUNTIF(D8:AH8,"KL")+COUNTIF(D8:AG8,"0,5KL")/2+COUNTIF(D8:AG8,"L/KL")/2+COUNTIF(D8:AG8,"KL/2")/2+COUNTIF(D8:AG8,"P/KL")/2+COUNTIF(D8:AG8,"0.5")/2 | AM8: =SUM(AI8:AL8) | AN8: =AI8+AJ8+AK8 | AO8: 2019
A9: 2 | C9: Trần Thị Minh Phượng | D9: 1 | F9: 1 | G9: 1 | H9: 1 | I9: 1 | J9: 1 | K9: 1 | M9: 1 | N9: 1 | O9: 1 | P9: 1 | Q9: 1 | R9: 1 | T9: 1 | U9: 1 | V9: 1 | W9: P | X9: P | Y9: P | AA9: 1 | AB9: 1 | AC9: 1 | AD9: 1 | AE9: 1 | AF9: 1 | AH9: 1 | AI9: =SUM(D9:AH9)+(COUNTIF(D9:AH9,"0,5KL")/2)+(COUNTIF(D9:AH9,"0,5P")/2)+(COUNTIF(D9:AH9,"0.5L")/2) | AJ9: =(COUNTIF(D9:AH9,"P"))+(COUNTIF(D9:AG9,"P/2")/2)+(COUNTIF(D9:AG9,"0,5P")/2)+(COUNTIF(D9:AG9,"L/P")/2)+(COUNTIF(D9:AG9,"P/KL")/2) | AK9: =COUNTIF(D9:AH9,"L")+(COUNTIF(D9:AG9,"L/2")/2)+(COUNTIF(D9:AG9,"L/P")/2)+(COUNTIF(D9:AG9,"L/KL")/2) | AL9: =COUNTIF(D9:AH9,"KL")+COUNTIF(D9:AG9,"0,5KL")/2+COUNTIF(D9:AG9,"L/KL")/2+COUNTIF(D9:AG9,"KL/2")/2+COUNTIF(D9:AG9,"P/KL")/2+COUNTIF(D9:AG9,"0.5")/2 | AM9: =SUM(AI9:AL9) | AN9: =AI9+AJ9+AK9 | AO9: =VLOOKUP(C9,'[7]1. MEDIGO'!$C$4:$BL$100,62,0)
A10: 3 | C10: Nguyễn Thị Thúy Na | D10: 1 | F10: 1 | G10: 1 | H10: 1 | I10: 1 | J10: 1 | K10: 1 | M10: 1 | N10: 1 | O10: 1 | P10: 1 | Q10: 1 | R10: 1 | T10: 1 | U10: 1 | V10: 1 | W10: 1 | X10: P | Y10: 1 | AA10: 1 | AB10: 1 | AC10: 1 | AD10: 1 | AE10: 1 | AF10: P | AH10: P | AI10: =SUM(D10:AH10)+(COUNTIF(D10:AH10,"0,5KL")/2)+(COUNTIF(D10:AH10,"0,5P")/2)+(COUNTIF(D10:AH10,"0.5L")/2) | AJ10: =(COUNTIF(D10:AH10,"P"))+(COUNTIF(D10:AG10,"P/2")/2)+(COUNTIF(D10:AG10,"0,5P")/2)+(COUNTIF(D10:AG10,"L/P")/2)+(COUNTIF(D10:AG10,"P/KL")/2) | AK10: =COUNTIF(D10:AH10,"L")+(COUNTIF(D10:AG10,"L/2")/2)+(COUNTIF(D10:AG10,"L/P")/2)+(COUNTIF(D10:AG10,"L/KL")/2) | AL10: =COUNTIF(D10:AH10,"KL")+COUNTIF(D10:AG10,"0,5KL")/2+COUNTIF(D10:AG10,"L/KL")/2+COUNTIF(D10:AG10,"KL/2")/2+COUNTIF(D10:AG10,"P/KL")/2+COUNTIF(D10:AG10,"0.5")/2 | AM10: =SUM(AI10:AL10) | AN10: =AI10+AJ10+AK10 | AO10: =VLOOKUP(C10,'[7]1. MEDIGO'!$C$4:$BL$100,62,0)
A11: 4 | C11: Nguyễn Thành Tài | D11: 1 | F11: 1 | G11: 1 | H11: 1 | I11: 1 | J11: 1 | K11: 1 | M11: 1 | N11: 1 | O11: 1 | P11: 1 | Q11: 1 | R11: 1 | T11: 1 | U11: 1 | V11: 1 | W11: 1 | X11: 1 | Y11: 1 | AA11: 1 | AB11: 1 | AC11: 1 | AD11: 1 | AE11: 1 | AF11: 1 | AH11: 1 | AI11: =SUM(D11:AH11)+(COUNTIF(D11:AH11,"0,5KL")/2)+(COUNTIF(D11:AH11,"0,5P")/2)+(COUNTIF(D11:AH11,"0.5L")/2) | AJ11: =(COUNTIF(D11:AH11,"P"))+(COUNTIF(D11:AG11,"P/2")/2)+(COUNTIF(D11:AG11,"0,5P")/2)+(COUNTIF(D11:AG11,"L/P")/2)+(COUNTIF(D11:AG11,"P/KL")/2) | AK11: =COUNTIF(D11:AH11,"L")+(COUNTIF(D11:AG11,"L/2")/2)+(COUNTIF(D11:AG11,"L/P")/2)+(COUNTIF(D11:AG11,"L/KL")/2) | AL11: =COUNTIF(D11:AH11,"KL")+COUNTIF(D11:AG11,"0,5KL")/2+COUNTIF(D11:AG11,"L/KL")/2+COUNTIF(D11:AG11,"KL/2")/2+COUNTIF(D11:AG11,"P/KL")/2+COUNTIF(D11:AG11,"0.5")/2 | AM11: =SUM(AI11:AL11) | AN11: =AI11+AJ11+AK11 | AO11: =VLOOKUP(C11,'[7]1. MEDIGO'!$C$4:$BL$100,62,0)
A12: 5 | C12: Tô Ngọc Thiên Phú | D12: 1 | F12: 1 | G12: 1 | H12: 1 | I12: 1 | J12: 1 | K12: 1 | M12: 1 | N12: 1 | O12: 1 | P12: 1 | Q12: P | R12: P | T12: 1 | U12: 1 | V12: 1 | W12: 1 | X12: 1 | Y12: 1 | AA12: 1 | AB12: 1 | AC12: 1 | AD12: 1 | AE12: 1 | AF12: 1 | AH12: P | AI12: =SUM(D12:AH12)+(COUNTIF(D12:AH12,"0,5KL")/2)+(COUNTIF(D12:AH12,"0,5P")/2)+(COUNTIF(D12:AH12,"0.5L")/2) | AJ12: =(COUNTIF(D12:AH12,"P"))+(COUNTIF(D12:AG12,"P/2")/2)+(COUNTIF(D12:AG12,"0,5P")/2)+(COUNTIF(D12:AG12,"L/P")/2)+(COUNTIF(D12:AG12,"P/KL")/2) | AK12: =COUNTIF(D12:AH12,"L")+(COUNTIF(D12:AG12,"L/2")/2)+(COUNTIF(D12:AG12,"L/P")/2)+(COUNTIF(D12:AG12,"L/KL")/2) | AL12: =COUNTIF(D12:AH12,"KL")+COUNTIF(D12:AG12,"0,5KL")/2+COUNTIF(D12:AG12,"L/KL")/2+COUNTIF(D12:AG12,"KL/2")/2+COUNTIF(D12:AG12,"P/KL")/2+COUNTIF(D12:AG12,"0.5")/2 | AM12: =SUM(AI12:AL12) | AN12: =AI12+AJ12+AK12 | AO12: =VLOOKUP(C12,'[7]1. MEDIGO'!$C$4:$BL$100,62,0) | AP12: 46249
A13: 6 | C13: Huỳnh Quang Toàn | D13: 1 | F13: 1 | G13: 1 | H13: 1 | I13: 1 | J13: 1 | K13: 1 | M13: 1 | N13: 1 | O13: 1 | P13: 1 | Q13: 1 | R13: 1 | T13: 1 | U13: 1 | V13: 1 | W13: 1 | X13: 1 | Y13: 1 | AA13: 1 | AB13: 1 | AC13: 1 | AD13: 1 | AE13: 1 | AF13: 1 | AH13: 1 | AI13: =SUM(D13:AH13)+(COUNTIF(D13:AH13,"0,5KL")/2)+(COUNTIF(D13:AH13,"0,5P")/2)+(COUNTIF(D13:AH13,"0.5L")/2) | AJ13: =(COUNTIF(D13:AH13,"P"))+(COUNTIF(D13:AG13,"P/2")/2)+(COUNTIF(D13:AG13,"0,5P")/2)+(COUNTIF(D13:AG13,"L/P")/2)+(COUNTIF(D13:AG13,"P/KL")/2) | AK13: =COUNTIF(D13:AH13,"L")+(COUNTIF(D13:AG13,"L/2")/2)+(COUNTIF(D13:AG13,"L/P")/2)+(COUNTIF(D13:AG13,"L/KL")/2) | AL13: =COUNTIF(D13:AH13,"KL")+COUNTIF(D13:AG13,"0,5KL")/2+COUNTIF(D13:AG13,"L/KL")/2+COUNTIF(D13:AG13,"KL/2")/2+COUNTIF(D13:AG13,"P/KL")/2+COUNTIF(D13:AG13,"0.5")/2 | AM13: =SUM(AI13:AL13) | AN13: =AI13+AJ13+AK13 | AO13: HĐ CÔNG TÁC VIÊN TỪ THÁNG 4/2026
A14: 7 | C14: Nguyễn Tuấn Vinh | D14: 1 | F14: 1 | G14: 1 | H14: 1 | I14: 1 | J14: 1 | K14: 1 | M14: 1 | N14: 1 | O14: 1 | P14: 1 | Q14: 1 | R14: 1 | T14: 1 | U14: 1 | V14: 1 | W14: 1 | X14: 1 | Y14: 1 | AA14: 1 | AB14: 1 | AC14: 1 | AD14: 1 | AE14: 1 | AF14: 1 | AH14: 1 | AI14: =SUM(D14:AH14)+(COUNTIF(D14:AH14,"0,5KL")/2)+(COUNTIF(D14:AH14,"0,5P")/2)+(COUNTIF(D14:AH14,"0.5L")/2) | AJ14: =(COUNTIF(D14:AH14,"P"))+(COUNTIF(D14:AG14,"P/2")/2)+(COUNTIF(D14:AG14,"0,5P")/2)+(COUNTIF(D14:AG14,"L/P")/2)+(COUNTIF(D14:AG14,"P/KL")/2) | AK14: =COUNTIF(D14:AH14,"L")+(COUNTIF(D14:AG14,"L/2")/2)+(COUNTIF(D14:AG14,"L/P")/2)+(COUNTIF(D14:AG14,"L/KL")/2) | AL14: =COUNTIF(D14:AH14,"KL")+COUNTIF(D14:AG14,"0,5KL")/2+COUNTIF(D14:AG14,"L/KL")/2+COUNTIF(D14:AG14,"KL/2")/2+COUNTIF(D14:AG14,"P/KL")/2+COUNTIF(D14:AG14,"0.5")/2 | AM14: =SUM(AI14:AL14) | AN14: =AI14+AJ14+AK14 | AO14: HĐ CÔNG TÁC VIÊN TỪ THÁNG 5/2026
A15: 8 | C15: Hoàng Lê Thanh Vương | D15: 1 | F15: 1 | G15: 1 | H15: 1 | I15: 1 | J15: 1 | K15: 1 | M15: 1 | N15: 1 | O15: 1 | P15: 1 | Q15: 1 | R15: 1 | T15: 1 | U15: 1 | V15: 1 | W15: 1 | X15: 1 | Y15: 1 | AA15: 1 | AB15: 1 | AC15: 1 | AD15: 1 | AE15: 1 | AF15: 1 | AH15: 1 | AI15: =SUM(D15:AH15)+(COUNTIF(D15:AH15,"0,5KL")/2)+(COUNTIF(D15:AH15,"0,5P")/2)+(COUNTIF(D15:AH15,"0.5L")/2) | AJ15: =(COUNTIF(D15:AH15,"P"))+(COUNTIF(D15:AG15,"P/2")/2)+(COUNTIF(D15:AG15,"0,5P")/2)+(COUNTIF(D15:AG15,"L/P")/2)+(COUNTIF(D15:AG15,"P/KL")/2) | AK15: =COUNTIF(D15:AH15,"L")+(COUNTIF(D15:AG15,"L/2")/2)+(COUNTIF(D15:AG15,"L/P")/2)+(COUNTIF(D15:AG15,"L/KL")/2) | AL15: =COUNTIF(D15:AH15,"KL")+COUNTIF(D15:AG15,"0,5KL")/2+COUNTIF(D15:AG15,"L/KL")/2+COUNTIF(D15:AG15,"KL/2")/2+COUNTIF(D15:AG15,"P/KL")/2+COUNTIF(D15:AG15,"0.5")/2 | AM15: =SUM(AI15:AL15) | AN15: =AI15+AJ15+AK15 | AO15: =VLOOKUP(C15,'[7]1. MEDIGO'!$C$4:$BL$100,62,0)
A16: 9 | C16: Nguyễn Hoàng Nguyên Đan | D16: 1 | F16: 1 | G16: 1 | H16: 1 | I16: 1 | J16: 1 | K16: 1 | M16: 1 | N16: 1 | O16: 1 | P16: 1 | Q16: 1 | R16: 1 | T16: 1 | U16: 1 | V16: 1 | W16: 1 | X16: 1 | Y16: 1 | AA16: 1 | AB16: 1 | AC16: 1 | AD16: 1 | AE16: 1 | AF16: 1 | AH16: 1 | AI16: =SUM(D16:AH16)+(COUNTIF(D16:AH16,"0,5KL")/2)+(COUNTIF(D16:AH16,"0,5P")/2)+(COUNTIF(D16:AH16,"0.5L")/2) | AJ16: =(COUNTIF(D16:AH16,"P"))+(COUNTIF(D16:AG16,"P/2")/2)+(COUNTIF(D16:AG16,"0,5P")/2)+(COUNTIF(D16:AG16,"L/P")/2)+(COUNTIF(D16:AG16,"P/KL")/2) | AK16: =COUNTIF(D16:AH16,"L")+(COUNTIF(D16:AG16,"L/2")/2)+(COUNTIF(D16:AG16,"L/P")/2)+(COUNTIF(D16:AG16,"L/KL")/2) | AL16: =COUNTIF(D16:AH16,"KL")+COUNTIF(D16:AG16,"0,5KL")/2+COUNTIF(D16:AG16,"L/KL")/2+COUNTIF(D16:AG16,"KL/2")/2+COUNTIF(D16:AG16,"P/KL")/2+COUNTIF(D16:AG16,"0.5")/2 | AM16: =SUM(AI16:AL16) | AN16: =AI16+AJ16+AK16 | AO16: =VLOOKUP(C16,'[7]1. MEDIGO'!$C$4:$BL$100,62,0)
A17: 10 | C17: Nguyễn Văn Toàn | D17: 1 | F17: 1 | G17: 1 | H17: 1 | I17: 1 | J17: 1 | K17: 1 | M17: 1 | N17: 1 | O17: 1 | P17: 1 | Q17: 1 | R17: 1 | T17: 1 | U17: 1 | V17: 1 | W17: 1 | X17: 1 | Y17: 1 | AA17: 1 | AB17: 1 | AC17: 1 | AD17: 1 | AE17: P | AF17: P | AH17: P | AI17: =SUM(D17:AH17)+(COUNTIF(D17:AH17,"0,5KL")/2)+(COUNTIF(D17:AH17,"0,5P")/2)+(COUNTIF(D17:AH17,"0.5L")/2) | AJ17: =(COUNTIF(D17:AH17,"P"))+(COUNTIF(D17:AG17,"P/2")/2)+(COUNTIF(D17:AG17,"0,5P")/2)+(COUNTIF(D17:AG17,"L/P")/2)+(COUNTIF(D17:AG17,"P/KL")/2) | AK17: =COUNTIF(D17:AH17,"L")+(COUNTIF(D17:AG17,"L/2")/2)+(COUNTIF(D17:AG17,"L/P")/2)+(COUNTIF(D17:AG17,"L/KL")/2) | AL17: =COUNTIF(D17:AH17,"KL")+COUNTIF(D17:AG17,"0,5KL")/2+COUNTIF(D17:AG17,"L/KL")/2+COUNTIF(D17:AG17,"KL/2")/2+COUNTIF(D17:AG17,"P/KL")/2+COUNTIF(D17:AG17,"0.5")/2 | AM17: =SUM(AI17:AL17) | AN17: =AI17+AJ17+AK17 | AO17: =VLOOKUP(C17,'[7]1. MEDIGO'!$C$4:$BL$100,62,0) | AP17: 46263
A18: 11 | C18: Lê Phú Quí | D18: 1 | F18: 1 | G18: 1 | H18: 1 | I18: 1 | J18: 1 | K18: 1 | M18: 1 | N18: 1 | O18: 1 | P18: 1 | Q18: 1 | R18: 1 | T18: 1 | U18: 1 | V18: 1 | W18: 1 | X18: 1 | Y18: 1 | AA18: 1 | AB18: 1 | AC18: 1 | AD18: 1 | AE18: 1 | AF18: 1 | AH18: P | AI18: =SUM(D18:AH18)+(COUNTIF(D18:AH18,"0,5KL")/2)+(COUNTIF(D18:AH18,"0,5P")/2)+(COUNTIF(D18:AH18,"0.5L")/2) | AJ18: =(COUNTIF(D18:AH18,"P"))+(COUNTIF(D18:AG18,"P/2")/2)+(COUNTIF(D18:AG18,"0,5P")/2)+(COUNTIF(D18:AG18,"L/P")/2)+(COUNTIF(D18:AG18,"P/KL")/2) | AK18: =COUNTIF(D18:AH18,"L")+(COUNTIF(D18:AG18,"L/2")/2)+(COUNTIF(D18:AG18,"L/P")/2)+(COUNTIF(D18:AG18,"L/KL")/2) | AL18: =COUNTIF(D18:AH18,"KL")+COUNTIF(D18:AG18,"0,5KL")/2+COUNTIF(D18:AG18,"L/KL")/2+COUNTIF(D18:AG18,"KL/2")/2+COUNTIF(D18:AG18,"P/KL")/2+COUNTIF(D18:AG18,"0.5")/2 | AM18: =SUM(AI18:AL18) | AN18: =AI18+AJ18+AK18 | AO18: =VLOOKUP(C18,'[7]1. MEDIGO'!$C$4:$BL$100,62,0)
A19: 12 | C19: Nguyễn Hồ Phương Anh | D19: 1 | F19: 1 | G19: 1 | H19: 1 | I19: 1 | J19: 1 | K19: 1 | M19: 1 | N19: 1 | O19: 1 | P19: 1 | Q19: 1 | R19: 1 | T19: 1 | U19: 1 | V19: 1 | W19: 1 | X19: 1 | Y19: 1 | AA19: 1 | AB19: 1 | AC19: 1 | AD19: 1 | AE19: 1 | AF19: 1 | AH19: 1 | AI19: =SUM(D19:AH19)+(COUNTIF(D19:AH19,"0,5KL")/2)+(COUNTIF(D19:AH19,"0,5P")/2)+(COUNTIF(D19:AH19,"0.5L")/2) | AJ19: =(COUNTIF(D19:AH19,"P"))+(COUNTIF(D19:AG19,"P/2")/2)+(COUNTIF(D19:AG19,"0,5P")/2)+(COUNTIF(D19:AG19,"L/P")/2)+(COUNTIF(D19:AG19,"P/KL")/2) | AK19: =COUNTIF(D19:AH19,"L")+(COUNTIF(D19:AG19,"L/2")/2)+(COUNTIF(D19:AG19,"L/P")/2)+(COUNTIF(D19:AG19,"L/KL")/2) | AL19: =COUNTIF(D19:AH19,"KL")+COUNTIF(D19:AG19,"0,5KL")/2+COUNTIF(D19:AG19,"L/KL")/2+COUNTIF(D19:AG19,"KL/2")/2+COUNTIF(D19:AG19,"P/KL")/2+COUNTIF(D19:AG19,"0.5")/2 | AM19: =SUM(AI19:AL19) | AN19: =AI19+AJ19+AK19 | AO19: =VLOOKUP(C19,'[7]1. MEDIGO'!$C$4:$BL$100,62,0)
A20: 13 | C20: Nguyễn Thị Ngọc Hân | D20: 1 | F20: 1 | G20: 1 | H20: 1 | I20: 1 | J20: 1 | K20: 1 | M20: 1 | N20: 1 | O20: 1 | P20: 1 | Q20: 1 | R20: 1 | T20: 1 | U20: 1 | V20: 1 | W20: 1 | X20: 1 | Y20: 1 | AA20: 1 | AB20: 1 | AC20: 1 | AD20: 1 | AE20: 1 | AF20: 1 | AH20: 1 | AI20: =SUM(D20:AH20)+(COUNTIF(D20:AH20,"0,5KL")/2)+(COUNTIF(D20:AH20,"0,5P")/2)+(COUNTIF(D20:AH20,"0.5L")/2) | AJ20: =(COUNTIF(D20:AH20,"P"))+(COUNTIF(D20:AG20,"P/2")/2)+(COUNTIF(D20:AG20,"0,5P")/2)+(COUNTIF(D20:AG20,"L/P")/2)+(COUNTIF(D20:AG20,"P/KL")/2) | AK20: =COUNTIF(D20:AH20,"L")+(COUNTIF(D20:AG20,"L/2")/2)+(COUNTIF(D20:AG20,"L/P")/2)+(COUNTIF(D20:AG20,"L/KL")/2) | AL20: =COUNTIF(D20:AH20,"KL")+COUNTIF(D20:AG20,"0,5KL")/2+COUNTIF(D20:AG20,"L/KL")/2+COUNTIF(D20:AG20,"KL/2")/2+COUNTIF(D20:AG20,"P/KL")/2+COUNTIF(D20:AG20,"0.5")/2 | AM20: =SUM(AI20:AL20) | AN20: =AI20+AJ20+AK20 | AO20: =VLOOKUP(C20,'[7]1. MEDIGO'!$C$4:$BL$100,62,0)
A21: 14 | C21: Võ Thị Diệu Hiền | D21: 1 | F21: 1 | G21: 1 | H21: 1 | I21: 1 | J21: 1 | K21: 1 | M21: 1 | N21: 1 | O21: 1 | P21: 1 | Q21: 1 | R21: 1 | T21: 1 | U21: 1 | V21: 1 | W21: 1 | X21: 1 | Y21: 1 | AA21: 1 | AB21: 1 | AC21: 1 | AD21: 1 | AE21: 1 | AF21: 1 | AH21: 1 | AI21: =SUM(D21:AH21)+(COUNTIF(D21:AH21,"0,5KL")/2)+(COUNTIF(D21:AH21,"0,5P")/2)+(COUNTIF(D21:AH21,"0.5L")/2) | AJ21: =(COUNTIF(D21:AH21,"P"))+(COUNTIF(D21:AG21,"P/2")/2)+(COUNTIF(D21:AG21,"0,5P")/2)+(COUNTIF(D21:AG21,"L/P")/2)+(COUNTIF(D21:AG21,"P/KL")/2) | AK21: =COUNTIF(D21:AH21,"L")+(COUNTIF(D21:AG21,"L/2")/2)+(COUNTIF(D21:AG21,"L/P")/2)+(COUNTIF(D21:AG21,"L/KL")/2) | AL21: =COUNTIF(D21:AH21,"KL")+COUNTIF(D21:AG21,"0,5KL")/2+COUNTIF(D21:AG21,"L/KL")/2+COUNTIF(D21:AG21,"KL/2")/2+COUNTIF(D21:AG21,"P/KL")/2+COUNTIF(D21:AG21,"0.5")/2 | AM21: =SUM(AI21:AL21) | AN21: =AI21+AJ21+AK21 | AO21: =VLOOKUP(C21,'[7]1. MEDIGO'!$C$4:$BL$100,62,0)
A22: 15 | C22: Lưu Thanh Tuyền | D22: 1 | F22: 1 | G22: 1 | H22: 1 | I22: 1 | J22: 1 | K22: 1 | M22: 1 | N22: 1 | O22: 1 | P22: 1 | Q22: 1 | R22: 1 | T22: 1 | U22: 1 | V22: 1 | W22: 1 | X22: 1 | Y22: 1 | AA22: 1 | AB22: 1 | AC22: 1 | AD22: 1 | AE22: 1 | AF22: 1 | AH22: 1 | AI22: =SUM(D22:AH22)+(COUNTIF(D22:AH22,"0,5KL")/2)+(COUNTIF(D22:AH22,"0,5P")/2)+(COUNTIF(D22:AH22,"0.5L")/2) | AJ22: =(COUNTIF(D22:AH22,"P"))+(COUNTIF(D22:AG22,"P/2")/2)+(COUNTIF(D22:AG22,"0,5P")/2)+(COUNTIF(D22:AG22,"L/P")/2)+(COUNTIF(D22:AG22,"P/KL")/2) | AK22: =COUNTIF(D22:AH22,"L")+(COUNTIF(D22:AG22,"L/2")/2)+(COUNTIF(D22:AG22,"L/P")/2)+(COUNTIF(D22:AG22,"L/KL")/2) | AL22: =COUNTIF(D22:AH22,"KL")+COUNTIF(D22:AG22,"0,5KL")/2+COUNTIF(D22:AG22,"L/KL")/2+COUNTIF(D22:AG22,"KL/2")/2+COUNTIF(D22:AG22,"P/KL")/2+COUNTIF(D22:AG22,"0.5")/2 | AM22: =SUM(AI22:AL22) | AN22: =AI22+AJ22+AK22 | AO22: =VLOOKUP(C22,'[7]1. MEDIGO'!$C$4:$BL$100,62,0)
A23: 16 | C23: Võ Tấn Trường | D23: P | F23: P | G23: 1 | H23: 1 | I23: 1 | J23: 1 | K23: 1 | M23: 1 | N23: 1 | O23: 1 | P23: 1 | Q23: 1 | R23: 1 | T23: 1 | U23: 1 | V23: 1 | W23: 1 | X23: 1 | Y23: 1 | AA23: 1 | AB23: 1 | AC23: 1 | AD23: 1 | AE23: 1 | AF23: 1 | AH23: 1 | AI23: =SUM(D23:AH23)+(COUNTIF(D23:AH23,"0,5KL")/2)+(COUNTIF(D23:AH23,"0,5P")/2)+(COUNTIF(D23:AH23,"0.5L")/2) | AJ23: =(COUNTIF(D23:AH23,"P"))+(COUNTIF(D23:AG23,"P/2")/2)+(COUNTIF(D23:AG23,"0,5P")/2)+(COUNTIF(D23:AG23,"L/P")/2)+(COUNTIF(D23:AG23,"P/KL")/2) | AK23: =COUNTIF(D23:AH23,"L")+(COUNTIF(D23:AG23,"L/2")/2)+(COUNTIF(D23:AG23,"L/P")/2)+(COUNTIF(D23:AG23,"L/KL")/2) | AL23: =COUNTIF(D23:AH23,"KL")+COUNTIF(D23:AG23,"0,5KL")/2+COUNTIF(D23:AG23,"L/KL")/2+COUNTIF(D23:AG23,"KL/2")/2+COUNTIF(D23:AG23,"P/KL")/2+COUNTIF(D23:AG23,"0.5")/2 | AM23: =SUM(AI23:AL23) | AN23: =AI23+AJ23+AK23 | AO23: =VLOOKUP(C23,'[7]1. MEDIGO'!$C$4:$BL$100,62,0)
A24: 17 | C24: Trần Thị Tâm Nhung | D24: 1 | F24: 1 | G24: 1 | H24: 1 | I24: 1 | J24: 1 | K24: 1 | M24: 1 | N24: 1 | O24: 1 | P24: 1 | Q24: 1 | R24: 1 | T24: 1 | U24: 1 | V24: 1 | W24: 1 | X24: P | Y24: 1 | AA24: 1 | AB24: 1 | AC24: 1 | AD24: 1 | AE24: 1 | AF24: 1 | AH24: 1 | AI24: =SUM(D24:AH24)+(COUNTIF(D24:AH24,"0,5KL")/2)+(COUNTIF(D24:AH24,"0,5P")/2)+(COUNTIF(D24:AH24,"0.5L")/2) | AJ24: =(COUNTIF(D24:AH24,"P"))+(COUNTIF(D24:AG24,"P/2")/2)+(COUNTIF(D24:AG24,"0,5P")/2)+(COUNTIF(D24:AG24,"L/P")/2)+(COUNTIF(D24:AG24,"P/KL")/2) | AK24: =COUNTIF(D24:AH24,"L")+(COUNTIF(D24:AG24,"L/2")/2)+(COUNTIF(D24:AG24,"L/P")/2)+(COUNTIF(D24:AG24,"L/KL")/2) | AL24: =COUNTIF(D24:AH24,"KL")+COUNTIF(D24:AG24,"0,5KL")/2+COUNTIF(D24:AG24,"L/KL")/2+COUNTIF(D24:AG24,"KL/2")/2+COUNTIF(D24:AG24,"P/KL")/2+COUNTIF(D24:AG24,"0.5")/2 | AM24: =SUM(AI24:AL24) | AN24: =AI24+AJ24+AK24 | AO24: =VLOOKUP(C24,'[7]1. MEDIGO'!$C$4:$BL$100,62,0)
A25: 18 | C25: Nguyễn Tuấn Nghĩa | D25: 1 | F25: 1 | G25: 1 | H25: 1 | I25: 1 | J25: 1 | K25: 1 | M25: 1 | N25: 1 | O25: 1 | P25: 1 | Q25: 1 | R25: 1 | T25: 1 | U25: 1 | V25: 1 | W25: 1 | X25: 1 | Y25: 1 | AA25: 1 | AB25: 1 | AC25: 1 | AD25: 1 | AE25: 1 | AF25: 1 | AH25: 1 | AI25: =SUM(D25:AH25)+(COUNTIF(D25:AH25,"0,5KL")/2)+(COUNTIF(D25:AH25,"0,5P")/2)+(COUNTIF(D25:AH25,"0.5L")/2) | AJ25: =(COUNTIF(D25:AH25,"P"))+(COUNTIF(D25:AG25,"P/2")/2)+(COUNTIF(D25:AG25,"0,5P")/2)+(COUNTIF(D25:AG25,"L/P")/2)+(COUNTIF(D25:AG25,"P/KL")/2) | AK25: =COUNTIF(D25:AH25,"L")+(COUNTIF(D25:AG25,"L/2")/2)+(COUNTIF(D25:AG25,"L/P")/2)+(COUNTIF(D25:AG25,"L/KL")/2) | AL25: =COUNTIF(D25:AH25,"KL")+COUNTIF(D25:AG25,"0,5KL")/2+COUNTIF(D25:AG25,"L/KL")/2+COUNTIF(D25:AG25,"KL/2")/2+COUNTIF(D25:AG25,"P/KL")/2+COUNTIF(D25:AG25,"0.5")/2 | AM25: =SUM(AI25:AL25) | AN25: =AI25+AJ25+AK25 | AO25: =VLOOKUP(C25,'[7]1. MEDIGO'!$C$4:$BL$100,62,0)
A26: 19 | C26: Nguyễn Thị Cẩm Bình | D26: 1 | F26: 1 | G26: 1 | H26: 1 | I26: 1 | J26: 1 | K26: 1 | M26: 1 | N26: 1 | O26: 1 | P26: 1 | Q26: 1 | R26: 1 | T26: 1 | U26: 1 | V26: 1 | W26: 1 | X26: 1 | Y26: 1 | AA26: 1 | AB26: 1 | AC26: 1 | AD26: 1 | AE26: 1 | AF26: 1 | AH26: 1 | AI26: =SUM(D26:AH26)+(COUNTIF(D26:AH26,"0,5KL")/2)+(COUNTIF(D26:AH26,"0,5P")/2)+(COUNTIF(D26:AH26,"0.5L")/2) | AJ26: =(COUNTIF(D26:AH26,"P"))+(COUNTIF(D26:AG26,"P/2")/2)+(COUNTIF(D26:AG26,"0,5P")/2)+(COUNTIF(D26:AG26,"L/P")/2)+(COUNTIF(D26:AG26,"P/KL")/2) | AK26: =COUNTIF(D26:AH26,"L")+(COUNTIF(D26:AG26,"L/2")/2)+(COUNTIF(D26:AG26,"L/P")/2)+(COUNTIF(D26:AG26,"L/KL")/2) | AL26: =COUNTIF(D26:AH26,"KL")+COUNTIF(D26:AG26,"0,5KL")/2+COUNTIF(D26:AG26,"L/KL")/2+COUNTIF(D26:AG26,"KL/2")/2+COUNTIF(D26:AG26,"P/KL")/2+COUNTIF(D26:AG26,"0.5")/2 | AM26: =SUM(AI26:AL26) | AN26: =AI26+AJ26+AK26 | AO26: =VLOOKUP(C26,'[7]1. MEDIGO'!$C$4:$BL$100,62,0)
A27: 20 | C27: Nguyễn Cao Nhân | D27: 1 | F27: 1 | G27: 1 | H27: 1 | I27: 1 | J27: 1 | K27: 1 | M27: 1 | N27: 1 | O27: 1 | P27: 1 | Q27: 1 | R27: 1 | T27: 1 | U27: 1 | V27: 1 | W27: 1 | X27: 1 | Y27: 1 | AA27: 1 | AB27: 1 | AC27: 1 | AD27: 1 | AE27: 1 | AF27: 1 | AH27: 1 | AI27: =SUM(D27:AH27)+(COUNTIF(D27:AH27,"0,5KL")/2)+(COUNTIF(D27:AH27,"0,5P")/2)+(COUNTIF(D27:AH27,"0.5L")/2) | AJ27: =(COUNTIF(D27:AH27,"P"))+(COUNTIF(D27:AG27,"P/2")/2)+(COUNTIF(D27:AG27,"0,5P")/2)+(COUNTIF(D27:AG27,"L/P")/2)+(COUNTIF(D27:AG27,"P/KL")/2) | AK27: =COUNTIF(D27:AH27,"L")+(COUNTIF(D27:AG27,"L/2")/2)+(COUNTIF(D27:AG27,"L/P")/2)+(COUNTIF(D27:AG27,"L/KL")/2) | AL27: =COUNTIF(D27:AH27,"KL")+COUNTIF(D27:AG27,"0,5KL")/2+COUNTIF(D27:AG27,"L/KL")/2+COUNTIF(D27:AG27,"KL/2")/2+COUNTIF(D27:AG27,"P/KL")/2+COUNTIF(D27:AG27,"0.5")/2 | AM27: =SUM(AI27:AL27) | AN27: =AI27+AJ27+AK27 | AO27: =VLOOKUP(C27,'[7]1. MEDIGO'!$C$4:$BL$100,62,0)
A28: 21 | C28: Đặng Thị Quế Anh | D28: 1 | F28: 1 | G28: 1 | H28: 1 | I28: 1 | J28: 1 | K28: 1 | M28: 1 | N28: 1 | O28: 1 | P28: 1 | Q28: 1 | R28: 1 | T28: 1 | U28: 1 | V28: 1 | W28: 1 | X28: 1 | Y28: 1 | AA28: P | AB28: 1 | AC28: 1 | AD28: 1 | AE28: 1 | AF28: 1 | AH28: P | AI28: =SUM(D28:AH28)+(COUNTIF(D28:AH28,"0,5KL")/2)+(COUNTIF(D28:AH28,"0,5P")/2)+(COUNTIF(D28:AH28,"0.5L")/2) | AJ28: =(COUNTIF(D28:AH28,"P"))+(COUNTIF(D28:AG28,"P/2")/2)+(COUNTIF(D28:AG28,"0,5P")/2)+(COUNTIF(D28:AG28,"L/P")/2)+(COUNTIF(D28:AG28,"P/KL")/2) | AK28: =COUNTIF(D28:AH28,"L")+(COUNTIF(D28:AG28,"L/2")/2)+(COUNTIF(D28:AG28,"L/P")/2)+(COUNTIF(D28:AG28,"L/KL")/2) | AL28: =COUNTIF(D28:AH28,"KL")+COUNTIF(D28:AG28,"0,5KL")/2+COUNTIF(D28:AG28,"L/KL")/2+COUNTIF(D28:AG28,"KL/2")/2+COUNTIF(D28:AG28,"P/KL")/2+COUNTIF(D28:AG28,"0.5")/2 | AM28: =SUM(AI28:AL28) | AN28: =AI28+AJ28+AK28 | AO28: =VLOOKUP(C28,'[7]1. MEDIGO'!$C$4:$BL$100,62,0)
A29: 22 | C29: Nguyễn Thị Ánh Hồng | D29: 1 | F29: 1 | G29: 1 | H29: 1 | I29: 1 | J29: 1 | K29: 1 | M29: 1 | N29: 1 | O29: 1 | P29: 1 | Q29: 1 | R29: 1 | T29: 1 | U29: 1 | V29: 1 | W29: 1 | X29: 1 | Y29: 1 | AA29: 1 | AB29: 1 | AC29: 1 | AD29: 1 | AE29: 1 | AF29: 1 | AH29: 1 | AI29: =SUM(D29:AH29)+(COUNTIF(D29:AH29,"0,5KL")/2)+(COUNTIF(D29:AH29,"0,5P")/2)+(COUNTIF(D29:AH29,"0.5L")/2) | AJ29: =(COUNTIF(D29:AH29,"P"))+(COUNTIF(D29:AG29,"P/2")/2)+(COUNTIF(D29:AG29,"0,5P")/2)+(COUNTIF(D29:AG29,"L/P")/2)+(COUNTIF(D29:AG29,"P/KL")/2) | AK29: =COUNTIF(D29:AH29,"L")+(COUNTIF(D29:AG29,"L/2")/2)+(COUNTIF(D29:AG29,"L/P")/2)+(COUNTIF(D29:AG29,"L/KL")/2) | AL29: =COUNTIF(D29:AH29,"KL")+COUNTIF(D29:AG29,"0,5KL")/2+COUNTIF(D29:AG29,"L/KL")/2+COUNTIF(D29:AG29,"KL/2")/2+COUNTIF(D29:AG29,"P/KL")/2+COUNTIF(D29:AG29,"0.5")/2 | AM29: =SUM(AI29:AL29) | AN29: =AI29+AJ29+AK29 | AO29: =VLOOKUP(C29,'[7]1. MEDIGO'!$C$4:$BL$100,62,0)
A30: 23 | C30: Phan Thị Kim Hiên | D30: 1 | F30: 1 | G30: 1 | H30: 1 | I30: 1 | J30: 1 | K30: 1 | M30: 1 | N30: 1 | O30: 1 | P30: 1 | Q30: 1 | R30: 1 | T30: 1 | U30: 1 | V30: 1 | W30: 1 | X30: 1 | Y30: 1 | AA30: 1 | AB30: 1 | AC30: 1 | AD30: 1 | AE30: 1 | AF30: 1 | AH30: 1 | AI30: =SUM(D30:AH30)+(COUNTIF(D30:AH30,"0,5KL")/2)+(COUNTIF(D30:AH30,"0,5P")/2)+(COUNTIF(D30:AH30,"0.5L")/2) | AJ30: =(COUNTIF(D30:AH30,"P"))+(COUNTIF(D30:AG30,"P/2")/2)+(COUNTIF(D30:AG30,"0,5P")/2)+(COUNTIF(D30:AG30,"L/P")/2)+(COUNTIF(D30:AG30,"P/KL")/2) | AK30: =COUNTIF(D30:AH30,"L")+(COUNTIF(D30:AG30,"L/2")/2)+(COUNTIF(D30:AG30,"L/P")/2)+(COUNTIF(D30:AG30,"L/KL")/2) | AL30: =COUNTIF(D30:AH30,"KL")+COUNTIF(D30:AG30,"0,5KL")/2+COUNTIF(D30:AG30,"L/KL")/2+COUNTIF(D30:AG30,"KL/2")/2+COUNTIF(D30:AG30,"P/KL")/2+COUNTIF(D30:AG30,"0.5")/2 | AM30: =SUM(AI30:AL30) | AN30: =AI30+AJ30+AK30 | AO30: =VLOOKUP(C30,'[7]1. MEDIGO'!$C$4:$BL$100,62,0)
A31: 24 | C31: Lê Thị Phương Thảo | D31: 1 | F31: 1 | G31: 1 | H31: 1 | I31: 1 | J31: 1 | K31: 1 | M31: 1 | N31: 1 | O31: 1 | P31: 1 | Q31: 1 | R31: 1 | T31: 1 | U31: 1 | V31: 1 | W31: 1 | X31: 1 | Y31: 1 | AA31: 1 | AB31: 1 | AC31: 1 | AD31: 1 | AE31: 1 | AF31: 1 | AH31: 1 | AI31: =SUM(D31:AH31)+(COUNTIF(D31:AH31,"0,5KL")/2)+(COUNTIF(D31:AH31,"0,5P")/2)+(COUNTIF(D31:AH31,"0.5L")/2) | AJ31: =(COUNTIF(D31:AH31,"P"))+(COUNTIF(D31:AG31,"P/2")/2)+(COUNTIF(D31:AG31,"0,5P")/2)+(COUNTIF(D31:AG31,"L/P")/2)+(COUNTIF(D31:AG31,"P/KL")/2) | AK31: =COUNTIF(D31:AH31,"L")+(COUNTIF(D31:AG31,"L/2")/2)+(COUNTIF(D31:AG31,"L/P")/2)+(COUNTIF(D31:AG31,"L/KL")/2) | AL31: =COUNTIF(D31:AH31,"KL")+COUNTIF(D31:AG31,"0,5KL")/2+COUNTIF(D31:AG31,"L/KL")/2+COUNTIF(D31:AG31,"KL/2")/2+COUNTIF(D31:AG31,"P/KL")/2+COUNTIF(D31:AG31,"0.5")/2 | AM31: =SUM(AI31:AL31) | AN31: =AI31+AJ31+AK31 | AO31: =VLOOKUP(C31,'[7]1. MEDIGO'!$C$4:$BL$100,62,0)
A32: 25 | C32: Huỳnh Tấn Nhân | D32: 1 | F32: 1 | G32: 1 | H32: 1 | I32: 1 | J32: 1 | K32: 1 | M32: 1 | N32: 1 | O32: 1 | P32: 1 | Q32: 1 | R32: 1 | T32: 1 | U32: P | V32: P | W32: P | X32: 1 | Y32: 1 | AA32: 1 | AB32: 1 | AC32: 1 | AD32: 1 | AE32: 1 | AF32: 1 | AH32: 1 | AI32: =SUM(D32:AH32)+(COUNTIF(D32:AH32,"0,5KL")/2)+(COUNTIF(D32:AH32,"0,5P")/2)+(COUNTIF(D32:AH32,"0.5L")/2) | AJ32: =(COUNTIF(D32:AH32,"P"))+(COUNTIF(D32:AG32,"P/2")/2)+(COUNTIF(D32:AG32,"0,5P")/2)+(COUNTIF(D32:AG32,"L/P")/2)+(COUNTIF(D32:AG32,"P/KL")/2) | AK32: =COUNTIF(D32:AH32,"L")+(COUNTIF(D32:AG32,"L/2")/2)+(COUNTIF(D32:AG32,"L/P")/2)+(COUNTIF(D32:AG32,"L/KL")/2) | AL32: =COUNTIF(D32:AH32,"KL")+COUNTIF(D32:AG32,"0,5KL")/2+COUNTIF(D32:AG32,"L/KL")/2+COUNTIF(D32:AG32,"KL/2")/2+COUNTIF(D32:AG32,"P/KL")/2+COUNTIF(D32:AG32,"0.5")/2 | AM32: =SUM(AI32:AL32) | AN32: =AI32+AJ32+AK32 | AO32: =VLOOKUP(C32,'[7]1. MEDIGO'!$C$4:$BL$100,62,0)
A33: 26 | C33: Nguyễn Thị Kim Ngọc | D33: 1 | F33: 1 | G33: 1 | H33: 1 | I33: 1 | J33: 1 | K33: 1 | M33: 1 | N33: 1 | O33: 1 | P33: 1 | Q33: 1 | R33: 1 | T33: P | U33: 1 | V33: 1 | W33: 1 | X33: 1 | Y33: 1 | AA33: 1 | AB33: P | AC33: P | AD33: 1 | AE33: 1 | AF33: 1 | AH33: 1 | AI33: =SUM(D33:AH33)+(COUNTIF(D33:AH33,"0,5KL")/2)+(COUNTIF(D33:AH33,"0,5P")/2)+(COUNTIF(D33:AH33,"0.5L")/2) | AJ33: =(COUNTIF(D33:AH33,"P"))+(COUNTIF(D33:AG33,"P/2")/2)+(COUNTIF(D33:AG33,"0,5P")/2)+(COUNTIF(D33:AG33,"L/P")/2)+(COUNTIF(D33:AG33,"P/KL")/2) | AK33: =COUNTIF(D33:AH33,"L")+(COUNTIF(D33:AG33,"L/2")/2)+(COUNTIF(D33:AG33,"L/P")/2)+(COUNTIF(D33:AG33,"L/KL")/2) | AL33: =COUNTIF(D33:AH33,"KL")+COUNTIF(D33:AG33,"0,5KL")/2+COUNTIF(D33:AG33,"L/KL")/2+COUNTIF(D33:AG33,"KL/2")/2+COUNTIF(D33:AG33,"P/KL")/2+COUNTIF(D33:AG33,"0.5")/2 | AM33: =SUM(AI33:AL33) | AN33: =AI33+AJ33+AK33 | AO33: =VLOOKUP(C33,'[7]1. MEDIGO'!$C$4:$BL$100,62,0)
A34: 27 | C34: Lê Thị Phương Anh | D34: 1 | F34: 1 | G34: 1 | H34: 1 | I34: 1 | J34: 1 | K34: 1 | M34: 1 | N34: 1 | O34: 1 | P34: 1 | Q34: 1 | R34: 1 | T34: 1 | U34: 1 | V34: 1 | W34: 1 | X34: 1 | Y34: 1 | AA34: 1 | AB34: 1 | AC34: 1 | AD34: 1 | AE34: 1 | AF34: 1 | AH34: 1 | AI34: =SUM(D34:AH34)+(COUNTIF(D34:AH34,"0,5KL")/2)+(COUNTIF(D34:AH34,"0,5P")/2)+(COUNTIF(D34:AH34,"0.5L")/2) | AJ34: =(COUNTIF(D34:AH34,"P"))+(COUNTIF(D34:AG34,"P/2")/2)+(COUNTIF(D34:AG34,"0,5P")/2)+(COUNTIF(D34:AG34,"L/P")/2)+(COUNTIF(D34:AG34,"P/KL")/2) | AK34: =COUNTIF(D34:AH34,"L")+(COUNTIF(D34:AG34,"L/2")/2)+(COUNTIF(D34:AG34,"L/P")/2)+(COUNTIF(D34:AG34,"L/KL")/2) | AL34: =COUNTIF(D34:AH34,"KL")+COUNTIF(D34:AG34,"0,5KL")/2+COUNTIF(D34:AG34,"L/KL")/2+COUNTIF(D34:AG34,"KL/2")/2+COUNTIF(D34:AG34,"P/KL")/2+COUNTIF(D34:AG34,"0.5")/2 | AM34: =SUM(AI34:AL34) | AN34: =AI34+AJ34+AK34 | AO34: =VLOOKUP(C34,'[7]1. MEDIGO'!$C$4:$BL$100,62,0)
A35: 28 | C35: Nguyễn Vũ Khôi | D35: 1 | F35: 1 | G35: 1 | H35: 1 | I35: 1 | J35: 1 | K35: 1 | M35: 1 | N35: 1 | O35: 1 | P35: 1 | Q35: 1 | R35: 1 | T35: 1 | U35: 1 | V35: 1 | W35: 1 | X35: 1 | Y35: 1 | AA35: 1 | AB35: 1 | AC35: 1 | AD35: 1 | AE35: 1 | AF35: 1 | AH35: 1 | AI35: =SUM(D35:AH35)+(COUNTIF(D35:AH35,"0,5KL")/2)+(COUNTIF(D35:AH35,"0,5P")/2)+(COUNTIF(D35:AH35,"0.5L")/2) | AJ35: =(COUNTIF(D35:AH35,"P"))+(COUNTIF(D35:AG35,"P/2")/2)+(COUNTIF(D35:AG35,"0,5P")/2)+(COUNTIF(D35:AG35,"L/P")/2)+(COUNTIF(D35:AG35,"P/KL")/2) | AK35: =COUNTIF(D35:AH35,"L")+(COUNTIF(D35:AG35,"L/2")/2)+(COUNTIF(D35:AG35,"L/P")/2)+(COUNTIF(D35:AG35,"L/KL")/2) | AL35: =COUNTIF(D35:AH35,"KL")+COUNTIF(D35:AG35,"0,5KL")/2+COUNTIF(D35:AG35,"L/KL")/2+COUNTIF(D35:AG35,"KL/2")/2+COUNTIF(D35:AG35,"P/KL")/2+COUNTIF(D35:AG35,"0.5")/2 | AM35: =SUM(AI35:AL35) | AN35: =AI35+AJ35+AK35 | AO35: =VLOOKUP(C35,'[7]1. MEDIGO'!$C$4:$BL$100,62,0)
A36: 29 | C36: Lai Thị Bích Châu | D36: 1 | F36: 1 | G36: 1 | H36: 1 | I36: 1 | J36: 1 | K36: 1 | M36: 1 | N36: 1 | O36: 1 | P36: 1 | Q36: 1 | R36: 1 | T36: 1 | U36: 1 | V36: 1 | W36: 1 | X36: 1 | Y36: 1 | AA36: 1 | AB36: 1 | AC36: 1 | AD36: 1 | AE36: 1 | AF36: 1 | AH36: 1 | AI36: =SUM(D36:AH36)+(COUNTIF(D36:AH36,"0,5KL")/2)+(COUNTIF(D36:AH36,"0,5P")/2)+(COUNTIF(D36:AH36,"0.5L")/2) | AJ36: =(COUNTIF(D36:AH36,"P"))+(COUNTIF(D36:AG36,"P/2")/2)+(COUNTIF(D36:AG36,"0,5P")/2)+(COUNTIF(D36:AG36,"L/P")/2)+(COUNTIF(D36:AG36,"P/KL")/2) | AK36: =COUNTIF(D36:AH36,"L")+(COUNTIF(D36:AG36,"L/2")/2)+(COUNTIF(D36:AG36,"L/P")/2)+(COUNTIF(D36:AG36,"L/KL")/2) | AL36: =COUNTIF(D36:AH36,"KL")+COUNTIF(D36:AG36,"0,5KL")/2+COUNTIF(D36:AG36,"L/KL")/2+COUNTIF(D36:AG36,"KL/2")/2+COUNTIF(D36:AG36,"P/KL")/2+COUNTIF(D36:AG36,"0.5")/2 | AM36: =SUM(AI36:AL36) | AN36: =AI36+AJ36+AK36 | AO36: =VLOOKUP(C36,'[7]1. MEDIGO'!$C$4:$BL$100,62,0)
B37: MED | D37: 1 | F37: 1 | G37: 1 | H37: 1 | I37: 1 | J37: 1 | K37: 1 | M37: 1 | N37: 1 | O37: 1 | P37: 1 | Q37: 1 | R37: 1 | T37: 1 | U37: 1 | V37: 1 | W37: 1 | X37: 1 | Y37: 1 | AA37: 1 | AB37: 1 | AC37: 1 | AD37: 1 | AE37: 1 | AF37: 1 | AH37: 1 | AI37: =SUM(D37:AH37)+(COUNTIF(D37:AH37,"0,5KL")/2)+(COUNTIF(D37:AH37,"0,5P")/2)+(COUNTIF(D37:AH37,"0.5L")/2) | AJ37: =(COUNTIF(D37:AH37,"P"))+(COUNTIF(D37:AG37,"P/2")/2)+(COUNTIF(D37:AG37,"0,5P")/2)+(COUNTIF(D37:AG37,"L/P")/2)+(COUNTIF(D37:AG37,"P/KL")/2) | AK37: =COUNTIF(D37:AH37,"L")+(COUNTIF(D37:AG37,"L/2")/2)+(COUNTIF(D37:AG37,"L/P")/2)+(COUNTIF(D37:AG37,"L/KL")/2) | AL37: =COUNTIF(D37:AH37,"KL")+COUNTIF(D37:AG37,"0,5KL")/2+COUNTIF(D37:AG37,"L/KL")/2+COUNTIF(D37:AG37,"KL/2")/2+COUNTIF(D37:AG37,"P/KL")/2+COUNTIF(D37:AG37,"0.5")/2 | AM37: =SUM(AI37:AL37) | AN37: =AI37+AJ37+AK37
A38: =A36+1 | C38: Le Huu Ha | D38: 1 | F38: 1 | G38: 1 | H38: 1 | I38: 1 | J38: 1 | K38: 1 | M38: 1 | N38: 1 | O38: 1 | P38: 1 | Q38: 1 | R38: 1 | T38: 1 | U38: 1 | V38: 1 | W38: 1 | X38: 1 | Y38: 1 | AA38: 1 | AB38: 1 | AC38: 1 | AD38: 1 | AE38: 1 | AF38: 1 | AH38: 1 | AI38: =SUM(D38:AH38)+(COUNTIF(D38:AH38,"0,5KL")/2)+(COUNTIF(D38:AH38,"0,5P")/2)+(COUNTIF(D38:AH38,"0.5L")/2) | AJ38: =(COUNTIF(D38:AH38,"P"))+(COUNTIF(D38:AG38,"P/2")/2)+(COUNTIF(D38:AG38,"0,5P")/2)+(COUNTIF(D38:AG38,"L/P")/2)+(COUNTIF(D38:AG38,"P/KL")/2) | AK38: =COUNTIF(D38:AH38,"L")+(COUNTIF(D38:AG38,"L/2")/2)+(COUNTIF(D38:AG38,"L/P")/2)+(COUNTIF(D38:AG38,"L/KL")/2) | AL38: =COUNTIF(D38:AH38,"KL")+COUNTIF(D38:AG38,"0,5KL")/2+COUNTIF(D38:AG38,"L/KL")/2+COUNTIF(D38:AG38,"KL/2")/2+COUNTIF(D38:AG38,"P/KL")/2+COUNTIF(D38:AG38,"0.5")/2 | AM38: =SUM(AI38:AL38) | AN38: =AI38+AJ38+AK38 | AO38: 10/8/2021
A39: 31 | C39: Đoàn Hữu Luận | D39: 1 | F39: 1 | G39: 1 | H39: 1 | I39: 1 | J39: 1 | K39: 1 | M39: 1 | N39: 1 | O39: 1 | P39: 1 | Q39: 1 | R39: 1 | T39: 1 | U39: 1 | V39: 1 | W39: 1 | X39: 1 | Y39: 1 | AA39: 1 | AB39: 1 | AC39: 1 | AD39: 1 | AE39: 1 | AF39: 1 | AH39: 1 | AI39: =SUM(D39:AH39)+(COUNTIF(D39:AH39,"0,5KL")/2)+(COUNTIF(D39:AH39,"0,5P")/2)+(COUNTIF(D39:AH39,"0.5L")/2) | AJ39: =(COUNTIF(D39:AH39,"P"))+(COUNTIF(D39:AG39,"P/2")/2)+(COUNTIF(D39:AG39,"0,5P")/2)+(COUNTIF(D39:AG39,"L/P")/2)+(COUNTIF(D39:AG39,"P/KL")/2) | AK39: =COUNTIF(D39:AH39,"L")+(COUNTIF(D39:AG39,"L/2")/2)+(COUNTIF(D39:AG39,"L/P")/2)+(COUNTIF(D39:AG39,"L/KL")/2) | AL39: =COUNTIF(D39:AH39,"KL")+COUNTIF(D39:AG39,"0,5KL")/2+COUNTIF(D39:AG39,"L/KL")/2+COUNTIF(D39:AG39,"KL/2")/2+COUNTIF(D39:AG39,"P/KL")/2+COUNTIF(D39:AG39,"0.5")/2 | AM39: =SUM(AI39:AL39) | AN39: =AI39+AJ39+AK39 | AO39: 10/8/2022
A40: 32 | C40: Lê Thị Quý Ngọc | D40: 1 | F40: 1 | G40: 1 | H40: 1 | I40: 1 | J40: 1 | K40: 1 | M40: 1 | N40: 1 | O40: 1 | P40: 1 | Q40: 1 | R40: 1 | T40: 1 | U40: 1 | V40: 1 | W40: 1 | X40: 1 | Y40: 1 | AA40: 1 | AB40: 1 | AC40: 1 | AD40: 1 | AE40: 1 | AF40: 1 | AH40: 1 | AI40: =SUM(D40:AH40)+(COUNTIF(D40:AH40,"0,5KL")/2)+(COUNTIF(D40:AH40,"0,5P")/2)+(COUNTIF(D40:AH40,"0.5L")/2) | AJ40: =(COUNTIF(D40:AH40,"P"))+(COUNTIF(D40:AG40,"P/2")/2)+(COUNTIF(D40:AG40,"0,5P")/2)+(COUNTIF(D40:AG40,"L/P")/2)+(COUNTIF(D40:AG40,"P/KL")/2) | AK40: =COUNTIF(D40:AH40,"L")+(COUNTIF(D40:AG40,"L/2")/2)+(COUNTIF(D40:AG40,"L/P")/2)+(COUNTIF(D40:AG40,"L/KL")/2) | AL40: =COUNTIF(D40:AH40,"KL")+COUNTIF(D40:AG40,"0,5KL")/2+COUNTIF(D40:AG40,"L/KL")/2+COUNTIF(D40:AG40,"KL/2")/2+COUNTIF(D40:AG40,"P/KL")/2+COUNTIF(D40:AG40,"0.5")/2 | AM40: =SUM(AI40:AL40) | AN40: =AI40+AJ40+AK40 | AO40: 24/4/2023
A41: 33 | C41: Lê Thu Hà | D41: 1 | F41: 1 | G41: 1 | H41: 1 | I41: 1 | J41: 1 | K41: 1 | M41: 1 | N41: 1 | O41: 1 | P41: 1 | Q41: 1 | R41: 1 | T41: 1 | U41: 1 | V41: 1 | W41: 1 | X41: 1 | Y41: 1 | AA41: 1 | AB41: 1 | AC41: 1 | AD41: 1 | AE41: P | AF41: 1 | AH41: 1 | AI41: =SUM(D41:AH41)+(COUNTIF(D41:AH41,"0,5KL")/2)+(COUNTIF(D41:AH41,"0,5P")/2)+(COUNTIF(D41:AH41,"0.5L")/2) | AJ41: =(COUNTIF(D41:AH41,"P"))+(COUNTIF(D41:AG41,"P/2")/2)+(COUNTIF(D41:AG41,"0,5P")/2)+(COUNTIF(D41:AG41,"L/P")/2)+(COUNTIF(D41:AG41,"P/KL")/2) | AK41: =COUNTIF(D41:AH41,"L")+(COUNTIF(D41:AG41,"L/2")/2)+(COUNTIF(D41:AG41,"L/P")/2)+(COUNTIF(D41:AG41,"L/KL")/2) | AL41: =COUNTIF(D41:AH41,"KL")+COUNTIF(D41:AG41,"0,5KL")/2+COUNTIF(D41:AG41,"L/KL")/2+COUNTIF(D41:AG41,"KL/2")/2+COUNTIF(D41:AG41,"P/KL")/2+COUNTIF(D41:AG41,"0.5")/2 | AM41: =SUM(AI41:AL41) | AN41: =AI41+AJ41+AK41 | AO41: 1/9/2020
A42: 34 | C42: Nguyễn Thị Kim Huệ | D42: 1 | F42: 1 | G42: 1 | H42: 1 | I42: 1 | J42: 1 | K42: 1 | M42: 1 | N42: 1 | O42: 1 | P42: 1 | Q42: 1 | R42: 1 | T42: 1 | U42: 1 | V42: 1 | W42: 1 | X42: 1 | Y42: 1 | AA42: 1 | AB42: 1 | AC42: 1 | AD42: 1 | AE42: 1 | AF42: 1 | AH42: 1 | AI42: =SUM(D42:AH42)+(COUNTIF(D42:AH42,"0,5KL")/2)+(COUNTIF(D42:AH42,"0,5P")/2)+(COUNTIF(D42:AH42,"0.5L")/2) | AJ42: =(COUNTIF(D42:AH42,"P"))+(COUNTIF(D42:AG42,"P/2")/2)+(COUNTIF(D42:AG42,"0,5P")/2)+(COUNTIF(D42:AG42,"L/P")/2)+(COUNTIF(D42:AG42,"P/KL")/2) | AK42: =COUNTIF(D42:AH42,"L")+(COUNTIF(D42:AG42,"L/2")/2)+(COUNTIF(D42:AG42,"L/P")/2)+(COUNTIF(D42:AG42,"L/KL")/2) | AL42: =COUNTIF(D42:AH42,"KL")+COUNTIF(D42:AG42,"0,5KL")/2+COUNTIF(D42:AG42,"L/KL")/2+COUNTIF(D42:AG42,"KL/2")/2+COUNTIF(D42:AG42,"P/KL")/2+COUNTIF(D42:AG42,"0.5")/2 | AM42: =SUM(AI42:AL42) | AN42: =AI42+AJ42+AK42 | AO42: 1/5/2024
A43: 35 | C43: Dương Thị Vân Trang | D43: P | F43: 1 | G43: 1 | H43: 1 | I43: 1 | J43: 1 | K43: 1 | M43: 1 | N43: 1 | O43: 1 | P43: 1 | Q43: 1 | R43: 1 | T43: 1 | U43: 1 | V43: 1 | W43: 1 | X43: 1 | Y43: 1 | AA43: 1 | AB43: 1 | AC43: 1 | AD43: 1 | AE43: 1 | AF43: 1 | AH43: 1 | AI43: =SUM(D43:AH43)+(COUNTIF(D43:AH43,"0,5KL")/2)+(COUNTIF(D43:AH43,"0,5P")/2)+(COUNTIF(D43:AH43,"0.5L")/2) | AJ43: =(COUNTIF(D43:AH43,"P"))+(COUNTIF(D43:AG43,"P/2")/2)+(COUNTIF(D43:AG43,"0,5P")/2)+(COUNTIF(D43:AG43,"L/P")/2)+(COUNTIF(D43:AG43,"P/KL")/2) | AK43: =COUNTIF(D43:AH43,"L")+(COUNTIF(D43:AG43,"L/2")/2)+(COUNTIF(D43:AG43,"L/P")/2)+(COUNTIF(D43:AG43,"L/KL")/2) | AL43: =COUNTIF(D43:AH43,"KL")+COUNTIF(D43:AG43,"0,5KL")/2+COUNTIF(D43:AG43,"L/KL")/2+COUNTIF(D43:AG43,"KL/2")/2+COUNTIF(D43:AG43,"P/KL")/2+COUNTIF(D43:AG43,"0.5")/2 | AM43: =SUM(AI43:AL43) | AN43: =AI43+AJ43+AK43 | AO43: 30/9/2024
A44: 36 | C44: Huỳnh Ngọc Anh | D44: P | F44: P | G44: P | H44: P | I44: P | J44: 1 | K44: 1 | M44: 1 | N44: 1 | O44: 1 | P44: 1 | Q44: 1 | R44: 1 | T44: 1 | U44: 1 | V44: 1 | W44: 1 | X44: 1 | Y44: 1 | AA44: 1 | AB44: 1 | AC44: 1 | AD44: 1 | AE44: 1 | AF44: 1 | AH44: 1 | AI44: =SUM(D44:AH44)+(COUNTIF(D44:AH44,"0,5KL")/2)+(COUNTIF(D44:AH44,"0,5P")/2)+(COUNTIF(D44:AH44,"0.5L")/2) | AJ44: =(COUNTIF(D44:AH44,"P"))+(COUNTIF(D44:AG44,"P/2")/2)+(COUNTIF(D44:AG44,"0,5P")/2)+(COUNTIF(D44:AG44,"L/P")/2)+(COUNTIF(D44:AG44,"P/KL")/2) | AK44: =COUNTIF(D44:AH44,"L")+(COUNTIF(D44:AG44,"L/2")/2)+(COUNTIF(D44:AG44,"L/P")/2)+(COUNTIF(D44:AG44,"L/KL")/2) | AL44: =COUNTIF(D44:AH44,"KL")+COUNTIF(D44:AG44,"0,5KL")/2+COUNTIF(D44:AG44,"L/KL")/2+COUNTIF(D44:AG44,"KL/2")/2+COUNTIF(D44:AG44,"P/KL")/2+COUNTIF(D44:AG44,"0.5")/2 | AM44: =SUM(AI44:AL44) | AN44: =AI44+AJ44+AK44 | AO44: 02/6/2025
A45: 37 | C45: Vũ Ngọc Thanh Thảo | D45: 1 | F45: 1 | G45: 1 | H45: 1 | I45: 1 | J45: 1 | K45: 1 | M45: 1 | N45: 1 | O45: 1 | P45: 1 | Q45: 1 | R45: 1 | T45: P | U45: 1 | V45: 1 | W45: 1 | X45: 1 | Y45: 1 | AA45: 1 | AB45: 1 | AC45: 1 | AD45: 1 | AE45: 1 | AF45: 1 | AH45: 1 | AI45: =SUM(D45:AH45)+(COUNTIF(D45:AH45,"0,5KL")/2)+(COUNTIF(D45:AH45,"0,5P")/2)+(COUNTIF(D45:AH45,"0.5L")/2) | AJ45: =(COUNTIF(D45:AH45,"P"))+(COUNTIF(D45:AG45,"P/2")/2)+(COUNTIF(D45:AG45,"0,5P")/2)+(COUNTIF(D45:AG45,"L/P")/2)+(COUNTIF(D45:AG45,"P/KL")/2) | AK45: =COUNTIF(D45:AH45,"L")+(COUNTIF(D45:AG45,"L/2")/2)+(COUNTIF(D45:AG45,"L/P")/2)+(COUNTIF(D45:AG45,"L/KL")/2) | AL45: =COUNTIF(D45:AH45,"KL")+COUNTIF(D45:AG45,"0,5KL")/2+COUNTIF(D45:AG45,"L/KL")/2+COUNTIF(D45:AG45,"KL/2")/2+COUNTIF(D45:AG45,"P/KL")/2+COUNTIF(D45:AG45,"0.5")/2 | AM45: =SUM(AI45:AL45) | AN45: =AI45+AJ45+AK45 | AO45: 7/7/2025
A46: 38 | C46: Lê Ngọc Anh | D46: 1 | F46: 1 | G46: 1 | H46: 1 | I46: 1 | J46: 1 | K46: 1 | M46: 1 | N46: 1 | O46: 1 | P46: 1 | Q46: 1 | R46: 1 | T46: 1 | U46: 1 | V46: 1 | W46: 1 | X46: 1 | Y46: 1 | AA46: 1 | AB46: 1 | AC46: 1 | AD46: 1 | AE46: 1 | AF46: 1 | AH46: 1 | AI46: =SUM(D46:AH46)+(COUNTIF(D46:AH46,"0,5KL")/2)+(COUNTIF(D46:AH46,"0,5P")/2)+(COUNTIF(D46:AH46,"0.5L")/2) | AJ46: =(COUNTIF(D46:AH46,"P"))+(COUNTIF(D46:AG46,"P/2")/2)+(COUNTIF(D46:AG46,"0,5P")/2)+(COUNTIF(D46:AG46,"L/P")/2)+(COUNTIF(D46:AG46,"P/KL")/2) | AK46: =COUNTIF(D46:AH46,"L")+(COUNTIF(D46:AG46,"L/2")/2)+(COUNTIF(D46:AG46,"L/P")/2)+(COUNTIF(D46:AG46,"L/KL")/2) | AL46: =COUNTIF(D46:AH46,"KL")+COUNTIF(D46:AG46,"0,5KL")/2+COUNTIF(D46:AG46,"L/KL")/2+COUNTIF(D46:AG46,"KL/2")/2+COUNTIF(D46:AG46,"P/KL")/2+COUNTIF(D46:AG46,"0.5")/2 | AM46: =SUM(AI46:AL46) | AN46: =AI46+AJ46+AK46 | AO46: 14/07/2025
A47: 39 | C47: Nguyễn Hoàng Yến | D47: 1 | F47: 1 | G47: 1 | H47: 1 | I47: 1 | J47: 1 | K47: 1 | M47: 1 | N47: 1 | O47: 1 | P47: 1 | Q47: 1 | R47: 1 | T47: 1 | U47: 1 | V47: 1 | W47: 1 | X47: 1 | Y47: 1 | AA47: 1 | AB47: 1 | AC47: 1 | AD47: 1 | AE47: 1 | AF47: 1 | AH47: 1 | AI47: =SUM(D47:AH47)+(COUNTIF(D47:AH47,"0,5KL")/2)+(COUNTIF(D47:AH47,"0,5P")/2)+(COUNTIF(D47:AH47,"0.5L")/2) | AJ47: =(COUNTIF(D47:AH47,"P"))+(COUNTIF(D47:AG47,"P/2")/2)+(COUNTIF(D47:AG47,"0,5P")/2)+(COUNTIF(D47:AG47,"L/P")/2)+(COUNTIF(D47:AG47,"P/KL")/2) | AK47: =COUNTIF(D47:AH47,"L")+(COUNTIF(D47:AG47,"L/2")/2)+(COUNTIF(D47:AG47,"L/P")/2)+(COUNTIF(D47:AG47,"L/KL")/2) | AL47: =COUNTIF(D47:AH47,"KL")+COUNTIF(D47:AG47,"0,5KL")/2+COUNTIF(D47:AG47,"L/KL")/2+COUNTIF(D47:AG47,"KL/2")/2+COUNTIF(D47:AG47,"P/KL")/2+COUNTIF(D47:AG47,"0.5")/2 | AM47: =SUM(AI47:AL47) | AN47: =AI47+AJ47+AK47 | AO47: 8/7/2025
A48: 40 | C48: Đặng Thiên Ân | D48: 1 | F48: 1 | G48: 1 | H48: 1 | I48: 1 | J48: 1 | K48: 1 | M48: 1 | N48: 1 | O48: 1 | P48: 1 | Q48: 1 | R48: 1 | T48: 1 | U48: 1 | V48: 1 | W48: 1 | Y48: 1 | AA48: 1 | AB48: 1 | AC48: 1 | AD48: 1 | AI48: =SUM(D48:AH48)+(COUNTIF(D48:AH48,"0,5KL")/2)+(COUNTIF(D48:AH48,"0,5P")/2)+(COUNTIF(D48:AH48,"0.5L")/2) | AJ48: =(COUNTIF(D48:AH48,"P"))+(COUNTIF(D48:AG48,"P/2")/2)+(COUNTIF(D48:AG48,"0,5P")/2)+(COUNTIF(D48:AG48,"L/P")/2)+(COUNTIF(D48:AG48,"P/KL")/2) | AK48: =COUNTIF(D48:AH48,"L")+(COUNTIF(D48:AG48,"L/2")/2)+(COUNTIF(D48:AG48,"L/P")/2)+(COUNTIF(D48:AG48,"L/KL")/2) | AL48: =COUNTIF(D48:AH48,"KL")+COUNTIF(D48:AG48,"0,5KL")/2+COUNTIF(D48:AG48,"L/KL")/2+COUNTIF(D48:AG48,"KL/2")/2+COUNTIF(D48:AG48,"P/KL")/2+COUNTIF(D48:AG48,"0.5")/2 | AM48: =SUM(AI48:AL48) | AN48: =AI48+AJ48+AK48 | AO48: 26/09/2025
A49: 41 | C49: Lê Thị Bích Ngọc | D49: 1 | F49: 1 | G49: 1 | H49: 1 | I49: P | J49: P | K49: P | M49: 1 | N49: 1 | O49: 1 | P49: 1 | Q49: 1 | R49: 1 | T49: 1 | U49: 1 | V49: 1 | W49: 1 | X49: 1 | Y49: 1 | AA49: 1 | AB49: 1 | AC49: 1 | AD49: 1 | AE49: 1 | AF49: P | AH49: 1 | AI49: =SUM(D49:AH49)+(COUNTIF(D49:AH49,"0,5KL")/2)+(COUNTIF(D49:AH49,"0,5P")/2)+(COUNTIF(D49:AH49,"0.5L")/2) | AJ49: =(COUNTIF(D49:AH49,"P"))+(COUNTIF(D49:AG49,"P/2")/2)+(COUNTIF(D49:AG49,"0,5P")/2)+(COUNTIF(D49:AG49,"L/P")/2)+(COUNTIF(D49:AG49,"P/KL")/2) | AK49: =COUNTIF(D49:AH49,"L")+(COUNTIF(D49:AG49,"L/2")/2)+(COUNTIF(D49:AG49,"L/P")/2)+(COUNTIF(D49:AG49,"L/KL")/2) | AL49: =COUNTIF(D49:AH49,"KL")+COUNTIF(D49:AG49,"0,5KL")/2+COUNTIF(D49:AG49,"L/KL")/2+COUNTIF(D49:AG49,"KL/2")/2+COUNTIF(D49:AG49,"P/KL")/2+COUNTIF(D49:AG49,"0.5")/2 | AM49: =SUM(AI49:AL49) | AN49: =AI49+AJ49+AK49 | AO49: 02/07/2026
A50: 42 | C50: Từ Thái Tường | D50: 1 | F50: 1 | G50: 1 | H50: 1 | I50: 1 | J50: 1 | K50: 1 | M50: 1 | N50: 1 | O50: 1 | P50: 1 | Q50: 1 | R50: 1 | T50: 1 | U50: 1 | V50: 1 | W50: 1 | X50: 1 | Y50: 1 | AA50: 1 | AB50: 1 | AC50: 1 | AD50: 1 | AE50: 1 | AF50: 1 | AH50: 1 | AI50: =SUM(D50:AH50)+(COUNTIF(D50:AH50,"0,5KL")/2)+(COUNTIF(D50:AH50,"0,5P")/2)+(COUNTIF(D50:AH50,"0.5L")/2) | AJ50: =(COUNTIF(D50:AH50,"P"))+(COUNTIF(D50:AG50,"P/2")/2)+(COUNTIF(D50:AG50,"0,5P")/2)+(COUNTIF(D50:AG50,"L/P")/2)+(COUNTIF(D50:AG50,"P/KL")/2) | AK50: =COUNTIF(D50:AH50,"L")+(COUNTIF(D50:AG50,"L/2")/2)+(COUNTIF(D50:AG50,"L/P")/2)+(COUNTIF(D50:AG50,"L/KL")/2) | AL50: =COUNTIF(D50:AH50,"KL")+COUNTIF(D50:AG50,"0,5KL")/2+COUNTIF(D50:AG50,"L/KL")/2+COUNTIF(D50:AG50,"KL/2")/2+COUNTIF(D50:AG50,"P/KL")/2+COUNTIF(D50:AG50,"0.5")/2 | AM50: =SUM(AI50:AL50) | AN50: =AI50+AJ50+AK50 | AO50: 02/07/2026
A51: 43 | C51: Đào Thanh Sơn | D51: 1 | F51: 1 | G51: 1 | H51: 1 | I51: 1 | J51: 1 | K51: 1 | M51: 1 | N51: 1 | O51: 1 | P51: 1 | Q51: 1 | R51: 1 | T51: 1 | U51: 1 | V51: 1 | W51: 1 | X51: 1 | Y51: 1 | AA51: 1 | AB51: 1 | AC51: 1 | AD51: 1 | AE51: 1 | AF51: 1 | AH51: 1 | AI51: =SUM(D51:AH51)+(COUNTIF(D51:AH51,"0,5KL")/2)+(COUNTIF(D51:AH51,"0,5P")/2)+(COUNTIF(D51:AH51,"0.5L")/2) | AJ51: =(COUNTIF(D51:AH51,"P"))+(COUNTIF(D51:AG51,"P/2")/2)+(COUNTIF(D51:AG51,"0,5P")/2)+(COUNTIF(D51:AG51,"L/P")/2)+(COUNTIF(D51:AG51,"P/KL")/2) | AK51: =COUNTIF(D51:AH51,"L")+(COUNTIF(D51:AG51,"L/2")/2)+(COUNTIF(D51:AG51,"L/P")/2)+(COUNTIF(D51:AG51,"L/KL")/2) | AL51: =COUNTIF(D51:AH51,"KL")+COUNTIF(D51:AG51,"0,5KL")/2+COUNTIF(D51:AG51,"L/KL")/2+COUNTIF(D51:AG51,"KL/2")/2+COUNTIF(D51:AG51,"P/KL")/2+COUNTIF(D51:AG51,"0.5")/2 | AM51: =SUM(AI51:AL51) | AN51: =AI51+AJ51+AK51 | AO51: 13/07/2026
A52: 44 | C52: Trần Anh Tuấn | D52: 1 | F52: 1 | G52: 1 | H52: 1 | I52: 1 | J52: 1 | K52: 1 | M52: 1 | N52: 1 | O52: 1 | P52: 1 | Q52: 1 | R52: 1 | T52: 1 | U52: 1 | V52: 1 | W52: 1 | X52: 1 | Y52: 1 | AA52: 1 | AB52: 1 | AC52: 1 | AD52: 1 | AE52: 1 | AF52: 1 | AH52: 1 | AI52: =SUM(D52:AH52)+(COUNTIF(D52:AH52,"0,5KL")/2)+(COUNTIF(D52:AH52,"0,5P")/2)+(COUNTIF(D52:AH52,"0.5L")/2) | AJ52: =(COUNTIF(D52:AH52,"P"))+(COUNTIF(D52:AG52,"P/2")/2)+(COUNTIF(D52:AG52,"0,5P")/2)+(COUNTIF(D52:AG52,"L/P")/2)+(COUNTIF(D52:AG52,"P/KL")/2) | AK52: =COUNTIF(D52:AH52,"L")+(COUNTIF(D52:AG52,"L/2")/2)+(COUNTIF(D52:AG52,"L/P")/2)+(COUNTIF(D52:AG52,"L/KL")/2) | AL52: =COUNTIF(D52:AH52,"KL")+COUNTIF(D52:AG52,"0,5KL")/2+COUNTIF(D52:AG52,"L/KL")/2+COUNTIF(D52:AG52,"KL/2")/2+COUNTIF(D52:AG52,"P/KL")/2+COUNTIF(D52:AG52,"0.5")/2 | AM52: =SUM(AI52:AL52) | AN52: =AI52+AJ52+AK52 | AO52: 20/07/2026
A53: 45 | C53: Nguyễn Thanh Nhân | D53: 1 | F53: 1 | G53: 1 | H53: 1 | I53: 1 | J53: 1 | K53: 1 | M53: 1 | N53: 1 | O53: 1 | P53: 1 | Q53: 1 | R53: 1 | T53: 1 | U53: 1 | V53: 1 | W53: 1 | X53: 1 | Y53: 1 | AA53: 1 | AB53: 1 | AC53: 1 | AD53: 1 | AE53: 1 | AF53: 1 | AH53: 1 | AI53: =SUM(D53:AH53)+(COUNTIF(D53:AH53,"0,5KL")/2)+(COUNTIF(D53:AH53,"0,5P")/2)+(COUNTIF(D53:AH53,"0.5L")/2) | AJ53: =(COUNTIF(D53:AH53,"P"))+(COUNTIF(D53:AG53,"P/2")/2)+(COUNTIF(D53:AG53,"0,5P")/2)+(COUNTIF(D53:AG53,"L/P")/2)+(COUNTIF(D53:AG53,"P/KL")/2) | AK53: =COUNTIF(D53:AH53,"L")+(COUNTIF(D53:AG53,"L/2")/2)+(COUNTIF(D53:AG53,"L/P")/2)+(COUNTIF(D53:AG53,"L/KL")/2) | AL53: =COUNTIF(D53:AH53,"KL")+COUNTIF(D53:AG53,"0,5KL")/2+COUNTIF(D53:AG53,"L/KL")/2+COUNTIF(D53:AG53,"KL/2")/2+COUNTIF(D53:AG53,"P/KL")/2+COUNTIF(D53:AG53,"0.5")/2 | AM53: =SUM(AI53:AL53) | AN53: =AI53+AJ53+AK53 | AO53: 11/06/2026
A54: 46 | C54: Nguyễn Dạ Minh Châu | D54: 1 | F54: 1 | G54: 1 | H54: 1 | I54: 1 | J54: 1 | K54: 1 | M54: 1 | N54: 1 | O54: 1 | P54: 1 | Q54: 1 | R54: 1 | T54: 1 | U54: 1 | V54: 1 | W54: 1 | X54: 1 | Y54: 1 | AA54: 1 | AB54: 1 | AC54: 1 | AD54: 1 | AE54: 1 | AF54: 1 | AH54: 1 | AI54: =SUM(D54:AH54)+(COUNTIF(D54:AH54,"0,5KL")/2)+(COUNTIF(D54:AH54,"0,5P")/2)+(COUNTIF(D54:AH54,"0.5L")/2) | AJ54: =(COUNTIF(D54:AH54,"P"))+(COUNTIF(D54:AG54,"P/2")/2)+(COUNTIF(D54:AG54,"0,5P")/2)+(COUNTIF(D54:AG54,"L/P")/2)+(COUNTIF(D54:AG54,"P/KL")/2) | AK54: =COUNTIF(D54:AH54,"L")+(COUNTIF(D54:AG54,"L/2")/2)+(COUNTIF(D54:AG54,"L/P")/2)+(COUNTIF(D54:AG54,"L/KL")/2) | AL54: =COUNTIF(D54:AH54,"KL")+COUNTIF(D54:AG54,"0,5KL")/2+COUNTIF(D54:AG54,"L/KL")/2+COUNTIF(D54:AG54,"KL/2")/2+COUNTIF(D54:AG54,"P/KL")/2+COUNTIF(D54:AG54,"0.5")/2 | AM54: =SUM(AI54:AL54) | AN54: =AI54+AJ54+AK54 | AO54: 28/07/2026
A55: 47 | C55: Đặng Ngọc Trúc Quỳnh | D55: 1 | F55: 1 | G55: 1 | H55: 1 | I55: 1 | J55: 1 | K55: 1 | M55: 1 | N55: 1 | O55: 1 | P55: 1 | Q55: 1 | R55: 1 | T55: 1 | U55: 1 | V55: 1 | W55: 1 | X55: 1 | Y55: 1 | AA55: 1 | AB55: 1 | AC55: 1 | AD55: 1 | AE55: 1 | AF55: 1 | AH55: 1 | AI55: =SUM(D55:AH55)+(COUNTIF(D55:AH55,"0,5KL")/2)+(COUNTIF(D55:AH55,"0,5P")/2)+(COUNTIF(D55:AH55,"0.5L")/2) | AJ55: =(COUNTIF(D55:AH55,"P"))+(COUNTIF(D55:AG55,"P/2")/2)+(COUNTIF(D55:AG55,"0,5P")/2)+(COUNTIF(D55:AG55,"L/P")/2)+(COUNTIF(D55:AG55,"P/KL")/2) | AK55: =COUNTIF(D55:AH55,"L")+(COUNTIF(D55:AG55,"L/2")/2)+(COUNTIF(D55:AG55,"L/P")/2)+(COUNTIF(D55:AG55,"L/KL")/2) | AL55: =COUNTIF(D55:AH55,"KL")+COUNTIF(D55:AG55,"0,5KL")/2+COUNTIF(D55:AG55,"L/KL")/2+COUNTIF(D55:AG55,"KL/2")/2+COUNTIF(D55:AG55,"P/KL")/2+COUNTIF(D55:AG55,"0.5")/2 | AM55: =SUM(AI55:AL55) | AN55: =AI55+AJ55+AK55 | AO55: 12/05/2026
A56: 48 | C56: Trần Như Quỳnh | D56: 1 | F56: 1 | G56: 1 | H56: 1 | I56: 1 | J56: 1 | K56: 1 | M56: 1 | N56: 1 | O56: 1 | P56: 1 | Q56: 1 | R56: 1 | T56: 1 | U56: 1 | V56: 1 | W56: 1 | X56: 1 | Y56: 1 | AA56: 1 | AB56: 1 | AC56: 1 | AD56: 1 | AE56: 1 | AF56: 1 | AH56: 1 | AI56: =SUM(D56:AH56)+(COUNTIF(D56:AH56,"0,5KL")/2)+(COUNTIF(D56:AH56,"0,5P")/2)+(COUNTIF(D56:AH56,"0.5L")/2) | AJ56: =(COUNTIF(D56:AH56,"P"))+(COUNTIF(D56:AG56,"P/2")/2)+(COUNTIF(D56:AG56,"0,5P")/2)+(COUNTIF(D56:AG56,"L/P")/2)+(COUNTIF(D56:AG56,"P/KL")/2) | AK56: =COUNTIF(D56:AH56,"L")+(COUNTIF(D56:AG56,"L/2")/2)+(COUNTIF(D56:AG56,"L/P")/2)+(COUNTIF(D56:AG56,"L/KL")/2) | AL56: =COUNTIF(D56:AH56,"KL")+COUNTIF(D56:AG56,"0,5KL")/2+COUNTIF(D56:AG56,"L/KL")/2+COUNTIF(D56:AG56,"KL/2")/2+COUNTIF(D56:AG56,"P/KL")/2+COUNTIF(D56:AG56,"0.5")/2 | AM56: =SUM(AI56:AL56) | AN56: =AI56+AJ56+AK56 | AO56: 12/05/2026
A57: 49 | C57: Lê Thị Ngọc Cầm | D57: 1 | F57: 1 | G57: 1 | H57: 1 | I57: 1 | J57: 1 | K57: 1 | M57: 1 | N57: 1 | O57: 1 | P57: 1 | Q57: 1 | R57: 1 | T57: 1 | U57: 1 | V57: 1 | W57: 1 | X57: 1 | Y57: 1 | AA57: 1 | AB57: 1 | AC57: 1 | AD57: 1 | AE57: 1 | AF57: 1 | AH57: 1 | AI57: =SUM(D57:AH57)+(COUNTIF(D57:AH57,"0,5KL")/2)+(COUNTIF(D57:AH57,"0,5P")/2)+(COUNTIF(D57:AH57,"0.5L")/2) | AJ57: =(COUNTIF(D57:AH57,"P"))+(COUNTIF(D57:AG57,"P/2")/2)+(COUNTIF(D57:AG57,"0,5P")/2)+(COUNTIF(D57:AG57,"L/P")/2)+(COUNTIF(D57:AG57,"P/KL")/2) | AK57: =COUNTIF(D57:AH57,"L")+(COUNTIF(D57:AG57,"L/2")/2)+(COUNTIF(D57:AG57,"L/P")/2)+(COUNTIF(D57:AG57,"L/KL")/2) | AL57: =COUNTIF(D57:AH57,"KL")+COUNTIF(D57:AG57,"0,5KL")/2+COUNTIF(D57:AG57,"L/KL")/2+COUNTIF(D57:AG57,"KL/2")/2+COUNTIF(D57:AG57,"P/KL")/2+COUNTIF(D57:AG57,"0.5")/2 | AM57: =SUM(AI57:AL57) | AN57: =AI57+AJ57+AK57 | AO57: 24/07/2026
A58: 50 | C58: Hồ Phạm Minh Tiến | D58: 1 | F58: 1 | G58: 1 | H58: 1 | I58: 1 | J58: 1 | K58: 1 | M58: 1 | N58: 1 | O58: 1 | P58: 1 | Q58: 1 | R58: 1 | T58: 1 | U58: 1 | V58: 1 | W58: 1 | X58: 1 | Y58: 1 | AA58: 1 | AB58: 1 | AC58: 1 | AD58: 1 | AE58: 1 | AF58: 1 | AH58: 1 | AI58: =SUM(D58:AH58)+(COUNTIF(D58:AH58,"0,5KL")/2)+(COUNTIF(D58:AH58,"0,5P")/2)+(COUNTIF(D58:AH58,"0.5L")/2) | AJ58: =(COUNTIF(D58:AH58,"P"))+(COUNTIF(D58:AG58,"P/2")/2)+(COUNTIF(D58:AG58,"0,5P")/2)+(COUNTIF(D58:AG58,"L/P")/2)+(COUNTIF(D58:AG58,"P/KL")/2) | AK58: =COUNTIF(D58:AH58,"L")+(COUNTIF(D58:AG58,"L/2")/2)+(COUNTIF(D58:AG58,"L/P")/2)+(COUNTIF(D58:AG58,"L/KL")/2) | AL58: =COUNTIF(D58:AH58,"KL")+COUNTIF(D58:AG58,"0,5KL")/2+COUNTIF(D58:AG58,"L/KL")/2+COUNTIF(D58:AG58,"KL/2")/2+COUNTIF(D58:AG58,"P/KL")/2+COUNTIF(D58:AG58,"0.5")/2 | AM58: =SUM(AI58:AL58) | AN58: =AI58+AJ58+AK58 | AO58: 23/04/2026
A59: 51 | C59: Vũ Thị Thùy Ngân | H59: 1 | I59: 1 | J59: 1 | K59: 1 | M59: 1 | N59: 1 | O59: 1 | P59: 1 | Q59: 1 | R59: 1 | T59: 1 | U59: 1 | V59: 1 | W59: 1 | X59: 1 | Y59: 1 | AA59: 1 | AB59: 1 | AC59: 1 | AD59: 1 | AE59: 1 | AF59: 1 | AH59: 1 | AI59: =SUM(D59:AH59)+(COUNTIF(D59:AH59,"0,5KL")/2)+(COUNTIF(D59:AH59,"0,5P")/2)+(COUNTIF(D59:AH59,"0.5L")/2) | AJ59: =(COUNTIF(D59:AH59,"P"))+(COUNTIF(D59:AG59,"P/2")/2)+(COUNTIF(D59:AG59,"0,5P")/2)+(COUNTIF(D59:AG59,"L/P")/2)+(COUNTIF(D59:AG59,"P/KL")/2) | AK59: =COUNTIF(D59:AH59,"L")+(COUNTIF(D59:AG59,"L/2")/2)+(COUNTIF(D59:AG59,"L/P")/2)+(COUNTIF(D59:AG59,"L/KL")/2) | AL59: =COUNTIF(D59:AH59,"KL")+COUNTIF(D59:AG59,"0,5KL")/2+COUNTIF(D59:AG59,"L/KL")/2+COUNTIF(D59:AG59,"KL/2")/2+COUNTIF(D59:AG59,"P/KL")/2+COUNTIF(D59:AG59,"0.5")/2 | AM59: =SUM(AI59:AL59) | AN59: =AI59+AJ59+AK59 | AO59: 05/08/2026
A60: 52 | C60: Hứa Thị Tuyết Trang | H60: 1 | I60: 1 | J60: 1 | K60: 1 | M60: 1 | N60: 1 | O60: 1 | P60: 1 | Q60: 1 | R60: 1 | T60: 1 | U60: 1 | V60: 1 | W60: 1 | X60: 1 | Y60: 1 | AA60: 1 | AB60: 1 | AC60: 1 | AD60: 1 | AE60: 1 | AF60: 1 | AH60: 1 | AI60: =SUM(D60:AH60)+(COUNTIF(D60:AH60,"0,5KL")/2)+(COUNTIF(D60:AH60,"0,5P")/2)+(COUNTIF(D60:AH60,"0.5L")/2) | AJ60: =(COUNTIF(D60:AH60,"P"))+(COUNTIF(D60:AG60,"P/2")/2)+(COUNTIF(D60:AG60,"0,5P")/2)+(COUNTIF(D60:AG60,"L/P")/2)+(COUNTIF(D60:AG60,"P/KL")/2) | AK60: =COUNTIF(D60:AH60,"L")+(COUNTIF(D60:AG60,"L/2")/2)+(COUNTIF(D60:AG60,"L/P")/2)+(COUNTIF(D60:AG60,"L/KL")/2) | AL60: =COUNTIF(D60:AH60,"KL")+COUNTIF(D60:AG60,"0,5KL")/2+COUNTIF(D60:AG60,"L/KL")/2+COUNTIF(D60:AG60,"KL/2")/2+COUNTIF(D60:AG60,"P/KL")/2+COUNTIF(D60:AG60,"0.5")/2 | AM60: =SUM(AI60:AL60) | AN60: =AI60+AJ60+AK60 | AO60: 05/08/2027
A61: 53 | C61: Phạm Thị Hoàng Anh | H61: 1 | I61: 1 | J61: 1 | K61: 1 | M61: 1 | N61: 1 | O61: 1 | P61: 1 | Q61: 1 | R61: 1 | T61: 1 | U61: 1 | V61: 1 | W61: 1 | X61: 1 | Y61: 1 | AA61: 1 | AB61: 1 | AC61: 1 | AD61: 1 | AE61: 1 | AF61: 1 | AH61: 1 | AI61: =SUM(D61:AH61)+(COUNTIF(D61:AH61,"0,5KL")/2)+(COUNTIF(D61:AH61,"0,5P")/2)+(COUNTIF(D61:AH61,"0.5L")/2) | AJ61: =(COUNTIF(D61:AH61,"P"))+(COUNTIF(D61:AG61,"P/2")/2)+(COUNTIF(D61:AG61,"0,5P")/2)+(COUNTIF(D61:AG61,"L/P")/2)+(COUNTIF(D61:AG61,"P/KL")/2) | AK61: =COUNTIF(D61:AH61,"L")+(COUNTIF(D61:AG61,"L/2")/2)+(COUNTIF(D61:AG61,"L/P")/2)+(COUNTIF(D61:AG61,"L/KL")/2) | AL61: =COUNTIF(D61:AH61,"KL")+COUNTIF(D61:AG61,"0,5KL")/2+COUNTIF(D61:AG61,"L/KL")/2+COUNTIF(D61:AG61,"KL/2")/2+COUNTIF(D61:AG61,"P/KL")/2+COUNTIF(D61:AG61,"0.5")/2 | AM61: =SUM(AI61:AL61) | AN61: =AI61+AJ61+AK61 | AO61: 05/08/2028
A62: 54 | C62: Lê Quốc Thắng | T62: 1 | U62: 1 | V62: 1 | W62: 1 | X62: 1 | Y62: 1 | AA62: 1 | AB62: 1 | AC62: 1 | AD62: 1 | AE62: 1 | AF62: 1 | AH62: 1 | AI62: =SUM(D62:AH62)+(COUNTIF(D62:AH62,"0,5KL")/2)+(COUNTIF(D62:AH62,"0,5P")/2)+(COUNTIF(D62:AH62,"0.5L")/2) | AJ62: =(COUNTIF(D62:AH62,"P"))+(COUNTIF(D62:AG62,"P/2")/2)+(COUNTIF(D62:AG62,"0,5P")/2)+(COUNTIF(D62:AG62,"L/P")/2)+(COUNTIF(D62:AG62,"P/KL")/2) | AK62: =COUNTIF(D62:AH62,"L")+(COUNTIF(D62:AG62,"L/2")/2)+(COUNTIF(D62:AG62,"L/P")/2)+(COUNTIF(D62:AG62,"L/KL")/2) | AL62: =COUNTIF(D62:AH62,"KL")+COUNTIF(D62:AG62,"0,5KL")/2+COUNTIF(D62:AG62,"L/KL")/2+COUNTIF(D62:AG62,"KL/2")/2+COUNTIF(D62:AG62,"P/KL")/2+COUNTIF(D62:AG62,"0.5")/2 | AM62: =SUM(AI62:AL62) | AN62: =AI62+AJ62+AK62 | AO62: 17/08/2026
C63: Lê Thị Hồng Nhung | H63: 1 | I63: 1 | J63: 1 | K63: 1 | M63: 1 | N63: 1 | O63: 1 | P63: 1 | AI63: =SUM(D63:AH63)+(COUNTIF(D63:AH63,"0,5KL")/2)+(COUNTIF(D63:AH63,"0,5P")/2)+(COUNTIF(D63:AH63,"0.5L")/2) | AJ63: =(COUNTIF(D63:AH63,"P"))+(COUNTIF(D63:AG63,"P/2")/2)+(COUNTIF(D63:AG63,"0,5P")/2)+(COUNTIF(D63:AG63,"L/P")/2)+(COUNTIF(D63:AG63,"P/KL")/2) | AK63: =COUNTIF(D63:AH63,"L")+(COUNTIF(D63:AG63,"L/2")/2)+(COUNTIF(D63:AG63,"L/P")/2)+(COUNTIF(D63:AG63,"L/KL")/2) | AL63: =COUNTIF(D63:AH63,"KL")+COUNTIF(D63:AG63,"0,5KL")/2+COUNTIF(D63:AG63,"L/KL")/2+COUNTIF(D63:AG63,"KL/2")/2+COUNTIF(D63:AG63,"P/KL")/2+COUNTIF(D63:AG63,"0.5")/2 | AM63: =SUM(AI63:AL63) | AN63: =AI63+AJ63+AK63 | AO63: 05/08/2026
A64: 55 | C64: Vũ Mạnh Hùng | G64: 1 | H64: 1 | I64: 1 | J64: 1 | K64: 1 | M64: 1 | N64: 1 | O64: 1 | P64: 1 | Q64: 1 | R64: 1 | T64: 1 | U64: 1 | V64: 1 | W64: 1 | X64: 1 | Y64: 1 | AA64: 1 | AB64: 1 | AC64: 1 | AD64: 1 | AE64: 1 | AF64: 1 | AH64: 1 | AI64: =SUM(D64:AH64)+(COUNTIF(D64:AH64,"0,5KL")/2)+(COUNTIF(D64:AH64,"0,5P")/2)+(COUNTIF(D64:AH64,"0.5L")/2) | AJ64: =(COUNTIF(D64:AH64,"P"))+(COUNTIF(D64:AG64,"P/2")/2)+(COUNTIF(D64:AG64,"0,5P")/2)+(COUNTIF(D64:AG64,"L/P")/2)+(COUNTIF(D64:AG64,"P/KL")/2) | AK64: =COUNTIF(D64:AH64,"L")+(COUNTIF(D64:AG64,"L/2")/2)+(COUNTIF(D64:AG64,"L/P")/2)+(COUNTIF(D64:AG64,"L/KL")/2) | AL64: =COUNTIF(D64:AH64,"KL")+COUNTIF(D64:AG64,"0,5KL")/2+COUNTIF(D64:AG64,"L/KL")/2+COUNTIF(D64:AG64,"KL/2")/2+COUNTIF(D64:AG64,"P/KL")/2+COUNTIF(D64:AG64,"0.5")/2 | AM64: =SUM(AI64:AL64) | AN64: =AI64+AJ64+AK64 | AO64: 04/08/2026
A65: 56 | C65: Huỳnh Hoàng Nhân | R65: 1 | T65: 1 | U65: 1 | V65: 1 | W65: 1 | X65: 1 | Y65: 1 | AA65: 1 | AB65: 1 | AC65: 1 | AD65: 1 | AE65: 1 | AF65: 1 | AH65: 1 | AI65: =SUM(D65:AH65)+(COUNTIF(D65:AH65,"0,5KL")/2)+(COUNTIF(D65:AH65,"0,5P")/2)+(COUNTIF(D65:AH65,"0.5L")/2) | AJ65: =(COUNTIF(D65:AH65,"P"))+(COUNTIF(D65:AG65,"P/2")/2)+(COUNTIF(D65:AG65,"0,5P")/2)+(COUNTIF(D65:AG65,"L/P")/2)+(COUNTIF(D65:AG65,"P/KL")/2) | AK65: =COUNTIF(D65:AH65,"L")+(COUNTIF(D65:AG65,"L/2")/2)+(COUNTIF(D65:AG65,"L/P")/2)+(COUNTIF(D65:AG65,"L/KL")/2) | AL65: =COUNTIF(D65:AH65,"KL")+COUNTIF(D65:AG65,"0,5KL")/2+COUNTIF(D65:AG65,"L/KL")/2+COUNTIF(D65:AG65,"KL/2")/2+COUNTIF(D65:AG65,"P/KL")/2+COUNTIF(D65:AG65,"0.5")/2 | AM65: =SUM(AI65:AL65) | AN65: =AI65+AJ65+AK65 | AO65: 15/08/2026
A66: 57 | C66: Đinh Ngọc Minh | AA66: 1 | AB66: 1 | AC66: 1 | AD66: 1 | AE66: 1 | AF66: 1 | AH66: 1 | AI66: =SUM(D66:AH66)+(COUNTIF(D66:AH66,"0,5KL")/2)+(COUNTIF(D66:AH66,"0,5P")/2)+(COUNTIF(D66:AH66,"0.5L")/2) | AJ66: =(COUNTIF(D66:AH66,"P"))+(COUNTIF(D66:AG66,"P/2")/2)+(COUNTIF(D66:AG66,"0,5P")/2)+(COUNTIF(D66:AG66,"L/P")/2)+(COUNTIF(D66:AG66,"P/KL")/2) | AK66: =COUNTIF(D66:AH66,"L")+(COUNTIF(D66:AG66,"L/2")/2)+(COUNTIF(D66:AG66,"L/P")/2)+(COUNTIF(D66:AG66,"L/KL")/2) | AL66: =COUNTIF(D66:AH66,"KL")+COUNTIF(D66:AG66,"0,5KL")/2+COUNTIF(D66:AG66,"L/KL")/2+COUNTIF(D66:AG66,"KL/2")/2+COUNTIF(D66:AG66,"P/KL")/2+COUNTIF(D66:AG66,"0.5")/2 | AM66: =SUM(AI66:AL66) | AN66: =AI66+AJ66+AK66 | AO66: 24/08/2026
A67: 58 | C67: Lê Hồng Thụy Khanh | AB67: 1 | AC67: 1 | AD67: 1 | AE67: 1 | AF67: 1 | AH67: 1 | AI67: =SUM(D67:AH67)+(COUNTIF(D67:AH67,"0,5KL")/2)+(COUNTIF(D67:AH67,"0,5P")/2)+(COUNTIF(D67:AH67,"0.5L")/2) | AJ67: =(COUNTIF(D67:AH67,"P"))+(COUNTIF(D67:AG67,"P/2")/2)+(COUNTIF(D67:AG67,"0,5P")/2)+(COUNTIF(D67:AG67,"L/P")/2)+(COUNTIF(D67:AG67,"P/KL")/2) | AK67: =COUNTIF(D67:AH67,"L")+(COUNTIF(D67:AG67,"L/2")/2)+(COUNTIF(D67:AG67,"L/P")/2)+(COUNTIF(D67:AG67,"L/KL")/2) | AL67: =COUNTIF(D67:AH67,"KL")+COUNTIF(D67:AG67,"0,5KL")/2+COUNTIF(D67:AG67,"L/KL")/2+COUNTIF(D67:AG67,"KL/2")/2+COUNTIF(D67:AG67,"P/KL")/2+COUNTIF(D67:AG67,"0.5")/2 | AM67: =SUM(AI67:AL67) | AN67: =AI67+AJ67+AK67 | AO67: 25/08/2026
A68: 59 | C68: Trần Thị Ánh Dương | AD68: 1 | AE68: 1 | AF68: 1 | AH68: 1 | AI68: =SUM(D68:AH68)+(COUNTIF(D68:AH68,"0,5KL")/2)+(COUNTIF(D68:AH68,"0,5P")/2)+(COUNTIF(D68:AH68,"0.5L")/2) | AJ68: =(COUNTIF(D68:AH68,"P"))+(COUNTIF(D68:AG68,"P/2")/2)+(COUNTIF(D68:AG68,"0,5P")/2)+(COUNTIF(D68:AG68,"L/P")/2)+(COUNTIF(D68:AG68,"P/KL")/2) | AK68: =COUNTIF(D68:AH68,"L")+(COUNTIF(D68:AG68,"L/2")/2)+(COUNTIF(D68:AG68,"L/P")/2)+(COUNTIF(D68:AG68,"L/KL")/2) | AL68: =COUNTIF(D68:AH68,"KL")+COUNTIF(D68:AG68,"0,5KL")/2+COUNTIF(D68:AG68,"L/KL")/2+COUNTIF(D68:AG68,"KL/2")/2+COUNTIF(D68:AG68,"P/KL")/2+COUNTIF(D68:AG68,"0.5")/2 | AM68: =SUM(AI68:AL68) | AN68: =AI68+AJ68+AK68 | AO68: 27/08/2026
A69: 60 | C69: Nguyễn Thị Tuyết Trinh | AE69: 1 | AF69: 1 | AH69: 1 | AI69: =SUM(D69:AH69)+(COUNTIF(D69:AH69,"0,5KL")/2)+(COUNTIF(D69:AH69,"0,5P")/2)+(COUNTIF(D69:AH69,"0.5L")/2) | AJ69: =(COUNTIF(D69:AH69,"P"))+(COUNTIF(D69:AG69,"P/2")/2)+(COUNTIF(D69:AG69,"0,5P")/2)+(COUNTIF(D69:AG69,"L/P")/2)+(COUNTIF(D69:AG69,"P/KL")/2) | AK69: =COUNTIF(D69:AH69,"L")+(COUNTIF(D69:AG69,"L/2")/2)+(COUNTIF(D69:AG69,"L/P")/2)+(COUNTIF(D69:AG69,"L/KL")/2) | AL69: =COUNTIF(D69:AH69,"KL")+COUNTIF(D69:AG69,"0,5KL")/2+COUNTIF(D69:AG69,"L/KL")/2+COUNTIF(D69:AG69,"KL/2")/2+COUNTIF(D69:AG69,"P/KL")/2+COUNTIF(D69:AG69,"0.5")/2 | AM69: =SUM(AI69:AL69) | AN69: =AI69+AJ69+AK69 | AO69: 28/08/2026
A70: 61 | C70: Nguyễn Triệu Hoàng | AH70: 1 | AI70: =SUM(D70:AH70)+(COUNTIF(D70:AH70,"0,5KL")/2)+(COUNTIF(D70:AH70,"0,5P")/2)+(COUNTIF(D70:AH70,"0.5L")/2) | AJ70: =(COUNTIF(D70:AH70,"P"))+(COUNTIF(D70:AG70,"P/2")/2)+(COUNTIF(D70:AG70,"0,5P")/2)+(COUNTIF(D70:AG70,"L/P")/2)+(COUNTIF(D70:AG70,"P/KL")/2) | AK70: =COUNTIF(D70:AH70,"L")+(COUNTIF(D70:AG70,"L/2")/2)+(COUNTIF(D70:AG70,"L/P")/2)+(COUNTIF(D70:AG70,"L/KL")/2) | AL70: =COUNTIF(D70:AH70,"KL")+COUNTIF(D70:AG70,"0,5KL")/2+COUNTIF(D70:AG70,"L/KL")/2+COUNTIF(D70:AG70,"KL/2")/2+COUNTIF(D70:AG70,"P/KL")/2+COUNTIF(D70:AG70,"0.5")/2 | AM70: =SUM(AI70:AL70) | AN70: =AI70+AJ70+AK70 | AO70: 31/8/2026
A71: 62 | C71: Trần Hoàng Khánh | D71: 1 | F71: 1 | G71: 1 | H71: 1 | I71: 1 | J71: 1 | K71: 1 | M71: 1 | N71: 1 | O71: 1 | P71: 1 | Q71: 1 | R71: 1 | T71: 1 | U71: 1 | V71: 1 | W71: 1 | X71: 1 | Y71: 1 | AA71: 1 | AB71: 1 | AC71: 1 | AD71: 1 | AE71: 1 | AF71: P | AH71: 1 | AI71: =SUM(D71:AH71)+(COUNTIF(D71:AH71,"0,5KL")/2)+(COUNTIF(D71:AH71,"0,5P")/2)+(COUNTIF(D71:AH71,"0.5L")/2) | AJ71: =(COUNTIF(D71:AH71,"P"))+(COUNTIF(D71:AG71,"P/2")/2)+(COUNTIF(D71:AG71,"0,5P")/2)+(COUNTIF(D71:AG71,"L/P")/2)+(COUNTIF(D71:AG71,"P/KL")/2) | AK71: =COUNTIF(D71:AH71,"L")+(COUNTIF(D71:AG71,"L/2")/2)+(COUNTIF(D71:AG71,"L/P")/2)+(COUNTIF(D71:AG71,"L/KL")/2) | AL71: =COUNTIF(D71:AH71,"KL")+COUNTIF(D71:AG71,"0,5KL")/2+COUNTIF(D71:AG71,"L/KL")/2+COUNTIF(D71:AG71,"KL/2")/2+COUNTIF(D71:AG71,"P/KL")/2+COUNTIF(D71:AG71,"0.5")/2 | AM71: =SUM(AI71:AL71) | AN71: =AI71+AJ71+AK71
A72: 63 | C72: Thái Thùy Linh | D72: 1 | F72: 1 | G72: 1 | H72: 1 | I72: P | J72: P | K72: 1 | M72: 1 | N72: 1 | O72: 1 | P72: 1 | Q72: 1 | R72: 1 | T72: 1 | U72: 1 | V72: 1 | W72: 1 | X72: 1 | Y72: 1 | AA72: 1 | AB72: 1 | AC72: 1 | AD72: 1 | AE72: 1 | AF72: 1 | AH72: 1 | AI72: =SUM(D72:AH72)+(COUNTIF(D72:AH72,"0,5KL")/2)+(COUNTIF(D72:AH72,"0,5P")/2)+(COUNTIF(D72:AH72,"0.5L")/2) | AJ72: =(COUNTIF(D72:AH72,"P"))+(COUNTIF(D72:AG72,"P/2")/2)+(COUNTIF(D72:AG72,"0,5P")/2)+(COUNTIF(D72:AG72,"L/P")/2)+(COUNTIF(D72:AG72,"P/KL")/2) | AK72: =COUNTIF(D72:AH72,"L")+(COUNTIF(D72:AG72,"L/2")/2)+(COUNTIF(D72:AG72,"L/P")/2)+(COUNTIF(D72:AG72,"L/KL")/2) | AL72: =COUNTIF(D72:AH72,"KL")+COUNTIF(D72:AG72,"0,5KL")/2+COUNTIF(D72:AG72,"L/KL")/2+COUNTIF(D72:AG72,"KL/2")/2+COUNTIF(D72:AG72,"P/KL")/2+COUNTIF(D72:AG72,"0.5")/2 | AM72: =SUM(AI72:AL72) | AN72: =AI72+AJ72+AK72
A73: 64 | C73: Phạm Nguyễn Ngọc Quý | D73: 1 | F73: 1 | G73: 1 | H73: 1 | I73: 1 | J73: P | K73: P/2 | M73: P | N73: P | O73: P | P73: 1 | Q73: 1 | R73: 1 | T73: 1 | U73: 1 | V73: 1 | W73: 1 | X73: 1 | Y73: 1 | AA73: 1 | AB73: 1 | AC73: 1 | AD73: 1 | AE73: 1 | AF73: 1 | AH73: 1 | AI73: =SUM(D73:AH73)+(COUNTIF(D73:AH73,"0,5KL")/2)+(COUNTIF(D73:AH73,"0,5P")/2)+(COUNTIF(D73:AH73,"0.5L")/2) | AJ73: =(COUNTIF(D73:AH73,"P"))+(COUNTIF(D73:AG73,"P/2")/2)+(COUNTIF(D73:AG73,"0,5P")/2)+(COUNTIF(D73:AG73,"L/P")/2)+(COUNTIF(D73:AG73,"P/KL")/2) | AK73: =COUNTIF(D73:AH73,"L")+(COUNTIF(D73:AG73,"L/2")/2)+(COUNTIF(D73:AG73,"L/P")/2)+(COUNTIF(D73:AG73,"L/KL")/2) | AL73: =COUNTIF(D73:AH73,"KL")+COUNTIF(D73:AG73,"0,5KL")/2+COUNTIF(D73:AG73,"L/KL")/2+COUNTIF(D73:AG73,"KL/2")/2+COUNTIF(D73:AG73,"P/KL")/2+COUNTIF(D73:AG73,"0.5")/2 | AM73: =SUM(AI73:AL73) | AN73: =AI73+AJ73+AK73
A74: 65 | C74: Ngô Trần Tuyết Vy | D74: 1 | F74: 1 | G74: 1 | H74: 1 | I74: 1 | J74: 1 | K74: 1 | M74: 1 | N74: 1 | O74: 1 | P74: 1 | Q74: 1 | R74: P/2 | T74: P | U74: P | V74: P | W74: 1 | X74: 1 | Y74: 1 | AA74: 1 | AB74: 1 | AC74: 1 | AD74: 1 | AE74: 1 | AF74: 1 | AH74: 1 | AI74: =SUM(D74:AH74)+(COUNTIF(D74:AH74,"0,5KL")/2)+(COUNTIF(D74:AH74,"0,5P")/2)+(COUNTIF(D74:AH74,"0.5L")/2) | AJ74: =(COUNTIF(D74:AH74,"P"))+(COUNTIF(D74:AG74,"P/2")/2)+(COUNTIF(D74:AG74,"0,5P")/2)+(COUNTIF(D74:AG74,"L/P")/2)+(COUNTIF(D74:AG74,"P/KL")/2) | AK74: =COUNTIF(D74:AH74,"L")+(COUNTIF(D74:AG74,"L/2")/2)+(COUNTIF(D74:AG74,"L/P")/2)+(COUNTIF(D74:AG74,"L/KL")/2) | AL74: =COUNTIF(D74:AH74,"KL")+COUNTIF(D74:AG74,"0,5KL")/2+COUNTIF(D74:AG74,"L/KL")/2+COUNTIF(D74:AG74,"KL/2")/2+COUNTIF(D74:AG74,"P/KL")/2+COUNTIF(D74:AG74,"0.5")/2 | AM74: =SUM(AI74:AL74) | AN74: =AI74+AJ74+AK74
A75: 66 | C75: Nguyễn Trí Nghĩa | D75: 1 | F75: 1 | G75: 1 | H75: 1 | I75: 1 | J75: 1 | K75: 1 | M75: 1 | N75: 1 | O75: 1 | P75: 1 | Q75: 1 | R75: 1 | T75: P | U75: P | V75: P | W75: P | X75: 1 | Y75: 1 | AA75: 1 | AB75: 1 | AC75: 1 | AD75: 1 | AE75: 1 | AF75: 1 | AH75: 1 | AI75: =SUM(D75:AH75)+(COUNTIF(D75:AH75,"0,5KL")/2)+(COUNTIF(D75:AH75,"0,5P")/2)+(COUNTIF(D75:AH75,"0.5L")/2) | AJ75: =(COUNTIF(D75:AH75,"P"))+(COUNTIF(D75:AG75,"P/2")/2)+(COUNTIF(D75:AG75,"0,5P")/2)+(COUNTIF(D75:AG75,"L/P")/2)+(COUNTIF(D75:AG75,"P/KL")/2) | AK75: =COUNTIF(D75:AH75,"L")+(COUNTIF(D75:AG75,"L/2")/2)+(COUNTIF(D75:AG75,"L/P")/2)+(COUNTIF(D75:AG75,"L/KL")/2) | AL75: =COUNTIF(D75:AH75,"KL")+COUNTIF(D75:AG75,"0,5KL")/2+COUNTIF(D75:AG75,"L/KL")/2+COUNTIF(D75:AG75,"KL/2")/2+COUNTIF(D75:AG75,"P/KL")/2+COUNTIF(D75:AG75,"0.5")/2 | AM75: =SUM(AI75:AL75) | AN75: =AI75+AJ75+AK75
A76: 67 | C76: Nguyễn Thị Mai Duyên | D76: 1 | F76: 1 | G76: 1 | H76: 1 | I76: 1 | J76: 1 | K76: P/2 | M76: 1 | N76: 1 | O76: 1 | P76: 1 | Q76: 1 | R76: 1 | T76: 1 | U76: 1 | V76: 1 | W76: 1 | X76: 1 | Y76: 1 | AA76: 1 | AB76: 1 | AC76: 1 | AD76: 1 | AE76: 1 | AF76: P/2 | AH76: 1 | AI76: =SUM(D76:AH76)+(COUNTIF(D76:AH76,"0,5KL")/2)+(COUNTIF(D76:AH76,"0,5P")/2)+(COUNTIF(D76:AH76,"0.5L")/2) | AJ76: =(COUNTIF(D76:AH76,"P"))+(COUNTIF(D76:AG76,"P/2")/2)+(COUNTIF(D76:AG76,"0,5P")/2)+(COUNTIF(D76:AG76,"L/P")/2)+(COUNTIF(D76:AG76,"P/KL")/2) | AK76: =COUNTIF(D76:AH76,"L")+(COUNTIF(D76:AG76,"L/2")/2)+(COUNTIF(D76:AG76,"L/P")/2)+(COUNTIF(D76:AG76,"L/KL")/2) | AL76: =COUNTIF(D76:AH76,"KL")+COUNTIF(D76:AG76,"0,5KL")/2+COUNTIF(D76:AG76,"L/KL")/2+COUNTIF(D76:AG76,"KL/2")/2+COUNTIF(D76:AG76,"P/KL")/2+COUNTIF(D76:AG76,"0.5")/2 | AM76: =SUM(AI76:AL76) | AN76: =AI76+AJ76+AK76
A77: 68 | C77: Ngô Thị Thanh Thắm | D77: 1 | F77: 1 | G77: 1 | H77: 1 | I77: 1 | J77: 1 | K77: 1 | M77: 1 | N77: 1 | O77: 1 | P77: P | Q77: P | R77: P | T77: 1 | U77: 1 | V77: 1 | W77: 1 | X77: 1 | Y77: 1 | AA77: 1 | AB77: 1 | AC77: 1 | AD77: 1 | AE77: 1 | AF77: P/2 | AH77: 1 | AI77: =SUM(D77:AH77)+(COUNTIF(D77:AH77,"0,5KL")/2)+(COUNTIF(D77:AH77,"0,5P")/2)+(COUNTIF(D77:AH77,"0.5L")/2) | AJ77: =(COUNTIF(D77:AH77,"P"))+(COUNTIF(D77:AG77,"P/2")/2)+(COUNTIF(D77:AG77,"0,5P")/2)+(COUNTIF(D77:AG77,"L/P")/2)+(COUNTIF(D77:AG77,"P/KL")/2) | AK77: =COUNTIF(D77:AH77,"L")+(COUNTIF(D77:AG77,"L/2")/2)+(COUNTIF(D77:AG77,"L/P")/2)+(COUNTIF(D77:AG77,"L/KL")/2) | AL77: =COUNTIF(D77:AH77,"KL")+COUNTIF(D77:AG77,"0,5KL")/2+COUNTIF(D77:AG77,"L/KL")/2+COUNTIF(D77:AG77,"KL/2")/2+COUNTIF(D77:AG77,"P/KL")/2+COUNTIF(D77:AG77,"0.5")/2 | AM77: =SUM(AI77:AL77) | AN77: =AI77+AJ77+AK77
A78: 69 | C78: Lưu Thanh Tuyền | D78: 1 | F78: 1 | G78: 1 | H78: 1 | I78: 1 | J78: 1 | K78: 1 | M78: 1 | N78: 1 | O78: 1 | P78: 1 | Q78: 1 | R78: 1 | T78: 1 | U78: 1 | V78: 1 | W78: 1 | X78: 1 | Y78: 1 | AA78: 1 | AB78: 1 | AC78: P | AD78: 1 | AE78: 1 | AF78: 1 | AH78: 1 | AI78: =SUM(D78:AH78)+(COUNTIF(D78:AH78,"0,5KL")/2)+(COUNTIF(D78:AH78,"0,5P")/2)+(COUNTIF(D78:AH78,"0.5L")/2) | AJ78: =(COUNTIF(D78:AH78,"P"))+(COUNTIF(D78:AG78,"P/2")/2)+(COUNTIF(D78:AG78,"0,5P")/2)+(COUNTIF(D78:AG78,"L/P")/2)+(COUNTIF(D78:AG78,"P/KL")/2) | AK78: =COUNTIF(D78:AH78,"L")+(COUNTIF(D78:AG78,"L/2")/2)+(COUNTIF(D78:AG78,"L/P")/2)+(COUNTIF(D78:AG78,"L/KL")/2) | AL78: =COUNTIF(D78:AH78,"KL")+COUNTIF(D78:AG78,"0,5KL")/2+COUNTIF(D78:AG78,"L/KL")/2+COUNTIF(D78:AG78,"KL/2")/2+COUNTIF(D78:AG78,"P/KL")/2+COUNTIF(D78:AG78,"0.5")/2 | AM78: =SUM(AI78:AL78) | AN78: =AI78+AJ78+AK78
A79: 70 | C79: Huỳnh Thị Huệ Hiền | D79: 1 | F79: 1 | G79: P | H79: P | I79: P | J79: P | K79: P/2 | M79: 1 | N79: 1 | O79: 1 | P79: 1 | Q79: 1 | R79: 1 | T79: 1 | U79: 1 | V79: 1 | W79: 1 | X79: 1 | Y79: 1 | AA79: 1 | AB79: 1 | AC79: 1 | AD79: 1 | AE79: 1 | AF79: 1 | AH79: 1 | AI79: =SUM(D79:AH79)+(COUNTIF(D79:AH79,"0,5KL")/2)+(COUNTIF(D79:AH79,"0,5P")/2)+(COUNTIF(D79:AH79,"0.5L")/2) | AJ79: =(COUNTIF(D79:AH79,"P"))+(COUNTIF(D79:AG79,"P/2")/2)+(COUNTIF(D79:AG79,"0,5P")/2)+(COUNTIF(D79:AG79,"L/P")/2)+(COUNTIF(D79:AG79,"P/KL")/2) | AK79: =COUNTIF(D79:AH79,"L")+(COUNTIF(D79:AG79,"L/2")/2)+(COUNTIF(D79:AG79,"L/P")/2)+(COUNTIF(D79:AG79,"L/KL")/2) | AL79: =COUNTIF(D79:AH79,"KL")+COUNTIF(D79:AG79,"0,5KL")/2+COUNTIF(D79:AG79,"L/KL")/2+COUNTIF(D79:AG79,"KL/2")/2+COUNTIF(D79:AG79,"P/KL")/2+COUNTIF(D79:AG79,"0.5")/2 | AM79: =SUM(AI79:AL79) | AN79: =AI79+AJ79+AK79
A80: 71 | C80: Hứa Thị Kim Thoa | D80: 1 | F80: 1 | G80: 1 | H80: 1 | I80: 1 | J80: 1 | K80: 1 | M80: 1 | N80: 1 | O80: 1 | P80: 1 | Q80: 1 | R80: P/2 | T80: 1 | U80: 1 | V80: 1 | W80: 1 | X80: 1 | Y80: 1 | AA80: 1 | AB80: 1 | AC80: 1 | AD80: 1 | AE80: 1 | AF80: 1 | AH80: 1 | AI80: =SUM(D80:AH80)+(COUNTIF(D80:AH80,"0,5KL")/2)+(COUNTIF(D80:AH80,"0,5P")/2)+(COUNTIF(D80:AH80,"0.5L")/2) | AJ80: =(COUNTIF(D80:AH80,"P"))+(COUNTIF(D80:AG80,"P/2")/2)+(COUNTIF(D80:AG80,"0,5P")/2)+(COUNTIF(D80:AG80,"L/P")/2)+(COUNTIF(D80:AG80,"P/KL")/2) | AK80: =COUNTIF(D80:AH80,"L")+(COUNTIF(D80:AG80,"L/2")/2)+(COUNTIF(D80:AG80,"L/P")/2)+(COUNTIF(D80:AG80,"L/KL")/2) | AL80: =COUNTIF(D80:AH80,"KL")+COUNTIF(D80:AG80,"0,5KL")/2+COUNTIF(D80:AG80,"L/KL")/2+COUNTIF(D80:AG80,"KL/2")/2+COUNTIF(D80:AG80,"P/KL")/2+COUNTIF(D80:AG80,"0.5")/2 | AM80: =SUM(AI80:AL80) | AN80: =AI80+AJ80+AK80
A81: 72 | C81: Hồ Ngọc Lý | D81: 1 | F81: P | G81: 1 | H81: 1 | I81: 1 | J81: 1 | K81: 1 | M81: 1 | N81: 1 | O81: 1 | P81: 1 | Q81: 1 | R81: 1 | T81: 1 | U81: 1 | V81: 1 | W81: 1 | X81: 1 | Y81: 1 | AA81: 1 | AB81: 1 | AC81: 1 | AD81: 1 | AE81: 1 | AF81: 1 | AH81: 1 | AI81: =SUM(D81:AH81)+(COUNTIF(D81:AH81,"0,5KL")/2)+(COUNTIF(D81:AH81,"0,5P")/2)+(COUNTIF(D81:AH81,"0.5L")/2) | AJ81: =(COUNTIF(D81:AH81,"P"))+(COUNTIF(D81:AG81,"P/2")/2)+(COUNTIF(D81:AG81,"0,5P")/2)+(COUNTIF(D81:AG81,"L/P")/2)+(COUNTIF(D81:AG81,"P/KL")/2) | AK81: =COUNTIF(D81:AH81,"L")+(COUNTIF(D81:AG81,"L/2")/2)+(COUNTIF(D81:AG81,"L/P")/2)+(COUNTIF(D81:AG81,"L/KL")/2) | AL81: =COUNTIF(D81:AH81,"KL")+COUNTIF(D81:AG81,"0,5KL")/2+COUNTIF(D81:AG81,"L/KL")/2+COUNTIF(D81:AG81,"KL/2")/2+COUNTIF(D81:AG81,"P/KL")/2+COUNTIF(D81:AG81,"0.5")/2 | AM81: =SUM(AI81:AL81) | AN81: =AI81+AJ81+AK81
A82: 73 | C82: Đinh Thị Khánh Ly | D82: 1 | F82: 1 | G82: 1 | H82: 1 | I82: 1 | J82: 1 | K82: 1 | M82: 1 | N82: 1 | O82: 1 | P82: 1 | Q82: 1 | R82: 1 | T82: 1 | U82: 1 | V82: 1 | W82: 1 | X82: 1 | Y82: 1 | AA82: 1 | AB82: 1 | AC82: 1 | AD82: 1 | AE82: 1 | AF82: 1 | AH82: 1 | AI82: =SUM(D82:AH82)+(COUNTIF(D82:AH82,"0,5KL")/2)+(COUNTIF(D82:AH82,"0,5P")/2)+(COUNTIF(D82:AH82,"0.5L")/2) | AJ82: =(COUNTIF(D82:AH82,"P"))+(COUNTIF(D82:AG82,"P/2")/2)+(COUNTIF(D82:AG82,"0,5P")/2)+(COUNTIF(D82:AG82,"L/P")/2)+(COUNTIF(D82:AG82,"P/KL")/2) | AK82: =COUNTIF(D82:AH82,"L")+(COUNTIF(D82:AG82,"L/2")/2)+(COUNTIF(D82:AG82,"L/P")/2)+(COUNTIF(D82:AG82,"L/KL")/2) | AL82: =COUNTIF(D82:AH82,"KL")+COUNTIF(D82:AG82,"0,5KL")/2+COUNTIF(D82:AG82,"L/KL")/2+COUNTIF(D82:AG82,"KL/2")/2+COUNTIF(D82:AG82,"P/KL")/2+COUNTIF(D82:AG82,"0.5")/2 | AM82: =SUM(AI82:AL82) | AN82: =AI82+AJ82+AK82 | AP82: 46250
A83: 74 | D83: 1 | F83: 1 | G83: 1 | H83: 1 | I83: 1 | J83: 1 | K83: 1 | M83: 1 | N83: 1 | O83: 1 | P83: 1 | Q83: 1 | R83: 1 | T83: 1 | U83: 1 | V83: 1 | W83: 1 | X83: 1 | Y83: 1 | AA83: 1 | AB83: 1 | AC83: 1 | AD83: 1 | AE83: 1 | AF83: 1 | AH83: 1
A84: 75 | C84: Bùi Thị Cẩm Ngoan | AA84: 1 | AB84: 1 | AC84: 1 | AD84: 1 | AE84: 1 | AF84: 1 | AH84: 1 | AI84: =SUM(D84:AH84)+(COUNTIF(D84:AH84,"0,5KL")/2)+(COUNTIF(D84:AH84,"0,5P")/2)+(COUNTIF(D84:AH84,"0.5L")/2) | AJ84: =(COUNTIF(D84:AH84,"P"))+(COUNTIF(D84:AG84,"P/2")/2)+(COUNTIF(D84:AG84,"0,5P")/2)+(COUNTIF(D84:AG84,"L/P")/2)+(COUNTIF(D84:AG84,"P/KL")/2) | AK84: =COUNTIF(D84:AH84,"L")+(COUNTIF(D84:AG84,"L/2")/2)+(COUNTIF(D84:AG84,"L/P")/2)+(COUNTIF(D84:AG84,"L/KL")/2) | AL84: =COUNTIF(D84:AH84,"KL")+COUNTIF(D84:AG84,"0,5KL")/2+COUNTIF(D84:AG84,"L/KL")/2+COUNTIF(D84:AG84,"KL/2")/2+COUNTIF(D84:AG84,"P/KL")/2+COUNTIF(D84:AG84,"0.5")/2 | AM84: =SUM(AI84:AL84) | AN84: =AI84+AJ84+AK84 | AO84: 24/08/2026
C86: 1 | D86: 2 | F86: 4 | G86: 5 | H86: 6 | I86: 7 | J86: 8 | K86: 9 | M86: 11 | N86: 12 | O86: 13 | P86: 14 | Q86: 15 | R86: 16 | T86: 18 | U86: 19 | V86: 20 | W86: 21 | X86: 22 | Y86: 23 | AA86: 25 | AB86: 26 | AC86: 27 | AD86: 28 | AE86: 29 | AF86: 30 | AH86: 32 | AI86: 33 | AJ86: 34 | AK86: 35 | AL86: 36 | AM86: 37 | AN86: 38 | AO86: 39
C88: Ngày công chuẩn | E88: 1
C89: Làm 1/2 ngày | E89: 0.5
C90: Nghỉ phép | E90: P
C91: Nghỉ phép 1/2, Lễ 1/2 | E91: L/P
C93: Nghỉ Không Lương | E93: KL
C94: Nghỉ chế độ: ốm đau, thai sản,.. | E94: OD
C95: Làm 1/2, P 1/2 | E95: 0,5P

Sheet Med Service
H1: BẢNG LƯƠNG THÁNG 6
D2: BẢNG LƯƠNG THÁNG 8/2026 | G2: Ngày bắt đầu | H2: 46174 | I2: Ngày kết thúc | J2: 46203
CM7: 1 | CN7: 4 | CO7: 2024 | CP7: 5 | CQ7: 2026 | DA7: 05/2026 | DB7: 05/2026
A8: STT | B8: Tháng | C8: Mã NV | D8: Họ tên | E8: Loại Hợp đồng | F8: Bộ phận | G8: Chức vụ | H8: Ngày vào công ty | I8: Số tài khoản | J8: CN Ngân hàng | K8: Ngày công chuẩn | L8: Ngày công thực tế | M8: CNT ca ngày (giờ) | N8: CNT ca đêm (giờ) | O8: Số giờ TC ngày thường | P8: Số giờ TC ngày CN (*2) | Q8: Số giờ TC ngày Lễ, tết (*3) | R8: HT hiệu quả làm việc | S8: Lương cơ bản (đóng BHXH) | T8: Hỗ trợ tiền ăn | U8: Hỗ trợ đồng phục | V8: Hỗ trợ điện thoại, xăng xe | W8: Hỗ trợ tiền gởi xe | X8: Hỗ trợ nhà ở | Y8: Hỗ trợ nuôi con nhỏ | Z8: Hỗ trợ phụ trách dự án/ sáng kiến | AA8: CNT - Phụ cấp lưu động | AB8: CNT - Phụ cấp tăng cường vận hành | AC8: Lương thỏa thuận | AD8: Lương chính thức | AE8: Lương thử việc | AF8: Lương thực tế | AG8: CNT- Lương ca ngày | AH8: CNT- Lương ca đêm | AI8: Lương tăng ca ngày thường | AJ8: Lương TC ngày CN (*2) | AK8: Lương TC ngày lễ, tết (*3) | AL8: CNT- Tiền HT trách nhiệm | AM8: CNT-Tiền HT cửa hàng mới | AN8: CNT- Tiền HT quy trình/dự án | AO8: CNT- Tiền hỗ trợ đạt KPI | AP8: CNT- tiền HT hàng điểm + Cắt liều | AQ8: CNT- Tiền HT hàng cận date | AR8: CNT- Tiền hỗ trợ chương trình Maps | AS8: CNT- HT Thưởng khác | AT8: Bổ sung lương tính thiếu tháng trước | AU8: CNT - Thưởng dự án Mini | AV8: CNT - Thường Whatsapp | AW8: Hỗ trợ đạt KPI Quý | AX8: HT lễ, tết / thưởng khác | AY8: HT đi CT tỉnh/ gởi xe | AZ8: HT sinh nhật | BA8: HT khấu hao máy tính/ kiêm nhiệm/ hỗ trợ đứng bằng | BB8: CNT trừ hết date | BC8: CNT trừ quy chế, quy trình | BD8: CNT trừ App- Kiot | BE8: CNT trừ Ecom | BF8: CNT các khoản trừ khác | BG8: Khoản trừ KPI, trừ khác | BH8: Tổng thu nhập thực tế | BI8: BHXH Cty (17.5%) | BJ8: BHYT Cty (3%) | BK8: BHTN CTy 1% | BL8: KPCĐ Cty (2%) | BM8: Cộng Cty 23,5% | BN8: BHXH NV (8%) | BO8: BHYT NV (1,5%) | BP8: BHTN NV (1%) | BQ8: ĐP NV (1%) | BR8: BHXH, BHYT, BHTN của NV (11,5%) | BS8: Tổng miễn giảm thuế TNCN (gởi xe, PC điện thoại, tiền ăn, đồng phục) | BT8: Thu nhập chịu thuế | BU8: Giảm trừ TTNCN Bản thân | BV8: Số người phụ thuộc | BW8: Giảm trừ TTNCN Người PT | BX8: Giảm trừ TTNCN 10.5% BHXH, BHYT, BHTN | BY8: Tổng các khoản giảm trừ | BZ8: Thu nhập tính thuế | CA8: Thuế TNCN phải nộp | CB8: Tổng thực nhận sau khi trừ TTNCN, BHXH | CC8: Trả lại lương Cty tính sai/thiếu | CD8: Trừ tạm ứng/ mượn/ bồi thường/ khác | CE8: Tổng thu nhập còn lại | CF8: CK TM | CG8: CK TK | CH8: ESHOP | CI8: Email | CJ8: Lý do bổ sung lương/ trừ lương | CK8: Tháng sinh | CL8: Giờ công đào tạo | CM8: Ngày nhận việc | CN8: Tháng nhận việc | CO8: Năm nhận việc | CP8: thâm niên trước tháng 04/2024 đến 01/4/2024 | CQ8: thâm niên cho NV chưa đủ 12 tháng trong CSTN cũ -> hưởng theo CSTN mới | CR8: Thâm niên cho NV vừa theo chính sách cũ vừa theo chính sách mới | CS8: Số năm TN làm tròn xuống theo CS cũ | CT8: Số năm TN làm tròn xuống theo CS mới | CU8: Số năm TN làm tròn xuống NV hưởng CS mới+ cũ | CV8: Lương thâm niên theo chính sách cũ trước tháng 04/2024 | CW8: Lương thâm niên theo chính sách mới từ 01/04/2024 | CX8: Lương thâm niên cho NV vừa theo chính sách mới + cũ | CY8: Lương Thâm niên của NV | CZ8: Lý do cộng trừ của HC-NS | DA8: Lý do cộng trừ của nhà thuốc | DB8: Lý do chung
A9: 1 | B9: =1+A9 | C9: 3 | D9: 4 | E9: 5 | F9: 6 | G9: 7 | H9: 8 | I9: 9 | J9: 10 | K9: 11 | L9: 12 | M9: 13 | N9: 14 | O9: 15 | P9: 16 | Q9: 17 | R9: 18 | S9: 19 | T9: 20 | U9: 21 | V9: 22 | W9: 23 | X9: 24 | Y9: 25 | Z9: 26 | AA9: 44 | AB9: 44 | AC9: 27 | AD9: 28 | AE9: 29 | AF9: 30 | AG9: 31 | AH9: 32 | AI9: 33 | AJ9: 34 | AK9: 35 | AL9: 36 | AM9: 37 | AN9: 38 | AO9: 39 | AP9: 40 | AQ9: 41 | AR9: 42 | AS9: 43 | AT9: 44 | AU9: 44 | AV9: 44 | AW9: 46 | AX9: 47 | AY9: 48 | AZ9: 49 | BA9: 50 | BB9: 51 | BC9: 52 | BD9: 53 | BE9: 54 | BF9: 55 | BG9: 56 | BH9: 57 | BI9: 58 | BJ9: 59 | BK9: 60 | BL9: 61 | BM9: 62 | BN9: 63 | BO9: 64 | BP9: 65 | BQ9: 66 | BR9: 67 | BS9: 68 | BT9: 69 | BU9: 70 | BV9: 71 | BW9: 72 | BX9: 73 | BY9: 74 | BZ9: 75 | CA9: 76 | CB9: 77 | CC9: 78 | CD9: 79 | CE9: 80 | CF9: 81 | CG9: 82 | CH9: 83 | CI9: 84 | CJ9: 85 | CK9: 86 | CL9: 87 | CM9: 88 | CN9: 89 | CO9: 90 | CP9: 91 | CQ9: 92 | CR9: 93 | CS9: 94 | CT9: 95 | CU9: 96 | CV9: 97 | CW9: 98 | CX9: 99 | CY9: 100 | CZ9: 102 | DA9: 103 | DB9: 104 | DC9: 105
A10: V. | B10: CHUỖI NHÀ THUỐC | K10: =K18+K26+K32+K41+K49+K56+K65+K70+K77+K83+K89 | L10: =L18+L26+L32+L41+L49+L56+L65+L70+L77+L83+L89 | M10: =M18+M26+M32+M41+M49+M56+M65+M70+M77+M83+M89 | N10: =N18+N26+N32+N41+N49+N56+N65+N70+N77+N83+N89 | O10: =O18+O26+O32+O41+O49+O56+O65+O70+O77+O83+O89 | P10: =P18+P26+P32+P41+P49+P56+P65+P70+P77+P83+P89 | Q10: =Q18+Q26+Q32+Q41+Q49+Q56+Q65+Q70+Q77+Q83+Q89 | R10: =R16+R24+R29+R35+R45+R52+R58+R64+R70+R76 | S10: =S18+S26+S32+S41+S49+S56+S65+S70+S77+S83+S89 | T10: =T18+T26+T32+T41+T49+T56+T65+T70+T77+T83+T89 | U10: =U18+U26+U32+U41+U49+U56+U65+U70+U77+U83+U89 | V10: =V18+V26+V32+V41+V49+V56+V65+V70+V77+V83+V89 | W10: =W18+W26+W32+W41+W49+W56+W65+W70+W77+W83+W89 | X10: =X18+X26+X32+X41+X49+X56+X65+X70+X77+X83+X89 | Y10: =Y18+Y26+Y32+Y41+Y49+Y56+Y65+Y70+Y77+Y83+Y89 | Z10: =Z18+Z26+Z32+Z41+Z49+Z56+Z65+Z70+Z77+Z83+Z89 | ... CG10: =CG18+CG26+CG32+CG41+CG49+CG56+CG65+CG70+CG77+CG83+CG89 | CH10: =CH16+CH24+CH29+CH35+CH45+CH52+CH58+CH64+CH70+CH76 | CL10: =CL18+CL26+CL32+CL41+CL49+CL56+CL65+CL70+CL77+CL83+CL89
A11: 1 | B11: 8 | C11: Ho Thi Minh Hoa | D11: Hồ Thị Minh Hòa | E11: =IF(OR(G11="CHT",G11="DSBC",G11="DSXC"),"HĐLĐ",IF(OR(G11="DSTV",G11="Q.CHT"),"HĐTV","HĐCTV")) | F11: 24H | G11: DSBC | H11: 45352 | I11: 0051000542226 | J11: Vietcombank | K11: 26 | L11: 2 | M11: 31.69 | N11: 0 | O11: 16 | S11: =IF(E11="HĐLĐ",5310000,0) | AA11: 0 | AB11: 0 | AC11: 6500000 | AG11: =IF(E11="HĐTV",AE11/28/8*M11,AC11/28/8*M11) | AH11: =IF(E11="HĐTV",AE11/28/8*N11*1.5,AC11/28/8*N11*1.5) | AI11: 0 | AJ11: 0 | AK11: 0 | AL11: 0 | AM11: 0 | AN11: 0 | AO11: 0 | AP11: 0 | AQ11: 0 | AR11: 0 | AS11: 0 | AT11: 0 | AU11: 0 | AV11: 0 | AW11: 0 | AX11: 0 | AY11: 0 | AZ11: 0 | BA11: 0 | BB11: 0 | BC11: 0 | BD11: 0 | BE11: 0 | BF11: 0 | BG11: 0 | BH11: =SUM(T11:AB11)+SUM(AF11:BA11)-SUM(BB11:BG11) | BI11: =S11*17.5% | BJ11: =S11*3% | BK11: =S11*1% | BM11: =SUM(BI11:BL11) | BN11: =S11*8% | BO11: =S11*1.5% | BP11: =S11*1% | BR11: =SUM(BN11:BQ11) | BS11: =T11+U11+V11+W11 | BT11: =BH11-BS11-AH11 | BU11: =IF(E11="HĐLĐ",15500000,0) | BV11: 0 | BW11: =BV11*6200000 | BX11: =BR11 | BY11: =BU11+BW11+BX11 | BZ11: =IF(BT11-BY11>0,BT11-BY11,0) | CA11: =IF(AND(OR($E11="HĐTV",$E11="HĐCTV"),$BZ11<2000000),0,IF(OR($E11="HĐTV",$E11="HĐCTV"),$BZ11*10%,ROUND(IF($BZ11<=10000000,$BZ11*5%,IF($BZ11<=30000000,$BZ11*10%-500000,IF($BZ11<=60000000,$BZ11*20%-3500000,IF($BZ11<=100000000,$BZ11*30%-9500000,$BZ11*35%-14500000)))),0))) | CB11: =ROUND(BH11-BR11-CA11,0) | CD11: 0 | CE11: =CB11+CC11-CD11 | CF11: =CE11-CG11 | CG11: =CE11 | CI11: hoa.ho@medigoapp.com | CJ11: 0 | CK11: 11 | CM11: 1 | CN11: 3 | CO11: 2024 | CP11: =IF((($CO$7-CO11)*12)+($CN$7-CN11)>=12,((($CO$7-CO11)*12)+($CN$7-CN11))-1,0) | CQ11: =IF(CP11<12,(($CQ$7-CO11)*12)+($CP$7-CN11),0) | CR11: =IF(OR(CP11>12,CP11=12),((CP11-(CS11*12))+((($CQ$7-2024)*12)+($CP$7-4)))+1,0) | CS11: =IF(OR(CP11>12,CP11=12),ROUNDDOWN(CP11/12,0),0) | CT11: =IF(CQ11>11,ROUNDDOWN(CQ11/12,0),0) | CU11: =IF(CR11>11,ROUNDDOWN(CR11/12,0),0) | CV11: =IF(CP11=0,0,6000000*1.07^CS11) | CW11: =IF(CT11<2,0,6000000+(CT11-1)*500000) | CX11: =IF(CU11=0,CV11,IF(CU11<1,0,CV11+CU11*500000)) | CY11: =IF(CX11>0,CX11,IF(CW11>0,CW11,6000000))
A12: 2 | B12: 8 | C12: Nguyen Tran Ngoc Phuong | D12: Nguyễn Trần Ngọc Phương | E12: =IF(OR(G12="CHT",G12="DSBC",G12="DSXC"),"HĐLĐ",IF(OR(G12="DSTV",G12="Q.CHT"),"HĐTV","HĐCTV")) | F12: 24H | G12: Q.CHT | H12: 46196 | I12: 0721000550950 | J12: Vietcombank | K12: 28 | L12: 26 | M12: 186.64 | N12: 28.38 | O12: 0 | S12: =IF(E12="HĐLĐ",5310000,0) | T12: 464285.71 | AA12: 0 | AB12: 0 | AC12: 6000000 | AE12: 6000000 | AG12: =IF(E12="HĐTV",AE12/28/8*M12,AC12/28/8*M12) | AH12: =IF(E12="HĐTV",AE12/28/8*N12*1.5,AC12/28/8*N12*1.5) | AI12: 0 | AJ12: 0 | AK12: 0 | AL12: 1,500,000 | AM12: 0 | AN12: 1000000 | AO12: 0 | AP12: 1280200 | AQ12: 6601 | AR12: 0 | AS12: 0 | AT12: 0 | AU12: 300000 | AV12: 0 | AW12: 0 | AX12: 0 | AY12: 0 | AZ12: 0 | BA12: 0 | BB12: 0 | BC12: 0 | BD12: 0 | BE12: 0 | BF12: 0 | BG12: 0 | BH12: =SUM(T12:AB12)+SUM(AF12:BA12)-SUM(BB12:BG12) | BI12: =S12*17.5% | BJ12: =S12*3% | BK12: =S12*1% | BM12: =SUM(BI12:BL12) | BN12: =S12*8% | BO12: =S12*1.5% | BP12: =S12*1% | BR12: =SUM(BN12:BQ12) | BS12: =T12+U12+V12+W12 | BT12: =BH12-BS12-AH12 | BU12: =IF(E12="HĐLĐ",15500000,0) | BV12: 0 | BW12: =BV12*6200000 | BX12: =BR12 | BY12: =BU12+BW12+BX12 | BZ12: =IF(BT12-BY12>0,BT12-BY12,0) | CA12: =IF(AND(OR($E12="HĐTV",$E12="HĐCTV"),$BZ12<2000000),0,IF(OR($E12="HĐTV",$E12="HĐCTV"),$BZ12*10%,ROUND(IF($BZ12<=10000000,$BZ12*5%,IF($BZ12<=30000000,$BZ12*10%-500000,IF($BZ12<=60000000,$BZ12*20%-3500000,IF($BZ12<=100000000,$BZ12*30%-9500000,$BZ12*35%-14500000)))),0))) | CB12: =ROUND(BH12-BR12-CA12,0) | CD12: 0 | CE12: =CB12+CC12-CD12 | CF12: =CE12-CG12 | CG12: =CE12 | CI12: phuong.nguyen@medigoapp.com | CK12: 9 | CL12: 0 | CM12: 23 | CN12: 6 | CO12: 2026 | CP12: =IF((($CO$7-CO12)*12)+($CN$7-CN12)>=12,((($CO$7-CO12)*12)+($CN$7-CN12))-1,0) | CQ12: =IF(CP12<12,(($CQ$7-CO12)*12)+($CP$7-CN12),0) | CR12: =IF(OR(CP12>12,CP12=12),((CP12-(CS12*12))+((($CQ$7-2024)*12)+($CP$7-4)))+1,0) | CS12: =IF(OR(CP12>12,CP12=12),ROUNDDOWN(CP12/12,0),0) | CT12: =IF(CQ12>11,ROUNDDOWN(CQ12/12,0),0) | CU12: =IF(CR12>11,ROUNDDOWN(CR12/12,0),0) | CV12: =IF(CP12=0,0,6000000*1.07^CS12) | CW12: =IF(CT12<2,0,6000000+(CT12-1)*500000) | CX12: =IF(CU12=0,CV12,IF(CU12<1,0,CV12+CU12*500000)) | CY12: =IF(CX12>0,CX12,IF(CW12>0,CW12,6000000))
A13: 3 | B13: 8 | C13: Nguyen Ngoc Anh Thu | D13: Nguyễn Ngọc Anh Thư | E13: =IF(OR(G13="CHT",G13="DSBC",G13="DSXC"),"HĐLĐ",IF(OR(G13="DSTV",G13="Q.CHT"),"HĐTV","HĐCTV")) | F13: 24H | G13: DSTV | H13: 14/07/2026 | I13: 7500664184 | J13: BIDV | K13: 28 | L13: 29 | M13: 26.98 | N13: 219.5 | O13: 8 | S13: =IF(E13="HĐLĐ",5310000,0) | T13: 500000 | AA13: 0 | AB13: 0 | AC13: 6000000 | AD13: =AC13 | AE13: 6000000 | AF13: =IF(E13="HĐTV",AE13/K13*L13,AD13/K13*L13) | AG13: =IF(E13="HĐTV",AE13/28/8*M13,AC13/28/8*M13) | AH13: =IF(E13="HĐTV",AE13/28/8*N13*1.5,AC13/28/8*N13*1.5) | AI13: 1446429 | AJ13: 0 | AK13: 0 | AL13: 0 | AM13: 0 | AN13: 933333 | AO13: 0 | AP13: 579960 | AQ13: 7700 | AR13: 0 | AS13: 0 | AT13: 0 | AU13: 0 | AV13: 0 | AW13: 0 | AX13: 0 | AY13: 0 | AZ13: 0 | BA13: 0 | BB13: 0 | BC13: 0 | BD13: 0 | BE13: 0 | BF13: 0 | BG13: 0 | BH13: =SUM(T13:AB13)+SUM(AF13:BA13)-SUM(BB13:BG13) | BI13: =S13*17.5% | BJ13: =S13*3% | BK13: =S13*1% | BM13: =SUM(BI13:BL13) | BN13: =S13*8% | BO13: =S13*1.5% | BP13: =S13*1% | BR13: =SUM(BN13:BQ13) | BS13: =T13+U13+V13+W13 | BT13: =BH13-BS13-AH13 | BU13: =IF(E13="HĐLĐ",15500000,0) | BV13: 0 | BW13: =BV13*6200000 | BX13: =BR13 | BY13: =BU13+BW13+BX13 | BZ13: =IF(BT13-BY13>0,BT13-BY13,0) | CA13: =IF(AND(OR($E13="HĐTV",$E13="HĐCTV"),$BZ13<2000000),0,IF(OR($E13="HĐTV",$E13="HĐCTV"),$BZ13*10%,ROUND(IF($BZ13<=10000000,$BZ13*5%,IF($BZ13<=30000000,$BZ13*10%-500000,IF($BZ13<=60000000,$BZ13*20%-3500000,IF($BZ13<=100000000,$BZ13*30%-9500000,$BZ13*35%-14500000)))),0))) | CB13: =ROUND(BH13-BR13-CA13,0) | CD13: 0 | CE13: =CB13+CC13-CD13 | CF13: =CE13-CG13 | CG13: =CE13 | CI13: thu.nguyen@medigoapp.com | CK13: 1 | CY13: =IF(CX13>0,CX13,IF(CW13>0,CW13,6000000))
A14: 4 | B14: 8 | C14: Trinh Thi Phuong | D14: Trịnh Thị Phượng | E14: =IF(OR(G14="CHT",G14="DSBC",G14="DSXC"),"HĐLĐ",IF(OR(G14="DSTV",G14="Q.CHT"),"HĐTV","HĐCTV")) | F14: 24H | G14: DSBC | H14: 45096 | I14: 10200014211025 | J14: Đông Nam Á (Seabank) | K14: 26 | L14: 21 | M14: 0.38 | N14: 164.21 | O14: 0 | S14: =IF(E14="HĐLĐ",5310000,0) | T14: 375000 | AA14: 0 | AB14: 0 | AC14: 6500000 | AD14: =AC14 | AE14: 0 | AF14: =IF(E14="HĐTV",AE14/K14*L14,AD14/K14*L14) | AG14: =IF(E14="HĐTV",AE14/28/8*M14,AC14/28/8*M14) | AH14: =IF(E14="HĐTV",AE14/28/8*N14*1.5,AC14/28/8*N14*1.5) | AI14: 1125000 | AJ14: 0 | AK14: 0 | AL14: 0 | AM14: 0 | AN14: 2200000 | AO14: 0 | AP14: 3537750 | AQ14: 11205 | AR14: 0 | AS14: 0 | AT14: 0 | AU14: 0 | AV14: 0 | AW14: 0 | AX14: 0 | AY14: 0 | AZ14: 0 | BA14: 0 | BB14: 0 | BC14: 0 | BD14: 0 | BE14: 0 | BF14: 0 | BG14: 0 | BH14: =SUM(T14:AB14)+SUM(AF14:BA14)-SUM(BB14:BG14) | BI14: =S14*17.5% | BJ14: =S14*3% | BK14: =S14*1% | BM14: =SUM(BI14:BL14) | BN14: =S14*8% | BO14: =S14*1.5% | BP14: =S14*1% | BR14: =SUM(BN14:BQ14) | BS14: =T14+U14+V14+W14 | BT14: =BH14-BS14-AH14 | BU14: =IF(E14="HĐLĐ",15500000,0) | BV14: 0 | BW14: =BV14*6200000 | BX14: =BR14 | BY14: =BU14+BW14+BX14 | BZ14: =IF(BT14-BY14>0,BT14-BY14,0) | CA14: =IF(AND(OR($E14="HĐTV",$E14="HĐCTV"),$BZ14<2000000),0,IF(OR($E14="HĐTV",$E14="HĐCTV"),$BZ14*10%,ROUND(IF($BZ14<=10000000,$BZ14*5%,IF($BZ14<=30000000,$BZ14*10%-500000,IF($BZ14<=60000000,$BZ14*20%-3500000,IF($BZ14<=100000000,$BZ14*30%-9500000,$BZ14*35%-14500000)))),0))) | CB14: =ROUND(BH14-BR14-CA14,0) | CD14: 0 | CE14: =CB14+CC14-CD14 | CF14: =CE14-CG14 | CG14: =CE14 | CK14: 2 | CY14: =IF(CX14>0,CX14,IF(CW14>0,CW14,6000000))
A15: 5 | B15: 8 | C15: Ngo Tran Tuyet Vy | D15: Ngô Trần Tuyết Vy | E15: =IF(OR(G15="CHT",G15="DSBC",G15="DSXC"),"HĐLĐ",IF(OR(G15="DSTV",G15="Q.CHT"),"HĐTV","HĐCTV")) | F15: 24H | G15: DSBC | H15: 44743 | I15: 060260188766 | J15: Sacombank | K15: 28 | L15: 11 | M15: 66.26 | N15: 23.12 | O15: 0 | S15: =IF(E15="HĐLĐ",5310000,0) | T15: 196428.57 | AA15: 0 | AB15: 0 | AC15: 8350258 | AG15: =IF(E15="HĐTV",AE15/28/8*M15,AC15/28/8*M15) | AH15: =IF(E15="HĐTV",AE15/28/8*N15*1.5,AC15/28/8*N15*1.5) | AI15: 0 | AJ15: 0 | AK15: 0 | AL15: 0 | AM15: 0 | AN15: 0 | AO15: 0 | AP15: 1011600 | AQ15: 0 | AR15: 0 | AS15: 0 | AT15: 0 | AU15: 0 | AV15: 0 | AW15: 0 | AX15: 0 | AY15: 0 | AZ15: 0 | BA15: 0 | BB15: 0 | BC15: 0 | BD15: 0 | BE15: 0 | BF15: 0 | BG15: 0 | BH15: =SUM(T15:AB15)+SUM(AF15:BA15)-SUM(BB15:BG15) | BI15: =S15*17.5% | BJ15: =S15*3% | BK15: =S15*1% | BM15: =SUM(BI15:BL15) | BN15: =S15*8% | BO15: =S15*1.5% | BP15: =S15*1% | BR15: =SUM(BN15:BQ15) | BS15: =T15+U15+V15+W15 | BT15: =BH15-BS15-AH15 | BU15: =IF(E15="HĐLĐ",15500000,0) | BV15: 0 | BW15: =BV15*6200000 | BX15: =BR15 | BY15: =BU15+BW15+BX15 | BZ15: =IF(BT15-BY15>0,BT15-BY15,0) | CA15: =IF(AND(OR($E15="HĐTV",$E15="HĐCTV"),$BZ15<2000000),0,IF(OR($E15="HĐTV",$E15="HĐCTV"),$BZ15*10%,ROUND(IF($BZ15<=10000000,$BZ15*5%,IF($BZ15<=30000000,$BZ15*10%-500000,IF($BZ15<=60000000,$BZ15*20%-3500000,IF($BZ15<=100000000,$BZ15*30%-9500000,$BZ15*35%-14500000)))),0))) | CB15: =ROUND(BH15-BR15-CA15,0) | CD15: 0 | CE15: =CB15+CC15-CD15 | CF15: =CE15-CG15 | CG15: =CE15 | CI15: =VLOOKUP($C19,[5]Sheet1!$C$5:$K$139,9,0) | CJ15: 0 | CK15: 3 | CL15: 0 | CM15: 14 | CN15: 2 | CO15: 2021 | CP15: =IF((($CO$7-CO15)*12)+($CN$7-CN15)>=12,((($CO$7-CO15)*12)+($CN$7-CN15))-1,0) | CQ15: =IF(CP15<12,(($CQ$7-CO15)*12)+($CP$7-CN15),0) | CR15: =IF(OR(CP15>12,CP15=12),((CP15-(CS15*12))+((($CQ$7-2024)*12)+($CP$7-4)))+1,0) | CS15: =IF(OR(CP15>12,CP15=12),ROUNDDOWN(CP15/12,0),0) | CT15: =IF(CQ15>11,ROUNDDOWN(CQ15/12,0),0) | CU15: =IF(CR15>11,ROUNDDOWN(CR15/12,0),0) | CV15: =IF(CP15=0,0,6000000*1.07^CS15) | CW15: =IF(CT15<2,0,6000000+(CT15-1)*500000) | CX15: =IF(CU15=0,CV15,IF(CU15<1,0,CV15+CU15*500000)) | CY15: =IF(CX15>0,CX15,IF(CW15>0,CW15,6000000))
A16: 6 | B16: 8 | C16: Pham Nguyen Ngoc Quy | D16: Phạm Nguyễn Ngọc Quý | E16: =IF(OR(G16="CHT",G16="DSBC",G16="DSXC"),"HĐLĐ",IF(OR(G16="DSTV",G16="Q.CHT"),"HĐTV","HĐCTV")) | F16: 24H | G16: DSBC | H16: 01/11/2024 | I16: 1026764251 | J16: Vietcombank | K16: 28 | L16: 23 | M16: 164.33 | N16: 24.07 | O16: 0 | S16: =IF(E16="HĐLĐ",5310000,0) | T16: 410714.29 | AA16: 0 | AB16: 0 | AC16: 6000000 | AG16: =IF(E16="HĐTV",AE16/28/8*M16,AC16/28/8*M16) | AH16: =IF(E16="HĐTV",AE16/28/8*N16*1.5,AC16/28/8*N16*1.5) | AI16: 0 | AJ16: 0 | AK16: 0 | AL16: 0 | AM16: 0 | AN16: 0 | AO16: 0 | AP16: 1686900 | AQ16: 18300 | AR16: 0 | AS16: 0 | AT16: 0 | AU16: 0 | AV16: 0 | AW16: 0 | AX16: 0 | AY16: 0 | AZ16: 0 | BA16: 0 | BB16: 0 | BC16: 0 | BD16: 0 | BE16: 0 | BF16: 0 | BG16: 0 | BH16: =SUM(T16:AB16)+SUM(AF16:BA16)-SUM(BB16:BG16) | BI16: =S16*17.5% | BJ16: =S16*3% | BK16: =S16*1% | BM16: =SUM(BI16:BL16) | BN16: =S16*8% | BO16: =S16*1.5% | BP16: =S16*1% | BR16: =SUM(BN16:BQ16) | BS16: =T16+U16+V16+W16 | BT16: =BH16-BS16-AH16 | BU16: =IF(E16="HĐLĐ",15500000,0) | BV16: 0 | BW16: =BV16*6200000 | BX16: =BR16 | BY16: =BU16+BW16+BX16 | BZ16: =IF(BT16-BY16>0,BT16-BY16,0) | CA16: =IF(AND(OR($E16="HĐTV",$E16="HĐCTV"),$BZ16<2000000),0,IF(OR($E16="HĐTV",$E16="HĐCTV"),$BZ16*10%,ROUND(IF($BZ16<=10000000,$BZ16*5%,IF($BZ16<=30000000,$BZ16*10%-500000,IF($BZ16<=60000000,$BZ16*20%-3500000,IF($BZ16<=100000000,$BZ16*30%-9500000,$BZ16*35%-14500000)))),0))) | CB16: =ROUND(BH16-BR16-CA16,0) | CD16: 0 | CE16: =CB16+CC16-CD16 | CF16: =CE16-CG16 | CG16: =CE16 | CI16: quy.pham@medigoapp.com | CJ16: 0 | CK16: 6 | CL16: 0 | CM16: 1 | CN16: 11 | CO16: 2024 | CP16: =IF((($CO$7-CO16)*12)+($CN$7-CN16)>=12,((($CO$7-CO16)*12)+($CN$7-CN16))-1,0) | CQ16: =IF(CP16<12,(($CQ$7-CO16)*12)+($CP$7-CN16),0) | CR16: =IF(OR(CP16>12,CP16=12),((CP16-(CS16*12))+((($CQ$7-1624)*12)+($CP$7-4)))+1,0) | CS16: =IF(OR(CP16>12,CP16=12),ROUNDDOWN(CP16/12,0),0) | CT16: =IF(CQ16>11,ROUNDDOWN(CQ16/12,0),0) | CU16: =IF(CR16>11,ROUNDDOWN(CR16/12,0),0) | CV16: =IF(CP16=0,0,6000000*1.07^CS16) | CW16: =IF(CT16<2,0,6000000+(CT16-1)*500000) | CX16: =IF(CU16=0,CV16,IF(CU16<1,0,CV16+CU16*500000)) | CY16: =IF(CX16>0,CX16,IF(CW16>0,CW16,6000000))
A17: 7 | B17: 8 | C17: Tran Thi Kim Khanh | D17: Trần Thị Kim Khánh | E17: =IF(OR(G17="CHT",G17="DSBC",G17="DSXC"),"HĐLĐ",IF(OR(G17="DSTV",G17="Q.CHT"),"HĐTV","HĐCTV")) | F17: 24H | G17: DSBC | H17: 45099 | I17: 69110000565904 | J17: BIDV | K17: 26 | L17: 29 | M17: 253.43 | N17: 31.43 | O17: 8 | S17: =IF(E17="HĐLĐ",5310000,0) | T17: 500000 | AA17: 0 | AB17: 0 | AC17: 6500000 | AD17: =AC17 | AE17: 0 | AF17: =IF(E17="HĐTV",AE17/K17*L17,AD17/K17*L17) | AG17: =IF(E17="HĐTV",AE17/28/8*M17,AC17/28/8*M17) | AH17: =IF(E17="HĐTV",AE17/28/8*N17*1.5,AC17/28/8*N17*1.5) | AI17: 0 | AJ17: 0 | AK17: 0 | AL17: 0 | AM17: 0 | AN17: 2800000 | AO17: 2472797 | AP17: 3808150 | AQ17: 46851 | AR17: 0 | AS17: 0 | AT17: 0 | AU17: 0 | AV17: 0 | AW17: 0 | AX17: 0 | AY17: 0 | AZ17: 0 | BA17: 0 | BB17: 0 | BC17: 0 | BD17: 0 | BE17: 0 | BF17: 0 | BG17: 0 | BH17: =SUM(T17:AB17)+SUM(AF17:BA17)-SUM(BB17:BG17) | BI17: =S17*17.5% | BJ17: =S17*3% | BK17: =S17*1% | BM17: =SUM(BI17:BL17) | BN17: =S17*8% | BO17: =S17*1.5% | BP17: =S17*1% | BR17: =SUM(BN17:BQ17) | BS17: =T17+U17+V17+W17 | BT17: =BH17-BS17-AH17 | BU17: =IF(E17="HĐLĐ",15500000,0) | BV17: 0 | BW17: =BV17*6200000 | BX17: =BR17 | BY17: =BU17+BW17+BX17 | BZ17: =IF(BT17-BY17>0,BT17-BY17,0) | CA17: =IF(AND(OR($E17="HĐTV",$E17="HĐCTV"),$BZ17<2000000),0,IF(OR($E17="HĐTV",$E17="HĐCTV"),$BZ17*10%,ROUND(IF($BZ17<=10000000,$BZ17*5%,IF($BZ17<=30000000,$BZ17*10%-500000,IF($BZ17<=60000000,$BZ17*20%-3500000,IF($BZ17<=100000000,$BZ17*30%-9500000,$BZ17*35%-14500000)))),0))) | CB17: =ROUND(BH17-BR17-CA17,0) | CD17: 0 | CE17: =CB17+CC17-CD17 | CF17: =CE17-CG17 | CG17: =CE17 | CY17: =IF(CX17>0,CX17,IF(CW17>0,CW17,6000000))
F18: =SUM(F11:F17) | K18: =SUM(K11:K17) | L18: =SUM(L11:L17) | M18: =SUM(M11:M17) | N18: =SUM(N11:N17) | O18: =SUM(O11:O17) | P18: =SUM(P11:P17) | Q18: =SUM(Q11:Q17) | S18: =SUM(S11:S17) | T18: =SUM(T11:T17) | U18: =SUM(U11:U17) | V18: =SUM(V11:V17) | W18: =SUM(W11:W17) | X18: =SUM(X11:X17) | Y18: =SUM(Y11:Y17) | Z18: =SUM(Z11:Z17) | ... CG18: =SUM(CG11:CG17) | CL18: =SUM(CL11:CL17)
A19: 8 | B19: 8 | C19: Ngo Thi Thanh Tham | D19: Ngô Thị Thanh Thắm | E19: =IF(OR(G19="CHT",G19="DSBC",G19="DSXC"),"HĐLĐ",IF(OR(G19="DSTV",G19="Q.CHT"),"HĐTV","HĐCTV")) | F19: Đỗ Quang Đẩu | G19: CHT | H19: 45524 | I19: 0431000219840 | J19: Vietcombank | K19: 28 | L19: 23 | M19: 183.01 | N19: 0 | O19: 0 | S19: =IF(E19="HĐLĐ",5310000,0) | T19: 410714.29 | AA19: 0 | AB19: 0 | AC19: 6000000 | AG19: =IF(E19="HĐTV",AE19/28/8*M19,AC19/28/8*M19) | AH19: =IF(E19="HĐTV",AE19/28/8*N19*1.5,AC19/28/8*N19*1.5) | AI19: 0 | AJ19: 0 | AK19: 0 | AL19: 2,000,000 | AM19: 0 | AN19: 0 | AO19: 0 | AP19: 688400 | AQ19: 14067 | AR19: 0 | AS19: 1000000 | AT19: 0 | AU19: 0 | AV19: 2681852 | AW19: 0 | AX19: 0 | AY19: 0 | AZ19: 0 | BA19: 0 | BB19: 0 | BC19: 0 | BD19: 0 | BE19: 0 | BF19: 0 | BG19: 0 | BH19: =SUM(T19:AB19)+SUM(AF19:BA19)-SUM(BB19:BG19) | BI19: =S19*17.5% | BJ19: =S19*3% | BK19: =S19*1% | BM19: =SUM(BI19:BL19) | BN19: =S19*8% | BO19: =S19*1.5% | BP19: =S19*1% | BR19: =SUM(BN19:BQ19) | BS19: =T19+U19+V19+W19 | BT19: =BH19-BS19-AH19 | BU19: =IF(E19="HĐLĐ",15500000,0) | BV19: 0 | BW19: =BV19*6200000 | BX19: =BR19 | BY19: =BU19+BW19+BX19 | BZ19: =IF(BT19-BY19>0,BT19-BY19,0) | CA19: =IF(AND(OR($E19="HĐTV",$E19="HĐCTV"),$BZ19<2000000),0,IF(OR($E19="HĐTV",$E19="HĐCTV"),$BZ19*10%,ROUND(IF($BZ19<=10000000,$BZ19*5%,IF($BZ19<=30000000,$BZ19*10%-500000,IF($BZ19<=60000000,$BZ19*20%-3500000,IF($BZ19<=100000000,$BZ19*30%-9500000,$BZ19*35%-14500000)))),0))) | CB19: =ROUND(BH19-BR19-CA19,0) | CD19: 0 | CE19: =CB19+CC19-CD19 | CF19: =CE19-CG19 | CG19: =CE19 | CI19: tham.ngo@medigoapp.com | CJ19: 0 | CK19: 12 | CL19: 0 | CM19: 20 | CN19: 8 | CO19: 2024 | CP19: =IF((($CO$7-CO19)*12)+($CN$7-CN19)>=12,((($CO$7-CO19)*12)+($CN$7-CN19))-1,0) | CQ19: =IF(CP19<12,(($CQ$7-CO19)*12)+($CP$7-CN19),0) | CR19: =IF(OR(CP19>12,CP19=12),((CP19-(CS19*12))+((($CQ$7-2024)*12)+($CP$7-4)))+1,0) | CS19: =IF(OR(CP19>12,CP19=12),ROUNDDOWN(CP19/12,0),0) | CT19: =IF(CQ19>11,ROUNDDOWN(CQ19/12,0),0) | CU19: =IF(CR19>11,ROUNDDOWN(CR19/12,0),0) | CV19: =IF(CP19=0,0,6000000*1.07^CS19) | CW19: =IF(CT19<2,0,6000000+(CT19-1)*500000) | CX19: =IF(CU19=0,CV19,IF(CU19<1,0,CV19+CU19*500000)) | CY19: =IF(CX19>0,CX19,IF(CW19>0,CW19,6000000))
A20: 9 | B20: 8 | C20: Duong Thi Huynh Nhu | D20: Dương Thị Huỳnh Như | E20: =IF(OR(G20="CHT",G20="DSBC",G20="DSXC"),"HĐLĐ",IF(OR(G20="DSTV",G20="Q.CHT"),"HĐTV","HĐCTV")) | F20: Đỗ Quang Đẩu | G20: DSTV | H20: 28/07/2026 | I20: 023704070008223 | J20: HD Bank | K20: 28 | L20: 4 | M20: 32.49 | N20: 0 | O20: 0 | S20: =IF(E20="HĐLĐ",5310000,0) | T20: 71428.571 | AA20: 0 | AB20: 0 | AC20: 6000000 | AD20: =AC20 | AE20: 6000000 | AF20: =IF(E20="HĐTV",AE20/K20*L20,AD20/K20*L20) | AG20: =IF(E20="HĐTV",AE20/28/8*M20,AC20/28/8*M20) | AH20: =IF(E20="HĐTV",AE20/28/8*N20*1.5,AC20/28/8*N20*1.5) | AI20: 0 | AJ20: 0 | AK20: 0 | AL20: 0 | AM20: 0 | AN20: 0 | AO20: 0 | AP20: 0 | AQ20: 0 | AR20: 0 | AS20: 0 | AT20: 0 | AU20: 0 | AV20: 0 | AW20: 0 | AX20: 0 | AY20: 0 | AZ20: 0 | BA20: 0 | BB20: 0 | BC20: 0 | BD20: 0 | BE20: 0 | BF20: 0 | BG20: 0 | BH20: =SUM(T20:AB20)+SUM(AF20:BA20)-SUM(BB20:BG20) | BI20: =S20*17.5% | BJ20: =S20*3% | BK20: =S20*1% | BM20: =SUM(BI20:BL20) | BN20: =S20*8% | BO20: =S20*1.5% | BP20: =S20*1% | BR20: =SUM(BN20:BQ20) | BS20: =T20+U20+V20+W20 | BT20: =BH20-BS20-AH20 | BU20: =IF(E20="HĐLĐ",15500000,0) | BV20: 0 | BW20: =BV20*6200000 | BX20: =BR20 | BY20: =BU20+BW20+BX20 | BZ20: =IF(BT20-BY20>0,BT20-BY20,0) | CA20: =IF(AND(OR($E20="HĐTV",$E20="HĐCTV"),$BZ20<2000000),0,IF(OR($E20="HĐTV",$E20="HĐCTV"),$BZ20*10%,ROUND(IF($BZ20<=10000000,$BZ20*5%,IF($BZ20<=30000000,$BZ20*10%-500000,IF($BZ20<=60000000,$BZ20*20%-3500000,IF($BZ20<=100000000,$BZ20*30%-9500000,$BZ20*35%-14500000)))),0))) | CB20: =ROUND(BH20-BR20-CA20,0) | CD20: 0 | CE20: =CB20+CC20-CD20 | CF20: =CE20-CG20 | CG20: =CE20 | CI20: nhu.duong@medigoapp.com | CK20: 9 | CY20: =IF(CX20>0,CX20,IF(CW20>0,CW20,6000000))
A21: 10 | B21: 8 | C21: Pham Thi Nghia Huong | D21: Phạm Thị Nghĩa Hương | E21: =IF(OR(G21="CHT",G21="DSBC",G21="DSXC"),"HĐLĐ",IF(OR(G21="DSTV",G21="Q.CHT"),"HĐTV","HĐCTV")) | F21: Đỗ Quang Đẩu | G21: DSBC | H21: 45575 | I21: 0968249073 | J21: Mb bank | K21: 28 | L21: 29 | M21: 11.02 | N21: 230.26 | O21: 8 | S21: =IF(E21="HĐLĐ",5310000,0) | T21: 500000 | AA21: 0 | AB21: 0 | AC21: 6000000 | AG21: =IF(E21="HĐTV",AE21/28/8*M21,AC21/28/8*M21) | AH21: =IF(E21="HĐTV",AE21/28/8*N21*1.5,AC21/28/8*N21*1.5) | AI21: 1500000 | AJ21: 0 | AK21: 0 | AL21: 0 | AM21: 0 | AN21: 0 | AO21: 0 | AP21: 629100 | AQ21: 7550 | AR21: 0 | AS21: 0 | AT21: 0 | AU21: 0 | AV21: 340044 | AW21: 0 | AX21: 0 | AY21: 0 | AZ21: 0 | BA21: 0 | BB21: 0 | BC21: 0 | BD21: 100000 | BE21: 0 | BF21: 0 | BG21: 0 | BH21: =SUM(T21:AB21)+SUM(AF21:BA21)-SUM(BB21:BG21) | BI21: =S21*17.5% | BJ21: =S21*3% | BK21: =S21*1% | BM21: =SUM(BI21:BL21) | BN21: =S21*8% | BO21: =S21*1.5% | BP21: =S21*1% | BR21: =SUM(BN21:BQ21) | BS21: =T21+U21+V21+W21 | BT21: =BH21-BS21-AH21 | BU21: =IF(E21="HĐLĐ",15500000,0) | BV21: 0 | BW21: =BV21*6200000 | BX21: =BR21 | BY21: =BU21+BW21+BX21 | BZ21: =IF(BT21-BY21>0,BT21-BY21,0) | CA21: =IF(AND(OR($E21="HĐTV",$E21="HĐCTV"),$BZ21<2000000),0,IF(OR($E21="HĐTV",$E21="HĐCTV"),$BZ21*10%,ROUND(IF($BZ21<=10000000,$BZ21*5%,IF($BZ21<=30000000,$BZ21*10%-500000,IF($BZ21<=60000000,$BZ21*20%-3500000,IF($BZ21<=100000000,$BZ21*30%-9500000,$BZ21*35%-14500000)))),0))) | CB21: =ROUND(BH21-BR21-CA21,0) | CD21: 0 | CE21: =CB21+CC21-CD21 | CF21: =CE21-CG21 | CG21: =CE21 | CI21: huong.pham@medigoapp.com | CJ21: 0 | CK21: 10 | CL21: 0 | CM21: 10 | CN21: 10 | CO21: 2024 | CP21: 0 | CQ21: 17 | CR21: =IF(OR(CP21>12,CP21=12),((CP21-(CS21*12))+((($CQ$7-2024)*12)+($CP$7-4)))+1,0) | CS21: 0 | CT21: 1 | CU21: 0 | CV21: 0 | CW21: 0 | CX21: 0 | CY21: =IF(CX21>0,CX21,IF(CW21>0,CW21,6000000))
A22: 11 | B22: 8 | C22: Tran Thien Phat | D22: Trần Thiên Phát | E22: =IF(OR(G22="CHT",G22="DSBC",G22="DSXC"),"HĐLĐ",IF(OR(G22="DSTV",G22="Q.CHT"),"HĐTV","HĐCTV")) | F22: Đỗ Quang Đẩu | G22: DSBC | H22: 21/07/2025 | I22: 0345611564 | J22: Mbbank | K22: 28 | L22: 31 | M22: 16 | N22: 245.44 | O22: 16 | S22: =IF(E22="HĐLĐ",5310000,0) | T22: 500000 | AA22: 0 | AB22: 0 | AC22: 6000000 | AG22: =IF(E22="HĐTV",AE22/28/8*M22,AC22/28/8*M22) | AH22: =IF(E22="HĐTV",AE22/28/8*N22*1.5,AC22/28/8*N22*1.5) | AI22: 1500000 | AJ22: 0 | AK22: 0 | AL22: 0 | AM22: 0 | AN22: 0 | AO22: 0 | AP22: 867600 | AQ22: 4035 | AR22: 0 | AS22: 0 | AT22: 0 | AU22: 0 | AV22: 375112 | AW22: 0 | AX22: 0 | AY22: 0 | AZ22: 100000 | BA22: 100000 | BB22: 0 | BC22: 0 | BD22: 0 | BE22: 0 | BF22: 0 | BG22: 0 | BH22: =SUM(T22:AB22)+SUM(AF22:BA22)-SUM(BB22:BG22) | BI22: =S22*17.5% | BJ22: =S22*3% | BK22: =S22*1% | BM22: =SUM(BI22:BL22) | BN22: =S22*8% | BO22: =S22*1.5% | BP22: =S22*1% | BR22: =SUM(BN22:BQ22) | BS22: =T22+U22+V22+W22 | BT22: =BH22-BS22-AH22 | BU22: =IF(E22="HĐLĐ",15500000,0) | BV22: 0 | BW22: =BV22*6200000 | BX22: =BR22 | BY22: =BU22+BW22+BX22 | BZ22: =IF(BT22-BY22>0,BT22-BY22,0) | CA22: =IF(AND(OR($E22="HĐTV",$E22="HĐCTV"),$BZ22<2000000),0,IF(OR($E22="HĐTV",$E22="HĐCTV"),$BZ22*10%,ROUND(IF($BZ22<=10000000,$BZ22*5%,IF($BZ22<=30000000,$BZ22*10%-500000,IF($BZ22<=60000000,$BZ22*20%-3500000,IF($BZ22<=100000000,$BZ22*30%-9500000,$BZ22*35%-14500000)))),0))) | CB22: =ROUND(BH22-BR22-CA22,0) | CD22: 0 | CE22: =CB22+CC22-CD22 | CF22: =CE22-CG22 | CG22: =CE22 | CI22: phat.tran@medigoapp.com | CJ22: 0 | CK22: 8 | CL22: 0 | CM22: 21 | CN22: 7 | CO22: 2025 | CP22: =IF((($CO$7-CO22)*12)+($CN$7-CN22)>=12,((($CO$7-CO22)*12)+($CN$7-CN22))-1,0) | CQ22: =IF(CP22<12,(($CQ$7-CO22)*12)+($CP$7-CN22),0) | CR22: =IF(OR(CP22>12,CP22=12),((CP22-(CS22*12))+((($CQ$7-2024)*12)+($CP$7-4)))+1,0) | CS22: =IF(OR(CP22>12,CP22=12),ROUNDDOWN(CP22/12,0),0) | CT22: =IF(CQ22>11,ROUNDDOWN(CQ22/12,0),0) | CU22: =IF(CR22>11,ROUNDDOWN(CR22/12,0),0) | CV22: =IF(CP22=0,0,6000000*1.07^CS22) | CW22: =IF(CT22<2,0,6000000+(CT22-1)*500000) | CX22: =IF(CU22=0,CV22,IF(CU22<1,0,CV22+CU22*500000)) | CY22: =IF(CX22>0,CX22,IF(CW22>0,CW22,6000000))
A23: 12 | B23: 8 | C23: Hoang Lam Gia Bao | D23: Hoàng Lâm Gia Bảo | E23: =IF(OR(G23="CHT",G23="DSBC",G23="DSXC"),"HĐLĐ",IF(OR(G23="DSTV",G23="Q.CHT"),"HĐTV","HĐCTV")) | F23: Đỗ Quang Đẩu | G23: DSBC | H23: 27/5/2026 | I23: 067106916868 | J23: Sacombank | K23: 28 | L23: 4 | M23: 44.77 | N23: 0.5 | O23: 16 | S23: =IF(E23="HĐLĐ",5310000,0) | T23: 17857.143 | AA23: 0 | AB23: 0 | AC23: 6000000 | AD23: =AC23 | AE23: 0 | AF23: =IF(E23="HĐTV",AE23/K23*L23,AD23/K23*L23) | AG23: =IF(E23="HĐTV",AE23/28/8*M23,AC23/28/8*M23) | AH23: =IF(E23="HĐTV",AE23/28/8*N23*1.5,AC23/28/8*N23*1.5) | AI23: 0 | AJ23: 0 | AK23: 0 | AL23: 0 | AM23: 0 | AN23: 0 | AO23: 0 | AP23: 0 | AQ23: 0 | AR23: 0 | AS23: 0 | AT23: 0 | AU23: 0 | AV23: 0 | AW23: 0 | AX23: 0 | AY23: 0 | AZ23: 0 | BA23: 0 | BB23: 0 | BC23: 0 | BD23: 0 | BE23: 0 | BF23: 0 | BG23: 0 | BH23: =SUM(T23:AB23)+SUM(AF23:BA23)-SUM(BB23:BG23) | BI23: =S23*17.5% | BJ23: =S23*3% | BK23: =S23*1% | BM23: =SUM(BI23:BL23) | BN23: =S23*8% | BO23: =S23*1.5% | BP23: =S23*1% | BR23: =SUM(BN23:BQ23) | BS23: =T23+U23+V23+W23 | BT23: =BH23-BS23-AH23 | BU23: =IF(E23="HĐLĐ",15500000,0) | BV23: 0 | BW23: =BV23*6200000 | BX23: =BR23 | BY23: =BU23+BW23+BX23 | BZ23: =IF(BT23-BY23>0,BT23-BY23,0) | CA23: =IF(AND(OR($E23="HĐTV",$E23="HĐCTV"),$BZ23<2000000),0,IF(OR($E23="HĐTV",$E23="HĐCTV"),$BZ23*10%,ROUND(IF($BZ23<=10000000,$BZ23*5%,IF($BZ23<=30000000,$BZ23*10%-500000,IF($BZ23<=60000000,$BZ23*20%-3500000,IF($BZ23<=100000000,$BZ23*30%-9500000,$BZ23*35%-14500000)))),0))) | CB23: =ROUND(BH23-BR23-CA23,0) | CD23: 0 | CE23: =CB23+CC23-CD23 | CF23: =CE23-CG23 | CG23: =CE23 | CI23: mailto:ha.le@medigoapp.com | CK23: 11 | CY23: =IF(CX23>0,CX23,IF(CW23>0,CW23,6000000))
A24: 13 | B24: 8 | C24: Hoang Thanh Thuy | D24: Hoàng Thanh Thủy | E24: =IF(OR(G24="CHT",G24="DSBC",G24="DSXC"),"HĐLĐ",IF(OR(G24="DSTV",G24="Q.CHT"),"HĐTV","HĐCTV")) | F24: Đỗ Quang Đẩu | G24: DSBC | H24: 27/10/2025 | I24: 615704060127761 | J24: VIB | K24: 28 | L24: 30 | M24: 262.37 | N24: 1.1 | O24: 16 | S24: =IF(E24="HĐLĐ",5310000,0) | T24: 500000 | AA24: 0 | AB24: 0 | AC24: 6000000 | AG24: =IF(E24="HĐTV",AE24/28/8*M24,AC24/28/8*M24) | AH24: =IF(E24="HĐTV",AE24/28/8*N24*1.5,AC24/28/8*N24*1.5) | AI24: 0 | AJ24: 0 | AK24: 0 | AL24: 0 | AM24: 0 | AN24: 0 | AO24: 0 | AP24: 1723400 | AQ24: 40230 | AR24: 0 | AS24: 0 | AT24: 0 | AU24: 0 | AV24: 3697588 | AW24: 0 | AX24: 0 | AY24: 0 | AZ24: 0 | BA24: 0 | BB24: 0 | BC24: 0 | BD24: 100000 | BE24: 0 | BF24: 0 | BG24: 0 | BH24: =SUM(T24:AB24)+SUM(AF24:BA24)-SUM(BB24:BG24) | BI24: =S24*17.5% | BJ24: =S24*3% | BK24: =S24*1% | BM24: =SUM(BI24:BL24) | BN24: =S24*8% | BO24: =S24*1.5% | BP24: =S24*1% | BR24: =SUM(BN24:BQ24) | BS24: =T24+U24+V24+W24 | BT24: =BH24-BS24-AH24 | BU24: =IF(E24="HĐLĐ",15500000,0) | BV24: 0 | BW24: =BV24*6200000 | BX24: =BR24 | BY24: =BU24+BW24+BX24 | BZ24: =IF(BT24-BY24>0,BT24-BY24,0) | CA24: =IF(AND(OR($E24="HĐTV",$E24="HĐCTV"),$BZ24<2000000),0,IF(OR($E24="HĐTV",$E24="HĐCTV"),$BZ24*10%,ROUND(IF($BZ24<=10000000,$BZ24*5%,IF($BZ24<=30000000,$BZ24*10%-500000,IF($BZ24<=60000000,$BZ24*20%-3500000,IF($BZ24<=100000000,$BZ24*30%-9500000,$BZ24*35%-14500000)))),0))) | CB24: =ROUND(BH24-BR24-CA24,0) | CD24: 0 | CE24: =CB24+CC24-CD24 | CF24: =CE24-CG24 | CG24: =CE24 | CI24: =VLOOKUP($C28,[5]Sheet1!$C$5:$K$139,9,0) | CJ24: Sai kênh bán HD1155007 : 100.000đ | CK24: 3 | CL24: 0 | CM24: 27 | CN24: 10 | CO24: 2025 | CP24: =IF((($CO$7-CO24)*12)+($CN$7-CN24)>=12,((($CO$7-CO24)*12)+($CN$7-CN24))-1,0) | CQ24: =IF(CP24<12,(($CQ$7-CO24)*12)+($CP$7-CN24),0) | CR24: =IF(OR(CP24>12,CP24=12),((CP24-(CS24*12))+((($CQ$7-2024)*12)+($CP$7-4)))+1,0) | CS24: =IF(OR(CP24>12,CP24=12),ROUNDDOWN(CP24/12,0),0) | CT24: =IF(CQ24>11,ROUNDDOWN(CQ24/12,0),0) | CU24: =IF(CR24>11,ROUNDDOWN(CR24/12,0),0) | CV24: =IF(CP24=0,0,6000000*1.07^CS24) | CW24: =IF(CT24<2,0,6000000+(CT24-1)*500000) | CX24: =IF(CU24=0,CV24,IF(CU24<1,0,CV24+CU24*500000)) | CY24: =IF(CX24>0,CX24,IF(CW24>0,CW24,6000000))
A25: 14 | B25: 8 | C25: Le Thi Huyen Tran | D25: Lê Thị Huyền Trân | E25: =IF(OR(G25="CHT",G25="DSBC",G25="DSXC"),"HĐLĐ",IF(OR(G25="DSTV",G25="Q.CHT"),"HĐTV","HĐCTV")) | F25: Đỗ Quang Đẩu | G25: DSBC | H25: 45510 | I25: 03130767201 | J25: Tiên Phong Bank | K25: 28 | L25: 30 | M25: 252.16 | N25: 8.08 | O25: 16 | S25: =IF(E25="HĐLĐ",5310000,0) | T25: 500000 | AA25: 0 | AB25: 0 | AC25: 6000000 | AG25: =IF(E25="HĐTV",AE25/28/8*M25,AC25/28/8*M25) | AH25: =IF(E25="HĐTV",AE25/28/8*N25*1.5,AC25/28/8*N25*1.5) | AI25: 0 | AJ25: 0 | AK25: 0 | AL25: 0 | AM25: 0 | AN25: 0 | AO25: 0 | AP25: 1139700 | AQ25: 37807 | AR25: 160 | AS25: 0 | AT25: 0 | AU25: 0 | AV25: 2352976 | AW25: 0 | AX25: 0 | AY25: 0 | AZ25: 0 | BA25: 0 | BB25: 0 | BC25: 0 | BD25: 0 | BE25: 0 | BF25: 0 | BG25: 0 | BH25: =SUM(T25:AB25)+SUM(AF25:BA25)-SUM(BB25:BG25) | BI25: =S25*17.5% | BJ25: =S25*3% | BK25: =S25*1% | BM25: =SUM(BI25:BL25) | BN25: =S25*8% | BO25: =S25*1.5% | BP25: =S25*1% | BR25: =SUM(BN25:BQ25) | BS25: =T25+U25+V25+W25 | BT25: =BH25-BS25-AH25 | BU25: =IF(E25="HĐLĐ",15500000,0) | BV25: 0 | BW25: =BV25*6200000 | BX25: =BR25 | BY25: =BU25+BW25+BX25 | BZ25: =IF(BT25-BY25>0,BT25-BY25,0) | CA25: =IF(AND(OR($E25="HĐTV",$E25="HĐCTV"),$BZ25<2000000),0,IF(OR($E25="HĐTV",$E25="HĐCTV"),$BZ25*10%,ROUND(IF($BZ25<=10000000,$BZ25*5%,IF($BZ25<=30000000,$BZ25*10%-500000,IF($BZ25<=60000000,$BZ25*20%-3500000,IF($BZ25<=100000000,$BZ25*30%-9500000,$BZ25*35%-14500000)))),0))) | CB25: =ROUND(BH25-BR25-CA25,0) | CD25: 0 | CE25: =CB25+CC25-CD25 | CF25: =CE25-CG25 | CG25: =CE25 | CI25: tran.le@medigoapp.com | CJ25: 0 | CK25: 1 | CL25: 0 | CM25: 6 | CN25: 8 | CO25: 2024 | CP25: =IF((($CO$7-CO25)*12)+($CN$7-CN25)>=12,((($CO$7-CO25)*12)+($CN$7-CN25))-1,0) | CQ25: =IF(CP25<12,(($CQ$7-CO25)*12)+($CP$7-CN25),0) | CR25: =IF(OR(CP25>12,CP25=12),((CP25-(CS25*12))+((($CQ$7-2024)*12)+($CP$7-4)))+1,0) | CS25: =IF(OR(CP25>12,CP25=12),ROUNDDOWN(CP25/12,0),0) | CT25: =IF(CQ25>11,ROUNDDOWN(CQ25/12,0),0) | CU25: =IF(CR25>11,ROUNDDOWN(CR25/12,0),0) | CV25: =IF(CP25=0,0,6000000*1.07^CS25) | CW25: =IF(CT25<2,0,6000000+(CT25-1)*500000) | CX25: =IF(CU25=0,CV25,IF(CU25<1,0,CV25+CU25*500000)) | CY25: =IF(CX25>0,CX25,IF(CW25>0,CW25,6000000))
F26: =SUM(F19:F25) | K26: =SUM(K19:K25) | L26: =SUM(L19:L25) | M26: =SUM(M19:M25) | N26: =SUM(N19:N25) | O26: =SUM(O19:O25) | P26: =SUM(P19:P25) | Q26: =SUM(Q19:Q25) | S26: =SUM(S19:S25) | T26: =SUM(T19:T25) | U26: =SUM(U19:U25) | V26: =SUM(V19:V25) | W26: =SUM(W19:W25) | X26: =SUM(X19:X25) | Y26: =SUM(Y19:Y25) | Z26: =SUM(Z19:Z25) | ... CG26: =SUM(CG19:CG25) | CL26: =SUM(CL19:CL25)
A27: 15 | B27: 8 | C27: Thai Thuy Linh | D27: Thái Thùy Linh | E27: =IF(OR(G27="CHT",G27="DSBC",G27="DSXC"),"HĐLĐ",IF(OR(G27="DSTV",G27="Q.CHT"),"HĐTV","HĐCTV")) | F27: Minh Châu | G27: CHT | H27: 44644 | I27: 070077077837 | J27: Sacombank | K27: 28 | L27: 27 | M27: 202.49 | N27: 49.04 | O27: 0 | S27: =IF(E27="HĐLĐ",5310000,0) | T27: 482142.86 | AA27: 0 | AB27: 0 | AC27: 7869400 | AG27: =IF(E27="HĐTV",AE27/28/8*M27,AC27/28/8*M27) | AH27: =IF(E27="HĐTV",AE27/28/8*N27*1.5,AC27/28/8*N27*1.5) | AI27: 0 | AJ27: 0 | AK27: 0 | AL27: 1,500,000 | AM27: 0 | AN27: 0 | AO27: 0 | AP27: 1446150 | AQ27: 107427 | AR27: 0 | AS27: 500000 | AT27: 0 | AU27: 300000 | AV27: 0 | AW27: 0 | AX27: 0 | AY27: 0 | AZ27: 0 | BA27: 2017813 | BB27: 0 | BC27: 0 | BD27: 0 | BE27: 0 | BF27: 0 | BG27: 0 | BH27: =SUM(T27:AB27)+SUM(AF27:BA27)-SUM(BB27:BG27) | BI27: =S27*17.5% | BJ27: =S27*3% | BK27: =S27*1% | BM27: =SUM(BI27:BL27) | BN27: =S27*8% | BO27: =S27*1.5% | BP27: =S27*1% | BR27: =SUM(BN27:BQ27) | BS27: =T27+U27+V27+W27 | BT27: =BH27-BS27-AH27 | BU27: =IF(E27="HĐLĐ",15500000,0) | BV27: 0 | BW27: =BV27*6200000 | BX27: =BR27 | BY27: =BU27+BW27+BX27 | BZ27: =IF(BT27-BY27>0,BT27-BY27,0) | CA27: =IF(AND(OR($E27="HĐTV",$E27="HĐCTV"),$BZ27<2000000),0,IF(OR($E27="HĐTV",$E27="HĐCTV"),$BZ27*10%,ROUND(IF($BZ27<=10000000,$BZ27*5%,IF($BZ27<=30000000,$BZ27*10%-500000,IF($BZ27<=60000000,$BZ27*20%-3500000,IF($BZ27<=100000000,$BZ27*30%-9500000,$BZ27*35%-14500000)))),0))) | CB27: =ROUND(BH27-BR27-CA27,0) | CD27: 0 | CE27: =CB27+CC27-CD27 | CF27: =CE27-CG27 | CG27: =CE27 | CI27: linh.thai@medigoapp.com | CJ27: 13993964 | CK27: 12 | CL27: 0 | CM27: 24 | CN27: 3 | CO27: 2022 | CP27: =IF((($CO$7-CO27)*12)+($CN$7-CN27)>=12,((($CO$7-CO27)*12)+($CN$7-CN27))-1,0) | CQ27: =IF(CP27<12,(($CQ$7-CO27)*12)+($CP$7-CN27),0) | CR27: =IF(OR(CP27>12,CP27=12),((CP27-(CS27*12))+((($CQ$7-2024)*12)+($CP$7-4)))+1,0) | CS27: =IF(OR(CP27>12,CP27=12),ROUNDDOWN(CP27/12,0),0) | CT27: =IF(CQ27>11,ROUNDDOWN(CQ27/12,0),0) | CU27: =IF(CR27>11,ROUNDDOWN(CR27/12,0),0) | CV27: =IF(CP27=0,0,6000000*1.07^CS27) | CW27: =IF(CT27<2,0,6000000+(CT27-1)*500000) | CX27: =IF(CU27=0,CV27,IF(CU27<1,0,CV27+CU27*500000)) | CY27: =IF(CX27>0,CX27,IF(CW27>0,CW27,6000000))
A28: 16 | B28: 8 | C28: Trinh Thi Phuong | D28: Trịnh Thị Phượng | E28: =IF(OR(G28="CHT",G28="DSBC",G28="DSXC"),"HĐLĐ",IF(OR(G28="DSTV",G28="Q.CHT"),"HĐTV","HĐCTV")) | F28: Minh Châu | G28: DSBC | H28: 45096 | I28: 10200014211025 | J28: Đông Nam Á (Seabank) | K28: 28 | L28: 6 | M28: 0 | N28: 46.45 | O28: 0 | S28: =IF(E28="HĐLĐ",5310000,0) | T28: 107142.86 | AA28: 0 | AB28: 0 | AC28: 6500000 | AG28: =IF(E28="HĐTV",AE28/28/8*M28,AC28/28/8*M28) | AH28: =IF(E28="HĐTV",AE28/28/8*N28*1.5,AC28/28/8*N28*1.5) | AI28: 321439 | AJ28: 0 | AK28: 0 | AL28: 0 | AM28: 0 | AN28: 0 | AO28: 1301447 | AP28: 0 | AQ28: 11205 | AR28: 0 | AS28: 0 | AT28: 0 | AU28: 0 | AV28: 0 | AW28: 0 | AX28: 0 | AY28: 0 | AZ28: 0 | BA28: 0 | BB28: 0 | BC28: 0 | BD28: 0 | BE28: 0 | BF28: 0 | BG28: 0 | BH28: =SUM(T28:AB28)+SUM(AF28:BA28)-SUM(BB28:BG28) | BI28: =S28*17.5% | BJ28: =S28*3% | BK28: =S28*1% | BM28: =SUM(BI28:BL28) | BN28: =S28*8% | BO28: =S28*1.5% | BP28: =S28*1% | BR28: =SUM(BN28:BQ28) | BS28: =T28+U28+V28+W28 | BT28: =BH28-BS28-AH28 | BU28: =IF(E28="HĐLĐ",15500000,0) | BV28: 1 | BW28: =BV28*6200000 | BX28: =BR28 | BY28: =BU28+BW28+BX28 | BZ28: =IF(BT28-BY28>0,BT28-BY28,0) | CA28: =IF(AND(OR($E28="HĐTV",$E28="HĐCTV"),$BZ28<2000000),0,IF(OR($E28="HĐTV",$E28="HĐCTV"),$BZ28*10%,ROUND(IF($BZ28<=10000000,$BZ28*5%,IF($BZ28<=30000000,$BZ28*10%-500000,IF($BZ28<=60000000,$BZ28*20%-3500000,IF($BZ28<=100000000,$BZ28*30%-9500000,$BZ28*35%-14500000)))),0))) | CB28: =ROUND(BH28-BR28-CA28,0) | CD28: 0 | CE28: =CB28+CC28-CD28 | CF28: =CE28-CG28 | CG28: =CE28 | CI28: phuong.trinh@medigoapp.com | CJ28: 0 | CK28: 4 | CL28: 0 | CM28: 19 | CN28: 6 | CO28: 2023 | CP28: =IF((($CO$7-CO28)*12)+($CN$7-CN28)>=12,((($CO$7-CO28)*12)+($CN$7-CN28))-1,0) | CQ28: =IF(CP28<12,(($CQ$7-CO28)*12)+($CP$7-CN28),0) | CR28: =IF(OR(CP28>12,CP28=12),((CP28-(CS28*12))+((($CQ$7-2024)*12)+($CP$7-4)))+1,0) | CS28: =IF(OR(CP28>12,CP28=12),ROUNDDOWN(CP28/12,0),0) | CT28: =IF(CQ28>11,ROUNDDOWN(CQ28/12,0),0) | CU28: =IF(CR28>11,ROUNDDOWN(CR28/12,0),0) | CV28: =IF(CP28=0,0,6000000*1.07^CS28) | CW28: =IF(CT28<2,0,6000000+(CT28-1)*500000) | CX28: =IF(CU28=0,CV28,IF(CU28<1,0,CV28+CU28*500000)) | CY28: =IF(CX28>0,CX28,IF(CW28>0,CW28,6000000))
A29: 17 | B29: 8 | C29: Phan Cong Vu Tai | D29: Phan Công Vũ Tài | E29: =IF(OR(G29="CHT",G29="DSBC",G29="DSXC"),"HĐLĐ",IF(OR(G29="DSTV",G29="Q.CHT"),"HĐTV","HĐCTV")) | F29: Minh Châu | G29: DSBC | H29: 26/01/2026 | I29: 02446989901 | J29: Tp Bank | K29: 28 | L29: 28 | M29: 69.75 | N29: 185.25 | O29: 16 | S29: =IF(E29="HĐLĐ",5310000,0) | T29: 500000 | AA29: 0 | AB29: 0 | AC29: 6000000 | AG29: =IF(E29="HĐTV",AE29/28/8*M29,AC29/28/8*M29) | AH29: =IF(E29="HĐTV",AE29/28/8*N29*1.5,AC29/28/8*N29*1.5) | AI29: 1285714 | AJ29: 0 | AK29: 0 | AL29: 0 | AM29: 0 | AN29: 4000000 | AO29: 2145059 | AP29: 4854450 | AQ29: 15362 | AR29: 0 | AS29: 0 | AT29: 0 | AU29: 0 | AV29: 0 | AW29: 0 | AX29: 0 | AY29: 0 | AZ29: 0 | BA29: 0 | BB29: 0 | BC29: 0 | BD29: 100000 | BE29: 0 | BF29: 90000 | BG29: 0 | BH29: =SUM(T29:AB29)+SUM(AF29:BA29)-SUM(BB29:BG29) | BI29: =S29*17.5% | BJ29: =S29*3% | BK29: =S29*1% | BM29: =SUM(BI29:BL29) | BN29: =S29*8% | BO29: =S29*1.5% | BP29: =S29*1% | BR29: =SUM(BN29:BQ29) | BS29: =T29+U29+V29+W29 | BT29: =BH29-BS29-AH29 | BU29: =IF(E29="HĐLĐ",15500000,0) | BV29: 0 | BW29: =BV29*6200000 | BX29: =BR29 | BY29: =BU29+BW29+BX29 | BZ29: =IF(BT29-BY29>0,BT29-BY29,0) | CA29: =IF(AND(OR($E29="HĐTV",$E29="HĐCTV"),$BZ29<2000000),0,IF(OR($E29="HĐTV",$E29="HĐCTV"),$BZ29*10%,ROUND(IF($BZ29<=10000000,$BZ29*5%,IF($BZ29<=30000000,$BZ29*10%-500000,IF($BZ29<=60000000,$BZ29*20%-3500000,IF($BZ29<=100000000,$BZ29*30%-9500000,$BZ29*35%-14500000)))),0))) | CB29: =ROUND(BH29-BR29-CA29,0) | CD29: 6000000 | CE29: =CB29+CC29-CD29 | CF29: =CE29-CG29 | CG29: =CE29 | CI29: =VLOOKUP($C33,[5]Sheet1!$C$5:$K$139,9,0) | CJ29: 15257606 | CK29: 4 | CL29: 0 | CM29: 26 | CN29: 1 | CO29: 2026 | CP29: =IF((($CO$7-CO29)*12)+($CN$7-CN29)>=12,((($CO$7-CO29)*12)+($CN$7-CN29))-1,0) | CQ29: =IF(CP29<12,(($CQ$7-CO29)*12)+($CP$7-CN29),0) | CR29: =IF(OR(CP29>12,CP29=12),((CP29-(CS29*12))+((($CQ$7-2024)*12)+($CP$7-4)))+1,0) | CS29: =IF(OR(CP29>12,CP29=12),ROUNDDOWN(CP29/12,0),0) | CT29: =IF(CQ29>11,ROUNDDOWN(CQ29/12,0),0) | CU29: =IF(CR29>11,ROUNDDOWN(CR29/12,0),0) | CV29: =IF(CP29=0,0,6000000*1.07^CS29) | CW29: =IF(CT29<2,0,6000000+(CT29-1)*500000) | CX29: =IF(CU29=0,CV29,IF(CU29<1,0,CV29+CU29*500000)) | CY29: 6000000
A30: 18 | B30: 8 | D30: Đoàn Quốc Tâm | E30: =IF(OR(G30="CHT",G30="DSBC",G30="DSXC"),"HĐLĐ",IF(OR(G30="DSTV",G30="Q.CHT"),"HĐTV","HĐCTV")) | F30: Minh Châu | G30: DSBC | H30: 25/3/2024 | I30: 23241857 | J30: ACB | K30: 28 | L30: 30 | M30: 283.54 | N30: 55.74 | O30: 16 | S30: =IF(E30="HĐLĐ",5310000,0) | T30: 500000 | AA30: 0 | AB30: 0 | AC30: 6500000 | AD30: =AC30 | AE30: 0 | AF30: =IF(E30="HĐTV",AE30/K30*L30,AD30/K30*L30) | AG30: =IF(E30="HĐTV",AE30/28/8*M30,AC30/28/8*M30) | AH30: =IF(E30="HĐTV",AE30/28/8*N30*1.5,AC30/28/8*N30*1.5) | AI30: 0 | AJ30: 0 | AK30: 0 | AL30: 0 | AM30: 0 | AN30: 1000000 | AO30: 0 | AP30: 3048900 | AQ30: 68625 | AR30: 0 | AS30: 0 | AT30: 0 | AU30: 0 | AV30: 0 | AW30: 0 | AX30: 0 | AY30: 0 | AZ30: 0 | BA30: 0 | BB30: 0 | BC30: 0 | BD30: 0 | BE30: 0 | BF30: 0 | BG30: 0 | BH30: =SUM(T30:AB30)+SUM(AF30:BA30)-SUM(BB30:BG30) | BI30: =S30*17.5% | BJ30: =S30*3% | BK30: =S30*1% | BM30: =SUM(BI30:BL30) | BN30: =S30*8% | BO30: =S30*1.5% | BP30: =S30*1% | BR30: =SUM(BN30:BQ30) | BS30: =T30+U30+V30+W30 | BT30: =BH30-BS30-AH30 | BU30: =IF(E30="HĐLĐ",15500000,0) | BV30: 0 | BW30: =BV30*6200000 | BX30: =BR30 | BY30: =BU30+BW30+BX30 | BZ30: =IF(BT30-BY30>0,BT30-BY30,0) | CA30: =IF(AND(OR($E30="HĐTV",$E30="HĐCTV"),$BZ30<2000000),0,IF(OR($E30="HĐTV",$E30="HĐCTV"),$BZ30*10%,ROUND(IF($BZ30<=10000000,$BZ30*5%,IF($BZ30<=30000000,$BZ30*10%-500000,IF($BZ30<=60000000,$BZ30*20%-3500000,IF($BZ30<=100000000,$BZ30*30%-9500000,$BZ30*35%-14500000)))),0))) | CB30: =ROUND(BH30-BR30-CA30,0) | CD30: 0 | CE30: =CB30+CC30-CD30 | CF30: =CE30-CG30 | CG30: =CE30 | CI30: mailto:ha.le@medigoapp.com | CY30: =IF(CX30>0,CX30,IF(CW30>0,CW30,6000000))
A31: 19 | B31: 8 | C31: Nguyen Ngoc Thuy | D31: Nguyễn Ngọc Thùy | E31: =IF(OR(G31="CHT",G31="DSBC",G31="DSXC"),"HĐLĐ",IF(OR(G31="DSTV",G31="Q.CHT"),"HĐTV","HĐCTV")) | F31: Minh Châu | G31: DSTV | H31: 14/07/2026 | I31: 0798366668888 | J31: MB Bank | K31: 28 | L31: 28 | M31: 206.43 | N31: 32.22 | O31: 0 | S31: =IF(E31="HĐLĐ",5310000,0) | T31: 500000 | AA31: 0 | AB31: 0 | AC31: 6000000 | AD31: =AC31 | AE31: 6000000 | AF31: =IF(E31="HĐTV",AE31/K31*L31,AD31/K31*L31) | AG31: =IF(E31="HĐTV",AE31/28/8*M31,AC31/28/8*M31) | AH31: =IF(E31="HĐTV",AE31/28/8*N31*1.5,AC31/28/8*N31*1.5) | AI31: 0 | AJ31: 0 | AK31: 0 | AL31: 0 | AM31: 0 | AN31: 1000000 | AO31: 0 | AP31: 380880 | AQ31: 0 | AR31: 0 | AS31: 0 | AT31: 0 | AU31: 0 | AV31: 0 | AW31: 0 | AX31: 0 | AY31: 0 | AZ31: 0 | BA31: 0 | BB31: 0 | BC31: 0 | BD31: 0 | BE31: 0 | BF31: 500000 | BG31: 0 | BH31: =SUM(T31:AB31)+SUM(AF31:BA31)-SUM(BB31:BG31) | BI31: =S31*17.5% | BJ31: =S31*3% | BK31: =S31*1% | BM31: =SUM(BI31:BL31) | BN31: =S31*8% | BO31: =S31*1.5% | BP31: =S31*1% | BR31: =SUM(BN31:BQ31) | BS31: =T31+U31+V31+W31 | BT31: =BH31-BS31-AH31 | BU31: =IF(E31="HĐLĐ",15500000,0) | BV31: 0 | BW31: =BV31*6200000 | BX31: =BR31 | BY31: =BU31+BW31+BX31 | BZ31: =IF(BT31-BY31>0,BT31-BY31,0) | CA31: =IF(AND(OR($E31="HĐTV",$E31="HĐCTV"),$BZ31<2000000),0,IF(OR($E31="HĐTV",$E31="HĐCTV"),$BZ31*10%,ROUND(IF($BZ31<=10000000,$BZ31*5%,IF($BZ31<=30000000,$BZ31*10%-500000,IF($BZ31<=60000000,$BZ31*20%-3500000,IF($BZ31<=100000000,$BZ31*30%-9500000,$BZ31*35%-14500000)))),0))) | CB31: =ROUND(BH31-BR31-CA31,0) | CD31: 0 | CE31: =CB31+CC31-CD31 | CF31: =CE31-CG31 | CG31: =CE31 | CI31: thuy.nguyen@medigoapp.com | CK31: 2 | CY31: =IF(CX31>0,CX31,IF(CW31>0,CW31,6000000))
F32: =SUM(F27:F31) | K32: =SUM(K27:K31) | L32: =SUM(L27:L31) | M32: =SUM(M27:M31) | N32: =SUM(N27:N31) | O32: =SUM(O27:O31) | P32: =SUM(P27:P31) | Q32: =SUM(Q27:Q31) | S32: =SUM(S27:S31) | T32: =SUM(T27:T31) | U32: =SUM(U27:U31) | V32: =SUM(V27:V31) | W32: =SUM(W27:W31) | X32: =SUM(X27:X31) | Y32: =SUM(Y27:Y31) | Z32: =SUM(Z27:Z31) | ... CG32: =SUM(CG27:CG31) | CL32: =SUM(CL27:CL31)
A33: 20 | B33: 8 | C33: Ho Thi Minh Hoa | D33: Hồ Thị Minh Hòa | E33: =IF(OR(G33="CHT",G33="DSBC",G33="DSXC"),"HĐLĐ",IF(OR(G33="DSTV",G33="Q.CHT"),"HĐTV","HĐCTV")) | F33: Lê Bình | G33: CHT | H33: 45352 | I33: 0051000542226 | J33: Vietcombank | K33: 28 | L33: 28 | M33: 272.06 | N33: 6.88 | O33: 0 | S33: =IF(E33="HĐLĐ",5310000,0) | T33: 500000 | AA33: 0 | AB33: 0 | AC33: 6500000 | AG33: =IF(E33="HĐTV",AE33/28/8*M33,AC33/28/8*M33) | AH33: =IF(E33="HĐTV",AE33/28/8*N33*1.5,AC33/28/8*N33*1.5) | AI33: 0 | AJ33: 0 | AK33: 0 | AL33: 1500000 | AM33: 0 | AN33: 0 | AO33: 0 | AP33: 1265850 | AQ33: 0 | AR33: 60 | AS33: 0 | AT33: 0 | AU33: 345000 | AV33: 0 | AW33: 0 | AX33: 0 | AY33: 0 | AZ33: 0 | BA33: 0 | BB33: 0 | BC33: 0 | BD33: 0 | BE33: 0 | BF33: 0 | BG33: 0 | BH33: =SUM(T33:AB33)+SUM(AF33:BA33)-SUM(BB33:BG33) | BI33: =S33*17.5% | BJ33: =S33*3% | BK33: =S33*1% | BM33: =SUM(BI33:BL33) | BN33: =S33*8% | BO33: =S33*1.5% | BP33: =S33*1% | BR33: =SUM(BN33:BQ33) | BS33: =T33+U33+V33+W33 | BT33: =BH33-BS33-AH33 | BU33: =IF(E33="HĐLĐ",15500000,0) | BV33: 0 | BW33: =BV33*6200000 | BX33: =BR33 | BY33: =BU33+BW33+BX33 | BZ33: =IF(BT33-BY33>0,BT33-BY33,0) | CA33: =IF(AND(OR($E33="HĐTV",$E33="HĐCTV"),$BZ33<2000000),0,IF(OR($E33="HĐTV",$E33="HĐCTV"),$BZ33*10%,ROUND(IF($BZ33<=10000000,$BZ33*5%,IF($BZ33<=30000000,$BZ33*10%-500000,IF($BZ33<=60000000,$BZ33*20%-3500000,IF($BZ33<=100000000,$BZ33*30%-9500000,$BZ33*35%-14500000)))),0))) | CB33: =ROUND(BH33-BR33-CA33,0) | CD33: 0 | CE33: =CB33+CC33-CD33 | CF33: =CE33-CG33 | CG33: =CE33 | CI33: hoa.ho@medigoapp.com | CJ33: 0 | CK33: 11 | CL33: 0 | CM33: 1 | CN33: 3 | CO33: 2024 | CP33: =IF((($CO$7-CO33)*12)+($CN$7-CN33)>=12,((($CO$7-CO33)*12)+($CN$7-CN33))-1,0) | CQ33: =IF(CP33<12,(($CQ$7-CO33)*12)+($CP$7-CN33),0) | CR33: =IF(OR(CP33>12,CP33=12),((CP33-(CS33*12))+((($CQ$7-2024)*12)+($CP$7-4)))+1,0) | CS33: =IF(OR(CP33>12,CP33=12),ROUNDDOWN(CP33/12,0),0) | CT33: =IF(CQ33>11,ROUNDDOWN(CQ33/12,0),0) | CU33: =IF(CR33>11,ROUNDDOWN(CR33/12,0),0) | CV33: =IF(CP33=0,0,6000000*1.07^CS33) | CW33: =IF(CT33<2,0,6000000+(CT33-1)*500000) | CX33: =IF(CU33=0,CV33,IF(CU33<1,0,CV33+CU33*500000)) | CY33: =IF(CX33>0,CX33,IF(CW33>0,CW33,6000000))
A34: 21 | B34: 8 | C34: Nguyen Tran Ngoc Phuong | D34: Nguyễn Trần Ngọc Phương | E34: =IF(OR(G34="CHT",G34="DSBC",G34="DSXC"),"HĐLĐ",IF(OR(G34="DSTV",G34="Q.CHT"),"HĐTV","HĐCTV")) | F34: Lê Bình | G34: Q.CHT | H34: 46196 | I34: 0721000550950 | J34: Vietcombank | K34: 26 | L34: 1 | M34: 10 | N34: 0 | O34: 0 | S34: =IF(E34="HĐLĐ",5310000,0) | T34: 17857.143 | AA34: 0 | AB34: 0 | AC34: 6000000 | AD34: =AC34 | AE34: 6000000 | AF34: =IF(E34="HĐTV",AE34/K34*L34,AD34/K34*L34) | AG34: =IF(E34="HĐTV",AE34/28/8*M34,AC34/28/8*M34) | AH34: =IF(E34="HĐTV",AE34/28/8*N34*1.5,AC34/28/8*N34*1.5) | AI34: 0 | AJ34: 0 | AK34: 0 | AL34: 0 | AM34: 0 | AN34: 0 | AO34: 0 | AP34: 0 | AQ34: 6601 | AR34: 0 | AS34: 0 | AT34: 0 | AU34: 0 | AV34: 0 | AW34: 0 | AX34: 0 | AY34: 0 | AZ34: 0 | BA34: 0 | BB34: 0 | BC34: 0 | BD34: 0 | BE34: 0 | BF34: 0 | BG34: 0 | BH34: =SUM(T34:AB34)+SUM(AF34:BA34)-SUM(BB34:BG34) | BI34: =S34*17.5% | BJ34: =S34*3% | BK34: =S34*1% | BM34: =SUM(BI34:BL34) | BN34: =S34*8% | BO34: =S34*1.5% | BP34: =S34*1% | BR34: =SUM(BN34:BQ34) | BS34: =T34+U34+V34+W34 | BT34: =BH34-BS34-AH34 | BU34: =IF(E34="HĐLĐ",15500000,0) | BV34: 0 | BW34: =BV34*6200000 | BX34: =BR34 | BY34: =BU34+BW34+BX34 | BZ34: =IF(BT34-BY34>0,BT34-BY34,0) | CA34: =IF(AND(OR($E34="HĐTV",$E34="HĐCTV"),$BZ34<2000000),0,IF(OR($E34="HĐTV",$E34="HĐCTV"),$BZ34*10%,ROUND(IF($BZ34<=10000000,$BZ34*5%,IF($BZ34<=30000000,$BZ34*10%-500000,IF($BZ34<=60000000,$BZ34*20%-3500000,IF($BZ34<=100000000,$BZ34*30%-9500000,$BZ34*35%-14500000)))),0))) | CB34: =ROUND(BH34-BR34-CA34,0) | CD34: 0 | CE34: =CB34+CC34-CD34 | CF34: =CE34-CG34 | CG34: =CE34 | CI34: mailto:ha.le@medigoapp.com | CK34: 4 | CY34: =IF(CX34>0,CX34,IF(CW34>0,CW34,6000000))
A35: 22 | B35: 8 | C35: Le Thi Xuyen | D35: Lê Thị Xuyến | E35: =IF(OR(G35="CHT",G35="DSBC",G35="DSXC"),"HĐLĐ",IF(OR(G35="DSTV",G35="Q.CHT"),"HĐTV","HĐCTV")) | F35: Lê Bình | G35: DSTV | H35: 17/07/2026 | I35: 7755599939 | J35: Techcombank | K35: 28 | L35: 30 | M35: 32.39 | N35: 243.48 | O35: 16 | S35: =IF(E35="HĐLĐ",5310000,0) | T35: 500000 | AA35: 0 | AB35: 0 | AC35: 6000000 | AD35: =AC35 | AE35: 6000000 | AF35: =IF(E35="HĐTV",AE35/K35*L35,AD35/K35*L35) | AG35: =IF(E35="HĐTV",AE35/28/8*M35,AC35/28/8*M35) | AH35: =IF(E35="HĐTV",AE35/28/8*N35*1.5,AC35/28/8*N35*1.5) | AI35: 1500000 | AJ35: 0 | AK35: 0 | AL35: 0 | AM35: 0 | AN35: 1400000 | AO35: 0 | AP35: 846900 | AQ35: 955 | AR35: 0 | AS35: 0 | AT35: 0 | AU35: 0 | AV35: 0 | AW35: 0 | AX35: 0 | AY35: 0 | AZ35: 0 | BA35: 0 | BB35: 0 | BC35: 0 | BD35: 0 | BE35: 0 | BF35: 500000 | BG35: 0 | BH35: =SUM(T35:AB35)+SUM(AF35:BA35)-SUM(BB35:BG35) | BI35: =S35*17.5% | BJ35: =S35*3% | BK35: =S35*1% | BM35: =SUM(BI35:BL35) | BN35: =S35*8% | BO35: =S35*1.5% | BP35: =S35*1% | BR35: =SUM(BN35:BQ35) | BS35: =T35+U35+V35+W35 | BT35: =BH35-BS35-AH35 | BU35: =IF(E35="HĐLĐ",15500000,0) | BV35: 0 | BW35: =BV35*6200000 | BX35: =BR35 | BY35: =BU35+BW35+BX35 | BZ35: =IF(BT35-BY35>0,BT35-BY35,0) | CA35: =IF(AND(OR($E35="HĐTV",$E35="HĐCTV"),$BZ35<2000000),0,IF(OR($E35="HĐTV",$E35="HĐCTV"),$BZ35*10%,ROUND(IF($BZ35<=10000000,$BZ35*5%,IF($BZ35<=30000000,$BZ35*10%-500000,IF($BZ35<=60000000,$BZ35*20%-3500000,IF($BZ35<=100000000,$BZ35*30%-9500000,$BZ35*35%-14500000)))),0))) | CB35: =ROUND(BH35-BR35-CA35,0) | CD35: 0 | CE35: =CB35+CC35-CD35 | CF35: =CE35-CG35 | CG35: =CE35 | CI35: xuyen.le@medigoapp.com | CK35: 5 | CY35: =IF(CX35>0,CX35,IF(CW35>0,CW35,6000000))
A36: 23 | B36: 8 | C36: Dinh Hoai Bao | D36: Đinh Hoài Bảo | E36: =IF(OR(G36="CHT",G36="DSBC",G36="DSXC"),"HĐLĐ",IF(OR(G36="DSTV",G36="Q.CHT"),"HĐTV","HĐCTV")) | F36: Lê Bình | G36: DSTV | H36: 03/07/2026 | I36: 5620709358 | J36: BIDV | K36: 28 | L36: 27 | M36: 4.17 | N36: 217.89 | O36: 0 | S36: =IF(E36="HĐLĐ",5310000,0) | T36: 482142.86 | AA36: 0 | AB36: 0 | AC36: 6000000 | AD36: =AC36 | AE36: 6000000 | AF36: =IF(E36="HĐTV",AE36/K36*L36,AD36/K36*L36) | AG36: =IF(E36="HĐTV",AE36/28/8*M36,AC36/28/8*M36) | AH36: =IF(E36="HĐTV",AE36/28/8*N36*1.5,AC36/28/8*N36*1.5) | AI36: 1446429 | AJ36: 0 | AK36: 0 | AL36: 0 | AM36: 0 | AN36: 2000000 | AO36: 0 | AP36: 1106640 | AQ36: 0 | AR36: 20 | AS36: 0 | AT36: 0 | AU36: 0 | AV36: 0 | AW36: 0 | AX36: 0 | AY36: 0 | AZ36: 0 | BA36: 0 | BB36: 0 | BC36: 0 | BD36: 100000 | BE36: 0 | BF36: 0 | BG36: 0 | BH36: =SUM(T36:AB36)+SUM(AF36:BA36)-SUM(BB36:BG36) | BI36: =S36*17.5% | BJ36: =S36*3% | BK36: =S36*1% | BM36: =SUM(BI36:BL36) | BN36: =S36*8% | BO36: =S36*1.5% | BP36: =S36*1% | BR36: =SUM(BN36:BQ36) | BS36: =T36+U36+V36+W36 | BT36: =BH36-BS36-AH36 | BU36: =IF(E36="HĐLĐ",15500000,0) | BV36: 0 | BW36: =BV36*6200000 | BX36: =BR36 | BY36: =BU36+BW36+BX36 | BZ36: =IF(BT36-BY36>0,BT36-BY36,0) | CA36: =IF(AND(OR($E36="HĐTV",$E36="HĐCTV"),$BZ36<2000000),0,IF(OR($E36="HĐTV",$E36="HĐCTV"),$BZ36*10%,ROUND(IF($BZ36<=10000000,$BZ36*5%,IF($BZ36<=30000000,$BZ36*10%-500000,IF($BZ36<=60000000,$BZ36*20%-3500000,IF($BZ36<=100000000,$BZ36*30%-9500000,$BZ36*35%-14500000)))),0))) | CB36: =ROUND(BH36-BR36-CA36,0) | CC36: 696428 | CD36: 0 | CE36: =CB36+CC36-CD36 | CF36: =CE36-CG36 | CG36: =CE36 | CI36: bao.dinh@medigoapp.com | CK36: 3 | CY36: =IF(CX36>0,CX36,IF(CW36>0,CW36,6000000))
A37: 24 | B37: 8 | C37: Hoang Lam Gia Bao | D37: Hoàng Lâm Gia Bảo | E37: =IF(OR(G37="CHT",G37="DSBC",G37="DSXC"),"HĐLĐ",IF(OR(G37="DSTV",G37="Q.CHT"),"HĐTV","HĐCTV")) | F37: Lê Bình | G37: DSBC | H37: 27/5/2026 | I37: 067106916868 | J37: Sacombank | K37: 28 | L37: 20 | M37: 179.62 | N37: 1.35 | O37: 0 | S37: =IF(E37="HĐLĐ",5310000,0) | T37: 357142.86 | AA37: 0 | AB37: 0 | AC37: 6000000 | AD37: =AC37 | AE37: 0 | AF37: =IF(E37="HĐTV",AE37/K37*L37,AD37/K37*L37) | AG37: =IF(E37="HĐTV",AE37/28/8*M37,AC37/28/8*M37) | AH37: =IF(E37="HĐTV",AE37/28/8*N37*1.5,AC37/28/8*N37*1.5) | AI37: 0 | AJ37: 0 | AK37: 0 | AL37: 0 | AM37: 0 | AN37: 0 | AO37: 955682 | AP37: 1187050 | AQ37: 0 | AR37: 40 | AS37: 0 | AT37: 0 | AU37: 0 | AV37: 0 | AW37: 0 | AX37: 0 | AY37: 0 | AZ37: 0 | BA37: 0 | BB37: 0 | BC37: 0 | BD37: 100000 | BE37: 0 | BF37: 23000 | BG37: 0 | BH37: =SUM(T37:AB37)+SUM(AF37:BA37)-SUM(BB37:BG37) | BI37: =S37*17.5% | BJ37: =S37*3% | BK37: =S37*1% | BM37: =SUM(BI37:BL37) | BN37: =S37*8% | BO37: =S37*1.5% | BP37: =S37*1% | BR37: =SUM(BN37:BQ37) | BS37: =T37+U37+V37+W37 | BT37: =BH37-BS37-AH37 | BU37: =IF(E37="HĐLĐ",15500000,0) | BV37: 0 | BW37: =BV37*6200000 | BX37: =BR37 | BY37: =BU37+BW37+BX37 | BZ37: =IF(BT37-BY37>0,BT37-BY37,0) | CA37: =IF(AND(OR($E37="HĐTV",$E37="HĐCTV"),$BZ37<2000000),0,IF(OR($E37="HĐTV",$E37="HĐCTV"),$BZ37*10%,ROUND(IF($BZ37<=10000000,$BZ37*5%,IF($BZ37<=30000000,$BZ37*10%-500000,IF($BZ37<=60000000,$BZ37*20%-3500000,IF($BZ37<=100000000,$BZ37*30%-9500000,$BZ37*35%-14500000)))),0))) | CB37: =ROUND(BH37-BR37-CA37,0) | CD37: 5000000 | CE37: =CB37+CC37-CD37 | CF37: =CE37-CG37 | CG37: =CE37 | CI37: bao.hoang@medigoapp.com | CK37: 11 | CL37: 0 | CM37: 27 | CN37: 5 | CO37: 2026 | CP37: =IF((($CO$7-CO37)*12)+($CN$7-CN37)>=12,((($CO$7-CO37)*12)+($CN$7-CN37))-1,0) | CQ37: =IF(CP37<12,(($CQ$7-CO37)*12)+($CP$7-CN37),0) | CR37: =IF(OR(CP37>12,CP37=12),((CP37-(CS37*12))+((($CQ$7-2024)*12)+($CP$7-4)))+1,0) | CS37: =IF(OR(CP37>12,CP37=12),ROUNDDOWN(CP37/12,0),0) | CT37: =IF(CQ37>11,ROUNDDOWN(CQ37/12,0),0) | CU37: =IF(CR37>11,ROUNDDOWN(CR37/12,0),0) | CV37: =IF(CP37=0,0,6000000*1.07^CS37) | CW37: =IF(CT37<2,0,6000000+(CT37-1)*500000) | CX37: =IF(CU37=0,CV37,IF(CU37<1,0,CV37+CU37*500000)) | CY37: 5100000
A38: 25 | B38: 8 | C38: Nguyen Thi Huyen Trang | D38: Nguyễn Thị Huyền Trang | E38: =IF(OR(G38="CHT",G38="DSBC",G38="DSXC"),"HĐLĐ",IF(OR(G38="DSTV",G38="Q.CHT"),"HĐTV","HĐCTV")) | F38: Lê Bình | G38: DSTV | H38: 30/06/2026 | I38: 1033345427 | J38: Vietcombank | K38: 28 | L38: 1 | M38: 11.25 | N38: 0 | O38: 0 | S38: =IF(E38="HĐLĐ",5310000,0) | T38: 17857.143 | AA38: 0 | AB38: 0 | AC38: 6000000 | AD38: =AC38 | AE38: 6000000 | AF38: =IF(E38="HĐTV",AE38/K38*L38,AD38/K38*L38) | AG38: =IF(E38="HĐTV",AE38/28/8*M38,AC38/28/8*M38) | AH38: =IF(E38="HĐTV",AE38/28/8*N38*1.5,AC38/28/8*N38*1.5) | AI38: 0 | AJ38: 0 | AK38: 0 | AL38: 0 | AM38: 0 | AN38: 0 | AO38: 0 | AP38: 0 | AQ38: 35008 | AR38: 0 | AS38: 0 | AT38: 0 | AU38: 0 | AV38: 0 | AW38: 0 | AX38: 0 | AY38: 0 | AZ38: 0 | BA38: 0 | BB38: 0 | BC38: 0 | BD38: 0 | BE38: 0 | BF38: 0 | BG38: 0 | BH38: =SUM(T38:AB38)+SUM(AF38:BA38)-SUM(BB38:BG38) | BI38: =S38*17.5% | BJ38: =S38*3% | BK38: =S38*1% | BM38: =SUM(BI38:BL38) | BN38: =S38*8% | BO38: =S38*1.5% | BP38: =S38*1% | BR38: =SUM(BN38:BQ38) | BS38: =T38+U38+V38+W38 | BT38: =BH38-BS38-AH38 | BU38: =IF(E38="HĐLĐ",15500000,0) | BV38: 0 | BW38: =BV38*6200000 | BX38: =BR38 | BY38: =BU38+BW38+BX38 | BZ38: =IF(BT38-BY38>0,BT38-BY38,0) | CA38: =IF(AND(OR($E38="HĐTV",$E38="HĐCTV"),$BZ38<2000000),0,IF(OR($E38="HĐTV",$E38="HĐCTV"),$BZ38*10%,ROUND(IF($BZ38<=10000000,$BZ38*5%,IF($BZ38<=30000000,$BZ38*10%-500000,IF($BZ38<=60000000,$BZ38*20%-3500000,IF($BZ38<=100000000,$BZ38*30%-9500000,$BZ38*35%-14500000)))),0))) | CB38: =ROUND(BH38-BR38-CA38,0) | CD38: 0 | CE38: =CB38+CC38-CD38 | CF38: =CE38-CG38 | CG38: =CE38 | CI38: mailto:ha.le@medigoapp.com | CY38: =IF(CX38>0,CX38,IF(CW38>0,CW38,6000000))
A39: 26 | B39: 8 | C39: Pham Nguyen Ngoc Quy | D39: Phạm Nguyễn Ngọc Quý | E39: =IF(OR(G39="CHT",G39="DSBC",G39="DSXC"),"HĐLĐ",IF(OR(G39="DSTV",G39="Q.CHT"),"HĐTV","HĐCTV")) | F39: Lê Bình | G39: DSBC | H39: 01/11/2024 | I39: 1026764251 | J39: Vietcombank | K39: 28 | L39: 1 | M39: 8.62 | N39: 0 | O39: 0 | S39: =IF(E39="HĐLĐ",5310000,0) | T39: 17857.143 | AA39: 0 | AB39: 0 | AC39: 6000000 | AD39: =AC39 | AE39: 0 | AF39: =IF(E39="HĐTV",AE39/K39*L39,AD39/K39*L39) | AG39: =IF(E39="HĐTV",AE39/28/8*M39,AC39/28/8*M39) | AH39: =IF(E39="HĐTV",AE39/28/8*N39*1.5,AC39/28/8*N39*1.5) | AI39: 0 | AJ39: 0 | AK39: 0 | AL39: 0 | AM39: 0 | AN39: 0 | AO39: 0 | AP39: 0 | AQ39: 18300 | AR39: 0 | AS39: 0 | AT39: 0 | AU39: 0 | AV39: 0 | AW39: 0 | AX39: 0 | AY39: 0 | AZ39: 0 | BA39: 0 | BB39: 0 | BC39: 0 | BD39: 0 | BE39: 0 | BF39: 0 | BG39: 0 | BH39: =SUM(T39:AB39)+SUM(AF39:BA39)-SUM(BB39:BG39) | BI39: =S39*17.5% | BJ39: =S39*3% | BK39: =S39*1% | BM39: =SUM(BI39:BL39) | BN39: =S39*8% | BO39: =S39*1.5% | BP39: =S39*1% | BR39: =SUM(BN39:BQ39) | BS39: =T39+U39+V39+W39 | BT39: =BH39-BS39-AH39 | BU39: =IF(E39="HĐLĐ",15500000,0) | BV39: 0 | BW39: =BV39*6200000 | BX39: =BR39 | BY39: =BU39+BW39+BX39 | BZ39: =IF(BT39-BY39>0,BT39-BY39,0) | CA39: =IF(AND(OR($E39="HĐTV",$E39="HĐCTV"),$BZ39<2000000),0,IF(OR($E39="HĐTV",$E39="HĐCTV"),$BZ39*10%,ROUND(IF($BZ39<=10000000,$BZ39*5%,IF($BZ39<=30000000,$BZ39*10%-500000,IF($BZ39<=60000000,$BZ39*20%-3500000,IF($BZ39<=100000000,$BZ39*30%-9500000,$BZ39*35%-14500000)))),0))) | CB39: =ROUND(BH39-BR39-CA39,0) | CD39: 0 | CE39: =CB39+CC39-CD39 | CF39: =CE39-CG39 | CG39: =CE39 | CI39: mailto:ha.le@medigoapp.com | CK39: 6 | CY39: =IF(CX39>0,CX39,IF(CW39>0,CW39,6000000))
A40: 27 | B40: 8 | C40: Tran Thi Phuong Thuy | D40: Trần Thị Phương Thùy | E40: =IF(OR(G40="CHT",G40="DSBC",G40="DSXC"),"HĐLĐ",IF(OR(G40="DSTV",G40="Q.CHT"),"HĐTV","HĐCTV")) | F40: Lê Bình | G40: DSHV | H40: 14/07/2026 | I40: 07560774501 | J40: TP bank | K40: 28 | L40: 29 | M40: 231.6 | N40: 16.95 | O40: 8 | S40: =IF(E40="HĐLĐ",5310000,0) | T40: 500000 | AA40: 0 | AB40: 0 | AC40: 3000000 | AG40: =IF(E40="HĐTV",AE40/28/8*M40,AC40/28/8*M40) | AH40: =IF(E40="HĐTV",AE40/28/8*N40*1.5,AC40/28/8*N40*1.5) | AI40: 0 | AJ40: 0 | AK40: 0 | AL40: 0 | AM40: 0 | AN40: 0 | AO40: 0 | AP40: 0 | AQ40: 0 | AR40: 0 | AS40: 0 | AT40: 0 | AU40: 0 | AV40: 0 | AW40: 0 | AX40: 0 | AY40: 0 | AZ40: 0 | BA40: 0 | BB40: 0 | BC40: 0 | BD40: 0 | BE40: 0 | BF40: 0 | BG40: 0 | BH40: =SUM(T40:AB40)+SUM(AF40:BA40)-SUM(BB40:BG40) | BI40: =S40*17.5% | BJ40: =S40*3% | BK40: =S40*1% | BM40: =SUM(BI40:BL40) | BN40: =S40*8% | BO40: =S40*1.5% | BP40: =S40*1% | BR40: =SUM(BN40:BQ40) | BS40: =T40+U40+V40+W40 | BT40: =BH40-BS40-AH40 | BU40: =IF(E40="HĐLĐ",15500000,0) | BV40: 0 | BW40: =BV40*6200000 | BX40: =BR40 | BY40: =BU40+BW40+BX40 | BZ40: =IF(BT40-BY40>0,BT40-BY40,0) | CA40: =IF(AND(OR($E40="HĐTV",$E40="HĐCTV"),$BZ40<2000000),0,IF(OR($E40="HĐTV",$E40="HĐCTV"),$BZ40*10%,ROUND(IF($BZ40<=10000000,$BZ40*5%,IF($BZ40<=30000000,$BZ40*10%-500000,IF($BZ40<=60000000,$BZ40*20%-3500000,IF($BZ40<=100000000,$BZ40*30%-9500000,$BZ40*35%-14500000)))),0))) | CB40: =ROUND(BH40-BR40-CA40,0) | CD40: 0 | CE40: =CB40+CC40-CD40 | CF40: =CE40-CG40 | CG40: =CE40 | CI40: thuy.tran@medigoapp.com | CJ40: 0 | CK40: 10 | CY40: 3000000
F41: =SUM(F33:F40) | K41: =SUM(K33:K40) | L41: =SUM(L33:L40) | M41: =SUM(M33:M40) | N41: =SUM(N33:N40) | O41: =SUM(O33:O40) | P41: =SUM(P33:P40) | Q41: =SUM(Q33:Q40) | S41: =SUM(S33:S40) | T41: =SUM(T33:T40) | U41: =SUM(U33:U40) | V41: =SUM(V33:V40) | W41: =SUM(W33:W40) | X41: =SUM(X33:X40) | Y41: =SUM(Y33:Y40) | Z41: =SUM(Z33:Z40) | ... CG41: =SUM(CG33:CG40) | CL41: =SUM(CL33:CL40)
A42: 28 | B42: 8 | C42: Duong Thi Huynh Nhu | D42: Dương Thị Huỳnh Như | E42: =IF(OR(G42="CHT",G42="DSBC",G42="DSXC"),"HĐLĐ",IF(OR(G42="DSTV",G42="Q.CHT"),"HĐTV","HĐCTV")) | F42: Nam Hòa | G42: DSTV | H42: 28/07/2026 | I42: 023704070008223 | J42: HD Bank | K42: 28 | L42: 24 | M42: 0.92 | N42: 193.57 | O42: 0 | S42: =IF(E42="HĐLĐ",5310000,0) | T42: 428571.43 | AA42: 0 | AB42: 0 | AC42: 6000000 | AD42: =AC42 | AE42: 6000000 | AF42: =IF(E42="HĐTV",AE42/K42*L42,AD42/K42*L42) | AG42: =IF(E42="HĐTV",AE42/28/8*M42,AC42/28/8*M42) | AH42: =IF(E42="HĐTV",AE42/28/8*N42*1.5,AC42/28/8*N42*1.5) | AI42: 1285714 | AJ42: 0 | AK42: 0 | AL42: 0 | AM42: 0 | AN42: 466667 | AO42: 0 | AP42: 221850 | AQ42: 0 | AR42: 20 | AS42: 0 | AT42: 0 | AU42: 0 | AV42: 0 | AW42: 0 | AX42: 0 | AY42: 0 | AZ42: 0 | BA42: 0 | BB42: 0 | BC42: 0 | BD42: 0 | BE42: 0 | BF42: 0 | BG42: 0 | BH42: =SUM(T42:AB42)+SUM(AF42:BA42)-SUM(BB42:BG42) | BI42: =S42*17.5% | BJ42: =S42*3% | BK42: =S42*1% | BM42: =SUM(BI42:BL42) | BN42: =S42*8% | BO42: =S42*1.5% | BP42: =S42*1% | BR42: =SUM(BN42:BQ42) | BS42: =T42+U42+V42+W42 | BT42: =BH42-BS42-AH42 | BU42: =IF(E42="HĐLĐ",15500000,0) | BV42: 0 | BW42: =BV42*6200000 | BX42: =BR42 | BY42: =BU42+BW42+BX42 | BZ42: =IF(BT42-BY42>0,BT42-BY42,0) | CA42: =IF(AND(OR($E42="HĐTV",$E42="HĐCTV"),$BZ42<2000000),0,IF(OR($E42="HĐTV",$E42="HĐCTV"),$BZ42*10%,ROUND(IF($BZ42<=10000000,$BZ42*5%,IF($BZ42<=30000000,$BZ42*10%-500000,IF($BZ42<=60000000,$BZ42*20%-3500000,IF($BZ42<=100000000,$BZ42*30%-9500000,$BZ42*35%-14500000)))),0))) | CB42: =ROUND(BH42-BR42-CA42,0) | CD42: 0 | CE42: =CB42+CC42-CD42 | CF42: =CE42-CG42 | CG42: =CE42 | CI42: mailto:ha.le@medigoapp.com | CK42: 9 | CY42: =IF(CX42>0,CX42,IF(CW42>0,CW42,6000000))
A43: 29 | B43: 8 | C43: Tran Thi Anh Nguyet | D43: Trần Thị Ánh Nguyệt | E43: =IF(OR(G43="CHT",G43="DSBC",G43="DSXC"),"HĐLĐ",IF(OR(G43="DSTV",G43="Q.CHT"),"HĐTV","HĐCTV")) | F43: Nam Hòa | G43: DSBC | H43: 13/3/2026 | I43: 19035042801010 | J43: techcombank - chi nhánh Bình Đăng | K43: 28 | L43: 29 | M43: 18.21 | N43: 234.97 | O43: 8 | S43: =IF(E43="HĐLĐ",5310000,0) | T43: 500000 | AA43: 0 | AB43: 0 | AC43: 6000000 | AD43: =AC43 | AE43: 0 | AF43: =IF(E43="HĐTV",AE43/K43*L43,AD43/K43*L43) | AG43: =IF(E43="HĐTV",AE43/28/8*M43,AC43/28/8*M43) | AH43: =IF(E43="HĐTV",AE43/28/8*N43*1.5,AC43/28/8*N43*1.5) | AI43: 1500000 | AJ43: 0 | AK43: 0 | AL43: 0 | AM43: 0 | AN43: 1600000 | AO43: 0 | AP43: 2444050 | AQ43: 28709 | AR43: 0 | AS43: 1080000 | AT43: 0 | AU43: 0 | AV43: 0 | AW43: 0 | AX43: 0 | AY43: 0 | AZ43: 0 | BA43: 0 | BB43: 0 | BC43: 0 | BD43: 0 | BE43: 0 | BF43: 0 | BG43: 0 | BH43: =SUM(T43:AB43)+SUM(AF43:BA43)-SUM(BB43:BG43) | BI43: =S43*17.5% | BJ43: =S43*3% | BK43: =S43*1% | BM43: =SUM(BI43:BL43) | BN43: =S43*8% | BO43: =S43*1.5% | BP43: =S43*1% | BR43: =SUM(BN43:BQ43) | BS43: =T43+U43+V43+W43 | BT43: =BH43-BS43-AH43 | BU43: =IF(E43="HĐLĐ",15500000,0) | BV43: 0 | BW43: =BV43*6200000 | BX43: =BR43 | BY43: =BU43+BW43+BX43 | BZ43: =IF(BT43-BY43>0,BT43-BY43,0) | CA43: =IF(AND(OR($E43="HĐTV",$E43="HĐCTV"),$BZ43<2000000),0,IF(OR($E43="HĐTV",$E43="HĐCTV"),$BZ43*10%,ROUND(IF($BZ43<=10000000,$BZ43*5%,IF($BZ43<=30000000,$BZ43*10%-500000,IF($BZ43<=60000000,$BZ43*20%-3500000,IF($BZ43<=100000000,$BZ43*30%-9500000,$BZ43*35%-14500000)))),0))) | CB43: =ROUND(BH43-BR43-CA43,0) | CD43: 0 | CE43: =CB43+CC43-CD43 | CF43: =CE43-CG43 | CG43: =CE43 | CI43: =VLOOKUP($C47,[5]Sheet1!$C$5:$K$139,9,0) | CJ43: 0 | CK43: 2 | CM43: 13 | CN43: 3 | CO43: 2026 | CP43: =IF((($CO$7-CO43)*12)+($CN$7-CN43)>=12,((($CO$7-CO43)*12)+($CN$7-CN43))-1,0) | CQ43: =IF(CP43<12,(($CQ$7-CO43)*12)+($CP$7-CN43),0) | CR43: =IF(OR(CP43>12,CP43=12),((CP43-(CS43*12))+((($CQ$7-2024)*12)+($CP$7-4)))+1,0) | CS43: =IF(OR(CP43>12,CP43=12),ROUNDDOWN(CP43/12,0),0) | CT43: =IF(CQ43>11,ROUNDDOWN(CQ43/12,0),0) | CU43: =IF(CR43>11,ROUNDDOWN(CR43/12,0),0) | CV43: =IF(CP43=0,0,6000000*1.07^CS43) | CW43: =IF(CT43<2,0,6000000+(CT43-1)*500000) | CX43: =IF(CU43=0,CV43,IF(CU43<1,0,CV43+CU43*500000)) | CY43: 6000000
A44: 30 | B44: 8 | C44: Do Thi Kim Tien | D44: Đỗ Thị Kim Tiến | E44: =IF(OR(G44="CHT",G44="DSBC",G44="DSXC"),"HĐLĐ",IF(OR(G44="DSTV",G44="Q.CHT"),"HĐTV","HĐCTV")) | F44: Nam Hòa | G44: DSTV | H44: 07/07/2026 | I44: 19039887406019 | J44: Techcombank | K44: 28 | L44: 5 | M44: 20.11 | N44: 40.07 | O44: 0 | S44: =IF(E44="HĐLĐ",5310000,0) | T44: 89285.714 | AA44: 0 | AB44: 0 | AC44: 6000000 | AD44: =AC44 | AE44: 6000000 | AF44: =IF(E44="HĐTV",AE44/K44*L44,AD44/K44*L44) | AG44: =IF(E44="HĐTV",AE44/28/8*M44,AC44/28/8*M44) | AH44: =IF(E44="HĐTV",AE44/28/8*N44*1.5,AC44/28/8*N44*1.5) | AI44: 267857 | AJ44: 0 | AK44: 0 | AL44: 0 | AM44: 0 | AN44: 533333 | AO44: 0 | AP44: 354690 | AQ44: 1690 | AR44: 0 | AS44: 0 | AT44: 0 | AU44: 0 | AV44: 0 | AW44: 0 | AX44: 0 | AY44: 0 | AZ44: 0 | BA44: 0 | BB44: 0 | BC44: 0 | BD44: 100000 | BE44: 0 | BF44: 0 | BG44: 0 | BH44: =SUM(T44:AB44)+SUM(AF44:BA44)-SUM(BB44:BG44) | BI44: =S44*17.5% | BJ44: =S44*3% | BK44: =S44*1% | BM44: =SUM(BI44:BL44) | BN44: =S44*8% | BO44: =S44*1.5% | BP44: =S44*1% | BR44: =SUM(BN44:BQ44) | BS44: =T44+U44+V44+W44 | BT44: =BH44-BS44-AH44 | BU44: =IF(E44="HĐLĐ",15500000,0) | BV44: 0 | BW44: =BV44*6200000 | BX44: =BR44 | BY44: =BU44+BW44+BX44 | BZ44: =IF(BT44-BY44>0,BT44-BY44,0) | CA44: =IF(AND(OR($E44="HĐTV",$E44="HĐCTV"),$BZ44<2000000),0,IF(OR($E44="HĐTV",$E44="HĐCTV"),$BZ44*10%,ROUND(IF($BZ44<=10000000,$BZ44*5%,IF($BZ44<=30000000,$BZ44*10%-500000,IF($BZ44<=60000000,$BZ44*20%-3500000,IF($BZ44<=100000000,$BZ44*30%-9500000,$BZ44*35%-14500000)))),0))) | CB44: =ROUND(BH44-BR44-CA44,0) | CD44: 0 | CE44: =CB44+CC44-CD44 | CF44: =CE44-CG44 | CG44: =CE44 | CI44: tien.do@medigoapp.com | CK44: 11 | CY44: =IF(CX44>0,CX44,IF(CW44>0,CW44,6000000))
A45: 31 | B45: 8 | C45: Bui Thi Thanh Thuy | D45: Bùi Thị Thanh Thủy | E45: =IF(OR(G45="CHT",G45="DSBC",G45="DSXC"),"HĐLĐ",IF(OR(G45="DSTV",G45="Q.CHT"),"HĐTV","HĐCTV")) | F45: Nam Hòa | G45: DSTV | H45: 30/06/2026 | I45: 1014584596 | J45: Vietcombank | K45: 28 | L45: 30 | M45: 306.98 | N45: 0 | O45: 16 | S45: =IF(E45="HĐLĐ",5310000,0) | T45: 500000 | AA45: 0 | AB45: 0 | AC45: 6000000 | AD45: =AC45 | AE45: 6000000 | AF45: =IF(E45="HĐTV",AE45/K45*L45,AD45/K45*L45) | AG45: =IF(E45="HĐTV",AE45/28/8*M45,AC45/28/8*M45) | AH45: =IF(E45="HĐTV",AE45/28/8*N45*1.5,AC45/28/8*N45*1.5) | AI45: 0 | AJ45: 0 | AK45: 0 | AL45: 0 | AM45: 0 | AN45: 1000000 | AO45: 0 | AP45: 857800 | AQ45: 46354 | AR45: 0 | AS45: 115000 | AT45: 0 | AU45: 0 | AV45: 0 | AW45: 0 | AX45: 0 | AY45: 0 | AZ45: 0 | BA45: 0 | BB45: 0 | BC45: 0 | BD45: 0 | BE45: 0 | BF45: 255000 | BG45: 0 | BH45: =SUM(T45:AB45)+SUM(AF45:BA45)-SUM(BB45:BG45) | BI45: =S45*17.5% | BJ45: =S45*3% | BK45: =S45*1% | BM45: =SUM(BI45:BL45) | BN45: =S45*8% | BO45: =S45*1.5% | BP45: =S45*1% | BR45: =SUM(BN45:BQ45) | BS45: =T45+U45+V45+W45 | BT45: =BH45-BS45-AH45 | BU45: =IF(E45="HĐLĐ",15500000,0) | BV45: 0 | BW45: =BV45*6200000 | BX45: =BR45 | BY45: =BU45+BW45+BX45 | BZ45: =IF(BT45-BY45>0,BT45-BY45,0) | CA45: =IF(AND(OR($E45="HĐTV",$E45="HĐCTV"),$BZ45<2000000),0,IF(OR($E45="HĐTV",$E45="HĐCTV"),$BZ45*10%,ROUND(IF($BZ45<=10000000,$BZ45*5%,IF($BZ45<=30000000,$BZ45*10%-500000,IF($BZ45<=60000000,$BZ45*20%-3500000,IF($BZ45<=100000000,$BZ45*30%-9500000,$BZ45*35%-14500000)))),0))) | CB45: =ROUND(BH45-BR45-CA45,0) | CD45: 0 | CE45: =CB45+CC45-CD45 | CF45: =CE45-CG45 | CG45: =CE45 | CI45: thuy.bui@medigoapp.com | CK45: 1 | CY45: =IF(CX45>0,CX45,IF(CW45>0,CW45,6000000))
A46: 32 | B46: 8 | C46: Nguyen Thi Huyen Trang | D46: Nguyễn Thị Huyền Trang | E46: =IF(OR(G46="CHT",G46="DSBC",G46="DSXC"),"HĐLĐ",IF(OR(G46="DSTV",G46="Q.CHT"),"HĐTV","HĐCTV")) | F46: Nam Hòa | G46: DSTV | H46: 30/06/2026 | I46: 1033345427 | J46: Vietcombank | K46: 28 | L46: 30 | M46: 295.1 | N46: 7.75 | O46: 16 | S46: =IF(E46="HĐLĐ",5310000,0) | T46: 500000 | AA46: 0 | AB46: 0 | AC46: 6000000 | AD46: =AC46 | AE46: 6000000 | AF46: =IF(E46="HĐTV",AE46/K46*L46,AD46/K46*L46) | AG46: =IF(E46="HĐTV",AE46/28/8*M46,AC46/28/8*M46) | AH46: =IF(E46="HĐTV",AE46/28/8*N46*1.5,AC46/28/8*N46*1.5) | AI46: 0 | AJ46: 0 | AK46: 0 | AL46: 0 | AM46: 0 | AN46: 1000000 | AO46: 0 | AP46: 751700 | AQ46: 35008 | AR46: 0 | AS46: 0 | AT46: 0 | AU46: 0 | AV46: 0 | AW46: 0 | AX46: 0 | AY46: 0 | AZ46: 100000 | BA46: 0 | BB46: 0 | BC46: 0 | BD46: 0 | BE46: 0 | BF46: 89000 | BG46: 0 | BH46: =SUM(T46:AB46)+SUM(AF46:BA46)-SUM(BB46:BG46) | BI46: =S46*17.5% | BJ46: =S46*3% | BK46: =S46*1% | BM46: =SUM(BI46:BL46) | BN46: =S46*8% | BO46: =S46*1.5% | BP46: =S46*1% | BR46: =SUM(BN46:BQ46) | BS46: =T46+U46+V46+W46 | BT46: =BH46-BS46-AH46 | BU46: =IF(E46="HĐLĐ",15500000,0) | BV46: 0 | BW46: =BV46*6200000 | BX46: =BR46 | BY46: =BU46+BW46+BX46 | BZ46: =IF(BT46-BY46>0,BT46-BY46,0) | CA46: =IF(AND(OR($E46="HĐTV",$E46="HĐCTV"),$BZ46<2000000),0,IF(OR($E46="HĐTV",$E46="HĐCTV"),$BZ46*10%,ROUND(IF($BZ46<=10000000,$BZ46*5%,IF($BZ46<=30000000,$BZ46*10%-500000,IF($BZ46<=60000000,$BZ46*20%-3500000,IF($BZ46<=100000000,$BZ46*30%-9500000,$BZ46*35%-14500000)))),0))) | CB46: =ROUND(BH46-BR46-CA46,0) | CD46: 0 | CE46: =CB46+CC46-CD46 | CF46: =CE46-CG46 | CG46: =CE46 | CI46: trang.nguyen@medigoapp.com | CK46: 8 | CY46: =IF(CX46>0,CX46,IF(CW46>0,CW46,6000000))
A47: 33 | B47: 8 | C47: Phan Cong Vu Tai | D47: Phan Công Vũ Tài | E47: =IF(OR(G47="CHT",G47="DSBC",G47="DSXC"),"HĐLĐ",IF(OR(G47="DSTV",G47="Q.CHT"),"HĐTV","HĐCTV")) | F47: Nam Hòa | G47: DSBC | H47: 26/01/2026 | I47: 02446989901 | J47: Tp Bank | K47: 28 | L47: 16 | M47: 108.24 | N47: 7.08 | O47: 0 | S47: =IF(E47="HĐLĐ",5310000,0) | AA47: 1500000 | AB47: 2000000 | AC47: 6000000 | AD47: =AC47 | AE47: 0 | AF47: =IF(E47="HĐTV",AE47/K47*L47,AD47/K47*L47) | AG47: =IF(E47="HĐTV",AE47/28/8*M47,AC47/28/8*M47) | AH47: =IF(E47="HĐTV",AE47/28/8*N47*1.5,AC47/28/8*N47*1.5) | AI47: 0 | AJ47: 0 | AK47: 0 | AL47: 0 | AM47: 0 | AN47: 0 | AO47: 0 | AP47: 0 | AQ47: 15362 | AR47: 0 | AS47: 0 | AT47: 0 | AU47: 0 | AV47: 0 | AW47: 0 | AX47: 0 | AY47: 0 | AZ47: 0 | BA47: 0 | BB47: 0 | BC47: 0 | BD47: 0 | BE47: 0 | BF47: 0 | BG47: 0 | BH47: =SUM(T47:AB47)+SUM(AF47:BA47)-SUM(BB47:BG47) | BI47: =S47*17.5% | BJ47: =S47*3% | BK47: =S47*1% | BM47: =SUM(BI47:BL47) | BN47: =S47*8% | BO47: =S47*1.5% | BP47: =S47*1% | BR47: =SUM(BN47:BQ47) | BS47: =T47+U47+V47+W47 | BT47: =BH47-BS47-AH47 | BU47: =IF(E47="HĐLĐ",15500000,0) | BV47: 0 | BW47: =BV47*6200000 | BX47: =BR47 | BY47: =BU47+BW47+BX47 | BZ47: =IF(BT47-BY47>0,BT47-BY47,0) | CA47: =IF(AND(OR($E47="HĐTV",$E47="HĐCTV"),$BZ47<2000000),0,IF(OR($E47="HĐTV",$E47="HĐCTV"),$BZ47*10%,ROUND(IF($BZ47<=10000000,$BZ47*5%,IF($BZ47<=30000000,$BZ47*10%-500000,IF($BZ47<=60000000,$BZ47*20%-3500000,IF($BZ47<=100000000,$BZ47*30%-9500000,$BZ47*35%-14500000)))),0))) | CB47: =ROUND(BH47-BR47-CA47,0) | CD47: 0 | CE47: =CB47+CC47-CD47 | CF47: =CE47-CG47 | CG47: =CE47 | CI47: =VLOOKUP($C51,[5]Sheet1!$C$5:$K$139,9,0) | CJ47: 0 | CK47: 4 | CL47: 0 | CM47: 26 | CN47: 1 | CO47: 2026 | CP47: =IF((($CO$7-CO47)*12)+($CN$7-CN47)>=12,((($CO$7-CO47)*12)+($CN$7-CN47))-1,0) | CQ47: =IF(CP47<12,(($CQ$7-CO47)*12)+($CP$7-CN47),0) | CR47: =IF(OR(CP47>12,CP47=12),((CP47-(CS47*12))+((($CQ$7-2024)*12)+($CP$7-4)))+1,0) | CS47: =IF(OR(CP47>12,CP47=12),ROUNDDOWN(CP47/12,0),0) | CT47: =IF(CQ47>11,ROUNDDOWN(CQ47/12,0),0) | CU47: =IF(CR47>11,ROUNDDOWN(CR47/12,0),0) | CV47: =IF(CP47=0,0,6000000*1.07^CS47) | CW47: =IF(CT47<2,0,6000000+(CT47-1)*500000) | CX47: =IF(CU47=0,CV47,IF(CU47<1,0,CV47+CU47*500000)) | CY47: 6000000
A48: 34 | B48: 8 | C48: Tran Linh Khai | D48: Trần Linh Khải | E48: =IF(OR(G48="CHT",G48="DSBC",G48="DSXC"),"HĐLĐ",IF(OR(G48="DSTV",G48="Q.CHT"),"HĐTV","HĐCTV")) | F48: Nam Hòa | G48: DSHV | H48: 18/08/2026 | I48: 100006151096 | J48: Vietinbank | K48: 28 | L48: 1 | M48: 8.25 | N48: 0 | O48: 0 | S48: =IF(E48="HĐLĐ",5310000,0) | T48: 17857.143 | AA48: 0 | AB48: 0 | AC48: 3000000 | AD48: =AC48 | AE48: 0 | AF48: =IF(E48="HĐTV",AE48/K48*L48,AD48/K48*L48) | AG48: =IF(E48="HĐTV",AE48/28/8*M48,AC48/28/8*M48) | AH48: =IF(E48="HĐTV",AE48/28/8*N48*1.5,AC48/28/8*N48*1.5) | AI48: 0 | AJ48: 0 | AK48: 0 | AL48: 0 | AM48: 0 | AN48: 0 | AO48: 0 | AP48: 0 | AQ48: 0 | AR48: 0 | AS48: 0 | AT48: 0 | AU48: 0 | AV48: 0 | AW48: 0 | AX48: 0 | AY48: 0 | AZ48: 100000 | BA48: 0 | BB48: 0 | BC48: 0 | BD48: 0 | BE48: 0 | BF48: 0 | BG48: 0 | BH48: =SUM(T48:AB48)+SUM(AF48:BA48)-SUM(BB48:BG48) | BI48: =S48*17.5% | BJ48: =S48*3% | BK48: =S48*1% | BM48: =SUM(BI48:BL48) | BN48: =S48*8% | BO48: =S48*1.5% | BP48: =S48*1% | BR48: =SUM(BN48:BQ48) | BS48: =T48+U48+V48+W48 | BT48: =BH48-BS48-AH48 | BU48: =IF(E48="HĐLĐ",15500000,0) | BV48: 0 | BW48: =BV48*6200000 | BX48: =BR48 | BY48: =BU48+BW48+BX48 | BZ48: =IF(BT48-BY48>0,BT48-BY48,0) | CA48: =IF(AND(OR($E48="HĐTV",$E48="HĐCTV"),$BZ48<2000000),0,IF(OR($E48="HĐTV",$E48="HĐCTV"),$BZ48*10%,ROUND(IF($BZ48<=10000000,$BZ48*5%,IF($BZ48<=30000000,$BZ48*10%-500000,IF($BZ48<=60000000,$BZ48*20%-3500000,IF($BZ48<=100000000,$BZ48*30%-9500000,$BZ48*35%-14500000)))),0))) | CB48: =ROUND(BH48-BR48-CA48,0) | CD48: 0 | CE48: =CB48+CC48-CD48 | CF48: =CE48-CG48 | CG48: =CE48 | CI48: mailto:ha.le@medigoapp.com | CK48: 8 | CY48: =IF(CX48>0,CX48,IF(CW48>0,CW48,6000000))
F49: =SUM(F42:F48) | K49: =SUM(K42:K48) | L49: =SUM(L42:L48) | M49: =SUM(M42:M48) | N49: =SUM(N42:N48) | O49: =SUM(O42:O48) | P49: =SUM(P42:P48) | Q49: =SUM(Q42:Q48) | S49: =SUM(S42:S48) | T49: =SUM(T42:T48) | U49: =SUM(U42:U48) | V49: =SUM(V42:V48) | W49: =SUM(W42:W48) | X49: =SUM(X42:X48) | Y49: =SUM(Y42:Y48) | Z49: =SUM(Z42:Z48) | ... CG49: =SUM(CG42:CG48) | CL49: =SUM(CL42:CL48)
A50: 35 | B50: 8 | C50: Le Thi Quynh Tram | D50: Lê Thị Quỳnh Trâm | E50: =IF(OR(G50="CHT",G50="DSBC",G50="DSXC"),"HĐLĐ",IF(OR(G50="DSTV",G50="Q.CHT"),"HĐTV","HĐCTV")) | F50: Nguyễn Chí Thanh | G50: CHT | H50: 18/08/2025 | I50: 6321205302943 | J50: AGRIBANK | K50: 28 | L50: 28 | M50: 242.4 | N50: 0 | O50: 0 | S50: =IF(E50="HĐLĐ",5310000,0) | T50: 500000 | AA50: 0 | AB50: 0 | AC50: 6000000 | AG50: =IF(E50="HĐTV",AE50/28/8*M50,AC50/28/8*M50) | AH50: =IF(E50="HĐTV",AE50/28/8*N50*1.5,AC50/28/8*N50*1.5) | AI50: 0 | AJ50: 0 | AK50: 0 | AL50: 500000 | AM50: 0 | AN50: 0 | AO50: 0 | AP50: 629300 | AQ50: 12626 | AR50: 0 | AS50: 0 | AT50: 0 | AU50: 0 | AV50: 0 | AW50: 0 | AX50: 0 | AY50: 0 | AZ50: 0 | BA50: 0 | BB50: 0 | BC50: 0 | BD50: 0 | BE50: 0 | BF50: 0 | BG50: 0 | BH50: =SUM(T50:AB50)+SUM(AF50:BA50)-SUM(BB50:BG50) | BI50: =S50*17.5% | BJ50: =S50*3% | BK50: =S50*1% | BM50: =SUM(BI50:BL50) | BN50: =S50*8% | BO50: =S50*1.5% | BP50: =S50*1% | BR50: =SUM(BN50:BQ50) | BS50: =T50+U50+V50+W50 | BT50: =BH50-BS50-AH50 | BU50: =IF(E50="HĐLĐ",15500000,0) | BV50: 0 | BW50: =BV50*6200000 | BX50: =BR50 | BY50: =BU50+BW50+BX50 | BZ50: =IF(BT50-BY50>0,BT50-BY50,0) | CA50: =IF(AND(OR($E50="HĐTV",$E50="HĐCTV"),$BZ50<2000000),0,IF(OR($E50="HĐTV",$E50="HĐCTV"),$BZ50*10%,ROUND(IF($BZ50<=10000000,$BZ50*5%,IF($BZ50<=30000000,$BZ50*10%-500000,IF($BZ50<=60000000,$BZ50*20%-3500000,IF($BZ50<=100000000,$BZ50*30%-9500000,$BZ50*35%-14500000)))),0))) | CB50: =ROUND(BH50-BR50-CA50,0) | CD50: 0 | CE50: =CB50+CC50-CD50 | CF50: =CE50-CG50 | CG50: =CE50 | CI50: =VLOOKUP($C54,[5]Sheet1!$C$5:$K$139,9,0) | CJ50: 0 | CK50: 11 | CM50: 18 | CN50: 8 | CO50: 2025 | CP50: =IF((($CO$7-CO50)*12)+($CN$7-CN50)>=12,((($CO$7-CO50)*12)+($CN$7-CN50))-1,0) | CQ50: =IF(CP50<12,(($CQ$7-CO50)*12)+($CP$7-CN50),0) | CR50: =IF(OR(CP50>12,CP50=12),((CP50-(CS50*12))+((($CQ$7-2024)*12)+($CP$7-4)))+1,0) | CS50: =IF(OR(CP50>12,CP50=12),ROUNDDOWN(CP50/12,0),0) | CT50: =IF(CQ50>11,ROUNDDOWN(CQ50/12,0),0) | CU50: =IF(CR50>11,ROUNDDOWN(CR50/12,0),0) | CV50: =IF(CP50=0,0,6000000*1.07^CS50) | CW50: =IF(CT50<2,0,6000000+(CT50-1)*500000) | CX50: =IF(CU50=0,CV50,IF(CU50<1,0,CV50+CU50*500000)) | CY50: =IF(CX50>0,CX50,IF(CW50>0,CW50,6000000))
A51: 36 | B51: 8 | C51: Nguyen Thi Hong Hanh | D51: Nguyễn Thị Hồng Hạnh | E51: =IF(OR(G51="CHT",G51="DSBC",G51="DSXC"),"HĐLĐ",IF(OR(G51="DSTV",G51="Q.CHT"),"HĐTV","HĐCTV")) | F51: Nguyễn Chí Thanh | G51: DSBC | H51: 45502 | I51: 19036469088011 | J51: Techcombank | K51: 28 | L51: 28 | M51: 0 | N51: 219.36 | O51: 0 | S51: =IF(E51="HĐLĐ",5310000,0) | T51: 500000 | AA51: 0 | AB51: 0 | AC51: 6000000 | AG51: =IF(E51="HĐTV",AE51/28/8*M51,AC51/28/8*M51) | AH51: =IF(E51="HĐTV",AE51/28/8*N51*1.5,AC51/28/8*N51*1.5) | AI51: 1500000 | AJ51: 0 | AK51: 0 | AL51: 0 | AM51: 0 | AN51: 0 | AO51: 0 | AP51: 1651900 | AQ51: 9105 | AR51: 0 | AS51: 0 | AT51: 0 | AU51: 0 | AV51: 0 | AW51: 0 | AX51: 0 | AY51: 0 | AZ51: 0 | BA51: 0 | BB51: 0 | BC51: 0 | BD51: 0 | BE51: 0 | BF51: 0 | BG51: 0 | BH51: =SUM(T51:AB51)+SUM(AF51:BA51)-SUM(BB51:BG51) | BI51: =S51*17.5% | BJ51: =S51*3% | BK51: =S51*1% | BM51: =SUM(BI51:BL51) | BN51: =S51*8% | BO51: =S51*1.5% | BP51: =S51*1% | BR51: =SUM(BN51:BQ51) | BS51: =T51+U51+V51+W51 | BT51: =BH51-BS51-AH51 | BU51: =IF(E51="HĐLĐ",15500000,0) | BV51: 0 | BW51: =BV51*6200000 | BX51: =BR51 | BY51: =BU51+BW51+BX51 | BZ51: =IF(BT51-BY51>0,BT51-BY51,0) | CA51: =IF(AND(OR($E51="HĐTV",$E51="HĐCTV"),$BZ51<2000000),0,IF(OR($E51="HĐTV",$E51="HĐCTV"),$BZ51*10%,ROUND(IF($BZ51<=10000000,$BZ51*5%,IF($BZ51<=30000000,$BZ51*10%-500000,IF($BZ51<=60000000,$BZ51*20%-3500000,IF($BZ51<=100000000,$BZ51*30%-9500000,$BZ51*35%-14500000)))),0))) | CB51: =ROUND(BH51-BR51-CA51,0) | CD51: 0 | CE51: =CB51+CC51-CD51 | CF51: =CE51-CG51 | CG51: =CE51 | CI51: hanh.nguyen@medigoapp.com | CJ51: 0 | CK51: 2 | CM51: 29 | CN51: 7 | CO51: 2024 | CP51: =IF((($CO$7-CO51)*12)+($CN$7-CN51)>=12,((($CO$7-CO51)*12)+($CN$7-CN51))-1,0) | CQ51: =IF(CP51<12,(($CQ$7-CO51)*12)+($CP$7-CN51),0) | CR51: =IF(OR(CP51>12,CP51=12),((CP51-(CS51*12))+((($CQ$7-2024)*12)+($CP$7-4)))+1,0) | CS51: =IF(OR(CP51>12,CP51=12),ROUNDDOWN(CP51/12,0),0) | CT51: =IF(CQ51>11,ROUNDDOWN(CQ51/12,0),0) | CU51: =IF(CR51>11,ROUNDDOWN(CR51/12,0),0) | CV51: =IF(CP51=0,0,6000000*1.07^CS51) | CW51: =IF(CT51<2,0,6000000+(CT51-1)*500000) | CX51: =IF(CU51=0,CV51,IF(CU51<1,0,CV51+CU51*500000)) | CY51: =IF(CX51>0,CX51,IF(CW51>0,CW51,6000000))
A52: 37 | B52: 8 | C52: Tran Hoang Khanh | D52: Trần Hoàng Khánh | E52: =IF(OR(G52="CHT",G52="DSBC",G52="DSXC"),"HĐLĐ",IF(OR(G52="DSTV",G52="Q.CHT"),"HĐTV","HĐCTV")) | F52: Nguyễn Chí Thanh | G52: DSBC | H52: 02/06/2025 | I52: 0985967065 | J52: Tp Bank | K52: 28 | L52: 30 | M52: 23.83 | N52: 235.5 | O52: 16 | S52: =IF(E52="HĐLĐ",5310000,0) | T52: 500000 | AA52: 0 | AB52: 0 | AC52: 6000000 | AG52: =IF(E52="HĐTV",AE52/28/8*M52,AC52/28/8*M52) | AH52: =IF(E52="HĐTV",AE52/28/8*N52*1.5,AC52/28/8*N52*1.5) | AI52: 1500000 | AJ52: 0 | AK52: 0 | AL52: 0 | AM52: 0 | AN52: 500000 | AO52: 0 | AP52: 2122400 | AQ52: 2500 | AR52: 0 | AS52: 0 | AT52: 0 | AU52: 0 | AV52: 0 | AW52: 0 | AX52: 0 | AY52: 0 | AZ52: 0 | BA52: 0 | BB52: 0 | BC52: 0 | BD52: 0 | BE52: 0 | BF52: 38000 | BG52: 0 | BH52: =SUM(T52:AB52)+SUM(AF52:BA52)-SUM(BB52:BG52) | BI52: =S52*17.5% | BJ52: =S52*3% | BK52: =S52*1% | BM52: =SUM(BI52:BL52) | BN52: =S52*8% | BO52: =S52*1.5% | BP52: =S52*1% | BR52: =SUM(BN52:BQ52) | BS52: =T52+U52+V52+W52 | BT52: =BH52-BS52-AH52 | BU52: =IF(E52="HĐLĐ",15500000,0) | BV52: 0 | BW52: =BV52*6200000 | BX52: =BR52 | BY52: =BU52+BW52+BX52 | BZ52: =IF(BT52-BY52>0,BT52-BY52,0) | CA52: =IF(AND(OR($E52="HĐTV",$E52="HĐCTV"),$BZ52<2000000),0,IF(OR($E52="HĐTV",$E52="HĐCTV"),$BZ52*10%,ROUND(IF($BZ52<=10000000,$BZ52*5%,IF($BZ52<=30000000,$BZ52*10%-500000,IF($BZ52<=60000000,$BZ52*20%-3500000,IF($BZ52<=100000000,$BZ52*30%-9500000,$BZ52*35%-14500000)))),0))) | CB52: =ROUND(BH52-BR52-CA52,0) | CD52: 0 | CE52: =CB52+CC52-CD52 | CF52: =CE52-CG52 | CG52: =CE52 | CI52: khanh.tran@medigoapp.com | CJ52: 0 | CK52: 9 | CM52: 2 | CN52: 6 | CO52: 2025 | CP52: 0 | CQ52: =IF(CP52<12,(($CQ$7-CO52)*12)+($CP$7-CN52),0) | CR52: =IF(OR(CP52>12,CP52=12),((CP52-(CS52*12))+((($CQ$7-2024)*12)+($CP$7-4)))+1,0) | CS52: 0 | CT52: =IF(CQ52>11,ROUNDDOWN(CQ52/12,0),0) | CU52: 0 | CV52: 0 | CW52: 0 | CX52: 0 | CY52: 6000000
A53: 38 | B53: 8 | C53: Ly Thuc Mi | D53: Lý Thục Mi | E53: =IF(OR(G53="CHT",G53="DSBC",G53="DSXC"),"HĐLĐ",IF(OR(G53="DSTV",G53="Q.CHT"),"HĐTV","HĐCTV")) | F53: Nguyễn Chí Thanh | G53: DSTV | H53: 01/08/2026 | I53: 01805590901 | J53: Tiên Phong bank | K53: 28 | L53: 30 | M53: 264.12 | N53: 0 | O53: 16 | S53: =IF(E53="HĐLĐ",5310000,0) | T53: 500000 | AA53: 0 | AB53: 0 | AC53: 6000000 | AD53: =AC53 | AE53: 6000000 | AF53: =IF(E53="HĐTV",AE53/K53*L53,AD53/K53*L53) | AG53: =IF(E53="HĐTV",AE53/28/8*M53,AC53/28/8*M53) | AH53: =IF(E53="HĐTV",AE53/28/8*N53*1.5,AC53/28/8*N53*1.5) | AI53: 0 | AJ53: 0 | AK53: 0 | AL53: 0 | AM53: 0 | AN53: 0 | AO53: 0 | AP53: 0 | AQ53: 0 | AR53: 0 | AS53: 0 | AT53: 0 | AU53: 0 | AV53: 0 | AW53: 0 | AX53: 0 | AY53: 0 | AZ53: 0 | BA53: 0 | BB53: 0 | BC53: 0 | BD53: 0 | BE53: 0 | BF53: 0 | BG53: 0 | BH53: =SUM(T53:AB53)+SUM(AF53:BA53)-SUM(BB53:BG53) | BI53: =S53*17.5% | BJ53: =S53*3% | BK53: =S53*1% | BM53: =SUM(BI53:BL53) | BN53: =S53*8% | BO53: =S53*1.5% | BP53: =S53*1% | BR53: =SUM(BN53:BQ53) | BS53: =T53+U53+V53+W53 | BT53: =BH53-BS53-AH53 | BU53: =IF(E53="HĐLĐ",15500000,0) | BV53: 0 | BW53: =BV53*6200000 | BX53: =BR53 | BY53: =BU53+BW53+BX53 | BZ53: =IF(BT53-BY53>0,BT53-BY53,0) | CA53: =IF(AND(OR($E53="HĐTV",$E53="HĐCTV"),$BZ53<2000000),0,IF(OR($E53="HĐTV",$E53="HĐCTV"),$BZ53*10%,ROUND(IF($BZ53<=10000000,$BZ53*5%,IF($BZ53<=30000000,$BZ53*10%-500000,IF($BZ53<=60000000,$BZ53*20%-3500000,IF($BZ53<=100000000,$BZ53*30%-9500000,$BZ53*35%-14500000)))),0))) | CB53: =ROUND(BH53-BR53-CA53,0) | CD53: 0 | CE53: =CB53+CC53-CD53 | CF53: =CE53-CG53 | CG53: =CE53 | CI53: mailto:ha.le@medigoapp.com | CK53: 4 | CY53: =IF(CX53>0,CX53,IF(CW53>0,CW53,6000000))
A54: 39 | B54: 8 | C54: Ngo Thi Ngoc Thuy | D54: Ngô Thị Ngọc Thủy | E54: =IF(OR(G54="CHT",G54="DSBC",G54="DSXC"),"HĐLĐ",IF(OR(G54="DSTV",G54="Q.CHT"),"HĐTV","HĐCTV")) | F54: Nguyễn Chí Thanh | G54: DSTV | H54: 46190 | I54: 02031125202 | J54: TP Bank | K54: 28 | L54: 1 | M54: 8 | N54: 0 | O54: 0 | S54: =IF(E54="HĐLĐ",5310000,0) | T54: 17857.143 | AA54: 0 | AB54: 0 | AC54: 6000000 | AD54: =AC54 | AE54: 6000000 | AF54: =IF(E54="HĐTV",AE54/K54*L54,AD54/K54*L54) | AG54: =IF(E54="HĐTV",AE54/28/8*M54,AC54/28/8*M54) | AH54: =IF(E54="HĐTV",AE54/28/8*N54*1.5,AC54/28/8*N54*1.5) | AI54: 0 | AJ54: 0 | AK54: 0 | AL54: 0 | AM54: 0 | AN54: 0 | AO54: 0 | AP54: 0 | AQ54: 0 | AR54: 0 | AS54: 0 | AT54: 0 | AU54: 0 | AV54: 0 | AW54: 0 | AX54: 0 | AY54: 0 | AZ54: 0 | BA54: 0 | BB54: 0 | BC54: 0 | BD54: 0 | BE54: 0 | BF54: 0 | BG54: 0 | BH54: =SUM(T54:AB54)+SUM(AF54:BA54)-SUM(BB54:BG54) | BI54: =S54*17.5% | BJ54: =S54*3% | BK54: =S54*1% | BM54: =SUM(BI54:BL54) | BN54: =S54*8% | BO54: =S54*1.5% | BP54: =S54*1% | BR54: =SUM(BN54:BQ54) | BS54: =T54+U54+V54+W54 | BT54: =BH54-BS54-AH54 | BU54: =IF(E54="HĐLĐ",15500000,0) | BV54: 0 | BW54: =BV54*6200000 | BX54: =BR54 | BY54: =BU54+BW54+BX54 | BZ54: =IF(BT54-BY54>0,BT54-BY54,0) | CA54: =IF(AND(OR($E54="HĐTV",$E54="HĐCTV"),$BZ54<2000000),0,IF(OR($E54="HĐTV",$E54="HĐCTV"),$BZ54*10%,ROUND(IF($BZ54<=10000000,$BZ54*5%,IF($BZ54<=30000000,$BZ54*10%-500000,IF($BZ54<=60000000,$BZ54*20%-3500000,IF($BZ54<=100000000,$BZ54*30%-9500000,$BZ54*35%-14500000)))),0))) | CB54: =ROUND(BH54-BR54-CA54,0) | CD54: 0 | CE54: =CB54+CC54-CD54 | CF54: =CE54-CG54 | CG54: =CE54 | CI54: mailto:ha.le@medigoapp.com | CK54: 1 | CY54: =IF(CX54>0,CX54,IF(CW54>0,CW54,6000000))
A55: 40 | B55: 8 | C55: Do Thi Phuong Thao | D55: Đỗ Thị Phương Thảo | E55: =IF(OR(G55="CHT",G55="DSBC",G55="DSXC"),"HĐLĐ",IF(OR(G55="DSTV",G55="Q.CHT"),"HĐTV","HĐCTV")) | F55: Nguyễn Chí Thanh | G55: DSXC | H55: 19/04/2025 | I55: 0561000503731 | J55: Vietcombank | K55: 28 | L55: 31 | M55: 265.36 | N55: 8.58 | O55: 16 | S55: =IF(E55="HĐLĐ",5310000,0) | T55: 500000 | AA55: 0 | AB55: 0 | AC55: 6000000 | AG55: =IF(E55="HĐTV",AE55/28/8*M55,AC55/28/8*M55) | AH55: =IF(E55="HĐTV",AE55/28/8*N55*1.5,AC55/28/8*N55*1.5) | AI55: 0 | AJ55: 0 | AK55: 0 | AL55: 0 | AM55: 0 | AN55: 0 | AO55: 0 | AP55: 1511400 | AQ55: 150484 | AR55: 0 | AS55: 0 | AT55: 0 | AU55: 0 | AV55: 0 | AW55: 0 | AX55: 0 | AY55: 0 | AZ55: 100000 | BA55: 100000 | BB55: 0 | BC55: 0 | BD55: 0 | BE55: 0 | BF55: 0 | BG55: 0 | BH55: =SUM(T55:AB55)+SUM(AF55:BA55)-SUM(BB55:BG55) | BI55: =S55*17.5% | BJ55: =S55*3% | BK55: =S55*1% | BM55: =SUM(BI55:BL55) | BN55: =S55*8% | BO55: =S55*1.5% | BP55: =S55*1% | BR55: =SUM(BN55:BQ55) | BS55: =T55+U55+V55+W55 | BT55: =BH55-BS55-AH55 | BU55: =IF(E55="HĐLĐ",15500000,0) | BV55: 0 | BW55: =BV55*6200000 | BX55: =BR55 | BY55: =BU55+BW55+BX55 | BZ55: =IF(BT55-BY55>0,BT55-BY55,0) | CA55: =IF(AND(OR($E55="HĐTV",$E55="HĐCTV"),$BZ55<2000000),0,IF(OR($E55="HĐTV",$E55="HĐCTV"),$BZ55*10%,ROUND(IF($BZ55<=10000000,$BZ55*5%,IF($BZ55<=30000000,$BZ55*10%-500000,IF($BZ55<=60000000,$BZ55*20%-3500000,IF($BZ55<=100000000,$BZ55*30%-9500000,$BZ55*35%-14500000)))),0))) | CB55: =ROUND(BH55-BR55-CA55,0) | CD55: 0 | CE55: =CB55+CC55-CD55 | CF55: =CE55-CG55 | CG55: =CE55 | CI55: thao.do@medigoapp.com | CJ55: 0 | CK55: 8 | CM55: 19 | CN55: 4 | CO55: 2025 | CP55: =IF((($CO$7-CO55)*12)+($CN$7-CN55)>=12,((($CO$7-CO55)*12)+($CN$7-CN55))-1,0) | CQ55: =IF(CP55<12,(($CQ$7-CO55)*12)+($CP$7-CN55),0) | CR55: =IF(OR(CP55>12,CP55=12),((CP55-(CS55*12))+((($CQ$7-2024)*12)+($CP$7-4)))+1,0) | CS55: =IF(OR(CP55>12,CP55=12),ROUNDDOWN(CP55/12,0),0) | CT55: =IF(CQ55>11,ROUNDDOWN(CQ55/12,0),0) | CU55: =IF(CR55>11,ROUNDDOWN(CR55/12,0),0) | CV55: =IF(CP55=0,0,6000000*1.07^CS55) | CW55: =IF(CT55<2,0,6000000+(CT55-1)*500000) | CX55: =IF(CU55=0,CV55,IF(CU55<1,0,CV55+CU55*500000)) | CY55: =IF(CX55>0,CX55,IF(CW55>0,CW55,6000000))
F56: =SUM(F50:F55) | K56: =SUM(K50:K55) | L56: =SUM(L50:L55) | M56: =SUM(M50:M55) | N56: =SUM(N50:N55) | O56: =SUM(O50:O55) | P56: =SUM(P50:P55) | Q56: =SUM(Q50:Q55) | S56: =SUM(S50:S55) | T56: =SUM(T50:T55) | U56: =SUM(U50:U55) | V56: =SUM(V50:V55) | W56: =SUM(W50:W55) | X56: =SUM(X50:X55) | Y56: =SUM(Y50:Y55) | Z56: =SUM(Z50:Z55) | ... CG56: =SUM(CG50:CG55) | CL56: =SUM(CL50:CL55)
A57: 41 | B57: 8 | C57: Cu Thi Tuong Vy | D57: Cù Thị Tường Vy | E57: =IF(OR(G57="CHT",G57="DSBC",G57="DSXC"),"HĐLĐ",IF(OR(G57="DSTV",G57="Q.CHT"),"HĐTV","HĐCTV")) | F57: Nguyễn Thị Thập | G57: CHT | H57: 16/3/2026 | I57: 0071000937911 | J57: Vietcombank | K57: 28 | L57: 1 | M57: 15.68 | N57: 0 | O57: 0 | S57: =IF(E57="HĐLĐ",5310000,0) | T57: 17857.143 | AA57: 0 | AB57: 0 | AC57: 6000000 | AD57: =AC57 | AE57: 0 | AF57: =IF(E57="HĐTV",AE57/K57*L57,AD57/K57*L57) | AG57: =IF(E57="HĐTV",AE57/28/8*M57,AC57/28/8*M57) | AH57: =IF(E57="HĐTV",AE57/28/8*N57*1.5,AC57/28/8*N57*1.5) | AI57: 0 | AJ57: 0 | AK57: 0 | AL57: 0 | AM57: 0 | AN57: 0 | AO57: 0 | AP57: 0 | AQ57: 0 | AR57: 0 | AS57: 500000 | AT57: 0 | AU57: 0 | AV57: 0 | AW57: 0 | AX57: 0 | AY57: 0 | AZ57: 0 | BA57: 0 | BB57: 0 | BC57: 0 | BD57: 0 | BE57: 0 | BF57: 0 | BG57: 0 | BH57: =SUM(T57:AB57)+SUM(AF57:BA57)-SUM(BB57:BG57) | BI57: =S57*17.5% | BJ57: =S57*3% | BK57: =S57*1% | BM57: =SUM(BI57:BL57) | BN57: =S57*8% | BO57: =S57*1.5% | BP57: =S57*1% | BR57: =SUM(BN57:BQ57) | BS57: =T57+U57+V57+W57 | BT57: =BH57-BS57-AH57 | BU57: =IF(E57="HĐLĐ",15500000,0) | BV57: 0 | BW57: =BV57*6200000 | BX57: =BR57 | BY57: =BU57+BW57+BX57 | BZ57: =IF(BT57-BY57>0,BT57-BY57,0) | CA57: =IF(AND(OR($E57="HĐTV",$E57="HĐCTV"),$BZ57<2000000),0,IF(OR($E57="HĐTV",$E57="HĐCTV"),$BZ57*10%,ROUND(IF($BZ57<=10000000,$BZ57*5%,IF($BZ57<=30000000,$BZ57*10%-500000,IF($BZ57<=60000000,$BZ57*20%-3500000,IF($BZ57<=100000000,$BZ57*30%-9500000,$BZ57*35%-14500000)))),0))) | CB57: =ROUND(BH57-BR57-CA57,0) | CD57: 0 | CE57: =CB57+CC57-CD57 | CF57: =CE57-CG57 | CG57: =CE57 | CI57: =VLOOKUP($C61,[5]Sheet1!$C$5:$K$139,9,0) | CK57: 10 | CM57: 4 | CN57: 9 | CO57: 2024 | CP57: =IF((($CO$7-CO57)*12)+($CN$7-CN57)>=12,((($CO$7-CO57)*12)+($CN$7-CN57))-1,0) | CQ57: =IF(CP57<12,(($CQ$7-CO57)*12)+($CP$7-CN57),0) | CR57: =IF(OR(CP57>12,CP57=12),((CP57-(CS57*12))+((($CQ$7-2024)*12)+($CP$7-4)))+1,0) | CS57: =IF(OR(CP57>12,CP57=12),ROUNDDOWN(CP57/12,0),0) | CT57: =IF(CQ57>11,ROUNDDOWN(CQ57/12,0),0) | CU57: =IF(CR57>11,ROUNDDOWN(CR57/12,0),0) | CV57: =IF(CP57=0,0,6000000*1.07^CS57) | CW57: =IF(CT57<2,0,6000000+(CT57-1)*500000) | CX57: =IF(CU57=0,CV57,IF(CU57<1,0,CV57+CU57*500000)) | CY57: =IF(CX57>0,CX57,IF(CW57>0,CW57,6000000))
A58: 42 | B58: 8 | C58: Trieu Thi Ngoc Ly | D58: Triệu Thị Ngọc Lý | E58: =IF(OR(G58="CHT",G58="DSBC",G58="DSXC"),"HĐLĐ",IF(OR(G58="DSTV",G58="Q.CHT"),"HĐTV","HĐCTV")) | F58: Nguyễn Thị Thập | G58: CHT | H58: 45194 | I58: 0989442883 | J58: MB BANK | K58: 28 | L58: 31 | M58: 355.66 | N58: 42.22 | O58: 16 | S58: =IF(E58="HĐLĐ",5310000,0) | T58: 500000 | AA58: 0 | AB58: 0 | AC58: 6500000 | AG58: =IF(E58="HĐTV",AE58/28/8*M58,AC58/28/8*M58) | AH58: =IF(E58="HĐTV",AE58/28/8*N58*1.5,AC58/28/8*N58*1.5) | AI58: 0 | AJ58: 0 | AK58: 0 | AL58: 1500000 | AM58: 0 | AN58: 0 | AO58: 0 | AP58: 1574500 | AQ58: 31259 | AR58: 0 | AS58: 0 | AT58: 0 | AU58: 470000 | AV58: 0 | AW58: 0 | AX58: 0 | AY58: 0 | AZ58: 0 | BA58: 0 | BB58: 32.,750 | BC58: 0 | BD58: 0 | BE58: 0 | BF58: 31000 | BG58: 0 | BH58: =SUM(T58:AB58)+SUM(AF58:BA58)-SUM(BB58:BG58) | BI58: =S58*17.5% | BJ58: =S58*3% | BK58: =S58*1% | BM58: =SUM(BI58:BL58) | BN58: =S58*8% | BO58: =S58*1.5% | BP58: =S58*1% | BR58: =SUM(BN58:BQ58) | BS58: =T58+U58+V58+W58 | BT58: =BH58-BS58-AH58 | BU58: =IF(E58="HĐLĐ",15500000,0) | BV58: 0 | BW58: =BV58*6200000 | BX58: =BR58 | BY58: =BU58+BW58+BX58 | BZ58: =IF(BT58-BY58>0,BT58-BY58,0) | CA58: =IF(AND(OR($E58="HĐTV",$E58="HĐCTV"),$BZ58<2000000),0,IF(OR($E58="HĐTV",$E58="HĐCTV"),$BZ58*10%,ROUND(IF($BZ58<=10000000,$BZ58*5%,IF($BZ58<=30000000,$BZ58*10%-500000,IF($BZ58<=60000000,$BZ58*20%-3500000,IF($BZ58<=100000000,$BZ58*30%-9500000,$BZ58*35%-14500000)))),0))) | CB58: =ROUND(BH58-BR58-CA58,0) | CD58: 0 | CE58: =CB58+CC58-CD58 | CF58: =CE58-CG58 | CG58: =CE58 | CI58: ly.trieu@medigoapp.com | CJ58: 0 | CK58: 5 | CM58: 25 | CN58: 9 | CO58: 2023 | CP58: =IF((($CO$7-CO58)*12)+($CN$7-CN58)>=12,((($CO$7-CO58)*12)+($CN$7-CN58))-1,0) | CQ58: =IF(CP58<12,(($CQ$7-CO58)*12)+($CP$7-CN58),0) | CR58: =IF(OR(CP58>12,CP58=12),((CP58-(CS58*12))+((($CQ$7-2024)*12)+($CP$7-4)))+1,0) | CS58: =IF(OR(CP58>12,CP58=12),ROUNDDOWN(CP58/12,0),0) | CT58: =IF(CQ58>11,ROUNDDOWN(CQ58/12,0),0) | CU58: =IF(CR58>11,ROUNDDOWN(CR58/12,0),0) | CV58: =IF(CP58=0,0,6000000*1.07^CS58) | CW58: =IF(CT58<2,0,6000000+(CT58-1)*500000) | CX58: =IF(CU58=0,CV58,IF(CU58<1,0,CV58+CU58*500000)) | CY58: =IF(CX58>0,CX58,IF(CW58>0,CW58,6000000))
A59: 43 | B59: 8 | C59: Cao Trong Nhan | D59: Cao Trọng Nhân | E59: =IF(OR(G59="CHT",G59="DSBC",G59="DSXC"),"HĐLĐ",IF(OR(G59="DSTV",G59="Q.CHT"),"HĐTV","HĐCTV")) | F59: Nguyễn Thị Thập | G59: DSBC | H59: 18/12/2025 | I59: 109868265987 | J59: Vietinbank | K59: 28 | L59: 28 | M59: 40.73 | N59: 228.5 | O59: 0 | S59: =IF(E59="HĐLĐ",5310000,0) | T59: 500000 | AA59: 0 | AB59: 0 | AC59: 6000000 | AG59: =IF(E59="HĐTV",AE59/28/8*M59,AC59/28/8*M59) | AH59: =IF(E59="HĐTV",AE59/28/8*N59*1.5,AC59/28/8*N59*1.5) | AI59: 1500000 | AJ59: 0 | AK59: 0 | AL59: 0 | AM59: 0 | AN59: 500000 | AO59: 1347392 | AP59: 2214100 | AQ59: 130696 | AR59: 0 | AS59: 0 | AT59: 0 | AU59: 0 | AV59: 0 | AW59: 0 | AX59: 0 | AY59: 0 | AZ59: 100000 | BA59: 100000 | BB59: 32.,750 | BC59: 0 | BD59: 0 | BE59: 0 | BF59: 0 | BG59: 0 | BH59: =SUM(T59:AB59)+SUM(AF59:BA59)-SUM(BB59:BG59) | BI59: =S59*17.5% | BJ59: =S59*3% | BK59: =S59*1% | BM59: =SUM(BI59:BL59) | BN59: =S59*8% | BO59: =S59*1.5% | BP59: =S59*1% | BR59: =SUM(BN59:BQ59) | BS59: =T59+U59+V59+W59 | BT59: =BH59-BS59-AH59 | BU59: =IF(E59="HĐLĐ",15500000,0) | BV59: 0 | BW59: =BV59*6200000 | BX59: =BR59 | BY59: =BU59+BW59+BX59 | BZ59: =IF(BT59-BY59>0,BT59-BY59,0) | CA59: =IF(AND(OR($E59="HĐTV",$E59="HĐCTV"),$BZ59<2000000),0,IF(OR($E59="HĐTV",$E59="HĐCTV"),$BZ59*10%,ROUND(IF($BZ59<=10000000,$BZ59*5%,IF($BZ59<=30000000,$BZ59*10%-500000,IF($BZ59<=60000000,$BZ59*20%-3500000,IF($BZ59<=100000000,$BZ59*30%-9500000,$BZ59*35%-14500000)))),0))) | CB59: =ROUND(BH59-BR59-CA59,0) | CD59: 0 | CE59: =CB59+CC59-CD59 | CF59: =CE59-CG59 | CG59: =CE59 | CI59: =VLOOKUP($C63,[5]Sheet1!$C$5:$K$139,9,0) | CJ59: 0 | CK59: 8 | CM59: 18 | CN59: 12 | CO59: 2025 | CP59: =IF((($CO$7-CO59)*12)+($CN$7-CN59)>=12,((($CO$7-CO59)*12)+($CN$7-CN59))-1,0) | CQ59: =IF(CP59<12,(($CQ$7-CO59)*12)+($CP$7-CN59),0) | CR59: =IF(OR(CP59>12,CP59=12),((CP59-(CS59*12))+((($CQ$7-2024)*12)+($CP$7-4)))+1,0) | CS59: =IF(OR(CP59>12,CP59=12),ROUNDDOWN(CP59/12,0),0) | CT59: =IF(CQ59>11,ROUNDDOWN(CQ59/12,0),0) | CU59: =IF(CR59>11,ROUNDDOWN(CR59/12,0),0) | CV59: =IF(CP59=0,0,6000000*1.07^CS59) | CW59: =IF(CT59<2,0,6000000+(CT59-1)*500000) | CX59: =IF(CU59=0,CV59,IF(CU59<1,0,CV59+CU59*500000)) | CY59: 6000000
A60: 44 | B60: 8 | C60: Tran Thanh Dat | D60: Trần Thành Đạt | E60: =IF(OR(G60="CHT",G60="DSBC",G60="DSXC"),"HĐLĐ",IF(OR(G60="DSTV",G60="Q.CHT"),"HĐTV","HĐCTV")) | F60: Nguyễn Thị Thập | G60: DSBC | H60: 21/07/2025 | I60: 0621000445313 | J60: Vietcombank | K60: 28 | L60: 28 | M60: 12.59 | N60: 258.7 | O60: 0 | S60: =IF(E60="HĐLĐ",5310000,0) | T60: 500000 | AA60: 0 | AB60: 0 | AC60: 6000000 | AG60: =IF(E60="HĐTV",AE60/28/8*M60,AC60/28/8*M60) | AH60: =IF(E60="HĐTV",AE60/28/8*N60*1.5,AC60/28/8*N60*1.5) | AI60: 1500000 | AJ60: 0 | AK60: 0 | AL60: 0 | AM60: 0 | AN60: 0 | AO60: 0 | AP60: 1922350 | AQ60: 29087 | AR60: 0 | AS60: 0 | AT60: 0 | AU60: 0 | AV60: 0 | AW60: 0 | AX60: 0 | AY60: 0 | AZ60: 0 | BA60: 2500000 | BB60: 32.,750 | BC60: 0 | BD60: 0 | BE60: 0 | BF60: 0 | BG60: 0 | BH60: =SUM(T60:AB60)+SUM(AF60:BA60)-SUM(BB60:BG60) | BI60: =S60*17.5% | BJ60: =S60*3% | BK60: =S60*1% | BM60: =SUM(BI60:BL60) | BN60: =S60*8% | BO60: =S60*1.5% | BP60: =S60*1% | BR60: =SUM(BN60:BQ60) | BS60: =T60+U60+V60+W60 | BT60: =BH60-BS60-AH60 | BU60: =IF(E60="HĐLĐ",15500000,0) | BV60: 0 | BW60: =BV60*6200000 | BX60: =BR60 | BY60: =BU60+BW60+BX60 | BZ60: =IF(BT60-BY60>0,BT60-BY60,0) | CA60: =IF(AND(OR($E60="HĐTV",$E60="HĐCTV"),$BZ60<2000000),0,IF(OR($E60="HĐTV",$E60="HĐCTV"),$BZ60*10%,ROUND(IF($BZ60<=10000000,$BZ60*5%,IF($BZ60<=30000000,$BZ60*10%-500000,IF($BZ60<=60000000,$BZ60*20%-3500000,IF($BZ60<=100000000,$BZ60*30%-9500000,$BZ60*35%-14500000)))),0))) | CB60: =ROUND(BH60-BR60-CA60,0) | CD60: 0 | CE60: =CB60+CC60-CD60 | CF60: =CE60-CG60 | CG60: =CE60 | CI60: dat.tran@medigoapp.com | CJ60: 0 | CK60: 9 | CM60: 21 | CN60: 7 | CO60: 2025 | CP60: =IF((($CO$7-CO60)*12)+($CN$7-CN60)>=12,((($CO$7-CO60)*12)+($CN$7-CN60))-1,0) | CQ60: =IF(CP60<12,(($CQ$7-CO60)*12)+($CP$7-CN60),0) | CR60: =IF(OR(CP60>12,CP60=12),((CP60-(CS60*12))+((($CQ$7-2024)*12)+($CP$7-4)))+1,0) | CS60: =IF(OR(CP60>12,CP60=12),ROUNDDOWN(CP60/12,0),0) | CT60: =IF(CQ60>11,ROUNDDOWN(CQ60/12,0),0) | CU60: =IF(CR60>11,ROUNDDOWN(CR60/12,0),0) | CV60: =IF(CP60=0,0,6000000*1.07^CS60) | CW60: =IF(CT60<2,0,6000000+(CT60-1)*500000) | CX60: =IF(CU60=0,CV60,IF(CU60<1,0,CV60+CU60*500000)) | CY60: =IF(CX60>0,CX60,IF(CW60>0,CW60,6000000))
A61: 45 | B61: 8 | C61: Hoang Lam Gia Bao | D61: Hoàng Lâm Gia Bảo | E61: =IF(OR(G61="CHT",G61="DSBC",G61="DSXC"),"HĐLĐ",IF(OR(G61="DSTV",G61="Q.CHT"),"HĐTV","HĐCTV")) | F61: Nguyễn Thị Thập | G61: DSBC | H61: 27/5/2026 | I61: 067106916868 | J61: Sacombank | K61: 28 | L61: 7 | M61: 42.37 | N61: 0 | O61: 0 | S61: =IF(E61="HĐLĐ",5310000,0) | T61: 125000 | AA61: 0 | AB61: 0 | AC61: 6000000 | AD61: =AC61 | AE61: 0 | AF61: =IF(E61="HĐTV",AE61/K61*L61,AD61/K61*L61) | AG61: =IF(E61="HĐTV",AE61/28/8*M61,AC61/28/8*M61) | AH61: =IF(E61="HĐTV",AE61/28/8*N61*1.5,AC61/28/8*N61*1.5) | AI61: 0 | AJ61: 0 | AK61: 0 | AL61: 0 | AM61: 0 | AN61: 0 | AO61: 0 | AP61: 0 | AQ61: 0 | AR61: 0 | AS61: 0 | AT61: 0 | AU61: 0 | AV61: 0 | AW61: 0 | AX61: 0 | AY61: 0 | AZ61: 0 | BA61: 0 | BB61: 0 | BC61: 0 | BD61: 0 | BE61: 0 | BF61: 0 | BG61: 0 | BH61: =SUM(T61:AB61)+SUM(AF61:BA61)-SUM(BB61:BG61) | BI61: =S61*17.5% | BJ61: =S61*3% | BK61: =S61*1% | BM61: =SUM(BI61:BL61) | BN61: =S61*8% | BO61: =S61*1.5% | BP61: =S61*1% | BR61: =SUM(BN61:BQ61) | BS61: =T61+U61+V61+W61 | BT61: =BH61-BS61-AH61 | BU61: =IF(E61="HĐLĐ",15500000,0) | BV61: 0 | BW61: =BV61*6200000 | BX61: =BR61 | BY61: =BU61+BW61+BX61 | BZ61: =IF(BT61-BY61>0,BT61-BY61,0) | CA61: =IF(AND(OR($E61="HĐTV",$E61="HĐCTV"),$BZ61<2000000),0,IF(OR($E61="HĐTV",$E61="HĐCTV"),$BZ61*10%,ROUND(IF($BZ61<=10000000,$BZ61*5%,IF($BZ61<=30000000,$BZ61*10%-500000,IF($BZ61<=60000000,$BZ61*20%-3500000,IF($BZ61<=100000000,$BZ61*30%-9500000,$BZ61*35%-14500000)))),0))) | CB61: =ROUND(BH61-BR61-CA61,0) | CD61: 0 | CE61: =CB61+CC61-CD61 | CF61: =CE61-CG61 | CG61: =CE61 | CI61: mailto:ha.le@medigoapp.com | CK61: 11 | CY61: 5100000
A62: 46 | B62: 8 | C62: Nguyen Tri Nghia | D62: Nguyễn Trí Nghĩa | E62: =IF(OR(G62="CHT",G62="DSBC",G62="DSXC"),"HĐLĐ",IF(OR(G62="DSTV",G62="Q.CHT"),"HĐTV","HĐCTV")) | F62: Nguyễn Thị Thập | G62: DSBC | H62: 45439 | I62: 0251002787705 | J62: Vietcombank | K62: 28 | L62: 15 | M62: 100.03 | N62: 15.9 | O62: 0 | S62: =IF(E62="HĐLĐ",5310000,0) | T62: 267857.14 | AA62: 0 | AB62: 0 | AC62: 6500000 | AG62: =IF(E62="HĐTV",AE62/28/8*M62,AC62/28/8*M62) | AH62: =IF(E62="HĐTV",AE62/28/8*N62*1.5,AC62/28/8*N62*1.5) | AI62: 0 | AJ62: 0 | AK62: 0 | AL62: 0 | AM62: 0 | AN62: 0 | AO62: 0 | AP62: 609435 | AQ62: 13341 | AR62: 0 | AS62: 0 | AT62: 0 | AU62: 0 | AV62: 0 | AW62: 0 | AX62: 0 | AY62: 0 | AZ62: 0 | BA62: 0 | BB62: 32.,750 | BC62: 0 | BD62: 0 | BE62: 0 | BF62: 130600 | BG62: 0 | BH62: =SUM(T62:AB62)+SUM(AF62:BA62)-SUM(BB62:BG62) | BI62: =S62*17.5% | BJ62: =S62*3% | BK62: =S62*1% | BM62: =SUM(BI62:BL62) | BN62: =S62*8% | BO62: =S62*1.5% | BP62: =S62*1% | BR62: =SUM(BN62:BQ62) | BS62: =T62+U62+V62+W62 | BT62: =BH62-BS62-AH62 | BU62: =IF(E62="HĐLĐ",15500000,0) | BV62: 0 | BW62: =BV62*6200000 | BX62: =BR62 | BY62: =BU62+BW62+BX62 | BZ62: =IF(BT62-BY62>0,BT62-BY62,0) | CA62: =IF(AND(OR($E62="HĐTV",$E62="HĐCTV"),$BZ62<2000000),0,IF(OR($E62="HĐTV",$E62="HĐCTV"),$BZ62*10%,ROUND(IF($BZ62<=10000000,$BZ62*5%,IF($BZ62<=30000000,$BZ62*10%-500000,IF($BZ62<=60000000,$BZ62*20%-3500000,IF($BZ62<=100000000,$BZ62*30%-9500000,$BZ62*35%-14500000)))),0))) | CB62: =ROUND(BH62-BR62-CA62,0) | CD62: 0 | CE62: =CB62+CC62-CD62 | CF62: =CE62-CG62 | CG62: =CE62 | CI62: tringhia.nguyen@medigoapp.com | CJ62: 0 | CK62: 5 | CM62: 27 | CN62: 5 | CO62: 2024 | CP62: 0 | CQ62: =IF(CP62<12,(($CQ$7-CO62)*12)+($CP$7-CN62),0) | CR62: =IF(OR(CP62>12,CP62=12),((CP62-(CS62*12))+((($CQ$7-2024)*12)+($CP$7-4)))+1,0) | CS62: 0 | CT62: =IF(CQ62>11,ROUNDDOWN(CQ62/12,0),0) | CU62: 0 | CV62: 0 | CW62: =IF(CT62<2,0,6000000+(CT62-1)*500000) | CX62: 0 | CY62: =IF(CX62>0,CX62,IF(CW62>0,CW62,6000000))
A63: 47 | B63: 8 | C63: Phan Cong Vu Tai | D63: Phan Công Vũ Tài | E63: =IF(OR(G63="CHT",G63="DSBC",G63="DSXC"),"HĐLĐ",IF(OR(G63="DSTV",G63="Q.CHT"),"HĐTV","HĐCTV")) | F63: Nguyễn Thị Thập | G63: DSBC | H63: 26/01/2026 | I63: 02446989901 | J63: Tp Bank | K63: 28 | L63: 2 | M63: 11.42 | N63: 0 | O63: 0 | S63: =IF(E63="HĐLĐ",5310000,0) | AA63: 0 | AB63: 0 | AC63: 6000000 | AD63: =AC63 | AE63: 0 | AF63: =IF(E63="HĐTV",AE63/K63*L63,AD63/K63*L63) | AG63: =IF(E63="HĐTV",AE63/28/8*M63,AC63/28/8*M63) | AH63: =IF(E63="HĐTV",AE63/28/8*N63*1.5,AC63/28/8*N63*1.5) | AI63: 0 | AJ63: 0 | AK63: 0 | AL63: 0 | AM63: 0 | AN63: 0 | AO63: 0 | AP63: 0 | AQ63: 15362 | AR63: 0 | AS63: 0 | AT63: 0 | AU63: 0 | AV63: 0 | AW63: 0 | AX63: 0 | AY63: 0 | AZ63: 0 | BA63: 0 | BB63: 0 | BC63: 0 | BD63: 0 | BE63: 0 | BF63: 0 | BG63: 0 | BH63: =SUM(T63:AB63)+SUM(AF63:BA63)-SUM(BB63:BG63) | BI63: =S63*17.5% | BJ63: =S63*3% | BK63: =S63*1% | BM63: =SUM(BI63:BL63) | BN63: =S63*8% | BO63: =S63*1.5% | BP63: =S63*1% | BR63: =SUM(BN63:BQ63) | BS63: =T63+U63+V63+W63 | BT63: =BH63-BS63-AH63 | BU63: =IF(E63="HĐLĐ",15500000,0) | BV63: 0 | BW63: =BV63*6200000 | BX63: =BR63 | BY63: =BU63+BW63+BX63 | BZ63: =IF(BT63-BY63>0,BT63-BY63,0) | CA63: =IF(AND(OR($E63="HĐTV",$E63="HĐCTV"),$BZ63<2000000),0,IF(OR($E63="HĐTV",$E63="HĐCTV"),$BZ63*10%,ROUND(IF($BZ63<=10000000,$BZ63*5%,IF($BZ63<=30000000,$BZ63*10%-500000,IF($BZ63<=60000000,$BZ63*20%-3500000,IF($BZ63<=100000000,$BZ63*30%-9500000,$BZ63*35%-14500000)))),0))) | CB63: =ROUND(BH63-BR63-CA63,0) | CD63: 0 | CE63: =CB63+CC63-CD63 | CF63: =CE63-CG63 | CG63: =CE63 | CI63: mailto:ha.le@medigoapp.com | CK63: 4 | CY63: =IF(CX63>0,CX63,IF(CW63>0,CW63,6000000))
A64: 48 | B64: 8 | C64: Bui Thi Bich Tram | D64: Bùi Thị Bích Trâm | E64: =IF(OR(G64="CHT",G64="DSBC",G64="DSXC"),"HĐLĐ",IF(OR(G64="DSTV",G64="Q.CHT"),"HĐTV","HĐCTV")) | F64: Nguyễn Thị Thập | G64: DSHV | H64: 06/07/2026 | I64: 1016922539 | J64: Vietcombank | K64: 28 | L64: 15 | M64: 178.17 | N64: 0 | O64: 0 | S64: =IF(E64="HĐLĐ",5310000,0) | T64: 267857.14 | AA64: 0 | AB64: 0 | AC64: 3000000 | AG64: =IF(E64="HĐTV",AE64/28/8*M64,AC64/28/8*M64) | AH64: =IF(E64="HĐTV",AE64/28/8*N64*1.5,AC64/28/8*N64*1.5) | AI64: 0 | AJ64: 0 | AK64: 0 | AL64: 0 | AM64: 0 | AN64: 0 | AO64: 0 | AP64: 0 | AQ64: 0 | AR64: 0 | AS64: 1500000 | AT64: 0 | AU64: 0 | AV64: 0 | AW64: 0 | AX64: 0 | AY64: 0 | AZ64: 0 | BA64: 0 | BB64: 0 | BC64: 0 | BD64: 0 | BE64: 0 | BF64: 0 | BG64: 0 | BH64: =SUM(T64:AB64)+SUM(AF64:BA64)-SUM(BB64:BG64) | BI64: =S64*17.5% | BJ64: =S64*3% | BK64: =S64*1% | BM64: =SUM(BI64:BL64) | BN64: =S64*8% | BO64: =S64*1.5% | BP64: =S64*1% | BR64: =SUM(BN64:BQ64) | BS64: =T64+U64+V64+W64 | BT64: =BH64-BS64-AH64 | BU64: =IF(E64="HĐLĐ",15500000,0) | BV64: 0 | BW64: =BV64*6200000 | BX64: =BR64 | BY64: =BU64+BW64+BX64 | BZ64: =IF(BT64-BY64>0,BT64-BY64,0) | CA64: =IF(AND(OR($E64="HĐTV",$E64="HĐCTV"),$BZ64<2000000),0,IF(OR($E64="HĐTV",$E64="HĐCTV"),$BZ64*10%,ROUND(IF($BZ64<=10000000,$BZ64*5%,IF($BZ64<=30000000,$BZ64*10%-500000,IF($BZ64<=60000000,$BZ64*20%-3500000,IF($BZ64<=100000000,$BZ64*30%-9500000,$BZ64*35%-14500000)))),0))) | CB64: =ROUND(BH64-BR64-CA64,0) | CD64: 0 | CE64: =CB64+CC64-CD64 | CF64: =CE64-CG64 | CG64: =CE64 | CI64: tram.bui@medigoapp.com | CJ64: 0 | CK64: 6 | CY64: 3000000
F65: =SUM(F57:F64) | K65: =SUM(K57:K64) | L65: =SUM(L57:L64) | M65: =SUM(M57:M64) | N65: =SUM(N57:N64) | O65: =SUM(O57:O64) | P65: =SUM(P57:P64) | Q65: =SUM(Q57:Q64) | S65: =SUM(S57:S64) | T65: =SUM(T57:T64) | U65: =SUM(U57:U64) | V65: =SUM(V57:V64) | W65: =SUM(W57:W64) | X65: =SUM(X57:X64) | Y65: =SUM(Y57:Y64) | Z65: =SUM(Z57:Z64) | ... CG65: =SUM(CG57:CG64) | CL65: =SUM(CL57:CL64)
A66: 49 | B66: 8 | C66: Vo Ngoc Giau Sang | D66: Võ Ngọc Giàu Sang | E66: =IF(OR(G66="CHT",G66="DSBC",G66="DSXC"),"HĐLĐ",IF(OR(G66="DSTV",G66="Q.CHT"),"HĐTV","HĐCTV")) | F66: Nguyễn Văn Quá | G66: CHT | H66: 08/07/2024 | I66: 04015933001 | J66: TP bank | K66: 28 | L66: 24 | M66: 187.86 | N66: 0 | O66: 0 | S66: =IF(E66="HĐLĐ",5310000,0) | T66: 428571.43 | AA66: 0 | AB66: 0 | AC66: 6000000 | AG66: =IF(E66="HĐTV",AE66/28/8*M66,AC66/28/8*M66) | AH66: =IF(E66="HĐTV",AE66/28/8*N66*1.5,AC66/28/8*N66*1.5) | AI66: 0 | AJ66: 0 | AK66: 0 | AL66: 1500000 | AM66: 0 | AN66: 0 | AO66: 0 | AP66: 1313900 | AQ66: 7827 | AR66: 0 | AS66: 1108000 | AT66: 0 | AU66: 0 | AV66: 0 | AW66: 0 | AX66: 0 | AY66: 0 | AZ66: 0 | BA66: 0 | BB66: 0 | BC66: 0 | BD66: 0 | BE66: 0 | BF66: 0 | BG66: 0 | BH66: =SUM(T66:AB66)+SUM(AF66:BA66)-SUM(BB66:BG66) | BI66: =S66*17.5% | BJ66: =S66*3% | BK66: =S66*1% | BM66: =SUM(BI66:BL66) | BN66: =S66*8% | BO66: =S66*1.5% | BP66: =S66*1% | BR66: =SUM(BN66:BQ66) | BS66: =T66+U66+V66+W66 | BT66: =BH66-BS66-AH66 | BU66: =IF(E66="HĐLĐ",15500000,0) | BV66: 0 | BW66: =BV66*6200000 | BX66: =BR66 | BY66: =BU66+BW66+BX66 | BZ66: =IF(BT66-BY66>0,BT66-BY66,0) | CA66: =IF(AND(OR($E66="HĐTV",$E66="HĐCTV"),$BZ66<2000000),0,IF(OR($E66="HĐTV",$E66="HĐCTV"),$BZ66*10%,ROUND(IF($BZ66<=10000000,$BZ66*5%,IF($BZ66<=30000000,$BZ66*10%-500000,IF($BZ66<=60000000,$BZ66*20%-3500000,IF($BZ66<=100000000,$BZ66*30%-9500000,$BZ66*35%-14500000)))),0))) | CB66: =ROUND(BH66-BR66-CA66,0) | CD66: 0 | CE66: =CB66+CC66-CD66 | CF66: =CE66-CG66 | CG66: =CE66 | CI66: sang.vo@medigoapp.com | CJ66: 0 | CK66: 11 | CM66: 8 | CN66: 7 | CO66: 2024 | CP66: =IF((($CO$7-CO66)*12)+($CN$7-CN66)>=12,((($CO$7-CO66)*12)+($CN$7-CN66))-1,0) | CQ66: =IF(CP66<12,(($CQ$7-CO66)*12)+($CP$7-CN66),0) | CR66: =IF(OR(CP66>12,CP66=12),((CP66-(CS66*12))+((($CQ$7-2024)*12)+($CP$7-4)))+1,0) | CS66: =IF(OR(CP66>12,CP66=12),ROUNDDOWN(CP66/12,0),0) | CT66: =IF(CQ66>11,ROUNDDOWN(CQ66/12,0),0) | CU66: =IF(CR66>11,ROUNDDOWN(CR66/12,0),0) | CV66: =IF(CP66=0,0,6000000*1.07^CS66) | CW66: =IF(CT66<2,0,6000000+(CT66-1)*500000) | CX66: =IF(CU66=0,CV66,IF(CU66<1,0,CV66+CU66*500000)) | CY66: =IF(CX66>0,CX66,IF(CW66>0,CW66,6000000))
A67: 50 | B67: 8 | C67: Ho Ngoc Ly | D67: Hồ Ngọc Lý | E67: =IF(OR(G67="CHT",G67="DSBC",G67="DSXC"),"HĐLĐ",IF(OR(G67="DSTV",G67="Q.CHT"),"HĐTV","HĐCTV")) | F67: Nguyễn Văn Quá | G67: DSBC | H67: 08/07/2024 | I67: 0081765868686 | J67: MB bank | K67: 28 | L67: 27 | M67: 8.93 | N67: 205.99 | O67: 0 | S67: =IF(E67="HĐLĐ",5310000,0) | T67: 482142.86 | AA67: 0 | AB67: 0 | AC67: 6000000 | AG67: =IF(E67="HĐTV",AE67/28/8*M67,AC67/28/8*M67) | AH67: =IF(E67="HĐTV",AE67/28/8*N67*1.5,AC67/28/8*N67*1.5) | AI67: 1392857 | AJ67: 0 | AK67: 0 | AL67: 0 | AM67: 0 | AN67: 1000000 | AO67: 0 | AP67: 2337900 | AQ67: 6740 | AR67: 0 | AS67: 1062400 | AT67: 0 | AU67: 0 | AV67: 0 | AW67: 0 | AX67: 0 | AY67: 0 | AZ67: 0 | BA67: 0 | BB67: 0 | BC67: 0 | BD67: 0 | BE67: 0 | BF67: 109000 | BG67: 0 | BH67: =SUM(T67:AB67)+SUM(AF67:BA67)-SUM(BB67:BG67) | BI67: =S67*17.5% | BJ67: =S67*3% | BK67: =S67*1% | BM67: =SUM(BI67:BL67) | BN67: =S67*8% | BO67: =S67*1.5% | BP67: =S67*1% | BR67: =SUM(BN67:BQ67) | BS67: =T67+U67+V67+W67 | BT67: =BH67-BS67-AH67 | BU67: =IF(E67="HĐLĐ",15500000,0) | BV67: 0 | BW67: =BV67*6200000 | BX67: =BR67 | BY67: =BU67+BW67+BX67 | BZ67: =IF(BT67-BY67>0,BT67-BY67,0) | CA67: =IF(AND(OR($E67="HĐTV",$E67="HĐCTV"),$BZ67<2000000),0,IF(OR($E67="HĐTV",$E67="HĐCTV"),$BZ67*10%,ROUND(IF($BZ67<=10000000,$BZ67*5%,IF($BZ67<=30000000,$BZ67*10%-500000,IF($BZ67<=60000000,$BZ67*20%-3500000,IF($BZ67<=100000000,$BZ67*30%-9500000,$BZ67*35%-14500000)))),0))) | CB67: =ROUND(BH67-BR67-CA67,0) | CD67: 0 | CE67: =CB67+CC67-CD67 | CF67: =CE67-CG67 | CG67: =CE67 | CI67: ly.ho@medigoapp.com | CJ67: 0 | CK67: 12 | CM67: 8 | CN67: 7 | CO67: 2024 | CP67: =IF((($CO$7-CO67)*12)+($CN$7-CN67)>=12,((($CO$7-CO67)*12)+($CN$7-CN67))-1,0) | CQ67: =IF(CP67<12,(($CQ$7-CO67)*12)+($CP$7-CN67),0) | CR67: =IF(OR(CP67>12,CP67=12),((CP67-(CS67*12))+((($CQ$7-2024)*12)+($CP$7-4)))+1,0) | CS67: =IF(OR(CP67>12,CP67=12),ROUNDDOWN(CP67/12,0),0) | CT67: =IF(CQ67>11,ROUNDDOWN(CQ67/12,0),0) | CU67: =IF(CR67>11,ROUNDDOWN(CR67/12,0),0) | CV67: =IF(CP67=0,0,6000000*1.07^CS67) | CW67: =IF(CT67<2,0,6000000+(CT67-1)*500000) | CX67: =IF(CU67=0,CV67,IF(CU67<1,0,CV67+CU67*500000)) | CY67: =IF(CX67>0,CX67,IF(CW67>0,CW67,6000000))
A68: 51 | B68: 8 | C68: Nguyen Thi Thu Huyen | D68: Nguyễn Thị Thu Huyền | E68: =IF(OR(G68="CHT",G68="DSBC",G68="DSXC"),"HĐLĐ",IF(OR(G68="DSTV",G68="Q.CHT"),"HĐTV","HĐCTV")) | F68: Nguyễn Văn Quá | G68: DSBC | H68: 24/06/2025 | I68: 0964455650 | J68: Sacombank | K68: 28 | L68: 27 | M68: 76.74 | N68: 214.29 | O68: 0 | S68: =IF(E68="HĐLĐ",5310000,0) | T68: 482142.86 | AA68: 0 | AB68: 0 | AC68: 6000000 | AG68: =IF(E68="HĐTV",AE68/28/8*M68,AC68/28/8*M68) | AH68: =IF(E68="HĐTV",AE68/28/8*N68*1.5,AC68/28/8*N68*1.5) | AI68: 1339286 | AJ68: 0 | AK68: 0 | AL68: 0 | AM68: 0 | AN68: 1000000 | AO68: 0 | AP68: 2493200 | AQ68: 7545 | AR68: 0 | AS68: 1150800 | AT68: 0 | AU68: 0 | AV68: 0 | AW68: 0 | AX68: 0 | AY68: 0 | AZ68: 0 | BA68: 0 | BB68: 0 | BC68: 0 | BD68: 0 | BE68: 0 | BF68: 34000 | BG68: 0 | BH68: =SUM(T68:AB68)+SUM(AF68:BA68)-SUM(BB68:BG68) | BI68: =S68*17.5% | BJ68: =S68*3% | BK68: =S68*1% | BM68: =SUM(BI68:BL68) | BN68: =S68*8% | BO68: =S68*1.5% | BP68: =S68*1% | BR68: =SUM(BN68:BQ68) | BS68: =T68+U68+V68+W68 | BT68: =BH68-BS68-AH68 | BU68: =IF(E68="HĐLĐ",15500000,0) | BV68: 0 | BW68: =BV68*6200000 | BX68: =BR68 | BY68: =BU68+BW68+BX68 | BZ68: =IF(BT68-BY68>0,BT68-BY68,0) | CA68: =IF(AND(OR($E68="HĐTV",$E68="HĐCTV"),$BZ68<2000000),0,IF(OR($E68="HĐTV",$E68="HĐCTV"),$BZ68*10%,ROUND(IF($BZ68<=10000000,$BZ68*5%,IF($BZ68<=30000000,$BZ68*10%-500000,IF($BZ68<=60000000,$BZ68*20%-3500000,IF($BZ68<=100000000,$BZ68*30%-9500000,$BZ68*35%-14500000)))),0))) | CB68: =ROUND(BH68-BR68-CA68,0) | CD68: 0 | CE68: =CB68+CC68-CD68 | CF68: =CE68-CG68 | CG68: =CE68 | CI68: huyen.nguyen@medigoapp.com | CJ68: 0 | CK68: 6 | CM68: 24 | CN68: 6 | CO68: 2025 | CP68: =IF((($CO$7-CO68)*12)+($CN$7-CN68)>=12,((($CO$7-CO68)*12)+($CN$7-CN68))-1,0) | CQ68: =IF(CP68<12,(($CQ$7-CO68)*12)+($CP$7-CN68),0) | CR68: =IF(OR(CP68>12,CP68=12),((CP68-(CS68*12))+((($CQ$7-2024)*12)+($CP$7-4)))+1,0) | CS68: =IF(OR(CP68>12,CP68=12),ROUNDDOWN(CP68/12,0),0) | CT68: =IF(CQ68>11,ROUNDDOWN(CQ68/12,0),0) | CU68: =IF(CR68>11,ROUNDDOWN(CR68/12,0),0) | CV68: =IF(CP68=0,0,6000000*1.07^CS68) | CW68: =IF(CT68<2,0,6000000+(CT68-1)*500000) | CX68: =IF(CU68=0,CV68,IF(CU68<1,0,CV68+CU68*500000)) | CY68: =IF(CX68>0,CX68,IF(CW68>0,CW68,6000000))
A69: 52 | B69: 8 | C69: Nguyen Thi Huong Giang | D69: Nguyễn Thị Hương Giang | E69: =IF(OR(G69="CHT",G69="DSBC",G69="DSXC"),"HĐLĐ",IF(OR(G69="DSTV",G69="Q.CHT"),"HĐTV","HĐCTV")) | F69: Nguyễn Văn Quá | G69: DSBC | H69: 45544 | I69: 1028255437 | J69: Vietcombank | K69: 28 | L69: 28 | M69: 216.52 | N69: 0 | O69: 0 | S69: =IF(E69="HĐLĐ",5310000,0) | T69: 500000 | AA69: 0 | AB69: 0 | AC69: 6000000 | AG69: =IF(E69="HĐTV",AE69/28/8*M69,AC69/28/8*M69) | AH69: =IF(E69="HĐTV",AE69/28/8*N69*1.5,AC69/28/8*N69*1.5) | AI69: 0 | AJ69: 0 | AK69: 0 | AL69: 0 | AM69: 0 | AN69: 500000 | AO69: 0 | AP69: 1875900 | AQ69: 24405 | AR69: 0 | AS69: 1135200 | AT69: 0 | AU69: 0 | AV69: 0 | AW69: 0 | AX69: 0 | AY69: 0 | AZ69: 0 | BA69: 0 | BB69: 0 | BC69: 0 | BD69: 0 | BE69: 0 | BF69: 0 | BG69: 0 | BH69: =SUM(T69:AB69)+SUM(AF69:BA69)-SUM(BB69:BG69) | BI69: =S69*17.5% | BJ69: =S69*3% | BK69: =S69*1% | BM69: =SUM(BI69:BL69) | BN69: =S69*8% | BO69: =S69*1.5% | BP69: =S69*1% | BR69: =SUM(BN69:BQ69) | BS69: =T69+U69+V69+W69 | BT69: =BH69-BS69-AH69 | BU69: =IF(E69="HĐLĐ",15500000,0) | BV69: 0 | BW69: =BV69*6200000 | BX69: =BR69 | BY69: =BU69+BW69+BX69 | BZ69: =IF(BT69-BY69>0,BT69-BY69,0) | CA69: =IF(AND(OR($E69="HĐTV",$E69="HĐCTV"),$BZ69<2000000),0,IF(OR($E69="HĐTV",$E69="HĐCTV"),$BZ69*10%,ROUND(IF($BZ69<=10000000,$BZ69*5%,IF($BZ69<=30000000,$BZ69*10%-500000,IF($BZ69<=60000000,$BZ69*20%-3500000,IF($BZ69<=100000000,$BZ69*30%-9500000,$BZ69*35%-14500000)))),0))) | CB69: =ROUND(BH69-BR69-CA69,0) | CD69: 0 | CE69: =CB69+CC69-CD69 | CF69: =CE69-CG69 | CG69: =CE69 | CI69: giang.nguyen@medigoapp.com | CJ69: 0 | CK69: 11 | CM69: 9 | CN69: 9 | CO69: 2024 | CP69: =IF((($CO$7-CO69)*12)+($CN$7-CN69)>=12,((($CO$7-CO69)*12)+($CN$7-CN69))-1,0) | CQ69: =IF(CP69<12,(($CQ$7-CO69)*12)+($CP$7-CN69),0) | CR69: =IF(OR(CP69>12,CP69=12),((CP69-(CS69*12))+((($CQ$7-2024)*12)+($CP$7-4)))+1,0) | CS69: =IF(OR(CP69>12,CP69=12),ROUNDDOWN(CP69/12,0),0) | CT69: =IF(CQ69>11,ROUNDDOWN(CQ69/12,0),0) | CU69: =IF(CR69>11,ROUNDDOWN(CR69/12,0),0) | CV69: =IF(CP69=0,0,6000000*1.07^CS69) | CW69: =IF(CT69<2,0,6000000+(CT69-1)*500000) | CX69: =IF(CU69=0,CV69,IF(CU69<1,0,CV69+CU69*500000)) | CY69: =IF(CX69>0,CX69,IF(CW69>0,CW69,6000000))
F70: =SUM(F66:F69) | K70: =SUM(K66:K69) | L70: =SUM(L66:L69) | M70: =SUM(M66:M69) | N70: =SUM(N66:N69) | O70: =SUM(O66:O69) | P70: =SUM(P66:P69) | Q70: =SUM(Q66:Q69) | S70: =SUM(S66:S69) | T70: =SUM(T66:T69) | U70: =SUM(U66:U69) | V70: =SUM(V66:V69) | W70: =SUM(W66:W69) | X70: =SUM(X66:X69) | Y70: =SUM(Y66:Y69) | Z70: =SUM(Z66:Z69) | ... CG70: =SUM(CG66:CG69) | CL70: =SUM(CL66:CL69)
A71: 53 | B71: 8 | C71: Cu Thi Tuong Vy | D71: Cù Thị Tường Vy | E71: =IF(OR(G71="CHT",G71="DSBC",G71="DSXC"),"HĐLĐ",IF(OR(G71="DSTV",G71="Q.CHT"),"HĐTV","HĐCTV")) | F71: Rạch Bùng Binh | G71: CHT | H71: 16/3/2026 | I71: 0071000937911 | J71: Vietcombank | K71: 28 | L71: 23 | M71: 258.01 | N71: 4.31 | O71: 0 | S71: =IF(E71="HĐLĐ",5310000,0) | T71: 410714.29 | AA71: 0 | AB71: 0 | AC71: 6000000 | AG71: =IF(E71="HĐTV",AE71/28/8*M71,AC71/28/8*M71) | AH71: =IF(E71="HĐTV",AE71/28/8*N71*1.5,AC71/28/8*N71*1.5) | AI71: 0 | AJ71: 0 | AK71: 0 | AL71: 2000000 | AM71: 0 | AN71: 0 | AO71: 1186872 | AP71: 1776600 | AQ71: 0 | AR71: 100 | AS71: 0 | AT71: 0 | AU71: 150000 | AV71: 0 | AW71: 0 | AX71: 0 | AY71: 0 | AZ71: 0 | BA71: 0 | BB71: 88500 | BC71: 0 | BD71: 0 | BE71: 0 | BF71: 0 | BG71: 0 | BH71: =SUM(T71:AB71)+SUM(AF71:BA71)-SUM(BB71:BG71) | BI71: =S71*17.5% | BJ71: =S71*3% | BK71: =S71*1% | BM71: =SUM(BI71:BL71) | BN71: =S71*8% | BO71: =S71*1.5% | BP71: =S71*1% | BR71: =SUM(BN71:BQ71) | BS71: =T71+U71+V71+W71 | BT71: =BH71-BS71-AH71 | BU71: =IF(E71="HĐLĐ",15500000,0) | BV71: 0 | BW71: =BV71*6200000 | BX71: =BR71 | BY71: =BU71+BW71+BX71 | BZ71: =IF(BT71-BY71>0,BT71-BY71,0) | CA71: =IF(AND(OR($E71="HĐTV",$E71="HĐCTV"),$BZ71<2000000),0,IF(OR($E71="HĐTV",$E71="HĐCTV"),$BZ71*10%,ROUND(IF($BZ71<=10000000,$BZ71*5%,IF($BZ71<=30000000,$BZ71*10%-500000,IF($BZ71<=60000000,$BZ71*20%-3500000,IF($BZ71<=100000000,$BZ71*30%-9500000,$BZ71*35%-14500000)))),0))) | CB71: =ROUND(BH71-BR71-CA71,0) | CD71: 0 | CE71: =CB71+CC71-CD71 | CF71: =CE71-CG71 | CG71: =CE71 | CI71: =VLOOKUP($C75,[5]Sheet1!$C$5:$K$139,9,0) | CJ71: Cộng 8h/ 1 ngày do tháng 6/2026 bị treo 1 ngày phép | CK71: 10 | CM71: 4 | CN71: 9 | CO71: 2024 | CP71: =IF((($CO$7-CO71)*12)+($CN$7-CN71)>=12,((($CO$7-CO71)*12)+($CN$7-CN71))-1,0) | CQ71: =IF(CP71<12,(($CQ$7-CO71)*12)+($CP$7-CN71),0) | CR71: =IF(OR(CP71>12,CP71=12),((CP71-(CS71*12))+((($CQ$7-2024)*12)+($CP$7-4)))+1,0) | CS71: =IF(OR(CP71>12,CP71=12),ROUNDDOWN(CP71/12,0),0) | CT71: =IF(CQ71>11,ROUNDDOWN(CQ71/12,0),0) | CU71: =IF(CR71>11,ROUNDDOWN(CR71/12,0),0) | CV71: =IF(CP71=0,0,6000000*1.07^CS71) | CW71: =IF(CT71<2,0,6000000+(CT71-1)*500000) | CX71: =IF(CU71=0,CV71,IF(CU71<1,0,CV71+CU71*500000)) | CY71: =IF(CX71>0,CX71,IF(CW71>0,CW71,6000000))
A72: 54 | B72: 8 | C72: Huynh Thi Hue Hien | D72: Huỳnh Thị Huệ Hiền | E72: =IF(OR(G72="CHT",G72="DSBC",G72="DSXC"),"HĐLĐ",IF(OR(G72="DSTV",G72="Q.CHT"),"HĐTV","HĐCTV")) | F72: Rạch Bùng Binh | G72: DSBC | H72: 01/11/2024 | I72: 0421000443270 | J72: VietComBank | K72: 28 | L72: 26 | M72: 8.96 | N72: 206.47 | O72: 0 | S72: =IF(E72="HĐLĐ",5310000,0) | T72: 464285.71 | AA72: 0 | AB72: 0 | AC72: 6000000 | AG72: =IF(E72="HĐTV",AE72/28/8*M72,AC72/28/8*M72) | AH72: =IF(E72="HĐTV",AE72/28/8*N72*1.5,AC72/28/8*N72*1.5) | AI72: 1392857 | AJ72: 0 | AK72: 0 | AL72: 0 | AM72: 0 | AN72: 500000 | AO72: 0 | AP72: 2191150 | AQ72: 9675 | AR72: 0 | AS72: 0 | AT72: 0 | AU72: 0 | AV72: 0 | AW72: 0 | AX72: 0 | AY72: 0 | AZ72: 0 | BA72: 0 | BB72: 88500 | BC72: 0 | BD72: 0 | BE72: 0 | BF72: 46000 | BG72: 0 | BH72: =SUM(T72:AB72)+SUM(AF72:BA72)-SUM(BB72:BG72) | BI72: =S72*17.5% | BJ72: =S72*3% | BK72: =S72*1% | BM72: =SUM(BI72:BL72) | BN72: =S72*8% | BO72: =S72*1.5% | BP72: =S72*1% | BR72: =SUM(BN72:BQ72) | BS72: =T72+U72+V72+W72 | BT72: =BH72-BS72-AH72 | BU72: =IF(E72="HĐLĐ",15500000,0) | BV72: 0 | BW72: =BV72*6200000 | BX72: =BR72 | BY72: =BU72+BW72+BX72 | BZ72: =IF(BT72-BY72>0,BT72-BY72,0) | CA72: =IF(AND(OR($E72="HĐTV",$E72="HĐCTV"),$BZ72<2000000),0,IF(OR($E72="HĐTV",$E72="HĐCTV"),$BZ72*10%,ROUND(IF($BZ72<=10000000,$BZ72*5%,IF($BZ72<=30000000,$BZ72*10%-500000,IF($BZ72<=60000000,$BZ72*20%-3500000,IF($BZ72<=100000000,$BZ72*30%-9500000,$BZ72*35%-14500000)))),0))) | CB72: =ROUND(BH72-BR72-CA72,0) | CD72: 0 | CE72: =CB72+CC72-CD72 | CF72: =CE72-CG72 | CG72: =CE72 | CI72: hien.huynh@medigoapp.com | CJ72: 0 | CK72: 5 | CM72: 1 | CN72: 11 | CO72: 2024 | CP72: 0 | CQ72: =IF(CP72<12,(($CQ$7-CO72)*12)+($CP$7-CN72),0) | CR72: =IF(OR(CP72>12,CP72=12),((CP72-(CS72*12))+((($CQ$7-2024)*12)+($CP$7-4)))+1,0) | CS72: 0 | CT72: 1 | CU72: 0 | CV72: 0 | CW72: 0 | CX72: 0 | CY72: 6000000
A73: 55 | B73: 8 | C73: Nguyen Thi Phuc Loc | D73: Nguyễn Thị Phúc Lộc | E73: =IF(OR(G73="CHT",G73="DSBC",G73="DSXC"),"HĐLĐ",IF(OR(G73="DSTV",G73="Q.CHT"),"HĐTV","HĐCTV")) | F73: Rạch Bùng Binh | G73: DSTV | H73: 22/07/2026 | I73: 2158791 | J73: Á Châu ( ACB) | K73: 28 | L73: 25 | M73: 1.9 | N73: 202.37 | O73: 0 | S73: =IF(E73="HĐLĐ",5310000,0) | T73: 446428.57 | AA73: 0 | AB73: 0 | AC73: 6000000 | AD73: =AC73 | AE73: 6000000 | AF73: =IF(E73="HĐTV",AE73/K73*L73,AD73/K73*L73) | AG73: =IF(E73="HĐTV",AE73/28/8*M73,AC73/28/8*M73) | AH73: =IF(E73="HĐTV",AE73/28/8*N73*1.5,AC73/28/8*N73*1.5) | AI73: 1339286 | AJ73: 0 | AK73: 0 | AL73: 0 | AM73: 0 | AN73: 233333 | AO73: 0 | AP73: 0 | AQ73: 0 | AR73: 0 | AS73: 0 | AT73: 0 | AU73: 0 | AV73: 0 | AW73: 0 | AX73: 0 | AY73: 0 | AZ73: 0 | BA73: 0 | BB73: 0 | BC73: 0 | BD73: 0 | BE73: 0 | BF73: 500000 | BG73: 0 | BH73: =SUM(T73:AB73)+SUM(AF73:BA73)-SUM(BB73:BG73) | BI73: =S73*17.5% | BJ73: =S73*3% | BK73: =S73*1% | BM73: =SUM(BI73:BL73) | BN73: =S73*8% | BO73: =S73*1.5% | BP73: =S73*1% | BR73: =SUM(BN73:BQ73) | BS73: =T73+U73+V73+W73 | BT73: =BH73-BS73-AH73 | BU73: =IF(E73="HĐLĐ",15500000,0) | BV73: 0 | BW73: =BV73*6200000 | BX73: =BR73 | BY73: =BU73+BW73+BX73 | BZ73: =IF(BT73-BY73>0,BT73-BY73,0) | CA73: =IF(AND(OR($E73="HĐTV",$E73="HĐCTV"),$BZ73<2000000),0,IF(OR($E73="HĐTV",$E73="HĐCTV"),$BZ73*10%,ROUND(IF($BZ73<=10000000,$BZ73*5%,IF($BZ73<=30000000,$BZ73*10%-500000,IF($BZ73<=60000000,$BZ73*20%-3500000,IF($BZ73<=100000000,$BZ73*30%-9500000,$BZ73*35%-14500000)))),0))) | CB73: =ROUND(BH73-BR73-CA73,0) | CD73: 0 | CE73: =CB73+CC73-CD73 | CF73: =CE73-CG73 | CG73: =CE73 | CI73: loc.nguyen@medigoapp.com | CK73: 9 | CY73: =IF(CX73>0,CX73,IF(CW73>0,CW73,6000000))
A74: 56 | B74: 8 | C74: Ngo Thi Ngoc Thuy | D74: Ngô Thị Ngọc Thủy | E74: =IF(OR(G74="CHT",G74="DSBC",G74="DSXC"),"HĐLĐ",IF(OR(G74="DSTV",G74="Q.CHT"),"HĐTV","HĐCTV")) | F74: Rạch Bùng Binh | G74: DSTV | H74: 46190 | I74: 02031125202 | J74: TP Bank | K74: 28 | L74: 27 | M74: 169.61 | N74: 56.18 | O74: 0 | S74: =IF(E74="HĐLĐ",5310000,0) | T74: 482142.86 | AA74: 0 | AB74: 0 | AC74: 6000000 | AD74: =AC74 | AE74: 6000000 | AF74: =IF(E74="HĐTV",AE74/K74*L74,AD74/K74*L74) | AG74: =IF(E74="HĐTV",AE74/28/8*M74,AC74/28/8*M74) | AH74: =IF(E74="HĐTV",AE74/28/8*N74*1.5,AC74/28/8*N74*1.5) | AI74: 0 | AJ74: 0 | AK74: 0 | AL74: 0 | AM74: 0 | AN74: 1000000 | AO74: 0 | AP74: 1590500 | AQ74: 0 | AR74: 140 | AS74: 0 | AT74: 0 | AU74: 0 | AV74: 0 | AW74: 0 | AX74: 0 | AY74: 0 | AZ74: 0 | BA74: 0 | BB74: 0 | BC74: 0 | BD74: 0 | BE74: 0 | BF74: 614000 | BG74: 0 | BH74: =SUM(T74:AB74)+SUM(AF74:BA74)-SUM(BB74:BG74) | BI74: =S74*17.5% | BJ74: =S74*3% | BK74: =S74*1% | BM74: =SUM(BI74:BL74) | BN74: =S74*8% | BO74: =S74*1.5% | BP74: =S74*1% | BR74: =SUM(BN74:BQ74) | BS74: =T74+U74+V74+W74 | BT74: =BH74-BS74-AH74 | BU74: =IF(E74="HĐLĐ",15500000,0) | BV74: 0 | BW74: =BV74*6200000 | BX74: =BR74 | BY74: =BU74+BW74+BX74 | BZ74: =IF(BT74-BY74>0,BT74-BY74,0) | CA74: =IF(AND(OR($E74="HĐTV",$E74="HĐCTV"),$BZ74<2000000),0,IF(OR($E74="HĐTV",$E74="HĐCTV"),$BZ74*10%,ROUND(IF($BZ74<=10000000,$BZ74*5%,IF($BZ74<=30000000,$BZ74*10%-500000,IF($BZ74<=60000000,$BZ74*20%-3500000,IF($BZ74<=100000000,$BZ74*30%-9500000,$BZ74*35%-14500000)))),0))) | CB74: =ROUND(BH74-BR74-CA74,0) | CD74: 0 | CE74: =CB74+CC74-CD74 | CF74: =CE74-CG74 | CG74: =CE74 | CI74: thuy.ngo@medigoapp.com | CK74: 1 | CY74: =IF(CX74>0,CX74,IF(CW74>0,CW74,6000000))
A75: 57 | B75: 8 | C75: Phan Cong Vu Tai | D75: Phan Công Vũ Tài | E75: =IF(OR(G75="CHT",G75="DSBC",G75="DSXC"),"HĐLĐ",IF(OR(G75="DSTV",G75="Q.CHT"),"HĐTV","HĐCTV")) | F75: Rạch Bùng Binh | G75: DSBC | H75: 26/01/2026 | I75: 02446989901 | J75: Tp Bank | K75: 28 | L75: 4 | M75: 32.7 | N75: 0 | O75: 0 | S75: =IF(E75="HĐLĐ",5310000,0) | AA75: 0 | AB75: 0 | AC75: 6000000 | AD75: =AC75 | AE75: 0 | AF75: =IF(E75="HĐTV",AE75/K75*L75,AD75/K75*L75) | AG75: =IF(E75="HĐTV",AE75/28/8*M75,AC75/28/8*M75) | AH75: =IF(E75="HĐTV",AE75/28/8*N75*1.5,AC75/28/8*N75*1.5) | AI75: 0 | AJ75: 0 | AK75: 0 | AL75: 0 | AM75: 0 | AN75: 0 | AO75: 0 | AP75: 0 | AQ75: 15362 | AR75: 0 | AS75: 0 | AT75: 0 | AU75: 0 | AV75: 0 | AW75: 0 | AX75: 0 | AY75: 0 | AZ75: 0 | BA75: 0 | BB75: 0 | BC75: 0 | BD75: 0 | BE75: 0 | BF75: 0 | BG75: 0 | BH75: =SUM(T75:AB75)+SUM(AF75:BA75)-SUM(BB75:BG75) | BI75: =S75*17.5% | BJ75: =S75*3% | BK75: =S75*1% | BM75: =SUM(BI75:BL75) | BN75: =S75*8% | BO75: =S75*1.5% | BP75: =S75*1% | BR75: =SUM(BN75:BQ75) | BS75: =T75+U75+V75+W75 | BT75: =BH75-BS75-AH75 | BU75: =IF(E75="HĐLĐ",15500000,0) | BV75: 0 | BW75: =BV75*6200000 | BX75: =BR75 | BY75: =BU75+BW75+BX75 | BZ75: =IF(BT75-BY75>0,BT75-BY75,0) | CA75: =IF(AND(OR($E75="HĐTV",$E75="HĐCTV"),$BZ75<2000000),0,IF(OR($E75="HĐTV",$E75="HĐCTV"),$BZ75*10%,ROUND(IF($BZ75<=10000000,$BZ75*5%,IF($BZ75<=30000000,$BZ75*10%-500000,IF($BZ75<=60000000,$BZ75*20%-3500000,IF($BZ75<=100000000,$BZ75*30%-9500000,$BZ75*35%-14500000)))),0))) | CB75: =ROUND(BH75-BR75-CA75,0) | CD75: 0 | CE75: =CB75+CC75-CD75 | CF75: =CE75-CG75 | CG75: =CE75 | CI75: mailto:ha.le@medigoapp.com | CK75: 4 | CY75: =IF(CX75>0,CX75,IF(CW75>0,CW75,6000000))
A76: 58 | B76: 8 | C76: Pham Nguyen Ngoc Quyen Tran | D76: Phạm Nguyễn Ngọc Quyền Trân | E76: =IF(OR(G76="CHT",G76="DSBC",G76="DSXC"),"HĐLĐ",IF(OR(G76="DSTV",G76="Q.CHT"),"HĐTV","HĐCTV")) | F76: Rạch Bùng Binh | G76: DSBC | H76: 25/05/2026 | I76: 0933512397 | J76: MB bank | K76: 28 | L76: 27 | M76: 251.72 | N76: 10.23 | O76: 0 | S76: =IF(E76="HĐLĐ",5310000,0) | T76: 482142.86 | AA76: 0 | AB76: 0 | AC76: 6000000 | AD76: =AC76 | AE76: 0 | AF76: =IF(E76="HĐTV",AE76/K76*L76,AD76/K76*L76) | AG76: =IF(E76="HĐTV",AE76/28/8*M76,AC76/28/8*M76) | AH76: =IF(E76="HĐTV",AE76/28/8*N76*1.5,AC76/28/8*N76*1.5) | AI76: 0 | AJ76: 0 | AK76: 0 | AL76: 0 | AM76: 0 | AN76: 0 | AO76: 0 | AP76: 1392300 | AQ76: 223268 | AR76: 0 | AS76: 0 | AT76: 0 | AU76: 0 | AV76: 0 | AW76: 0 | AX76: 0 | AY76: 0 | AZ76: 0 | BA76: 0 | BB76: 0 | BC76: 0 | BD76: 0 | BE76: 0 | BF76: 76900 | BG76: 0 | BH76: =SUM(T76:AB76)+SUM(AF76:BA76)-SUM(BB76:BG76) | BI76: =S76*17.5% | BJ76: =S76*3% | BK76: =S76*1% | BM76: =SUM(BI76:BL76) | BN76: =S76*8% | BO76: =S76*1.5% | BP76: =S76*1% | BR76: =SUM(BN76:BQ76) | BS76: =T76+U76+V76+W76 | BT76: =BH76-BS76-AH76 | BU76: =IF(E76="HĐLĐ",15500000,0) | BV76: 0 | BW76: =BV76*6200000 | BX76: =BR76 | BY76: =BU76+BW76+BX76 | BZ76: =IF(BT76-BY76>0,BT76-BY76,0) | CA76: =IF(AND(OR($E76="HĐTV",$E76="HĐCTV"),$BZ76<2000000),0,IF(OR($E76="HĐTV",$E76="HĐCTV"),$BZ76*10%,ROUND(IF($BZ76<=10000000,$BZ76*5%,IF($BZ76<=30000000,$BZ76*10%-500000,IF($BZ76<=60000000,$BZ76*20%-3500000,IF($BZ76<=100000000,$BZ76*30%-9500000,$BZ76*35%-14500000)))),0))) | CB76: =ROUND(BH76-BR76-CA76,0) | CD76: 0 | CE76: =CB76+CC76-CD76 | CF76: =CE76-CG76 | CG76: =CE76 | CI76: tran.pham@medigoapp.com | CK76: 1 | CM76: 25 | CN76: 5 | CO76: 2026 | CP76: =IF((($CO$7-CO76)*12)+($CN$7-CN76)>=12,((($CO$7-CO76)*12)+($CN$7-CN76))-1,0) | CQ76: =IF(CP76<12,(($CQ$7-CO76)*12)+($CP$7-CN76),0) | CR76: =IF(OR(CP76>12,CP76=12),((CP76-(CS76*12))+((($CQ$7-2024)*12)+($CP$7-4)))+1,0) | CS76: =IF(OR(CP76>12,CP76=12),ROUNDDOWN(CP76/12,0),0) | CT76: =IF(CQ76>11,ROUNDDOWN(CQ76/12,0),0) | CU76: =IF(CR76>11,ROUNDDOWN(CR76/12,0),0) | CV76: =IF(CP76=0,0,6000000*1.07^CS76) | CW76: =IF(CT76<2,0,6000000+(CT76-1)*500000) | CX76: =IF(CU76=0,CV76,IF(CU76<1,0,CV76+CU76*500000)) | CY76: 5100000
F77: =SUM(F71:F76) | K77: =SUM(K71:K76) | L77: =SUM(L71:L76) | M77: =SUM(M71:M76) | N77: =SUM(N71:N76) | O77: =SUM(O71:O76) | P77: =SUM(P71:P76) | Q77: =SUM(Q71:Q76) | S77: =SUM(S71:S76) | T77: =SUM(T71:T76) | U77: =SUM(U71:U76) | V77: =SUM(V71:V76) | W77: =SUM(W71:W76) | X77: =SUM(X71:X76) | Y77: =SUM(Y71:Y76) | Z77: =SUM(Z71:Z76) | ... CG77: =SUM(CG71:CG76) | CL77: =SUM(CL71:CL76)
A78: 59 | B78: 8 | C78: Hua Thi Kim Thoa | D78: Hứa Thị Kim Thoa | E78: =IF(OR(G78="CHT",G78="DSBC",G78="DSXC"),"HĐLĐ",IF(OR(G78="DSTV",G78="Q.CHT"),"HĐTV","HĐCTV")) | F78: Đường Láng | G78: CHT | H78: 45008 | I78: 30961328046 | J78: TPbank | K78: 28 | L78: 23 | M78: 170.92 | N78: 47.16 | O78: 0 | S78: =IF(E78="HĐLĐ",5310000,0) | T78: 410714.29 | AA78: 0 | AB78: 0 | AC78: 6920000 | AG78: =IF(E78="HĐTV",AE78/28/8*M78,AC78/28/8*M78) | AH78: =IF(E78="HĐTV",AE78/28/8*N78*1.5,AC78/28/8*N78*1.5) | AI78: 0 | AJ78: 0 | AK78: 0 | AL78: 2000000 | AM78: 0 | AN78: 0 | AO78: 2751929 | AP78: 472750 | AQ78: 14636 | AR78: 0 | AS78: 0 | AT78: 0 | AU78: 0 | AV78: 0 | AW78: 0 | AX78: 0 | AY78: 0 | AZ78: 0 | BA78: 0 | BB78: 0 | BC78: 0 | BD78: 0 | BE78: 0 | BF78: 296052 | BG78: 0 | BH78: =SUM(T78:AB78)+SUM(AF78:BA78)-SUM(BB78:BG78) | BI78: =S78*17.5% | BJ78: =S78*3% | BK78: =S78*1% | BM78: =SUM(BI78:BL78) | BN78: =S78*8% | BO78: =S78*1.5% | BP78: =S78*1% | BR78: =SUM(BN78:BQ78) | BS78: =T78+U78+V78+W78 | BT78: =BH78-BS78-AH78 | BU78: =IF(E78="HĐLĐ",15500000,0) | BV78: 0 | BW78: =BV78*6200000 | BX78: =BR78 | BY78: =BU78+BW78+BX78 | BZ78: =IF(BT78-BY78>0,BT78-BY78,0) | CA78: =IF(AND(OR($E78="HĐTV",$E78="HĐCTV"),$BZ78<2000000),0,IF(OR($E78="HĐTV",$E78="HĐCTV"),$BZ78*10%,ROUND(IF($BZ78<=10000000,$BZ78*5%,IF($BZ78<=30000000,$BZ78*10%-500000,IF($BZ78<=60000000,$BZ78*20%-3500000,IF($BZ78<=100000000,$BZ78*30%-9500000,$BZ78*35%-14500000)))),0))) | CB78: =ROUND(BH78-BR78-CA78,0) | CD78: 0 | CE78: =CB78+CC78-CD78 | CF78: =CE78-CG78 | CG78: =CE78 | CI78: thoa.hua@medigoapp.com | CJ78: 0 | CK78: 3 | CM78: 23 | CN78: 3 | CO78: 2023 | CP78: =IF((($CO$7-CO78)*12)+($CN$7-CN78)>=12,((($CO$7-CO78)*12)+($CN$7-CN78))-1,0) | CQ78: =IF(CP78<12,(($CQ$7-CO78)*12)+($CP$7-CN78),0) | CR78: =IF(OR(CP78>12,CP78=12),((CP78-(CS78*12))+((($CQ$7-2024)*12)+($CP$7-4)))+1,0) | CS78: =IF(OR(CP78>12,CP78=12),ROUNDDOWN(CP78/12,0),0) | CT78: =IF(CQ78>11,ROUNDDOWN(CQ78/12,0),0) | CU78: =IF(CR78>11,ROUNDDOWN(CR78/12,0),0) | CV78: =IF(CP78=0,0,6000000*1.07^CS78) | CW78: =IF(CT78<2,0,6000000+(CT78-1)*500000) | CX78: =IF(CU78=0,CV78,IF(CU78<1,0,CV78+CU78*500000)) | CY78: 6920000
A79: 60 | B79: 8 | C79: Le Thi Soan | D79: Lê Thị Soạn | E79: =IF(OR(G79="CHT",G79="DSBC",G79="DSXC"),"HĐLĐ",IF(OR(G79="DSTV",G79="Q.CHT"),"HĐTV","HĐCTV")) | F79: Đường Láng | G79: DSBC | H79: 44562 | I79: 0987524738 | J79: Vietinbank | K79: 28 | L79: 31 | M79: 21 | N79: 247.77 | O79: 16 | S79: =IF(E79="HĐLĐ",5310000,0) | T79: 500000 | AA79: 0 | AB79: 0 | AC79: 7869400 | AG79: =IF(E79="HĐTV",AE79/28/8*M79,AC79/28/8*M79) | AH79: =IF(E79="HĐTV",AE79/28/8*N79*1.5,AC79/28/8*N79*1.5) | AI79: 1500000 | AJ79: 0 | AK79: 0 | AL79: 0 | AM79: 0 | AN79: 1650000 | AO79: 0 | AP79: 6729100 | AQ79: 36876 | AR79: 0 | AS79: 0 | AT79: 0 | AU79: 324000 | AV79: 0 | AW79: 0 | AX79: 0 | AY79: 0 | AZ79: 0 | BA79: 0 | BB79: 0 | BC79: 0 | BD79: 0 | BE79: 0 | BF79: 617016 | BG79: 0 | BH79: =SUM(T79:AB79)+SUM(AF79:BA79)-SUM(BB79:BG79) | BI79: =S79*17.5% | BJ79: =S79*3% | BK79: =S79*1% | BM79: =SUM(BI79:BL79) | BN79: =S79*8% | BO79: =S79*1.5% | BP79: =S79*1% | BR79: =SUM(BN79:BQ79) | BS79: =T79+U79+V79+W79 | BT79: =BH79-BS79-AH79 | BU79: =IF(E79="HĐLĐ",15500000,0) | BV79: 0 | BW79: =BV79*6200000 | BX79: =BR79 | BY79: =BU79+BW79+BX79 | BZ79: =IF(BT79-BY79>0,BT79-BY79,0) | CA79: =IF(AND(OR($E79="HĐTV",$E79="HĐCTV"),$BZ79<2000000),0,IF(OR($E79="HĐTV",$E79="HĐCTV"),$BZ79*10%,ROUND(IF($BZ79<=10000000,$BZ79*5%,IF($BZ79<=30000000,$BZ79*10%-500000,IF($BZ79<=60000000,$BZ79*20%-3500000,IF($BZ79<=100000000,$BZ79*30%-9500000,$BZ79*35%-14500000)))),0))) | CB79: =ROUND(BH79-BR79-CA79,0) | CD79: 0 | CE79: =CB79+CC79-CD79 | CF79: =CE79-CG79 | CG79: =CE79 | CI79: soan.le@medigoapp.com | CJ79: Sai doanh thu HD.7X6WNOMV : 137.000đ | CK79: 2 | CM79: 25 | CN79: 3 | CO79: 2022 | CP79: =IF((($CO$7-CO79)*12)+($CN$7-CN79)>=12,((($CO$7-CO79)*12)+($CN$7-CN79))-1,0) | CQ79: =IF(CP79<12,(($CQ$7-CO79)*12)+($CP$7-CN79),0) | CR79: =IF(OR(CP79>12,CP79=12),((CP79-(CS79*12))+((($CQ$7-2024)*12)+($CP$7-4)))+1,0) | CS79: =IF(OR(CP79>12,CP79=12),ROUNDDOWN(CP79/12,0),0) | CT79: =IF(CQ79>11,ROUNDDOWN(CQ79/12,0),0) | CU79: =IF(CR79>11,ROUNDDOWN(CR79/12,0),0) | CV79: =IF(CP79=0,0,6000000*1.07^CS79) | CW79: =IF(CT79<2,0,6000000+(CT79-1)*500000) | CX79: =IF(CU79=0,CV79,IF(CU79<1,0,CV79+CU79*500000)) | CY79: =IF(CX79>0,CX79,IF(CW79>0,CW79,6000000))
A80: 61 | B80: 8 | C80: Nguyen Thi Mai Duyen | D80: Nguyễn Thị Mai Duyên | E80: =IF(OR(G80="CHT",G80="DSBC",G80="DSXC"),"HĐLĐ",IF(OR(G80="DSTV",G80="Q.CHT"),"HĐTV","HĐCTV")) | F80: Đường Láng | G80: DSBC | H80: 21/03/2025 | I80: 51016102001 | J80: VP Bank | K80: 28 | L80: 28 | M80: 216.41 | N80: 77.34 | O80: 0 | S80: =IF(E80="HĐLĐ",5310000,0) | T80: 500000 | AA80: 0 | AB80: 0 | AC80: 6000000 | AG80: =IF(E80="HĐTV",AE80/28/8*M80,AC80/28/8*M80) | AH80: =IF(E80="HĐTV",AE80/28/8*N80*1.5,AC80/28/8*N80*1.5) | AI80: 0 | AJ80: 0 | AK80: 0 | AL80: 0 | AM80: 0 | AN80: 1350000 | AO80: 0 | AP80: 4105900 | AQ80: 124767 | AR80: 0 | AS80: 0 | AT80: 0 | AU80: 0 | AV80: 0 | AW80: 0 | AX80: 0 | AY80: 0 | AZ80: 0 | BA80: 0 | BB80: 0 | BC80: 0 | BD80: 0 | BE80: 0 | BF80: 778511 | BG80: 0 | BH80: =SUM(T80:AB80)+SUM(AF80:BA80)-SUM(BB80:BG80) | BI80: =S80*17.5% | BJ80: =S80*3% | BK80: =S80*1% | BM80: =SUM(BI80:BL80) | BN80: =S80*8% | BO80: =S80*1.5% | BP80: =S80*1% | BR80: =SUM(BN80:BQ80) | BS80: =T80+U80+V80+W80 | BT80: =BH80-BS80-AH80 | BU80: =IF(E80="HĐLĐ",15500000,0) | BV80: 0 | BW80: =BV80*6200000 | BX80: =BR80 | BY80: =BU80+BW80+BX80 | BZ80: =IF(BT80-BY80>0,BT80-BY80,0) | CA80: =IF(AND(OR($E80="HĐTV",$E80="HĐCTV"),$BZ80<2000000),0,IF(OR($E80="HĐTV",$E80="HĐCTV"),$BZ80*10%,ROUND(IF($BZ80<=10000000,$BZ80*5%,IF($BZ80<=30000000,$BZ80*10%-500000,IF($BZ80<=60000000,$BZ80*20%-3500000,IF($BZ80<=100000000,$BZ80*30%-9500000,$BZ80*35%-14500000)))),0))) | CB80: =ROUND(BH80-BR80-CA80,0) | CD80: 0 | CE80: =CB80+CC80-CD80 | CF80: =CE80-CG80 | CG80: =CE80 | CI80: duyen.nguyen@medigoapp.com | CJ80: 0 | CK80: 10 | CM80: 21 | CN80: 3 | CO80: 2025 | CP80: =IF((($CO$7-CO80)*12)+($CN$7-CN80)>=12,((($CO$7-CO80)*12)+($CN$7-CN80))-1,0) | CQ80: =IF(CP80<12,(($CQ$7-CO80)*12)+($CP$7-CN80),0) | CR80: =IF(OR(CP80>12,CP80=12),((CP80-(CS80*12))+((($CQ$7-2024)*12)+($CP$7-4)))+1,0) | CS80: =IF(OR(CP80>12,CP80=12),ROUNDDOWN(CP80/12,0),0) | CT80: =IF(CQ80>11,ROUNDDOWN(CQ80/12,0),0) | CU80: =IF(CR80>11,ROUNDDOWN(CR80/12,0),0) | CV80: =IF(CP80=0,0,6000000*1.07^CS80) | CW80: =IF(CT80<2,0,6000000+(CT80-1)*500000) | CX80: =IF(CU80=0,CV80,IF(CU80<1,0,CV80+CU80*500000)) | CY80: =IF(CX80>0,CX80,IF(CW80>0,CW80,6000000))
A81: 62 | B81: 8 | C81: Nguyen Thi Tam | D81: Nguyễn Thị Tâm | E81: =IF(OR(G81="CHT",G81="DSBC",G81="DSXC"),"HĐLĐ",IF(OR(G81="DSTV",G81="Q.CHT"),"HĐTV","HĐCTV")) | F81: Đường Láng | G81: DSBC | H81: 45062 | I81: 0924479717 | J81: Vietinbank | K81: 28 | L81: 28 | M81: 117.18 | N81: 176.26 | O81: 0 | S81: =IF(E81="HĐLĐ",5310000,0) | T81: 500000 | AA81: 0 | AB81: 0 | AC81: 7000000 | AG81: =IF(E81="HĐTV",AE81/28/8*M81,AC81/28/8*M81) | AH81: =IF(E81="HĐTV",AE81/28/8*N81*1.5,AC81/28/8*N81*1.5) | AI81: 0 | AJ81: 0 | AK81: 0 | AL81: 0 | AM81: 0 | AN81: 1150000 | AO81: 0 | AP81: 5186750 | AQ81: 23664 | AR81: 0 | AS81: 0 | AT81: 0 | AU81: 184000 | AV81: 0 | AW81: 0 | AX81: 0 | AY81: 0 | AZ81: 0 | BA81: 0 | BB81: 0 | BC81: 0 | BD81: 0 | BE81: 0 | BF81: 280701 | BG81: 0 | BH81: =SUM(T81:AB81)+SUM(AF81:BA81)-SUM(BB81:BG81) | BI81: =S81*17.5% | BJ81: =S81*3% | BK81: =S81*1% | BM81: =SUM(BI81:BL81) | BN81: =S81*8% | BO81: =S81*1.5% | BP81: =S81*1% | BR81: =SUM(BN81:BQ81) | BS81: =T81+U81+V81+W81 | BT81: =BH81-BS81-AH81 | BU81: =IF(E81="HĐLĐ",15500000,0) | BV81: 0 | BW81: =BV81*6200000 | BX81: =BR81 | BY81: =BU81+BW81+BX81 | BZ81: =IF(BT81-BY81>0,BT81-BY81,0) | CA81: =IF(AND(OR($E81="HĐTV",$E81="HĐCTV"),$BZ81<2000000),0,IF(OR($E81="HĐTV",$E81="HĐCTV"),$BZ81*10%,ROUND(IF($BZ81<=10000000,$BZ81*5%,IF($BZ81<=30000000,$BZ81*10%-500000,IF($BZ81<=60000000,$BZ81*20%-3500000,IF($BZ81<=100000000,$BZ81*30%-9500000,$BZ81*35%-14500000)))),0))) | CB81: =ROUND(BH81-BR81-CA81,0) | CD81: 0 | CE81: =CB81+CC81-CD81 | CF81: =CE81-CG81 | CG81: =CE81 | CI81: tam.nguyen@medigoapp.com | CJ81: 0 | CK81: 4 | CM81: 16 | CN81: 5 | CO81: 2023 | CP81: =IF((($CO$7-CO81)*12)+($CN$7-CN81)>=12,((($CO$7-CO81)*12)+($CN$7-CN81))-1,0) | CQ81: =IF(CP81<12,(($CQ$7-CO81)*12)+($CP$7-CN81),0) | CR81: =IF(OR(CP81>12,CP81=12),((CP81-(CS81*12))+((($CQ$7-2024)*12)+($CP$7-4)))+1,0) | CS81: =IF(OR(CP81>12,CP81=12),ROUNDDOWN(CP81/12,0),0) | CT81: =IF(CQ81>11,ROUNDDOWN(CQ81/12,0),0) | CU81: =IF(CR81>11,ROUNDDOWN(CR81/12,0),0) | CV81: =IF(CP81=0,0,6000000*1.07^CS81) | CW81: =IF(CT81<2,0,6000000+(CT81-1)*500000) | CX81: =IF(CU81=0,CV81,IF(CU81<1,0,CV81+CU81*500000)) | CY81: =IF(CX81>0,CX81,IF(CW81>0,CW81,6000000))
