Workbook

Sheet Bảng đánh giá
A1: Chi nhánh | B1: Doanh thu | C1: Chi phí | D1: Lợi nhuận | F1: Thành tích | G1: Lương | H1: Mặt bằng | I1: Ds chuyên môn | J1: Điện + nước | K1: Linh tinh | L1: SL đơn ONl | M1: Platform software (8k/1hd) | N1: Ebitda | O1: Ebitda - Team CNT (160M) | P1: Ebitda - Comp (300M)
A2: 24H | D2: =B2-C2 -> 0 | E2: =D2/B2 -> #DIV/0! | F2: Không đạt | G2: 72000000 | H2: 17000000 | I2: 3500000 | J2: 3400000 | K2: 6000000 | L2: 1238 | M2: =L2*8000 -> 9904000 | N2: =D2-G2-H2-I2-J2-K2-M2 -> -111804000 | O2: =N2-16000000 -> -127804000 | P2: =O2-30000000 -> -157804000
A3: Đỗ Quang Đẩu | D3: =B3-C3 -> 0 | E3: =D3/B3 -> #DIV/0! | F3: Không đạt | G3: 82000000 | H3: 55000000 | I3: 3500000 | J3: 8300000 | K3: 6000000 | L3: 920 | M3: =L3*8000 -> 7360000 | N3: =D3-G3-H3-I3-J3-K3-M3 -> -162160000 | O3: =N3-16000000 -> -178160000 | P3: =O3-30000000 -> -208160000
A4: Minh Châu | D4: =B4-C4 -> 0 | E4: =D4/B4 -> #DIV/0! | F4: Không đạt | G4: 50000000 | H4: 15000000 | I4: 3500000 | J4: 5000000 | K4: 6000000 | L4: 471 | M4: =L4*8000 -> 3768000 | N4: =D4-G4-H4-I4-J4-K4-M4 -> -83268000 | O4: =N4-16000000 -> -99268000 | P4: =O4-30000000 -> -129268000
A5: Nam Hòa | D5: =B5-C5 -> 0 | E5: =D5/B5 -> #DIV/0! | F5: Không đạt | G5: 44000000 | H5: 22000000 | I5: 2500000 | J5: 6500000 | K5: 6000000 | L5: 384 | M5: =L5*8000 -> 3072000 | N5: =D5-G5-H5-I5-J5-K5-M5 -> -84072000 | O5: =N5-16000000 -> -100072000 | P5: =O5-30000000 -> -130072000
A6: Nguyễn Chí Thanh | D6: =B6-C6 -> 0 | E6: =D6/B6 -> #DIV/0! | F6: Không đạt | G6: 60000000 | H6: 30000000 | I6: 3500000 | J6: 8000000 | K6: 6000000 | L6: 556 | M6: =L6*8000 -> 4448000 | N6: =D6-G6-H6-I6-J6-K6-M6 -> -111948000 | O6: =N6-16000000 -> -127948000 | P6: =O6-30000000 -> -157948000
A7: Nguyễn Thị Thập | D7: =B7-C7 -> 0 | E7: =D7/B7 -> #DIV/0! | F7: Không đạt | G7: 44000000 | H7: 35000000 | I7: 2500000 | J7: 5000000 | K7: 6000000 | L7: 810 | M7: =L7*8000 -> 6480000 | N7: =D7-G7-H7-I7-J7-K7-M7 -> -98980000 | O7: =N7-16000000 -> -114980000 | P7: =O7-30000000 -> -144980000
A8: Nguyễn Văn Quá | D8: =B8-C8 -> 0 | E8: =D8/B8 -> #DIV/0! | F8: Không đạt | G8: 50000000 | H8: 24000000 | I8: 4000000 | J8: 6800000 | K8: 6000000 | L8: 448 | M8: =L8*8000 -> 3584000 | N8: =D8-G8-H8-I8-J8-K8-M8 -> -94384000 | O8: =N8-16000000 -> -110384000 | P8: =O8-30000000 -> -140384000
A9: Rạch Bùng Binh | D9: =B9-C9 -> 0 | E9: =D9/B9 -> #DIV/0! | F9: Không đạt | G9: 66000000 | H9: 30000000 | I9: 2500000 | J9: 8000000 | K9: 6000000 | L9: 841 | M9: =L9*8000 -> 6728000 | N9: =D9-G9-H9-I9-J9-K9-M9 -> -119228000 | O9: =N9-16000000 -> -135228000 | P9: =O9-30000000 -> -165228000
A10: Đường Láng | D10: =B10-C10 -> 0 | E10: =D10/B10 -> #DIV/0! | F10: Không đạt | G10: 72000000 | H10: 10000000 | I10: 3000000 | J10: 3500000 | K10: 6000000 | L10: 1322 | M10: =L10*8000 -> 10576000 | N10: =D10-G10-H10-I10-J10-K10-M10 -> -105076000 | O10: =N10-16000000 -> -121076000 | P10: =O10-30000000 -> -151076000
A11: Hàng Bông | D11: =B11-C11 -> 0 | E11: =D11/B11 -> #DIV/0! | F11: Không đạt | G11: 60000000 | H11: 45000000 | I11: 0 | J11: 5500000 | K11: 6000000 | L11: 708 | M11: =L11*8000 -> 5664000 | N11: =D11-G11-H11-I11-J11-K11-M11 -> -122164000 | O11: =N11-16000000 -> -138164000 | P11: =O11-30000000 -> -168164000
B12: =SUM(B2:B11) -> 0 | D12: =SUM(D2:D11) -> 0 | E12: =D12/B12 -> #DIV/0!

Sheet BẢNG LƯƠNG
E1: Tổng thời gian làm việc | G1: Quản lý và cửa hàng trưởng ghi nhận vào đây - công thức tổng tự động không cần chỉnh | R1: Quản lý ghi nhận | AK1: KPI trừ
A2: STT | B2: Chi nhánh | C2: Tên | D2: Hình thức | E2: Số giờ ca ngày | F2: Số giờ ca đêm | G2: Số giờ ca ngày | H2: Số giờ ca đêm ( chưa x 1.5 ) | I2: Số giờ tăng ca ngày ( x 1 ) | J2: Số ngày thực làm | K2: Số ngày làm đêm | L2: Ngày lễ hưởng lương ( x 1 ) | M2: Ghi ngày cụ thể | N2: Số ngày lễ vẫn đi làm | O2: Số giờ lễ ca ngày ( Đã x 3 ) | P2: Số giờ lễ ca đêm ( Đã x 3 ) | Q2: Ngày lễ vẫn đi làm (ghi ngày cụ thể) | R2: Số ngày công thực tế | S2: Số giờ tham gia đào tạo | T2: Số giờ nghỉ phép năm | U2: Ngày phép năm (ghi ngày cụ thể) | V2: Phụ cấp trách nhiệm (áp dụng CHT) | W2: Phụ cấp cửa hàng mới | X2: Phụ cấp sức khỏe ca đêm | Y2: Phụ cấp lưu động | Z2: Phụ cấp tăng cường vận hành | AA2: Thưởng dự án Mini KAT (Dược sĩ) | AB2: Thưởng dự án Mini KAT (Đại diện CHT nhận) | AC2: Thường Whatsapp | AD2: Phụ cấp quy trình/dự án | AE2: Thưởng KPI | AF2: Thưởng hàng điểm + Cắt liều | AG2: Thưởng hàng cận date | AH2: Thưởng chương trình Maps | AI2: Thưởng khác | AJ2: Total | AK2: Hàng hết date | AL2: Quy chế quy trình | AM2: HD App - Kiot | AN2: Ecom | AO2: Khác | AP2: Ghi chú
A3: {=_xludf.SEQUENCE(COUNTA(B3:B111),1)} -> #NAME? | B3: 24H | C3: Hồ Thị Minh Hòa | D3: DSBC | E3: =G3+I3+L3+O3+S3+T3 -> #NAME? | F3: =H3+P3 -> 48.4 | G3: =SUMIFS('Giờ công'!I:I,'Giờ công'!G:G,B3,'Giờ công'!H:H,C3) -> 118 | H3: =SUMIFS('Giờ công'!J:J,'Giờ công'!G:G,B3,'Giờ công'!H:H,C3) -> 48.4 | I3: =_xludf.ifs(R3>=30,16,R3=29,8,TRUE,"") -> #NAME? | J3: 18 | K3: 6 | N3: =SUMIFS('Tăng ca lễ'!M:M,'Tăng ca lễ'!K:K,B3,'Tăng ca lễ'!L:L,C3) -> 0 | O3: =IF(OR(D3 = "PT",D3 = "DSHV"), SUMIFS('Tăng ca lễ'!O:O,'Tăng ca lễ'!K:K,B3,'Tăng ca lễ'!L:L,C3)*2, SUMIFS('Tăng ca lễ'!O:O,'Tăng ca lễ'!K:K,B3,'Tăng ca lễ'!L:L,C3)*3) -> 0 | P3: =IF(OR(D3 = "PT", D3 = "DSHV"), SUMIFS('Tăng ca lễ'!P:P,'Tăng ca lễ'!K:K,B3,'Tăng ca lễ'!L:L,C3)*2, SUMIFS('Tăng ca lễ'!P:P,'Tăng ca lễ'!K:K,B3,'Tăng ca lễ'!L:L,C3)*3) -> 0 | R3: =SUMIFS('Ngày công'!M:M,'Ngày công'!K:K,B3,'Ngày công'!L:L,C3) -> 18 | S3: =SUMIFS('Công Đào tạo'!G:G,'Công Đào tạo'!E:E,B3,'Công Đào tạo'!F:F,C3) -> 0 | T3: 0 | V3: =500000/30*17 -> 283333.33 | X3: =IFERROR(__xludf.DUMMYFUNCTION("IF($C3="""","""", IF( TRIM($D3)=""DSCD"", MIN( 1500000, ROUND(1500000/28*MIN(N($J3),28),0) ), IF( AND( REGEXMATCH(TRIM($D3),""^(DSXC|DSBC|CHT|DSTV)$""), N($H3)>=160 ), MIN( 1500000, ROUND(1500000/28*MIN(N($K3),28),0"&") ), 0 ) ) )"),0) -> 0 | AA3: {=IF($C3="","", IFERROR( _xludf.LET( cnChinh, _xlfn.XLOOKUP( TRIM($C3), TRIM(KPI!$B$2:$B1043), KPI!$A$2:$A1043, "" ), IF( TRIM($B3)=TRIM(cnChinh), _xlfn.XLOOKUP( TRIM($C3), TRIM('MiniKat - HCM'!$A$2:$A1043), 'MiniKat - HCM'!$J$2:$J1043, "" ), "" ) ), "" ) )} | AC3: {=IFERROR(_xlfn.XLOOKUP(C3, whatsapp!A:A,whatsapp!D:D), " ")} | AD3: {=IF($C3="","", IFERROR( _xludf.LET( cnChinh, _xlfn.XLOOKUP( TRIM($C3), TRIM(KPI!$B$2:$B1043), KPI!$A$2:$A1043, "" ), IF( TRIM($B3)=TRIM(cnChinh), _xlfn.XLOOKUP( TRIM($C3), TRIM('Dự án'!$B$2:$B1043), 'Dự án'!$C$2:$C1043, "" ), "" ) ), "" ) )} | AE3: =SUMIFS(KPI!C:C,KPI!A:A,B3,KPI!B:B,C3) -> 0 | AF3: =SUMIFS('Thưởng CK'!C:C,'Thưởng CK'!A:A,B3,'Thưởng CK'!B:B,C3) -> 0 | AG3: =SUMIFS('Cận date'!C:C,'Cận date'!A:A,B3,'Cận date'!B:B,C3) -> 0 | AH3: =SUMIFS(Map!D:D,Map!B:B,B3,Map!A:A,C3) -> 0 | AJ3: =SUM(AK3:AO3) -> 0 | AK3: =SUMIFS('KPI trừ'!C:C,'KPI trừ'!A:A,B3,'KPI trừ'!B:B,C3) -> 0 | AL3: =SUMIFS('KPI trừ'!D:D,'KPI trừ'!A:A,B3,'KPI trừ'!B:B,C3) -> 0 | AM3: =SUMIFS('KPI trừ'!E:E,'KPI trừ'!A:A,B3,'KPI trừ'!B:B,C3) -> 0 | AN3: =SUMIFS('KPI trừ'!F:F,'KPI trừ'!A:A,B3,'KPI trừ'!B:B,C3) -> 0 | AO3: =SUMIFS('KPI trừ'!G:G,'KPI trừ'!A:A,B3,'KPI trừ'!B:B,C3) -> 0 | AP3: =IFERROR(__xludf.DUMMYFUNCTION("IFERROR(TEXTJOIN("" "", TRUE, FILTER('KPI trừ'!H:H, ('KPI trừ'!A:A=B3) * ('KPI trừ'!B:B=C3))), """")"),"") | AQ3: =IFERROR(__xludf.DUMMYFUNCTION("IFERROR( MAX( QUERY( FILTER( {'Ngày công'!$C$2:$C$5000,'Ngày công'!$F$2:$F$5000}, TRIM('Ngày công'!$B$2:$B$5000)=TRIM($C3) ), ""select sum(Col2) where Col1 is not null group by Col1 label sum(Col2) ''"", 0 ) ), 0 )"),16.65) -> 16.65
A4: #NAME? | B4: 24H | C4: Nguyễn Ngọc Anh Thư | D4: DSTV | E4: =G4+I4+L4+O4+S4+T4 -> #NAME? | F4: =H4+P4 -> 72.316667 | G4: =SUMIFS('Giờ công'!I:I,'Giờ công'!G:G,B4,'Giờ công'!H:H,C4) -> 39.116667 | H4: =SUMIFS('Giờ công'!J:J,'Giờ công'!G:G,B4,'Giờ công'!H:H,C4) -> 72.316667 | I4: =_xludf.ifs(R4>=30,16,R4=29,8,TRUE,"") -> #NAME? | J4: 14 | K4: 9 | N4: =SUMIFS('Tăng ca lễ'!M:M,'Tăng ca lễ'!K:K,B4,'Tăng ca lễ'!L:L,C4) -> 0 | O4: =IF(OR(D4 = "PT",D4 = "DSHV"), SUMIFS('Tăng ca lễ'!O:O,'Tăng ca lễ'!K:K,B4,'Tăng ca lễ'!L:L,C4)*2, SUMIFS('Tăng ca lễ'!O:O,'Tăng ca lễ'!K:K,B4,'Tăng ca lễ'!L:L,C4)*3) -> 0 | P4: =IF(OR(D4 = "PT", D4 = "DSHV"), SUMIFS('Tăng ca lễ'!P:P,'Tăng ca lễ'!K:K,B4,'Tăng ca lễ'!L:L,C4)*2, SUMIFS('Tăng ca lễ'!P:P,'Tăng ca lễ'!K:K,B4,'Tăng ca lễ'!L:L,C4)*3) -> 0 | R4: =SUMIFS('Ngày công'!M:M,'Ngày công'!K:K,B4,'Ngày công'!L:L,C4) -> 14 | S4: =SUMIFS('Công Đào tạo'!G:G,'Công Đào tạo'!E:E,B4,'Công Đào tạo'!F:F,C4) -> 4.5 | T4: 0 | X4: =IFERROR(__xludf.DUMMYFUNCTION("IF($C4="""","""", IF( TRIM($D4)=""DSCD"", MIN( 1500000, ROUND(1500000/28*MIN(N($J4),28),0) ), IF( AND( REGEXMATCH(TRIM($D4),""^(DSXC|DSBC|CHT|DSTV)$""), N($H4)>=160 ), MIN( 1500000, ROUND(1500000/28*MIN(N($K4),28),0"&") ), 0 ) ) )"),0) -> 0 | AA4: {=IF($C4="","", IFERROR( _xludf.LET( cnChinh, _xlfn.XLOOKUP( TRIM($C4), TRIM(KPI!$B$2:$B1043), KPI!$A$2:$A1043, "" ), IF( TRIM($B4)=TRIM(cnChinh), _xlfn.XLOOKUP( TRIM($C4), TRIM('MiniKat - HCM'!$A$2:$A1043), 'MiniKat - HCM'!$J$2:$J1043, "" ), "" ) ), "" ) )} | AC4: {=IFERROR(_xlfn.XLOOKUP(C4, whatsapp!A:A,whatsapp!D:D), " ")} | AD4: {=IF($C4="","", IFERROR( _xludf.LET( cnChinh, _xlfn.XLOOKUP( TRIM($C4), TRIM(KPI!$B$2:$B1043), KPI!$A$2:$A1043, "" ), IF( TRIM($B4)=TRIM(cnChinh), _xlfn.XLOOKUP( TRIM($C4), TRIM('Dự án'!$B$2:$B1043), 'Dự án'!$C$2:$C1043, "" ), "" ) ), "" ) )} | AE4: =SUMIFS(KPI!C:C,KPI!A:A,B4,KPI!B:B,C4) -> 0 | AF4: =SUMIFS('Thưởng CK'!C:C,'Thưởng CK'!A:A,B4,'Thưởng CK'!B:B,C4) -> 0 | AG4: =SUMIFS('Cận date'!C:C,'Cận date'!A:A,B4,'Cận date'!B:B,C4) -> 0 | AH4: =SUMIFS(Map!D:D,Map!B:B,B4,Map!A:A,C4) -> 0 | AJ4: =SUM(AK4:AO4) -> 0 | AK4: =SUMIFS('KPI trừ'!C:C,'KPI trừ'!A:A,B4,'KPI trừ'!B:B,C4) -> 0 | AL4: =SUMIFS('KPI trừ'!D:D,'KPI trừ'!A:A,B4,'KPI trừ'!B:B,C4) -> 0 | AM4: =SUMIFS('KPI trừ'!E:E,'KPI trừ'!A:A,B4,'KPI trừ'!B:B,C4) -> 0 | AN4: =SUMIFS('KPI trừ'!F:F,'KPI trừ'!A:A,B4,'KPI trừ'!B:B,C4) -> 0 | AO4: =SUMIFS('KPI trừ'!G:G,'KPI trừ'!A:A,B4,'KPI trừ'!B:B,C4) -> 0 | AP4: =IFERROR(__xludf.DUMMYFUNCTION("IFERROR(TEXTJOIN("" "", TRUE, FILTER('KPI trừ'!H:H, ('KPI trừ'!A:A=B4) * ('KPI trừ'!B:B=C4))), """")"),"") | AQ4: =IFERROR(__xludf.DUMMYFUNCTION("IFERROR( MAX( QUERY( FILTER( {'Ngày công'!$C$2:$C$5000,'Ngày công'!$F$2:$F$5000}, TRIM('Ngày công'!$B$2:$B$5000)=TRIM($C4) ), ""select sum(Col2) where Col1 is not null group by Col1 label sum(Col2) ''"", 0 ) ), 0 )"),8.91666666666666) -> 8.9166667
A5: #NAME? | B5: 24H | C5: Nguyễn Trần Ngọc Phương | D5: CHT | E5: =G5+I5+L5+O5+S5+T5 -> #NAME? | F5: =H5+P5 -> 70.183333 | G5: =SUMIFS('Giờ công'!I:I,'Giờ công'!G:G,B5,'Giờ công'!H:H,C5) -> 146.11667 | H5: =SUMIFS('Giờ công'!J:J,'Giờ công'!G:G,B5,'Giờ công'!H:H,C5) -> 70.183333 | I5: =_xludf.ifs(R5>=30,16,R5=29,8,TRUE,"") -> #NAME? | J5: 27 | K5: 9 | N5: =SUMIFS('Tăng ca lễ'!M:M,'Tăng ca lễ'!K:K,B5,'Tăng ca lễ'!L:L,C5) -> 0 | O5: =IF(OR(D5 = "PT",D5 = "DSHV"), SUMIFS('Tăng ca lễ'!O:O,'Tăng ca lễ'!K:K,B5,'Tăng ca lễ'!L:L,C5)*2, SUMIFS('Tăng ca lễ'!O:O,'Tăng ca lễ'!K:K,B5,'Tăng ca lễ'!L:L,C5)*3) -> 0 | P5: =IF(OR(D5 = "PT", D5 = "DSHV"), SUMIFS('Tăng ca lễ'!P:P,'Tăng ca lễ'!K:K,B5,'Tăng ca lễ'!L:L,C5)*2, SUMIFS('Tăng ca lễ'!P:P,'Tăng ca lễ'!K:K,B5,'Tăng ca lễ'!L:L,C5)*3) -> 0 | R5: =SUMIFS('Ngày công'!M:M,'Ngày công'!K:K,B5,'Ngày công'!L:L,C5) -> 27 | S5: =SUMIFS('Công Đào tạo'!G:G,'Công Đào tạo'!E:E,B5,'Công Đào tạo'!F:F,C5) -> 0 | T5: 0 | V5: =2000000*0.75 -> 1500000 | X5: =IFERROR(__xludf.DUMMYFUNCTION("IF($C5="""","""", IF( TRIM($D5)=""DSCD"", MIN( 1500000, ROUND(1500000/28*MIN(N($J5),28),0) ), IF( AND( REGEXMATCH(TRIM($D5),""^(DSXC|DSBC|CHT|DSTV)$""), N($H5)>=160 ), MIN( 1500000, ROUND(1500000/28*MIN(N($K5),28),0"&") ), 0 ) ) )"),0) -> 0 | AA5: {=IF($C5="","", IFERROR( _xludf.LET( cnChinh, _xlfn.XLOOKUP( TRIM($C5), TRIM(KPI!$B$2:$B1043), KPI!$A$2:$A1043, "" ), IF( TRIM($B5)=TRIM(cnChinh), _xlfn.XLOOKUP( TRIM($C5), TRIM('MiniKat - HCM'!$A$2:$A1043), 'MiniKat - HCM'!$J$2:$J1043, "" ), "" ) ), "" ) )} | AC5: {=IFERROR(_xlfn.XLOOKUP(C5, whatsapp!A:A,whatsapp!D:D), " ")} | AD5: {=IF($C5="","", IFERROR( _xludf.LET( cnChinh, _xlfn.XLOOKUP( TRIM($C5), TRIM(KPI!$B$2:$B1043), KPI!$A$2:$A1043, "" ), IF( TRIM($B5)=TRIM(cnChinh), _xlfn.XLOOKUP( TRIM($C5), TRIM('Dự án'!$B$2:$B1043), 'Dự án'!$C$2:$C1043, "" ), "" ) ), "" ) )} | AE5: =SUMIFS(KPI!C:C,KPI!A:A,B5,KPI!B:B,C5) -> 0 | AF5: =SUMIFS('Thưởng CK'!C:C,'Thưởng CK'!A:A,B5,'Thưởng CK'!B:B,C5) -> 876500 | AG5: =SUMIFS('Cận date'!C:C,'Cận date'!A:A,B5,'Cận date'!B:B,C5) -> 5680 | AH5: =SUMIFS(Map!D:D,Map!B:B,B5,Map!A:A,C5) -> 0 | AJ5: =SUM(AK5:AO5) -> 500000 | AK5: =SUMIFS('KPI trừ'!C:C,'KPI trừ'!A:A,B5,'KPI trừ'!B:B,C5) -> 0 | AL5: =SUMIFS('KPI trừ'!D:D,'KPI trừ'!A:A,B5,'KPI trừ'!B:B,C5) -> 0 | AM5: =SUMIFS('KPI trừ'!E:E,'KPI trừ'!A:A,B5,'KPI trừ'!B:B,C5) -> 0 | AN5: =SUMIFS('KPI trừ'!F:F,'KPI trừ'!A:A,B5,'KPI trừ'!B:B,C5) -> 0 | AO5: =SUMIFS('KPI trừ'!G:G,'KPI trừ'!A:A,B5,'KPI trừ'!B:B,C5) -> 500000 | AP5: =IFERROR(__xludf.DUMMYFUNCTION("IFERROR(TEXTJOIN("" "", TRUE, FILTER('KPI trừ'!H:H, ('KPI trừ'!A:A=B5) * ('KPI trừ'!B:B=C5))), """")"),"Cấn trừ chi phí đồng phục") -> Cấn trừ chi phí đồng phục | AQ5: =IFERROR(__xludf.DUMMYFUNCTION("IFERROR( MAX( QUERY( FILTER( {'Ngày công'!$C$2:$C$5000,'Ngày công'!$F$2:$F$5000}, TRIM('Ngày công'!$B$2:$B$5000)=TRIM($C5) ), ""select sum(Col2) where Col1 is not null group by Col1 label sum(Col2) ''"", 0 ) ), 0 )"),13.9833333333333) -> 13.983333
A6: #NAME? | B6: 24H | C6: Ngô Trần Tuyết Vy | D6: DSBC | E6: =G6+I6+L6+O6+S6+T6 -> #NAME? | F6: =H6+P6 -> 137.31667 | G6: =SUMIFS('Giờ công'!I:I,'Giờ công'!G:G,B6,'Giờ công'!H:H,C6) -> 128.58333 | H6: =SUMIFS('Giờ công'!J:J,'Giờ công'!G:G,B6,'Giờ công'!H:H,C6) -> 137.31667 | I6: =_xludf.ifs(R6>=30,16,R6=29,8,TRUE,"") -> #NAME? | J6: 31 | K6: 17 | N6: =SUMIFS('Tăng ca lễ'!M:M,'Tăng ca lễ'!K:K,B6,'Tăng ca lễ'!L:L,C6) -> 0 | O6: =IF(OR(D6 = "PT",D6 = "DSHV"), SUMIFS('Tăng ca lễ'!O:O,'Tăng ca lễ'!K:K,B6,'Tăng ca lễ'!L:L,C6)*2, SUMIFS('Tăng ca lễ'!O:O,'Tăng ca lễ'!K:K,B6,'Tăng ca lễ'!L:L,C6)*3) -> 0 | P6: =IF(OR(D6 = "PT", D6 = "DSHV"), SUMIFS('Tăng ca lễ'!P:P,'Tăng ca lễ'!K:K,B6,'Tăng ca lễ'!L:L,C6)*2, SUMIFS('Tăng ca lễ'!P:P,'Tăng ca lễ'!K:K,B6,'Tăng ca lễ'!L:L,C6)*3) -> 0 | R6: =SUMIFS('Ngày công'!M:M,'Ngày công'!K:K,B6,'Ngày công'!L:L,C6) -> 31 | S6: =SUMIFS('Công Đào tạo'!G:G,'Công Đào tạo'!E:E,B6,'Công Đào tạo'!F:F,C6) -> 0 | T6: 0 | X6: =IFERROR(__xludf.DUMMYFUNCTION("IF($C6="""","""", IF( TRIM($D6)=""DSCD"", MIN( 1500000, ROUND(1500000/28*MIN(N($J6),28),0) ), IF( AND( REGEXMATCH(TRIM($D6),""^(DSXC|DSBC|CHT|DSTV)$""), N($H6)>=160 ), MIN( 1500000, ROUND(1500000/28*MIN(N($K6),28),0"&") ), 0 ) ) )"),0) -> 0 | AA6: {=IF($C6="","", IFERROR( _xludf.LET( cnChinh, _xlfn.XLOOKUP( TRIM($C6), TRIM(KPI!$B$2:$B1043), KPI!$A$2:$A1043, "" ), IF( TRIM($B6)=TRIM(cnChinh), _xlfn.XLOOKUP( TRIM($C6), TRIM('MiniKat - HCM'!$A$2:$A1043), 'MiniKat - HCM'!$J$2:$J1043, "" ), "" ) ), "" ) )} | AC6: {=IFERROR(_xlfn.XLOOKUP(C6, whatsapp!A:A,whatsapp!D:D), " ")} | AD6: {=IF($C6="","", IFERROR( _xludf.LET( cnChinh, _xlfn.XLOOKUP( TRIM($C6), TRIM(KPI!$B$2:$B1043), KPI!$A$2:$A1043, "" ), IF( TRIM($B6)=TRIM(cnChinh), _xlfn.XLOOKUP( TRIM($C6), TRIM('Dự án'!$B$2:$B1043), 'Dự án'!$C$2:$C1043, "" ), "" ) ), "" ) )} | AE6: =SUMIFS(KPI!C:C,KPI!A:A,B6,KPI!B:B,C6) -> 1154180 | AF6: =SUMIFS('Thưởng CK'!C:C,'Thưởng CK'!A:A,B6,'Thưởng CK'!B:B,C6) -> 2576900 | AG6: =SUMIFS('Cận date'!C:C,'Cận date'!A:A,B6,'Cận date'!B:B,C6) -> 10408.25 | AH6: =SUMIFS(Map!D:D,Map!B:B,B6,Map!A:A,C6) -> 0 | AJ6: =SUM(AK6:AO6) -> 0 | AK6: =SUMIFS('KPI trừ'!C:C,'KPI trừ'!A:A,B6,'KPI trừ'!B:B,C6) -> 0 | AL6: =SUMIFS('KPI trừ'!D:D,'KPI trừ'!A:A,B6,'KPI trừ'!B:B,C6) -> 0 | AM6: =SUMIFS('KPI trừ'!E:E,'KPI trừ'!A:A,B6,'KPI trừ'!B:B,C6) -> 0 | AN6: =SUMIFS('KPI trừ'!F:F,'KPI trừ'!A:A,B6,'KPI trừ'!B:B,C6) -> 0 | AO6: =SUMIFS('KPI trừ'!G:G,'KPI trừ'!A:A,B6,'KPI trừ'!B:B,C6) -> 0 | AP6: =IFERROR(__xludf.DUMMYFUNCTION("IFERROR(TEXTJOIN("" "", TRUE, FILTER('KPI trừ'!H:H, ('KPI trừ'!A:A=B6) * ('KPI trừ'!B:B=C6))), """")"),"") | AQ6: =IFERROR(__xludf.DUMMYFUNCTION("IFERROR( MAX( QUERY( FILTER( {'Ngày công'!$C$2:$C$5000,'Ngày công'!$F$2:$F$5000}, TRIM('Ngày công'!$B$2:$B$5000)=TRIM($C6) ), ""select sum(Col2) where Col1 is not null group by Col1 label sum(Col2) ''"", 0 ) ), 0 )"),14.3666666666666) -> 14.366667
A7: #NAME? | B7: 24H | C7: Phạm Nguyễn Ngọc Quý | D7: DSBC | E7: =G7+I7+L7+O7+S7+T7 -> #NAME? | F7: =H7+P7 -> 135.95 | G7: =SUMIFS('Giờ công'!I:I,'Giờ công'!G:G,B7,'Giờ công'!H:H,C7) -> 122.41667 | H7: =SUMIFS('Giờ công'!J:J,'Giờ công'!G:G,B7,'Giờ công'!H:H,C7) -> 135.95 | I7: =_xludf.ifs(R7>=30,16,R7=29,8,TRUE,"") -> #NAME? | J7: 31 | K7: 17 | N7: =SUMIFS('Tăng ca lễ'!M:M,'Tăng ca lễ'!K:K,B7,'Tăng ca lễ'!L:L,C7) -> 0 | O7: =IF(OR(D7 = "PT",D7 = "DSHV"), SUMIFS('Tăng ca lễ'!O:O,'Tăng ca lễ'!K:K,B7,'Tăng ca lễ'!L:L,C7)*2, SUMIFS('Tăng ca lễ'!O:O,'Tăng ca lễ'!K:K,B7,'Tăng ca lễ'!L:L,C7)*3) -> 0 | P7: =IF(OR(D7 = "PT", D7 = "DSHV"), SUMIFS('Tăng ca lễ'!P:P,'Tăng ca lễ'!K:K,B7,'Tăng ca lễ'!L:L,C7)*2, SUMIFS('Tăng ca lễ'!P:P,'Tăng ca lễ'!K:K,B7,'Tăng ca lễ'!L:L,C7)*3) -> 0 | R7: =SUMIFS('Ngày công'!M:M,'Ngày công'!K:K,B7,'Ngày công'!L:L,C7) -> 31 | S7: =SUMIFS('Công Đào tạo'!G:G,'Công Đào tạo'!E:E,B7,'Công Đào tạo'!F:F,C7) -> 0 | T7: 0 | X7: =IFERROR(__xludf.DUMMYFUNCTION("IF($C7="""","""", IF( TRIM($D7)=""DSCD"", MIN( 1500000, ROUND(1500000/28*MIN(N($J7),28),0) ), IF( AND( REGEXMATCH(TRIM($D7),""^(DSXC|DSBC|CHT|DSTV)$""), N($H7)>=160 ), MIN( 1500000, ROUND(1500000/28*MIN(N($K7),28),0"&") ), 0 ) ) )"),0) -> 0 | AA7: {=IF($C7="","", IFERROR( _xludf.LET( cnChinh, _xlfn.XLOOKUP( TRIM($C7), TRIM(KPI!$B$2:$B1043), KPI!$A$2:$A1043, "" ), IF( TRIM($B7)=TRIM(cnChinh), _xlfn.XLOOKUP( TRIM($C7), TRIM('MiniKat - HCM'!$A$2:$A1043), 'MiniKat - HCM'!$J$2:$J1043, "" ), "" ) ), "" ) )} | AC7: {=IFERROR(_xlfn.XLOOKUP(C7, whatsapp!A:A,whatsapp!D:D), " ")} | AD7: {=IF($C7="","", IFERROR( _xludf.LET( cnChinh, _xlfn.XLOOKUP( TRIM($C7), TRIM(KPI!$B$2:$B1043), KPI!$A$2:$A1043, "" ), IF( TRIM($B7)=TRIM(cnChinh), _xlfn.XLOOKUP( TRIM($C7), TRIM('Dự án'!$B$2:$B1043), 'Dự án'!$C$2:$C1043, "" ), "" ) ), "" ) )} | AE7: =SUMIFS(KPI!C:C,KPI!A:A,B7,KPI!B:B,C7) -> 0 | AF7: =SUMIFS('Thưởng CK'!C:C,'Thưởng CK'!A:A,B7,'Thưởng CK'!B:B,C7) -> 1968750 | AG7: =SUMIFS('Cận date'!C:C,'Cận date'!A:A,B7,'Cận date'!B:B,C7) -> 1050 | AH7: =SUMIFS(Map!D:D,Map!B:B,B7,Map!A:A,C7) -> 0 | AJ7: =SUM(AK7:AO7) -> 0 | AK7: =SUMIFS('KPI trừ'!C:C,'KPI trừ'!A:A,B7,'KPI trừ'!B:B,C7) -> 0 | AL7: =SUMIFS('KPI trừ'!D:D,'KPI trừ'!A:A,B7,'KPI trừ'!B:B,C7) -> 0 | AM7: =SUMIFS('KPI trừ'!E:E,'KPI trừ'!A:A,B7,'KPI trừ'!B:B,C7) -> 0 | AN7: =SUMIFS('KPI trừ'!F:F,'KPI trừ'!A:A,B7,'KPI trừ'!B:B,C7) -> 0 | AO7: =SUMIFS('KPI trừ'!G:G,'KPI trừ'!A:A,B7,'KPI trừ'!B:B,C7) -> 0 | AP7: =IFERROR(__xludf.DUMMYFUNCTION("IFERROR(TEXTJOIN("" "", TRUE, FILTER('KPI trừ'!H:H, ('KPI trừ'!A:A=B7) * ('KPI trừ'!B:B=C7))), """")"),"") | AQ7: =IFERROR(__xludf.DUMMYFUNCTION("IFERROR( MAX( QUERY( FILTER( {'Ngày công'!$C$2:$C$5000,'Ngày công'!$F$2:$F$5000}, TRIM('Ngày công'!$B$2:$B$5000)=TRIM($C7) ), ""select sum(Col2) where Col1 is not null group by Col1 label sum(Col2) ''"", 0 ) ), 0 )"),13.9166666666666) -> 13.916667
A8: #NAME? | B8: 24H | C8: Trần Thị Kim Khánh | D8: DSBC | E8: =G8+I8+L8+O8+S8+T8 -> #NAME? | F8: =H8+P8 -> 87.216667 | G8: =SUMIFS('Giờ công'!I:I,'Giờ công'!G:G,B8,'Giờ công'!H:H,C8) -> 196.4 | H8: =SUMIFS('Giờ công'!J:J,'Giờ công'!G:G,B8,'Giờ công'!H:H,C8) -> 87.216667 | I8: =_xludf.ifs(R8>=30,16,R8=29,8,TRUE,"") -> #NAME? | J8: 31 | K8: 11 | N8: =SUMIFS('Tăng ca lễ'!M:M,'Tăng ca lễ'!K:K,B8,'Tăng ca lễ'!L:L,C8) -> 0 | O8: =IF(OR(D8 = "PT",D8 = "DSHV"), SUMIFS('Tăng ca lễ'!O:O,'Tăng ca lễ'!K:K,B8,'Tăng ca lễ'!L:L,C8)*2, SUMIFS('Tăng ca lễ'!O:O,'Tăng ca lễ'!K:K,B8,'Tăng ca lễ'!L:L,C8)*3) -> 0 | P8: =IF(OR(D8 = "PT", D8 = "DSHV"), SUMIFS('Tăng ca lễ'!P:P,'Tăng ca lễ'!K:K,B8,'Tăng ca lễ'!L:L,C8)*2, SUMIFS('Tăng ca lễ'!P:P,'Tăng ca lễ'!K:K,B8,'Tăng ca lễ'!L:L,C8)*3) -> 0 | R8: =SUMIFS('Ngày công'!M:M,'Ngày công'!K:K,B8,'Ngày công'!L:L,C8) -> 31 | S8: =SUMIFS('Công Đào tạo'!G:G,'Công Đào tạo'!E:E,B8,'Công Đào tạo'!F:F,C8) -> 0 | T8: 0 | X8: =IFERROR(__xludf.DUMMYFUNCTION("IF($C8="""","""", IF( TRIM($D8)=""DSCD"", MIN( 1500000, ROUND(1500000/28*MIN(N($J8),28),0) ), IF( AND( REGEXMATCH(TRIM($D8),""^(DSXC|DSBC|CHT|DSTV)$""), N($H8)>=160 ), MIN( 1500000, ROUND(1500000/28*MIN(N($K8),28),0"&") ), 0 ) ) )"),0) -> 0 | AA8: {=IF($C8="","", IFERROR( _xludf.LET( cnChinh, _xlfn.XLOOKUP( TRIM($C8), TRIM(KPI!$B$2:$B1043), KPI!$A$2:$A1043, "" ), IF( TRIM($B8)=TRIM(cnChinh), _xlfn.XLOOKUP( TRIM($C8), TRIM('MiniKat - HCM'!$A$2:$A1043), 'MiniKat - HCM'!$J$2:$J1043, "" ), "" ) ), "" ) )} | AC8: {=IFERROR(_xlfn.XLOOKUP(C8, whatsapp!A:A,whatsapp!D:D), " ")} | AD8: {=IF($C8="","", IFERROR( _xludf.LET( cnChinh, _xlfn.XLOOKUP( TRIM($C8), TRIM(KPI!$B$2:$B1043), KPI!$A$2:$A1043, "" ), IF( TRIM($B8)=TRIM(cnChinh), _xlfn.XLOOKUP( TRIM($C8), TRIM('Dự án'!$B$2:$B1043), 'Dự án'!$C$2:$C1043, "" ), "" ) ), "" ) )} | AE8: =SUMIFS(KPI!C:C,KPI!A:A,B8,KPI!B:B,C8) -> 2027888 | AF8: =SUMIFS('Thưởng CK'!C:C,'Thưởng CK'!A:A,B8,'Thưởng CK'!B:B,C8) -> 3969800 | AG8: =SUMIFS('Cận date'!C:C,'Cận date'!A:A,B8,'Cận date'!B:B,C8) -> 6380 | AH8: =SUMIFS(Map!D:D,Map!B:B,B8,Map!A:A,C8) -> 0 | AJ8: =SUM(AK8:AO8) -> 0 | AK8: =SUMIFS('KPI trừ'!C:C,'KPI trừ'!A:A,B8,'KPI trừ'!B:B,C8) -> 0 | AL8: =SUMIFS('KPI trừ'!D:D,'KPI trừ'!A:A,B8,'KPI trừ'!B:B,C8) -> 0 | AM8: =SUMIFS('KPI trừ'!E:E,'KPI trừ'!A:A,B8,'KPI trừ'!B:B,C8) -> 0 | AN8: =SUMIFS('KPI trừ'!F:F,'KPI trừ'!A:A,B8,'KPI trừ'!B:B,C8) -> 0 | AO8: =SUMIFS('KPI trừ'!G:G,'KPI trừ'!A:A,B8,'KPI trừ'!B:B,C8) -> 0 | AP8: =IFERROR(__xludf.DUMMYFUNCTION("IFERROR(TEXTJOIN("" "", TRUE, FILTER('KPI trừ'!H:H, ('KPI trừ'!A:A=B8) * ('KPI trừ'!B:B=C8))), """")"),"") | AQ8: =IFERROR(__xludf.DUMMYFUNCTION("IFERROR( MAX( QUERY( FILTER( {'Ngày công'!$C$2:$C$5000,'Ngày công'!$F$2:$F$5000}, TRIM('Ngày công'!$B$2:$B$5000)=TRIM($C8) ), ""select sum(Col2) where Col1 is not null group by Col1 label sum(Col2) ''"", 0 ) ), 0 )"),16.1333333333333) -> 16.133333
A9: #NAME? | B9: Đỗ Quang Đẩu | C9: Bùi Thị Thanh Thủy | D9: DSBC | E9: =G9+I9+L9+O9+S9+T9 -> #NAME? | F9: =H9+P9 -> 0 | G9: =SUMIFS('Giờ công'!I:I,'Giờ công'!G:G,B9,'Giờ công'!H:H,C9) -> 56.366667 | H9: =SUMIFS('Giờ công'!J:J,'Giờ công'!G:G,B9,'Giờ công'!H:H,C9) -> 0 | I9: =_xludf.ifs(R9>=30,16,R9=29,8,TRUE,"") -> #NAME? | J9: 7 | K9: 0 | N9: =SUMIFS('Tăng ca lễ'!M:M,'Tăng ca lễ'!K:K,B9,'Tăng ca lễ'!L:L,C9) -> 0 | O9: =IF(OR(D9 = "PT",D9 = "DSHV"), SUMIFS('Tăng ca lễ'!O:O,'Tăng ca lễ'!K:K,B9,'Tăng ca lễ'!L:L,C9)*2, SUMIFS('Tăng ca lễ'!O:O,'Tăng ca lễ'!K:K,B9,'Tăng ca lễ'!L:L,C9)*3) -> 0 | P9: =IF(OR(D9 = "PT", D9 = "DSHV"), SUMIFS('Tăng ca lễ'!P:P,'Tăng ca lễ'!K:K,B9,'Tăng ca lễ'!L:L,C9)*2, SUMIFS('Tăng ca lễ'!P:P,'Tăng ca lễ'!K:K,B9,'Tăng ca lễ'!L:L,C9)*3) -> 0 | R9: =SUMIFS('Ngày công'!M:M,'Ngày công'!K:K,B9,'Ngày công'!L:L,C9) -> 7 | S9: =SUMIFS('Công Đào tạo'!G:G,'Công Đào tạo'!E:E,B9,'Công Đào tạo'!F:F,C9) -> 0 | T9: 0 | X9: =IFERROR(__xludf.DUMMYFUNCTION("IF($C9="""","""", IF( TRIM($D9)=""DSCD"", MIN( 1500000, ROUND(1500000/28*MIN(N($J9),28),0) ), IF( AND( REGEXMATCH(TRIM($D9),""^(DSXC|DSBC|CHT|DSTV)$""), N($H9)>=160 ), MIN( 1500000, ROUND(1500000/28*MIN(N($K9),28),0"&") ), 0 ) ) )"),0) -> 0 | AA9: {=IF($C9="","", IFERROR( _xludf.LET( cnChinh, _xlfn.XLOOKUP( TRIM($C9), TRIM(KPI!$B$2:$B1043), KPI!$A$2:$A1043, "" ), IF( TRIM($B9)=TRIM(cnChinh), _xlfn.XLOOKUP( TRIM($C9), TRIM('MiniKat - HCM'!$A$2:$A1043), 'MiniKat - HCM'!$J$2:$J1043, "" ), "" ) ), "" ) )} | AC9: {=IFERROR(_xlfn.XLOOKUP(C9, whatsapp!A:A,whatsapp!D:D), " ")} | AD9: {=IF($C9="","", IFERROR( _xludf.LET( cnChinh, _xlfn.XLOOKUP( TRIM($C9), TRIM(KPI!$B$2:$B1043), KPI!$A$2:$A1043, "" ), IF( TRIM($B9)=TRIM(cnChinh), _xlfn.XLOOKUP( TRIM($C9), TRIM('Dự án'!$B$2:$B1043), 'Dự án'!$C$2:$C1043, "" ), "" ) ), "" ) )} | AE9: =SUMIFS(KPI!C:C,KPI!A:A,B9,KPI!B:B,C9) -> 0 | AF9: =SUMIFS('Thưởng CK'!C:C,'Thưởng CK'!A:A,B9,'Thưởng CK'!B:B,C9) -> 0 | AG9: =SUMIFS('Cận date'!C:C,'Cận date'!A:A,B9,'Cận date'!B:B,C9) -> 0 | AH9: =SUMIFS(Map!D:D,Map!B:B,B9,Map!A:A,C9) -> 0 | AJ9: =SUM(AK9:AO9) -> 0 | AK9: =SUMIFS('KPI trừ'!C:C,'KPI trừ'!A:A,B9,'KPI trừ'!B:B,C9) -> 0 | AL9: =SUMIFS('KPI trừ'!D:D,'KPI trừ'!A:A,B9,'KPI trừ'!B:B,C9) -> 0 | AM9: =SUMIFS('KPI trừ'!E:E,'KPI trừ'!A:A,B9,'KPI trừ'!B:B,C9) -> 0 | AN9: =SUMIFS('KPI trừ'!F:F,'KPI trừ'!A:A,B9,'KPI trừ'!B:B,C9) -> 0 | AO9: =SUMIFS('KPI trừ'!G:G,'KPI trừ'!A:A,B9,'KPI trừ'!B:B,C9) -> 0 | AP9: =IFERROR(__xludf.DUMMYFUNCTION("IFERROR(TEXTJOIN("" "", TRUE, FILTER('KPI trừ'!H:H, ('KPI trừ'!A:A=B9) * ('KPI trừ'!B:B=C9))), """")"),"") | AQ9: =IFERROR(__xludf.DUMMYFUNCTION("IFERROR( MAX( QUERY( FILTER( {'Ngày công'!$C$2:$C$5000,'Ngày công'!$F$2:$F$5000}, TRIM('Ngày công'!$B$2:$B$5000)=TRIM($C9) ), ""select sum(Col2) where Col1 is not null group by Col1 label sum(Col2) ''"", 0 ) ), 0 )"),16.0666666666666) -> 16.066667
A10: #NAME? | B10: Đỗ Quang Đẩu | C10: Dương Thị Huỳnh Như | D10: DSTV | E10: =G10+I10+L10+O10+S10+T10 -> #NAME? | F10: =H10+P10 -> 0 | G10: =SUMIFS('Giờ công'!I:I,'Giờ công'!G:G,B10,'Giờ công'!H:H,C10) -> 24.133333 | H10: =SUMIFS('Giờ công'!J:J,'Giờ công'!G:G,B10,'Giờ công'!H:H,C10) -> 0 | I10: =_xludf.ifs(R10>=30,16,R10=29,8,TRUE,"") -> #NAME? | J10: 3 | K10: 0 | N10: =SUMIFS('Tăng ca lễ'!M:M,'Tăng ca lễ'!K:K,B10,'Tăng ca lễ'!L:L,C10) -> 0 | O10: =IF(OR(D10 = "PT",D10 = "DSHV"), SUMIFS('Tăng ca lễ'!O:O,'Tăng ca lễ'!K:K,B10,'Tăng ca lễ'!L:L,C10)*2, SUMIFS('Tăng ca lễ'!O:O,'Tăng ca lễ'!K:K,B10,'Tăng ca lễ'!L:L,C10)*3) -> 0 | P10: =IF(OR(D10 = "PT", D10 = "DSHV"), SUMIFS('Tăng ca lễ'!P:P,'Tăng ca lễ'!K:K,B10,'Tăng ca lễ'!L:L,C10)*2, SUMIFS('Tăng ca lễ'!P:P,'Tăng ca lễ'!K:K,B10,'Tăng ca lễ'!L:L,C10)*3) -> 0 | R10: =SUMIFS('Ngày công'!M:M,'Ngày công'!K:K,B10,'Ngày công'!L:L,C10) -> 3 | S10: =SUMIFS('Công Đào tạo'!G:G,'Công Đào tạo'!E:E,B10,'Công Đào tạo'!F:F,C10) -> 0 | T10: 0 | X10: =IFERROR(__xludf.DUMMYFUNCTION("IF($C10="""","""", IF( TRIM($D10)=""DSCD"", MIN( 1500000, ROUND(1500000/28*MIN(N($J10),28),0) ), IF( AND( REGEXMATCH(TRIM($D10),""^(DSXC|DSBC|CHT|DSTV)$""), N($H10)>=160 ), MIN( 1500000, ROUND(1500000/28*MIN(N($K10)"&",28),0) ), 0 ) ) )"),0) -> 0 | AA10: {=IF($C10="","", IFERROR( _xludf.LET( cnChinh, _xlfn.XLOOKUP( TRIM($C10), TRIM(KPI!$B$2:$B1043), KPI!$A$2:$A1043, "" ), IF( TRIM($B10)=TRIM(cnChinh), _xlfn.XLOOKUP( TRIM($C10), TRIM('MiniKat - HCM'!$A$2:$A1043), 'MiniKat - HCM'!$J$2:$J1043, "" ), "" ) ), "" ) )} | AC10: {=IFERROR(_xlfn.XLOOKUP(C10, whatsapp!A:A,whatsapp!D:D), " ")} | AD10: {=IF($C10="","", IFERROR( _xludf.LET( cnChinh, _xlfn.XLOOKUP( TRIM($C10), TRIM(KPI!$B$2:$B1043), KPI!$A$2:$A1043, "" ), IF( TRIM($B10)=TRIM(cnChinh), _xlfn.XLOOKUP( TRIM($C10), TRIM('Dự án'!$B$2:$B1043), 'Dự án'!$C$2:$C1043, "" ), "" ) ), "" ) )} | AE10: =SUMIFS(KPI!C:C,KPI!A:A,B10,KPI!B:B,C10) -> 0 | AF10: =SUMIFS('Thưởng CK'!C:C,'Thưởng CK'!A:A,B10,'Thưởng CK'!B:B,C10) -> 0 | AG10: =SUMIFS('Cận date'!C:C,'Cận date'!A:A,B10,'Cận date'!B:B,C10) -> 0 | AH10: =SUMIFS(Map!D:D,Map!B:B,B10,Map!A:A,C10) -> 0 | AJ10: =SUM(AK10:AO10) -> 0 | AK10: =SUMIFS('KPI trừ'!C:C,'KPI trừ'!A:A,B10,'KPI trừ'!B:B,C10) -> 0 | AL10: =SUMIFS('KPI trừ'!D:D,'KPI trừ'!A:A,B10,'KPI trừ'!B:B,C10) -> 0 | AM10: =SUMIFS('KPI trừ'!E:E,'KPI trừ'!A:A,B10,'KPI trừ'!B:B,C10) -> 0 | AN10: =SUMIFS('KPI trừ'!F:F,'KPI trừ'!A:A,B10,'KPI trừ'!B:B,C10) -> 0 | AO10: =SUMIFS('KPI trừ'!G:G,'KPI trừ'!A:A,B10,'KPI trừ'!B:B,C10) -> 0 | AP10: =IFERROR(__xludf.DUMMYFUNCTION("IFERROR(TEXTJOIN("" "", TRUE, FILTER('KPI trừ'!H:H, ('KPI trừ'!A:A=B10) * ('KPI trừ'!B:B=C10))), """")"),"") | AQ10: =IFERROR(__xludf.DUMMYFUNCTION("IFERROR( MAX( QUERY( FILTER( {'Ngày công'!$C$2:$C$5000,'Ngày công'!$F$2:$F$5000}, TRIM('Ngày công'!$B$2:$B$5000)=TRIM($C10) ), ""select sum(Col2) where Col1 is not null group by Col1 label sum(Col2) ''"", 0 ) ), 0 )"),8.08333333333333) -> 8.0833333
A11: #NAME? | B11: Đỗ Quang Đẩu | C11: Hoàng Thanh Thủy | D11: DSBC | E11: =G11+I11+L11+O11+S11+T11 -> #NAME? | F11: =H11+P11 -> 0.6 | G11: =SUMIFS('Giờ công'!I:I,'Giờ công'!G:G,B11,'Giờ công'!H:H,C11) -> 244.6 | H11: =SUMIFS('Giờ công'!J:J,'Giờ công'!G:G,B11,'Giờ công'!H:H,C11) -> 0.6 | I11: =_xludf.ifs(R11>=30,16,R11=29,8,TRUE,"") -> #NAME? | J11: 30 | K11: 0 | N11: =SUMIFS('Tăng ca lễ'!M:M,'Tăng ca lễ'!K:K,B11,'Tăng ca lễ'!L:L,C11) -> 0 | O11: =IF(OR(D11 = "PT",D11 = "DSHV"), SUMIFS('Tăng ca lễ'!O:O,'Tăng ca lễ'!K:K,B11,'Tăng ca lễ'!L:L,C11)*2, SUMIFS('Tăng ca lễ'!O:O,'Tăng ca lễ'!K:K,B11,'Tăng ca lễ'!L:L,C11)*3) -> 0 | P11: =IF(OR(D11 = "PT", D11 = "DSHV"), SUMIFS('Tăng ca lễ'!P:P,'Tăng ca lễ'!K:K,B11,'Tăng ca lễ'!L:L,C11)*2, SUMIFS('Tăng ca lễ'!P:P,'Tăng ca lễ'!K:K,B11,'Tăng ca lễ'!L:L,C11)*3) -> 0 | R11: =SUMIFS('Ngày công'!M:M,'Ngày công'!K:K,B11,'Ngày công'!L:L,C11) -> 30 | S11: =SUMIFS('Công Đào tạo'!G:G,'Công Đào tạo'!E:E,B11,'Công Đào tạo'!F:F,C11) -> 0 | T11: 0 | X11: =IFERROR(__xludf.DUMMYFUNCTION("IF($C11="""","""", IF( TRIM($D11)=""DSCD"", MIN( 1500000, ROUND(1500000/28*MIN(N($J11),28),0) ), IF( AND( REGEXMATCH(TRIM($D11),""^(DSXC|DSBC|CHT|DSTV)$""), N($H11)>=160 ), MIN( 1500000, ROUND(1500000/28*MIN(N($K11)"&",28),0) ), 0 ) ) )"),0) -> 0 | AA11: {=IF($C11="","", IFERROR( _xludf.LET( cnChinh, _xlfn.XLOOKUP( TRIM($C11), TRIM(KPI!$B$2:$B1043), KPI!$A$2:$A1043, "" ), IF( TRIM($B11)=TRIM(cnChinh), _xlfn.XLOOKUP( TRIM($C11), TRIM('MiniKat - HCM'!$A$2:$A1043), 'MiniKat - HCM'!$J$2:$J1043, "" ), "" ) ), "" ) )} | AC11: {=IFERROR(_xlfn.XLOOKUP(C11, whatsapp!A:A,whatsapp!D:D), " ")} -> 3664228 | AD11: {=IF($C11="","", IFERROR( _xludf.LET( cnChinh, _xlfn.XLOOKUP( TRIM($C11), TRIM(KPI!$B$2:$B1043), KPI!$A$2:$A1043, "" ), IF( TRIM($B11)=TRIM(cnChinh), _xlfn.XLOOKUP( TRIM($C11), TRIM('Dự án'!$B$2:$B1043), 'Dự án'!$C$2:$C1043, "" ), "" ) ), "" ) )} | AE11: =SUMIFS(KPI!C:C,KPI!A:A,B11,KPI!B:B,C11) -> 0 | AF11: =SUMIFS('Thưởng CK'!C:C,'Thưởng CK'!A:A,B11,'Thưởng CK'!B:B,C11) -> 1292850 | AG11: =SUMIFS('Cận date'!C:C,'Cận date'!A:A,B11,'Cận date'!B:B,C11) -> 141680 | AH11: =SUMIFS(Map!D:D,Map!B:B,B11,Map!A:A,C11) -> 0 | AI11: 1572430 | AJ11: =SUM(AK11:AO11) -> 100000 | AK11: =SUMIFS('KPI trừ'!C:C,'KPI trừ'!A:A,B11,'KPI trừ'!B:B,C11) -> 0 | AL11: =SUMIFS('KPI trừ'!D:D,'KPI trừ'!A:A,B11,'KPI trừ'!B:B,C11) -> 0 | AM11: =SUMIFS('KPI trừ'!E:E,'KPI trừ'!A:A,B11,'KPI trừ'!B:B,C11) -> 100000 | AN11: =SUMIFS('KPI trừ'!F:F,'KPI trừ'!A:A,B11,'KPI trừ'!B:B,C11) -> 0 | AO11: =SUMIFS('KPI trừ'!G:G,'KPI trừ'!A:A,B11,'KPI trừ'!B:B,C11) -> 0 | AP11: =IFERROR(__xludf.DUMMYFUNCTION("IFERROR(TEXTJOIN("" "", TRUE, FILTER('KPI trừ'!H:H, ('KPI trừ'!A:A=B11) * ('KPI trừ'!B:B=C11))), """")"),"Sai kênh bán HD1155007 : 100.000đ ") -> Sai kênh bán HD1155007 : 100.000đ | AQ11: =IFERROR(__xludf.DUMMYFUNCTION("IFERROR( MAX( QUERY( FILTER( {'Ngày công'!$C$2:$C$5000,'Ngày công'!$F$2:$F$5000}, TRIM('Ngày công'!$B$2:$B$5000)=TRIM($C11) ), ""select sum(Col2) where Col1 is not null group by Col1 label sum(Col2) ''"", 0 ) ), 0 )"),8.81666666666666) -> 8.8166667
A12: #NAME? | B12: Đỗ Quang Đẩu | C12: Lê Thị Huyền Trân | D12: DSBC | E12: =G12+I12+L12+O12+S12+T12 -> #NAME? | F12: =H12+P12 -> 8.0833333 | G12: =SUMIFS('Giờ công'!I:I,'Giờ công'!G:G,B12,'Giờ công'!H:H,C12) -> 232.83333 | H12: =SUMIFS('Giờ công'!J:J,'Giờ công'!G:G,B12,'Giờ công'!H:H,C12) -> 8.0833333 | I12: =_xludf.ifs(R12>=30,16,R12=29,8,TRUE,"") -> #NAME? | J12: 30 | K12: 1 | N12: =SUMIFS('Tăng ca lễ'!M:M,'Tăng ca lễ'!K:K,B12,'Tăng ca lễ'!L:L,C12) -> 0 | O12: =IF(OR(D12 = "PT",D12 = "DSHV"), SUMIFS('Tăng ca lễ'!O:O,'Tăng ca lễ'!K:K,B12,'Tăng ca lễ'!L:L,C12)*2, SUMIFS('Tăng ca lễ'!O:O,'Tăng ca lễ'!K:K,B12,'Tăng ca lễ'!L:L,C12)*3) -> 0 | P12: =IF(OR(D12 = "PT", D12 = "DSHV"), SUMIFS('Tăng ca lễ'!P:P,'Tăng ca lễ'!K:K,B12,'Tăng ca lễ'!L:L,C12)*2, SUMIFS('Tăng ca lễ'!P:P,'Tăng ca lễ'!K:K,B12,'Tăng ca lễ'!L:L,C12)*3) -> 0 | R12: =SUMIFS('Ngày công'!M:M,'Ngày công'!K:K,B12,'Ngày công'!L:L,C12) -> 30 | S12: =SUMIFS('Công Đào tạo'!G:G,'Công Đào tạo'!E:E,B12,'Công Đào tạo'!F:F,C12) -> 0 | T12: 0 | X12: =IFERROR(__xludf.DUMMYFUNCTION("IF($C12="""","""", IF( TRIM($D12)=""DSCD"", MIN( 1500000, ROUND(1500000/28*MIN(N($J12),28),0) ), IF( AND( REGEXMATCH(TRIM($D12),""^(DSXC|DSBC|CHT|DSTV)$""), N($H12)>=160 ), MIN( 1500000, ROUND(1500000/28*MIN(N($K12)"&",28),0) ), 0 ) ) )"),0) -> 0 | AA12: {=IF($C12="","", IFERROR( _xludf.LET( cnChinh, _xlfn.XLOOKUP( TRIM($C12), TRIM(KPI!$B$2:$B1043), KPI!$A$2:$A1043, "" ), IF( TRIM($B12)=TRIM(cnChinh), _xlfn.XLOOKUP( TRIM($C12), TRIM('MiniKat - HCM'!$A$2:$A1043), 'MiniKat - HCM'!$J$2:$J1043, "" ), "" ) ), "" ) )} | AC12: {=IFERROR(_xlfn.XLOOKUP(C12, whatsapp!A:A,whatsapp!D:D), " ")} -> 2317896 | AD12: {=IF($C12="","", IFERROR( _xludf.LET( cnChinh, _xlfn.XLOOKUP( TRIM($C12), TRIM(KPI!$B$2:$B1043), KPI!$A$2:$A1043, "" ), IF( TRIM($B12)=TRIM(cnChinh), _xlfn.XLOOKUP( TRIM($C12), TRIM('Dự án'!$B$2:$B1043), 'Dự án'!$C$2:$C1043, "" ), "" ) ), "" ) )} | AE12: =SUMIFS(KPI!C:C,KPI!A:A,B12,KPI!B:B,C12) -> 0 | AF12: =SUMIFS('Thưởng CK'!C:C,'Thưởng CK'!A:A,B12,'Thưởng CK'!B:B,C12) -> 1022400 | AG12: =SUMIFS('Cận date'!C:C,'Cận date'!A:A,B12,'Cận date'!B:B,C12) -> 43495 | AH12: =SUMIFS(Map!D:D,Map!B:B,B12,Map!A:A,C12) -> 0 | AI12: 1119186 | AJ12: =SUM(AK12:AO12) -> 0 | AK12: =SUMIFS('KPI trừ'!C:C,'KPI trừ'!A:A,B12,'KPI trừ'!B:B,C12) -> 0 | AL12: =SUMIFS('KPI trừ'!D:D,'KPI trừ'!A:A,B12,'KPI trừ'!B:B,C12) -> 0 | AM12: =SUMIFS('KPI trừ'!E:E,'KPI trừ'!A:A,B12,'KPI trừ'!B:B,C12) -> 0 | AN12: =SUMIFS('KPI trừ'!F:F,'KPI trừ'!A:A,B12,'KPI trừ'!B:B,C12) -> 0 | AO12: =SUMIFS('KPI trừ'!G:G,'KPI trừ'!A:A,B12,'KPI trừ'!B:B,C12) -> 0 | AP12: =IFERROR(__xludf.DUMMYFUNCTION("IFERROR(TEXTJOIN("" "", TRUE, FILTER('KPI trừ'!H:H, ('KPI trừ'!A:A=B12) * ('KPI trừ'!B:B=C12))), """")"),"") | AQ12: =IFERROR(__xludf.DUMMYFUNCTION("IFERROR( MAX( QUERY( FILTER( {'Ngày công'!$C$2:$C$5000,'Ngày công'!$F$2:$F$5000}, TRIM('Ngày công'!$B$2:$B$5000)=TRIM($C12) ), ""select sum(Col2) where Col1 is not null group by Col1 label sum(Col2) ''"", 0 ) ), 0 )"),8.56666666666666) -> 8.5666667
A13: #NAME? | B13: Đỗ Quang Đẩu | C13: Nguyễn Thị Huyền Trang | D13: DSTV | E13: =G13+I13+L13+O13+S13+T13 -> #NAME? | F13: =H13+P13 -> 0 | G13: =SUMIFS('Giờ công'!I:I,'Giờ công'!G:G,B13,'Giờ công'!H:H,C13) -> 57 | H13: =SUMIFS('Giờ công'!J:J,'Giờ công'!G:G,B13,'Giờ công'!H:H,C13) -> 0 | I13: =_xludf.ifs(R14>=30,16,R14=29,8,TRUE,"") -> #NAME? | J13: 7 | K13: 0 | N13: =SUMIFS('Tăng ca lễ'!M:M,'Tăng ca lễ'!K:K,B13,'Tăng ca lễ'!L:L,C13) -> 0 | O13: =IF(OR(D13 = "PT",D13 = "DSHV"), SUMIFS('Tăng ca lễ'!O:O,'Tăng ca lễ'!K:K,B13,'Tăng ca lễ'!L:L,C13)*2, SUMIFS('Tăng ca lễ'!O:O,'Tăng ca lễ'!K:K,B13,'Tăng ca lễ'!L:L,C13)*3) -> 0 | P13: =IF(OR(D13 = "PT", D13 = "DSHV"), SUMIFS('Tăng ca lễ'!P:P,'Tăng ca lễ'!K:K,B13,'Tăng ca lễ'!L:L,C13)*2, SUMIFS('Tăng ca lễ'!P:P,'Tăng ca lễ'!K:K,B13,'Tăng ca lễ'!L:L,C13)*3) -> 0 | R13: =SUMIFS('Ngày công'!M:M,'Ngày công'!K:K,B13,'Ngày công'!L:L,C13) -> 7 | S13: =SUMIFS('Công Đào tạo'!G:G,'Công Đào tạo'!E:E,B13,'Công Đào tạo'!F:F,C13) -> 0 | T13: 0 | X13: =IFERROR(__xludf.DUMMYFUNCTION("IF($C13="""","""", IF( TRIM($D13)=""DSCD"", MIN( 1500000, ROUND(1500000/28*MIN(N($J13),28),0) ), IF( AND( REGEXMATCH(TRIM($D13),""^(DSXC|DSBC|CHT|DSTV)$""), N($H13)>=160 ), MIN( 1500000, ROUND(1500000/28*MIN(N($K13)"&",28),0) ), 0 ) ) )"),0) -> 0 | AA13: {=IF($C13="","", IFERROR( _xludf.LET( cnChinh, _xlfn.XLOOKUP( TRIM($C13), TRIM(KPI!$B$2:$B1043), KPI!$A$2:$A1043, "" ), IF( TRIM($B13)=TRIM(cnChinh), _xlfn.XLOOKUP( TRIM($C13), TRIM('MiniKat - HCM'!$A$2:$A1043), 'MiniKat - HCM'!$J$2:$J1043, "" ), "" ) ), "" ) )} | AC13: {=IFERROR(_xlfn.XLOOKUP(C13, whatsapp!A:A,whatsapp!D:D), " ")} | AD13: {=IF($C13="","", IFERROR( _xludf.LET( cnChinh, _xlfn.XLOOKUP( TRIM($C13), TRIM(KPI!$B$2:$B1043), KPI!$A$2:$A1043, "" ), IF( TRIM($B13)=TRIM(cnChinh), _xlfn.XLOOKUP( TRIM($C13), TRIM('Dự án'!$B$2:$B1043), 'Dự án'!$C$2:$C1043, "" ), "" ) ), "" ) )} | AE13: =SUMIFS(KPI!C:C,KPI!A:A,B13,KPI!B:B,C13) -> 0 | AF13: =SUMIFS('Thưởng CK'!C:C,'Thưởng CK'!A:A,B13,'Thưởng CK'!B:B,C13) -> 0 | AG13: =SUMIFS('Cận date'!C:C,'Cận date'!A:A,B13,'Cận date'!B:B,C13) -> 0 | AH13: =SUMIFS(Map!D:D,Map!B:B,B13,Map!A:A,C13) -> 0 | AJ13: =SUM(AK13:AO13) -> 0 | AK13: =SUMIFS('KPI trừ'!C:C,'KPI trừ'!A:A,B13,'KPI trừ'!B:B,C13) -> 0 | AL13: =SUMIFS('KPI trừ'!D:D,'KPI trừ'!A:A,B13,'KPI trừ'!B:B,C13) -> 0 | AM13: =SUMIFS('KPI trừ'!E:E,'KPI trừ'!A:A,B13,'KPI trừ'!B:B,C13) -> 0 | AN13: =SUMIFS('KPI trừ'!F:F,'KPI trừ'!A:A,B13,'KPI trừ'!B:B,C13) -> 0 | AO13: =SUMIFS('KPI trừ'!G:G,'KPI trừ'!A:A,B13,'KPI trừ'!B:B,C13) -> 0 | AP13: =IFERROR(__xludf.DUMMYFUNCTION("IFERROR(TEXTJOIN("" "", TRUE, FILTER('KPI trừ'!H:H, ('KPI trừ'!A:A=B13) * ('KPI trừ'!B:B=C13))), """")"),"") | AQ13: =IFERROR(__xludf.DUMMYFUNCTION("IFERROR( MAX( QUERY( FILTER( {'Ngày công'!$C$2:$C$5000,'Ngày công'!$F$2:$F$5000}, TRIM('Ngày công'!$B$2:$B$5000)=TRIM($C13) ), ""select sum(Col2) where Col1 is not null group by Col1 label sum(Col2) ''"", 0 ) ), 0 )"),16) -> 16
A14: #NAME? | B14: Đỗ Quang Đẩu | C14: Ngô Thị Ngọc Thủy | D14: DSTV | E14: =G14+I13+L14+O14+S14+T14 -> #NAME? | F14: =H14+P14 -> 0 | G14: =SUMIFS('Giờ công'!I:I,'Giờ công'!G:G,B14,'Giờ công'!H:H,C14) -> 64.616667 | H14: =SUMIFS('Giờ công'!J:J,'Giờ công'!G:G,B14,'Giờ công'!H:H,C14) -> 0 | J14: 8 | K14: 0 | N14: =SUMIFS('Tăng ca lễ'!M:M,'Tăng ca lễ'!K:K,B14,'Tăng ca lễ'!L:L,C14) -> 0 | O14: =IF(OR(D14 = "PT",D14 = "DSHV"), SUMIFS('Tăng ca lễ'!O:O,'Tăng ca lễ'!K:K,B14,'Tăng ca lễ'!L:L,C14)*2, SUMIFS('Tăng ca lễ'!O:O,'Tăng ca lễ'!K:K,B14,'Tăng ca lễ'!L:L,C14)*3) -> 0 | P14: =IF(OR(D14 = "PT", D14 = "DSHV"), SUMIFS('Tăng ca lễ'!P:P,'Tăng ca lễ'!K:K,B14,'Tăng ca lễ'!L:L,C14)*2, SUMIFS('Tăng ca lễ'!P:P,'Tăng ca lễ'!K:K,B14,'Tăng ca lễ'!L:L,C14)*3) -> 0 | R14: =SUMIFS('Ngày công'!M:M,'Ngày công'!K:K,B14,'Ngày công'!L:L,C14) -> 8 | S14: =SUMIFS('Công Đào tạo'!G:G,'Công Đào tạo'!E:E,B14,'Công Đào tạo'!F:F,C14) -> 0 | T14: 0 | X14: =IFERROR(__xludf.DUMMYFUNCTION("IF($C14="""","""", IF( TRIM($D14)=""DSCD"", MIN( 1500000, ROUND(1500000/28*MIN(N($J14),28),0) ), IF( AND( REGEXMATCH(TRIM($D14),""^(DSXC|DSBC|CHT|DSTV)$""), N($H14)>=160 ), MIN( 1500000, ROUND(1500000/28*MIN(N($K14)"&",28),0) ), 0 ) ) )"),0) -> 0 | AA14: {=IF($C14="","", IFERROR( _xludf.LET( cnChinh, _xlfn.XLOOKUP( TRIM($C14), TRIM(KPI!$B$2:$B1043), KPI!$A$2:$A1043, "" ), IF( TRIM($B14)=TRIM(cnChinh), _xlfn.XLOOKUP( TRIM($C14), TRIM('MiniKat - HCM'!$A$2:$A1043), 'MiniKat - HCM'!$J$2:$J1043, "" ), "" ) ), "" ) )} | AC14: {=IFERROR(_xlfn.XLOOKUP(C14, whatsapp!A:A,whatsapp!D:D), " ")} | AD14: {=IF($C14="","", IFERROR( _xludf.LET( cnChinh, _xlfn.XLOOKUP( TRIM($C14), TRIM(KPI!$B$2:$B1043), KPI!$A$2:$A1043, "" ), IF( TRIM($B14)=TRIM(cnChinh), _xlfn.XLOOKUP( TRIM($C14), TRIM('Dự án'!$B$2:$B1043), 'Dự án'!$C$2:$C1043, "" ), "" ) ), "" ) )} | AE14: =SUMIFS(KPI!C:C,KPI!A:A,B14,KPI!B:B,C14) -> 0 | AF14: =SUMIFS('Thưởng CK'!C:C,'Thưởng CK'!A:A,B14,'Thưởng CK'!B:B,C14) -> 0 | AG14: =SUMIFS('Cận date'!C:C,'Cận date'!A:A,B14,'Cận date'!B:B,C14) -> 0 | AH14: =SUMIFS(Map!D:D,Map!B:B,B14,Map!A:A,C14) -> 0 | AJ14: =SUM(AK14:AO14) -> 0 | AK14: =SUMIFS('KPI trừ'!C:C,'KPI trừ'!A:A,B14,'KPI trừ'!B:B,C14) -> 0 | AL14: =SUMIFS('KPI trừ'!D:D,'KPI trừ'!A:A,B14,'KPI trừ'!B:B,C14) -> 0 | AM14: =SUMIFS('KPI trừ'!E:E,'KPI trừ'!A:A,B14,'KPI trừ'!B:B,C14) -> 0 | AN14: =SUMIFS('KPI trừ'!F:F,'KPI trừ'!A:A,B14,'KPI trừ'!B:B,C14) -> 0 | AO14: =SUMIFS('KPI trừ'!G:G,'KPI trừ'!A:A,B14,'KPI trừ'!B:B,C14) -> 0 | AP14: =IFERROR(__xludf.DUMMYFUNCTION("IFERROR(TEXTJOIN("" "", TRUE, FILTER('KPI trừ'!H:H, ('KPI trừ'!A:A=B14) * ('KPI trừ'!B:B=C14))), """")"),"") | AQ14: =IFERROR(__xludf.DUMMYFUNCTION("IFERROR( MAX( QUERY( FILTER( {'Ngày công'!$C$2:$C$5000,'Ngày công'!$F$2:$F$5000}, TRIM('Ngày công'!$B$2:$B$5000)=TRIM($C14) ), ""select sum(Col2) where Col1 is not null group by Col1 label sum(Col2) ''"", 0 ) ), 0 )"),11.5833333333333) -> 11.583333
A15: #NAME? | B15: Đỗ Quang Đẩu | C15: Ngô Thị Thanh Thắm | D15: CHT | E15: =G15+I15+L15+O15+S15+T15 -> #NAME? | F15: =H15+P15 -> 0 | G15: =SUMIFS('Giờ công'!I:I,'Giờ công'!G:G,B15,'Giờ công'!H:H,C15) -> 201.31667 | H15: =SUMIFS('Giờ công'!J:J,'Giờ công'!G:G,B15,'Giờ công'!H:H,C15) -> 0 | I15: =_xludf.ifs(R15>=30,16,R15=29,8,TRUE,"") -> #NAME? | J15: 25 | K15: 0 | N15: =SUMIFS('Tăng ca lễ'!M:M,'Tăng ca lễ'!K:K,B15,'Tăng ca lễ'!L:L,C15) -> 0 | O15: =IF(OR(D15 = "PT",D15 = "DSHV"), SUMIFS('Tăng ca lễ'!O:O,'Tăng ca lễ'!K:K,B15,'Tăng ca lễ'!L:L,C15)*2, SUMIFS('Tăng ca lễ'!O:O,'Tăng ca lễ'!K:K,B15,'Tăng ca lễ'!L:L,C15)*3) -> 0 | P15: =IF(OR(D15 = "PT", D15 = "DSHV"), SUMIFS('Tăng ca lễ'!P:P,'Tăng ca lễ'!K:K,B15,'Tăng ca lễ'!L:L,C15)*2, SUMIFS('Tăng ca lễ'!P:P,'Tăng ca lễ'!K:K,B15,'Tăng ca lễ'!L:L,C15)*3) -> 0 | R15: =SUMIFS('Ngày công'!M:M,'Ngày công'!K:K,B15,'Ngày công'!L:L,C15) -> 25 | S15: =SUMIFS('Công Đào tạo'!G:G,'Công Đào tạo'!E:E,B15,'Công Đào tạo'!F:F,C15) -> 0 | T15: 0 | V15: =2000000*0.75 -> 1500000 | X15: =IFERROR(__xludf.DUMMYFUNCTION("IF($C15="""","""", IF( TRIM($D15)=""DSCD"", MIN( 1500000, ROUND(1500000/28*MIN(N($J15),28),0) ), IF( AND( REGEXMATCH(TRIM($D15),""^(DSXC|DSBC|CHT|DSTV)$""), N($H15)>=160 ), MIN( 1500000, ROUND(1500000/28*MIN(N($K15)"&",28),0) ), 0 ) ) )"),0) -> 0 | AA15: {=IF($C15="","", IFERROR( _xludf.LET( cnChinh, _xlfn.XLOOKUP( TRIM($C15), TRIM(KPI!$B$2:$B1043), KPI!$A$2:$A1043, "" ), IF( TRIM($B15)=TRIM(cnChinh), _xlfn.XLOOKUP( TRIM($C15), TRIM('MiniKat - HCM'!$A$2:$A1043), 'MiniKat - HCM'!$J$2:$J1043, "" ), "" ) ), "" ) )} | AC15: {=IFERROR(_xlfn.XLOOKUP(C15, whatsapp!A:A,whatsapp!D:D), " ")} -> 2673092 | AD15: {=IF($C15="","", IFERROR( _xludf.LET( cnChinh, _xlfn.XLOOKUP( TRIM($C15), TRIM(KPI!$B$2:$B1043), KPI!$A$2:$A1043, "" ), IF( TRIM($B15)=TRIM(cnChinh), _xlfn.XLOOKUP( TRIM($C15), TRIM('Dự án'!$B$2:$B1043), 'Dự án'!$C$2:$C1043, "" ), "" ) ), "" ) )} | AE15: =SUMIFS(KPI!C:C,KPI!A:A,B15,KPI!B:B,C15) -> 0 | AF15: =SUMIFS('Thưởng CK'!C:C,'Thưởng CK'!A:A,B15,'Thưởng CK'!B:B,C15) -> 435350 | AG15: =SUMIFS('Cận date'!C:C,'Cận date'!A:A,B15,'Cận date'!B:B,C15) -> 9545 | AH15: =SUMIFS(Map!D:D,Map!B:B,B15,Map!A:A,C15) -> 0 | AI15: 2893430 | AJ15: =SUM(AK15:AO15) -> 0 | AK15: =SUMIFS('KPI trừ'!C:C,'KPI trừ'!A:A,B15,'KPI trừ'!B:B,C15) -> 0 | AL15: =SUMIFS('KPI trừ'!D:D,'KPI trừ'!A:A,B15,'KPI trừ'!B:B,C15) -> 0 | AM15: =SUMIFS('KPI trừ'!E:E,'KPI trừ'!A:A,B15,'KPI trừ'!B:B,C15) -> 0 | AN15: =SUMIFS('KPI trừ'!F:F,'KPI trừ'!A:A,B15,'KPI trừ'!B:B,C15) -> 0 | AO15: =SUMIFS('KPI trừ'!G:G,'KPI trừ'!A:A,B15,'KPI trừ'!B:B,C15) -> 0 | AP15: =IFERROR(__xludf.DUMMYFUNCTION("IFERROR(TEXTJOIN("" "", TRUE, FILTER('KPI trừ'!H:H, ('KPI trừ'!A:A=B15) * ('KPI trừ'!B:B=C15))), """")"),"") | AQ15: =IFERROR(__xludf.DUMMYFUNCTION("IFERROR( MAX( QUERY( FILTER( {'Ngày công'!$C$2:$C$5000,'Ngày công'!$F$2:$F$5000}, TRIM('Ngày công'!$B$2:$B$5000)=TRIM($C15) ), ""select sum(Col2) where Col1 is not null group by Col1 label sum(Col2) ''"", 0 ) ), 0 )"),9.41666666666666) -> 9.4166667
A16: #NAME? | B16: Đỗ Quang Đẩu | C16: Phạm Thị Diên | D16: DSTV | E16: =G16+I16+L16+O16+S16+T16 -> #NAME? | F16: =H16+P16 -> 0 | G16: =SUMIFS('Giờ công'!I:I,'Giờ công'!G:G,B16,'Giờ công'!H:H,C16) -> 16.466667 | H16: =SUMIFS('Giờ công'!J:J,'Giờ công'!G:G,B16,'Giờ công'!H:H,C16) -> 0 | I16: =_xludf.ifs(R16>=30,16,R16=29,8,TRUE,"") -> #NAME? | J16: 2 | K16: 0 | N16: =SUMIFS('Tăng ca lễ'!M:M,'Tăng ca lễ'!K:K,B16,'Tăng ca lễ'!L:L,C16) -> 0 | O16: =IF(OR(D16 = "PT",D16 = "DSHV"), SUMIFS('Tăng ca lễ'!O:O,'Tăng ca lễ'!K:K,B16,'Tăng ca lễ'!L:L,C16)*2, SUMIFS('Tăng ca lễ'!O:O,'Tăng ca lễ'!K:K,B16,'Tăng ca lễ'!L:L,C16)*3) -> 0 | P16: =IF(OR(D16 = "PT", D16 = "DSHV"), SUMIFS('Tăng ca lễ'!P:P,'Tăng ca lễ'!K:K,B16,'Tăng ca lễ'!L:L,C16)*2, SUMIFS('Tăng ca lễ'!P:P,'Tăng ca lễ'!K:K,B16,'Tăng ca lễ'!L:L,C16)*3) -> 0 | R16: =SUMIFS('Ngày công'!M:M,'Ngày công'!K:K,B16,'Ngày công'!L:L,C16) -> 2 | S16: =SUMIFS('Công Đào tạo'!G:G,'Công Đào tạo'!E:E,B16,'Công Đào tạo'!F:F,C16) -> 0 | T16: 0 | X16: =IFERROR(__xludf.DUMMYFUNCTION("IF($C16="""","""", IF( TRIM($D16)=""DSCD"", MIN( 1500000, ROUND(1500000/28*MIN(N($J16),28),0) ), IF( AND( REGEXMATCH(TRIM($D16),""^(DSXC|DSBC|CHT|DSTV)$""), N($H16)>=160 ), MIN( 1500000, ROUND(1500000/28*MIN(N($K16)"&",28),0) ), 0 ) ) )"),0) -> 0 | AA16: {=IF($C16="","", IFERROR( _xludf.LET( cnChinh, _xlfn.XLOOKUP( TRIM($C16), TRIM(KPI!$B$2:$B1043), KPI!$A$2:$A1043, "" ), IF( TRIM($B16)=TRIM(cnChinh), _xlfn.XLOOKUP( TRIM($C16), TRIM('MiniKat - HCM'!$A$2:$A1043), 'MiniKat - HCM'!$J$2:$J1043, "" ), "" ) ), "" ) )} | AC16: {=IFERROR(_xlfn.XLOOKUP(C16, whatsapp!A:A,whatsapp!D:D), " ")} | AD16: {=IF($C16="","", IFERROR( _xludf.LET( cnChinh, _xlfn.XLOOKUP( TRIM($C16), TRIM(KPI!$B$2:$B1043), KPI!$A$2:$A1043, "" ), IF( TRIM($B16)=TRIM(cnChinh), _xlfn.XLOOKUP( TRIM($C16), TRIM('Dự án'!$B$2:$B1043), 'Dự án'!$C$2:$C1043, "" ), "" ) ), "" ) )} | AE16: =SUMIFS(KPI!C:C,KPI!A:A,B16,KPI!B:B,C16) -> 0 | AF16: =SUMIFS('Thưởng CK'!C:C,'Thưởng CK'!A:A,B16,'Thưởng CK'!B:B,C16) -> 0 | AG16: =SUMIFS('Cận date'!C:C,'Cận date'!A:A,B16,'Cận date'!B:B,C16) -> 0 | AH16: =SUMIFS(Map!D:D,Map!B:B,B16,Map!A:A,C16) -> 0 | AJ16: =SUM(AK16:AO16) -> 0 | AK16: =SUMIFS('KPI trừ'!C:C,'KPI trừ'!A:A,B16,'KPI trừ'!B:B,C16) -> 0 | AL16: =SUMIFS('KPI trừ'!D:D,'KPI trừ'!A:A,B16,'KPI trừ'!B:B,C16) -> 0 | AM16: =SUMIFS('KPI trừ'!E:E,'KPI trừ'!A:A,B16,'KPI trừ'!B:B,C16) -> 0 | AN16: =SUMIFS('KPI trừ'!F:F,'KPI trừ'!A:A,B16,'KPI trừ'!B:B,C16) -> 0 | AO16: =SUMIFS('KPI trừ'!G:G,'KPI trừ'!A:A,B16,'KPI trừ'!B:B,C16) -> 0 | AP16: =IFERROR(__xludf.DUMMYFUNCTION("IFERROR(TEXTJOIN("" "", TRUE, FILTER('KPI trừ'!H:H, ('KPI trừ'!A:A=B16) * ('KPI trừ'!B:B=C16))), """")"),"") | AQ16: =IFERROR(__xludf.DUMMYFUNCTION("IFERROR( MAX( QUERY( FILTER( {'Ngày công'!$C$2:$C$5000,'Ngày công'!$F$2:$F$5000}, TRIM('Ngày công'!$B$2:$B$5000)=TRIM($C16) ), ""select sum(Col2) where Col1 is not null group by Col1 label sum(Col2) ''"", 0 ) ), 0 )"),8.43333333333333) -> 8.4333333
A17: #NAME? | B17: Đỗ Quang Đẩu | C17: Phạm Thị Nghĩa Hương | D17: DSCD | E17: =G17+I17+L17+O17+S17+T17 -> #NAME? | F17: =H17+P17 -> 237.83333 | G17: =SUMIFS('Giờ công'!I:I,'Giờ công'!G:G,B17,'Giờ công'!H:H,C17) -> 0 | H17: =SUMIFS('Giờ công'!J:J,'Giờ công'!G:G,B17,'Giờ công'!H:H,C17) -> 237.83333 | I17: =_xludf.ifs(R17>=30,16,R17=29,8,TRUE,"") -> #NAME? | J17: 30 | K17: 30 | N17: =SUMIFS('Tăng ca lễ'!M:M,'Tăng ca lễ'!K:K,B17,'Tăng ca lễ'!L:L,C17) -> 0 | O17: =IF(OR(D17 = "PT",D17 = "DSHV"), SUMIFS('Tăng ca lễ'!O:O,'Tăng ca lễ'!K:K,B17,'Tăng ca lễ'!L:L,C17)*2, SUMIFS('Tăng ca lễ'!O:O,'Tăng ca lễ'!K:K,B17,'Tăng ca lễ'!L:L,C17)*3) -> 0 | P17: =IF(OR(D17 = "PT", D17 = "DSHV"), SUMIFS('Tăng ca lễ'!P:P,'Tăng ca lễ'!K:K,B17,'Tăng ca lễ'!L:L,C17)*2, SUMIFS('Tăng ca lễ'!P:P,'Tăng ca lễ'!K:K,B17,'Tăng ca lễ'!L:L,C17)*3) -> 0 | R17: =SUMIFS('Ngày công'!M:M,'Ngày công'!K:K,B17,'Ngày công'!L:L,C17) -> 30 | S17: =SUMIFS('Công Đào tạo'!G:G,'Công Đào tạo'!E:E,B17,'Công Đào tạo'!F:F,C17) -> 0 | T17: 0 | X17: =IFERROR(__xludf.DUMMYFUNCTION("IF($C17="""","""", IF( TRIM($D17)=""DSCD"", MIN( 1500000, ROUND(1500000/28*MIN(N($J17),28),0) ), IF( AND( REGEXMATCH(TRIM($D17),""^(DSXC|DSBC|CHT|DSTV)$""), N($H17)>=160 ), MIN( 1500000, ROUND(1500000/28*MIN(N($K17)"&",28),0) ), 0 ) ) )"),1500000) -> 1500000 | AA17: {=IF($C17="","", IFERROR( _xludf.LET( cnChinh, _xlfn.XLOOKUP( TRIM($C17), TRIM(KPI!$B$2:$B1043), KPI!$A$2:$A1043, "" ), IF( TRIM($B17)=TRIM(cnChinh), _xlfn.XLOOKUP( TRIM($C17), TRIM('MiniKat - HCM'!$A$2:$A1043), 'MiniKat - HCM'!$J$2:$J1043, "" ), "" ) ), "" ) )} | AC17: {=IFERROR(_xlfn.XLOOKUP(C17, whatsapp!A:A,whatsapp!D:D), " ")} -> 333844 | AD17: {=IF($C17="","", IFERROR( _xludf.LET( cnChinh, _xlfn.XLOOKUP( TRIM($C17), TRIM(KPI!$B$2:$B1043), KPI!$A$2:$A1043, "" ), IF( TRIM($B17)=TRIM(cnChinh), _xlfn.XLOOKUP( TRIM($C17), TRIM('Dự án'!$B$2:$B1043), 'Dự án'!$C$2:$C1043, "" ), "" ) ), "" ) )} | AE17: =SUMIFS(KPI!C:C,KPI!A:A,B17,KPI!B:B,C17) -> 0 | AF17: =SUMIFS('Thưởng CK'!C:C,'Thưởng CK'!A:A,B17,'Thưởng CK'!B:B,C17) -> 509500 | AG17: =SUMIFS('Cận date'!C:C,'Cận date'!A:A,B17,'Cận date'!B:B,C17) -> 7535 | AH17: =SUMIFS(Map!D:D,Map!B:B,B17,Map!A:A,C17) -> 0 | AI17: =29*10000 -> 290000 | AJ17: =SUM(AK17:AO17) -> 0 | AK17: =SUMIFS('KPI trừ'!C:C,'KPI trừ'!A:A,B17,'KPI trừ'!B:B,C17) -> 0 | AL17: =SUMIFS('KPI trừ'!D:D,'KPI trừ'!A:A,B17,'KPI trừ'!B:B,C17) -> 0 | AM17: =SUMIFS('KPI trừ'!E:E,'KPI trừ'!A:A,B17,'KPI trừ'!B:B,C17) -> 0 | AN17: =SUMIFS('KPI trừ'!F:F,'KPI trừ'!A:A,B17,'KPI trừ'!B:B,C17) -> 0 | AO17: =SUMIFS('KPI trừ'!G:G,'KPI trừ'!A:A,B17,'KPI trừ'!B:B,C17) -> 0 | AP17: =IFERROR(__xludf.DUMMYFUNCTION("IFERROR(TEXTJOIN("" "", TRUE, FILTER('KPI trừ'!H:H, ('KPI trừ'!A:A=B17) * ('KPI trừ'!B:B=C17))), """")"),"") | AQ17: =IFERROR(__xludf.DUMMYFUNCTION("IFERROR( MAX( QUERY( FILTER( {'Ngày công'!$C$2:$C$5000,'Ngày công'!$F$2:$F$5000}, TRIM('Ngày công'!$B$2:$B$5000)=TRIM($C17) ), ""select sum(Col2) where Col1 is not null group by Col1 label sum(Col2) ''"", 0 ) ), 0 )"),8.11666666666666) -> 8.1166667
A18: #NAME? | B18: Đỗ Quang Đẩu | C18: Trần Thiên Phát | D18: DSCD | E18: =G18+I18+L18+O18+S18+T18 -> #NAME? | F18: =H18+P18 -> 230.66667 | G18: =SUMIFS('Giờ công'!I:I,'Giờ công'!G:G,B18,'Giờ công'!H:H,C18) -> 0 | H18: =SUMIFS('Giờ công'!J:J,'Giờ công'!G:G,B18,'Giờ công'!H:H,C18) -> 230.66667 | I18: =_xludf.ifs(R18>=30,16,R18=29,8,TRUE,"") -> #NAME? | J18: 30 | K18: 30 | N18: =SUMIFS('Tăng ca lễ'!M:M,'Tăng ca lễ'!K:K,B18,'Tăng ca lễ'!L:L,C18) -> 0 | O18: =IF(OR(D18 = "PT",D18 = "DSHV"), SUMIFS('Tăng ca lễ'!O:O,'Tăng ca lễ'!K:K,B18,'Tăng ca lễ'!L:L,C18)*2, SUMIFS('Tăng ca lễ'!O:O,'Tăng ca lễ'!K:K,B18,'Tăng ca lễ'!L:L,C18)*3) -> 0 | P18: =IF(OR(D18 = "PT", D18 = "DSHV"), SUMIFS('Tăng ca lễ'!P:P,'Tăng ca lễ'!K:K,B18,'Tăng ca lễ'!L:L,C18)*2, SUMIFS('Tăng ca lễ'!P:P,'Tăng ca lễ'!K:K,B18,'Tăng ca lễ'!L:L,C18)*3) -> 0 | R18: =SUMIFS('Ngày công'!M:M,'Ngày công'!K:K,B18,'Ngày công'!L:L,C18) -> 30 | S18: =SUMIFS('Công Đào tạo'!G:G,'Công Đào tạo'!E:E,B18,'Công Đào tạo'!F:F,C18) -> 0 | T18: 0 | X18: =IFERROR(__xludf.DUMMYFUNCTION("IF($C18="""","""", IF( TRIM($D18)=""DSCD"", MIN( 1500000, ROUND(1500000/28*MIN(N($J18),28),0) ), IF( AND( REGEXMATCH(TRIM($D18),""^(DSXC|DSBC|CHT|DSTV)$""), N($H18)>=160 ), MIN( 1500000, ROUND(1500000/28*MIN(N($K18)"&",28),0) ), 0 ) ) )"),1500000) -> 1500000 | AA18: {=IF($C18="","", IFERROR( _xludf.LET( cnChinh, _xlfn.XLOOKUP( TRIM($C18), TRIM(KPI!$B$2:$B1043), KPI!$A$2:$A1043, "" ), IF( TRIM($B18)=TRIM(cnChinh), _xlfn.XLOOKUP( TRIM($C18), TRIM('MiniKat - HCM'!$A$2:$A1043), 'MiniKat - HCM'!$J$2:$J1043, "" ), "" ) ), "" ) )} | AC18: {=IFERROR(_xlfn.XLOOKUP(C18, whatsapp!A:A,whatsapp!D:D), " ")} -> 354632 | AD18: {=IF($C18="","", IFERROR( _xludf.LET( cnChinh, _xlfn.XLOOKUP( TRIM($C18), TRIM(KPI!$B$2:$B1043), KPI!$A$2:$A1043, "" ), IF( TRIM($B18)=TRIM(cnChinh), _xlfn.XLOOKUP( TRIM($C18), TRIM('Dự án'!$B$2:$B1043), 'Dự án'!$C$2:$C1043, "" ), "" ) ), "" ) )} | AE18: =SUMIFS(KPI!C:C,KPI!A:A,B18,KPI!B:B,C18) -> 0 | AF18: =SUMIFS('Thưởng CK'!C:C,'Thưởng CK'!A:A,B18,'Thưởng CK'!B:B,C18) -> 579300 | AG18: =SUMIFS('Cận date'!C:C,'Cận date'!A:A,B18,'Cận date'!B:B,C18) -> 5485 | AH18: =SUMIFS(Map!D:D,Map!B:B,B18,Map!A:A,C18) -> 0 | AI18: 114300 | AJ18: =SUM(AK18:AO18) -> 0 | AK18: =SUMIFS('KPI trừ'!C:C,'KPI trừ'!A:A,B18,'KPI trừ'!B:B,C18) -> 0 | AL18: =SUMIFS('KPI trừ'!D:D,'KPI trừ'!A:A,B18,'KPI trừ'!B:B,C18) -> 0 | AM18: =SUMIFS('KPI trừ'!E:E,'KPI trừ'!A:A,B18,'KPI trừ'!B:B,C18) -> 0 | AN18: =SUMIFS('KPI trừ'!F:F,'KPI trừ'!A:A,B18,'KPI trừ'!B:B,C18) -> 0 | AO18: =SUMIFS('KPI trừ'!G:G,'KPI trừ'!A:A,B18,'KPI trừ'!B:B,C18) -> 0 | AP18: =IFERROR(__xludf.DUMMYFUNCTION("IFERROR(TEXTJOIN("" "", TRUE, FILTER('KPI trừ'!H:H, ('KPI trừ'!A:A=B18) * ('KPI trừ'!B:B=C18))), """")"),"") | AQ18: =IFERROR(__xludf.DUMMYFUNCTION("IFERROR( MAX( QUERY( FILTER( {'Ngày công'!$C$2:$C$5000,'Ngày công'!$F$2:$F$5000}, TRIM('Ngày công'!$B$2:$B$5000)=TRIM($C18) ), ""select sum(Col2) where Col1 is not null group by Col1 label sum(Col2) ''"", 0 ) ), 0 )"),8.11666666666666) -> 8.1166667
A19: #NAME? | B19: Đỗ Quang Đẩu | C19: Đinh Hoài Bảo | D19: DSTV | E19: =G19+I19+L19+O19+S19+T19 -> #NAME? | F19: =H19+P19 -> 0 | G19: =SUMIFS('Giờ công'!I:I,'Giờ công'!G:G,B19,'Giờ công'!H:H,C19) -> 73.066667 | H19: =SUMIFS('Giờ công'!J:J,'Giờ công'!G:G,B19,'Giờ công'!H:H,C19) -> 0 | I19: =_xludf.ifs(R19>=30,16,R19=29,8,TRUE,"") -> #NAME? | J19: 9 | K19: 0 | N19: =SUMIFS('Tăng ca lễ'!M:M,'Tăng ca lễ'!K:K,B19,'Tăng ca lễ'!L:L,C19) -> 0 | O19: =IF(OR(D19 = "PT",D19 = "DSHV"), SUMIFS('Tăng ca lễ'!O:O,'Tăng ca lễ'!K:K,B19,'Tăng ca lễ'!L:L,C19)*2, SUMIFS('Tăng ca lễ'!O:O,'Tăng ca lễ'!K:K,B19,'Tăng ca lễ'!L:L,C19)*3) -> 0 | P19: =IF(OR(D19 = "PT", D19 = "DSHV"), SUMIFS('Tăng ca lễ'!P:P,'Tăng ca lễ'!K:K,B19,'Tăng ca lễ'!L:L,C19)*2, SUMIFS('Tăng ca lễ'!P:P,'Tăng ca lễ'!K:K,B19,'Tăng ca lễ'!L:L,C19)*3) -> 0 | R19: =SUMIFS('Ngày công'!M:M,'Ngày công'!K:K,B19,'Ngày công'!L:L,C19) -> 9 | S19: =SUMIFS('Công Đào tạo'!G:G,'Công Đào tạo'!E:E,B19,'Công Đào tạo'!F:F,C19) -> 0 | T19: 0 | X19: =IFERROR(__xludf.DUMMYFUNCTION("IF($C19="""","""", IF( TRIM($D19)=""DSCD"", MIN( 1500000, ROUND(1500000/28*MIN(N($J19),28),0) ), IF( AND( REGEXMATCH(TRIM($D19),""^(DSXC|DSBC|CHT|DSTV)$""), N($H19)>=160 ), MIN( 1500000, ROUND(1500000/28*MIN(N($K19)"&",28),0) ), 0 ) ) )"),0) -> 0 | AA19: {=IF($C19="","", IFERROR( _xludf.LET( cnChinh, _xlfn.XLOOKUP( TRIM($C19), TRIM(KPI!$B$2:$B1043), KPI!$A$2:$A1043, "" ), IF( TRIM($B19)=TRIM(cnChinh), _xlfn.XLOOKUP( TRIM($C19), TRIM('MiniKat - HCM'!$A$2:$A1043), 'MiniKat - HCM'!$J$2:$J1043, "" ), "" ) ), "" ) )} | AC19: {=IFERROR(_xlfn.XLOOKUP(C19, whatsapp!A:A,whatsapp!D:D), " ")} | AD19: {=IF($C19="","", IFERROR( _xludf.LET( cnChinh, _xlfn.XLOOKUP( TRIM($C19), TRIM(KPI!$B$2:$B1043), KPI!$A$2:$A1043, "" ), IF( TRIM($B19)=TRIM(cnChinh), _xlfn.XLOOKUP( TRIM($C19), TRIM('Dự án'!$B$2:$B1043), 'Dự án'!$C$2:$C1043, "" ), "" ) ), "" ) )} | AE19: =SUMIFS(KPI!C:C,KPI!A:A,B19,KPI!B:B,C19) -> 0 | AF19: =SUMIFS('Thưởng CK'!C:C,'Thưởng CK'!A:A,B19,'Thưởng CK'!B:B,C19) -> 0 | AG19: =SUMIFS('Cận date'!C:C,'Cận date'!A:A,B19,'Cận date'!B:B,C19) -> 0 | AH19: =SUMIFS(Map!D:D,Map!B:B,B19,Map!A:A,C19) -> 0 | AI19: =20*5000 -> 100000 | AJ19: =SUM(AK19:AO19) -> 0 | AK19: =SUMIFS('KPI trừ'!C:C,'KPI trừ'!A:A,B19,'KPI trừ'!B:B,C19) -> 0 | AL19: =SUMIFS('KPI trừ'!D:D,'KPI trừ'!A:A,B19,'KPI trừ'!B:B,C19) -> 0 | AM19: =SUMIFS('KPI trừ'!E:E,'KPI trừ'!A:A,B19,'KPI trừ'!B:B,C19) -> 0 | AN19: =SUMIFS('KPI trừ'!F:F,'KPI trừ'!A:A,B19,'KPI trừ'!B:B,C19) -> 0 | AO19: =SUMIFS('KPI trừ'!G:G,'KPI trừ'!A:A,B19,'KPI trừ'!B:B,C19) -> 0 | AP19: =IFERROR(__xludf.DUMMYFUNCTION("IFERROR(TEXTJOIN("" "", TRUE, FILTER('KPI trừ'!H:H, ('KPI trừ'!A:A=B19) * ('KPI trừ'!B:B=C19))), """")"),"") | AQ19: =IFERROR(__xludf.DUMMYFUNCTION("IFERROR( MAX( QUERY( FILTER( {'Ngày công'!$C$2:$C$5000,'Ngày công'!$F$2:$F$5000}, TRIM('Ngày công'!$B$2:$B$5000)=TRIM($C19) ), ""select sum(Col2) where Col1 is not null group by Col1 label sum(Col2) ''"", 0 ) ), 0 )"),12) -> 12
A20: #NAME? | B20: Nam Hòa | C20: Bùi Thị Thanh Thủy | D20: DSTV | E20: =G20+I20+L20+O20+S20+T20 -> #NAME? | F20: =H20+P20 -> 0 | G20: =SUMIFS('Giờ công'!I:I,'Giờ công'!G:G,B20,'Giờ công'!H:H,C20) -> 211.51667 | H20: =SUMIFS('Giờ công'!J:J,'Giờ công'!G:G,B20,'Giờ công'!H:H,C20) -> 0 | I20: =_xludf.ifs(R20>=30,16,R20=29,8,TRUE,"") -> #NAME? | J20: 22 | K20: 0 | N20: =SUMIFS('Tăng ca lễ'!M:M,'Tăng ca lễ'!K:K,B20,'Tăng ca lễ'!L:L,C20) -> 0 | O20: =IF(OR(D20 = "PT",D20 = "DSHV"), SUMIFS('Tăng ca lễ'!O:O,'Tăng ca lễ'!K:K,B20,'Tăng ca lễ'!L:L,C20)*2, SUMIFS('Tăng ca lễ'!O:O,'Tăng ca lễ'!K:K,B20,'Tăng ca lễ'!L:L,C20)*3) -> 0 | P20: =IF(OR(D20 = "PT", D20 = "DSHV"), SUMIFS('Tăng ca lễ'!P:P,'Tăng ca lễ'!K:K,B20,'Tăng ca lễ'!L:L,C20)*2, SUMIFS('Tăng ca lễ'!P:P,'Tăng ca lễ'!K:K,B20,'Tăng ca lễ'!L:L,C20)*3) -> 0 | R20: =SUMIFS('Ngày công'!M:M,'Ngày công'!K:K,B20,'Ngày công'!L:L,C20) -> 22 | S20: =SUMIFS('Công Đào tạo'!G:G,'Công Đào tạo'!E:E,B20,'Công Đào tạo'!F:F,C20) -> 7 | T20: 0 | X20: =IFERROR(__xludf.DUMMYFUNCTION("IF($C20="""","""", IF( TRIM($D20)=""DSCD"", MIN( 1500000, ROUND(1500000/28*MIN(N($J20),28),0) ), IF( AND( REGEXMATCH(TRIM($D20),""^(DSXC|DSBC|CHT|DSTV)$""), N($H20)>=160 ), MIN( 1500000, ROUND(1500000/28*MIN(N($K20)"&",28),0) ), 0 ) ) )"),0) -> 0 | AA20: {=IF($C20="","", IFERROR( _xludf.LET( cnChinh, _xlfn.XLOOKUP( TRIM($C20), TRIM(KPI!$B$2:$B1043), KPI!$A$2:$A1043, "" ), IF( TRIM($B20)=TRIM(cnChinh), _xlfn.XLOOKUP( TRIM($C20), TRIM('MiniKat - HCM'!$A$2:$A1043), 'MiniKat - HCM'!$J$2:$J1043, "" ), "" ) ), "" ) )} | AC20: {=IFERROR(_xlfn.XLOOKUP(C20, whatsapp!A:A,whatsapp!D:D), " ")} | AD20: {=IF($C20="","", IFERROR( _xludf.LET( cnChinh, _xlfn.XLOOKUP( TRIM($C20), TRIM(KPI!$B$2:$B1043), KPI!$A$2:$A1043, "" ), IF( TRIM($B20)=TRIM(cnChinh), _xlfn.XLOOKUP( TRIM($C20), TRIM('Dự án'!$B$2:$B1043), 'Dự án'!$C$2:$C1043, "" ), "" ) ), "" ) )} | AE20: =SUMIFS(KPI!C:C,KPI!A:A,B20,KPI!B:B,C20) -> 0 | AF20: =SUMIFS('Thưởng CK'!C:C,'Thưởng CK'!A:A,B20,'Thưởng CK'!B:B,C20) -> 210200 | AG20: =SUMIFS('Cận date'!C:C,'Cận date'!A:A,B20,'Cận date'!B:B,C20) -> 1037.5 | AH20: =SUMIFS(Map!D:D,Map!B:B,B20,Map!A:A,C20) -> 0 | AJ20: =SUM(AK20:AO20) -> 500000 | AK20: =SUMIFS('KPI trừ'!C:C,'KPI trừ'!A:A,B20,'KPI trừ'!B:B,C20) -> 0 | AL20: =SUMIFS('KPI trừ'!D:D,'KPI trừ'!A:A,B20,'KPI trừ'!B:B,C20) -> 0 | AM20: =SUMIFS('KPI trừ'!E:E,'KPI trừ'!A:A,B20,'KPI trừ'!B:B,C20) -> 0 | AN20: =SUMIFS('KPI trừ'!F:F,'KPI trừ'!A:A,B20,'KPI trừ'!B:B,C20) -> 0 | AO20: =SUMIFS('KPI trừ'!G:G,'KPI trừ'!A:A,B20,'KPI trừ'!B:B,C20) -> 500000 | AP20: =IFERROR(__xludf.DUMMYFUNCTION("IFERROR(TEXTJOIN("" "", TRUE, FILTER('KPI trừ'!H:H, ('KPI trừ'!A:A=B20) * ('KPI trừ'!B:B=C20))), """")"),"Cấn trừ chi phí đồng phục") -> Cấn trừ chi phí đồng phục | AQ20: =IFERROR(__xludf.DUMMYFUNCTION("IFERROR( MAX( QUERY( FILTER( {'Ngày công'!$C$2:$C$5000,'Ngày công'!$F$2:$F$5000}, TRIM('Ngày công'!$B$2:$B$5000)=TRIM($C20) ), ""select sum(Col2) where Col1 is not null group by Col1 label sum(Col2) ''"", 0 ) ), 0 )"),16.0666666666666) -> 16.066667
A21: #NAME? | B21: Nam Hòa | C21: Hoàng Lâm Gia Bảo | D21: DSTV | E21: =G21+I21+L21+O21+S21+T21 -> #NAME? | F21: =H21+P21 -> 0 | G21: =SUMIFS('Giờ công'!I:I,'Giờ công'!G:G,B21,'Giờ công'!H:H,C21) -> 34 | H21: =SUMIFS('Giờ công'!J:J,'Giờ công'!G:G,B21,'Giờ công'!H:H,C21) -> 0 | I21: =_xludf.ifs(R21>=30,16,R21=29,8,TRUE,"") -> #NAME? | J21: 5 | K21: 0 | N21: =SUMIFS('Tăng ca lễ'!M:M,'Tăng ca lễ'!K:K,B21,'Tăng ca lễ'!L:L,C21) -> 0 | O21: =IF(OR(D21 = "PT",D21 = "DSHV"), SUMIFS('Tăng ca lễ'!O:O,'Tăng ca lễ'!K:K,B21,'Tăng ca lễ'!L:L,C21)*2, SUMIFS('Tăng ca lễ'!O:O,'Tăng ca lễ'!K:K,B21,'Tăng ca lễ'!L:L,C21)*3) -> 0 | P21: =IF(OR(D21 = "PT", D21 = "DSHV"), SUMIFS('Tăng ca lễ'!P:P,'Tăng ca lễ'!K:K,B21,'Tăng ca lễ'!L:L,C21)*2, SUMIFS('Tăng ca lễ'!P:P,'Tăng ca lễ'!K:K,B21,'Tăng ca lễ'!L:L,C21)*3) -> 0 | R21: =SUMIFS('Ngày công'!M:M,'Ngày công'!K:K,B21,'Ngày công'!L:L,C21) -> 5 | S21: =SUMIFS('Công Đào tạo'!G:G,'Công Đào tạo'!E:E,B21,'Công Đào tạo'!F:F,C21) -> 0 | T21: 0 | X21: =IFERROR(__xludf.DUMMYFUNCTION("IF($C21="""","""", IF( TRIM($D21)=""DSCD"", MIN( 1500000, ROUND(1500000/28*MIN(N($J21),28),0) ), IF( AND( REGEXMATCH(TRIM($D21),""^(DSXC|DSBC|CHT|DSTV)$""), N($H21)>=160 ), MIN( 1500000, ROUND(1500000/28*MIN(N($K21)"&",28),0) ), 0 ) ) )"),0) -> 0 | AA21: {=IF($C21="","", IFERROR( _xludf.LET( cnChinh, _xlfn.XLOOKUP( TRIM($C21), TRIM(KPI!$B$2:$B1043), KPI!$A$2:$A1043, "" ), IF( TRIM($B21)=TRIM(cnChinh), _xlfn.XLOOKUP( TRIM($C21), TRIM('MiniKat - HCM'!$A$2:$A1043), 'MiniKat - HCM'!$J$2:$J1043, "" ), "" ) ), "" ) )} | AC21: {=IFERROR(_xlfn.XLOOKUP(C21, whatsapp!A:A,whatsapp!D:D), " ")} | AD21: {=IF($C21="","", IFERROR( _xludf.LET( cnChinh, _xlfn.XLOOKUP( TRIM($C21), TRIM(KPI!$B$2:$B1043), KPI!$A$2:$A1043, "" ), IF( TRIM($B21)=TRIM(cnChinh), _xlfn.XLOOKUP( TRIM($C21), TRIM('Dự án'!$B$2:$B1043), 'Dự án'!$C$2:$C1043, "" ), "" ) ), "" ) )} | AE21: =SUMIFS(KPI!C:C,KPI!A:A,B21,KPI!B:B,C21) -> 0 | AF21: =SUMIFS('Thưởng CK'!C:C,'Thưởng CK'!A:A,B21,'Thưởng CK'!B:B,C21) -> 0 | AG21: =SUMIFS('Cận date'!C:C,'Cận date'!A:A,B21,'Cận date'!B:B,C21) -> 0 | AH21: =SUMIFS(Map!D:D,Map!B:B,B21,Map!A:A,C21) -> 0 | AJ21: =SUM(AK21:AO21) -> 0 | AK21: =SUMIFS('KPI trừ'!C:C,'KPI trừ'!A:A,B21,'KPI trừ'!B:B,C21) -> 0 | AL21: =SUMIFS('KPI trừ'!D:D,'KPI trừ'!A:A,B21,'KPI trừ'!B:B,C21) -> 0 | AM21: =SUMIFS('KPI trừ'!E:E,'KPI trừ'!A:A,B21,'KPI trừ'!B:B,C21) -> 0 | AN21: =SUMIFS('KPI trừ'!F:F,'KPI trừ'!A:A,B21,'KPI trừ'!B:B,C21) -> 0 | AO21: =SUMIFS('KPI trừ'!G:G,'KPI trừ'!A:A,B21,'KPI trừ'!B:B,C21) -> 0 | AP21: =IFERROR(__xludf.DUMMYFUNCTION("IFERROR(TEXTJOIN("" "", TRUE, FILTER('KPI trừ'!H:H, ('KPI trừ'!A:A=B21) * ('KPI trừ'!B:B=C21))), """")"),"") | AQ21: =IFERROR(__xludf.DUMMYFUNCTION("IFERROR( MAX( QUERY( FILTER( {'Ngày công'!$C$2:$C$5000,'Ngày công'!$F$2:$F$5000}, TRIM('Ngày công'!$B$2:$B$5000)=TRIM($C21) ), ""select sum(Col2) where Col1 is not null group by Col1 label sum(Col2) ''"", 0 ) ), 0 )"),16) -> 16
A22: #NAME? | B22: Nam Hòa | C22: Hạ Ngân Khánh | D22: DSBC | E22: =G22+I22+L22+O22+S22+T22 -> #NAME? | F22: =H22+P22 -> 0 | G22: =SUMIFS('Giờ công'!I:I,'Giờ công'!G:G,B22,'Giờ công'!H:H,C22) -> 61.166667 | H22: =SUMIFS('Giờ công'!J:J,'Giờ công'!G:G,B22,'Giờ công'!H:H,C22) -> 0 | I22: =_xludf.ifs(R22>=30,16,R22=29,8,TRUE,"") -> #NAME? | J22: 6 | K22: 0 | N22: =SUMIFS('Tăng ca lễ'!M:M,'Tăng ca lễ'!K:K,B22,'Tăng ca lễ'!L:L,C22) -> 0 | O22: =IF(OR(D22 = "PT",D22 = "DSHV"), SUMIFS('Tăng ca lễ'!O:O,'Tăng ca lễ'!K:K,B22,'Tăng ca lễ'!L:L,C22)*2, SUMIFS('Tăng ca lễ'!O:O,'Tăng ca lễ'!K:K,B22,'Tăng ca lễ'!L:L,C22)*3) -> 0 | P22: =IF(OR(D22 = "PT", D22 = "DSHV"), SUMIFS('Tăng ca lễ'!P:P,'Tăng ca lễ'!K:K,B22,'Tăng ca lễ'!L:L,C22)*2, SUMIFS('Tăng ca lễ'!P:P,'Tăng ca lễ'!K:K,B22,'Tăng ca lễ'!L:L,C22)*3) -> 0 | R22: =SUMIFS('Ngày công'!M:M,'Ngày công'!K:K,B22,'Ngày công'!L:L,C22) -> 6 | S22: =SUMIFS('Công Đào tạo'!G:G,'Công Đào tạo'!E:E,B22,'Công Đào tạo'!F:F,C22) -> 0 | T22: 0 | V22: =500000/28*6 -> 107142.86 | X22: =IFERROR(__xludf.DUMMYFUNCTION("IF($C22="""","""", IF( TRIM($D22)=""DSCD"", MIN( 1500000, ROUND(1500000/28*MIN(N($J22),28),0) ), IF( AND( REGEXMATCH(TRIM($D22),""^(DSXC|DSBC|CHT|DSTV)$""), N($H22)>=160 ), MIN( 1500000, ROUND(1500000/28*MIN(N($K22)"&",28),0) ), 0 ) ) )"),0) -> 0 | AA22: {=IF($C22="","", IFERROR( _xludf.LET( cnChinh, _xlfn.XLOOKUP( TRIM($C22), TRIM(KPI!$B$2:$B1043), KPI!$A$2:$A1043, "" ), IF( TRIM($B22)=TRIM(cnChinh), _xlfn.XLOOKUP( TRIM($C22), TRIM('MiniKat - HCM'!$A$2:$A1043), 'MiniKat - HCM'!$J$2:$J1043, "" ), "" ) ), "" ) )} | AC22: {=IFERROR(_xlfn.XLOOKUP(C22, whatsapp!A:A,whatsapp!D:D), " ")} | AD22: {=IF($C22="","", IFERROR( _xludf.LET( cnChinh, _xlfn.XLOOKUP( TRIM($C22), TRIM(KPI!$B$2:$B1043), KPI!$A$2:$A1043, "" ), IF( TRIM($B22)=TRIM(cnChinh), _xlfn.XLOOKUP( TRIM($C22), TRIM('Dự án'!$B$2:$B1043), 'Dự án'!$C$2:$C1043, "" ), "" ) ), "" ) )} | AE22: =SUMIFS(KPI!C:C,KPI!A:A,B22,KPI!B:B,C22) -> 0 | AF22: =SUMIFS('Thưởng CK'!C:C,'Thưởng CK'!A:A,B22,'Thưởng CK'!B:B,C22) -> 114200 | AG22: =SUMIFS('Cận date'!C:C,'Cận date'!A:A,B22,'Cận date'!B:B,C22) -> 1425 | AH22: =SUMIFS(Map!D:D,Map!B:B,B22,Map!A:A,C22) -> 0 | AI22: 500000 | AJ22: =SUM(AK22:AO22) -> 0 | AK22: =SUMIFS('KPI trừ'!C:C,'KPI trừ'!A:A,B22,'KPI trừ'!B:B,C22) -> 0 | AL22: =SUMIFS('KPI trừ'!D:D,'KPI trừ'!A:A,B22,'KPI trừ'!B:B,C22) -> 0 | AM22: =SUMIFS('KPI trừ'!E:E,'KPI trừ'!A:A,B22,'KPI trừ'!B:B,C22) -> 0 | AN22: =SUMIFS('KPI trừ'!F:F,'KPI trừ'!A:A,B22,'KPI trừ'!B:B,C22) -> 0 | AO22: =SUMIFS('KPI trừ'!G:G,'KPI trừ'!A:A,B22,'KPI trừ'!B:B,C22) -> 0 | AP22: =IFERROR(__xludf.DUMMYFUNCTION("IFERROR(TEXTJOIN("" "", TRUE, FILTER('KPI trừ'!H:H, ('KPI trừ'!A:A=B22) * ('KPI trừ'!B:B=C22))), """")"),"") | AQ22: =IFERROR(__xludf.DUMMYFUNCTION("IFERROR( MAX( QUERY( FILTER( {'Ngày công'!$C$2:$C$5000,'Ngày công'!$F$2:$F$5000}, TRIM('Ngày công'!$B$2:$B$5000)=TRIM($C22) ), ""select sum(Col2) where Col1 is not null group by Col1 label sum(Col2) ''"", 0 ) ), 0 )"),14.6333333333333) -> 14.633333
A23: #NAME? | B23: Nam Hòa | C23: Kim Tiến Đỗ | D23: DSTV | E23: =G23+I23+L23+O23+S23+T23 -> #NAME? | F23: =H23+P23 -> 88.583333 | G23: =SUMIFS('Giờ công'!I:I,'Giờ công'!G:G,B23,'Giờ công'!H:H,C23) -> 23.416667 | H23: =SUMIFS('Giờ công'!J:J,'Giờ công'!G:G,B23,'Giờ công'!H:H,C23) -> 88.583333 | I23: =_xludf.ifs(R23>=30,16,R23=29,8,TRUE,"") -> #NAME? | J23: 12 | K23: 11 | N23: =SUMIFS('Tăng ca lễ'!M:M,'Tăng ca lễ'!K:K,B23,'Tăng ca lễ'!L:L,C23) -> 0 | O23: =IF(OR(D23 = "PT",D23 = "DSHV"), SUMIFS('Tăng ca lễ'!O:O,'Tăng ca lễ'!K:K,B23,'Tăng ca lễ'!L:L,C23)*2, SUMIFS('Tăng ca lễ'!O:O,'Tăng ca lễ'!K:K,B23,'Tăng ca lễ'!L:L,C23)*3) -> 0 | P23: =IF(OR(D23 = "PT", D23 = "DSHV"), SUMIFS('Tăng ca lễ'!P:P,'Tăng ca lễ'!K:K,B23,'Tăng ca lễ'!L:L,C23)*2, SUMIFS('Tăng ca lễ'!P:P,'Tăng ca lễ'!K:K,B23,'Tăng ca lễ'!L:L,C23)*3) -> 0 | R23: =SUMIFS('Ngày công'!M:M,'Ngày công'!K:K,B23,'Ngày công'!L:L,C23) -> 12 | S23: =SUMIFS('Công Đào tạo'!G:G,'Công Đào tạo'!E:E,B23,'Công Đào tạo'!F:F,C23) -> 0 | T23: 0 | X23: =IFERROR(__xludf.DUMMYFUNCTION("IF($C23="""","""", IF( TRIM($D23)=""DSCD"", MIN( 1500000, ROUND(1500000/28*MIN(N($J23),28),0) ), IF( AND( REGEXMATCH(TRIM($D23),""^(DSXC|DSBC|CHT|DSTV)$""), N($H23)>=160 ), MIN( 1500000, ROUND(1500000/28*MIN(N($K23)"&",28),0) ), 0 ) ) )"),0) -> 0 | AA23: {=IF($C23="","", IFERROR( _xludf.LET( cnChinh, _xlfn.XLOOKUP( TRIM($C23), TRIM(KPI!$B$2:$B1043), KPI!$A$2:$A1043, "" ), IF( TRIM($B23)=TRIM(cnChinh), _xlfn.XLOOKUP( TRIM($C23), TRIM('MiniKat - HCM'!$A$2:$A1043), 'MiniKat - HCM'!$J$2:$J1043, "" ), "" ) ), "" ) )} | AC23: {=IFERROR(_xlfn.XLOOKUP(C23, whatsapp!A:A,whatsapp!D:D), " ")} | AD23: {=IF($C23="","", IFERROR( _xludf.LET( cnChinh, _xlfn.XLOOKUP( TRIM($C23), TRIM(KPI!$B$2:$B1043), KPI!$A$2:$A1043, "" ), IF( TRIM($B23)=TRIM(cnChinh), _xlfn.XLOOKUP( TRIM($C23), TRIM('Dự án'!$B$2:$B1043), 'Dự án'!$C$2:$C1043, "" ), "" ) ), "" ) )} | AE23: =SUMIFS(KPI!C:C,KPI!A:A,B23,KPI!B:B,C23) -> 0 | AF23: =SUMIFS('Thưởng CK'!C:C,'Thưởng CK'!A:A,B23,'Thưởng CK'!B:B,C23) -> 0 | AG23: =SUMIFS('Cận date'!C:C,'Cận date'!A:A,B23,'Cận date'!B:B,C23) -> 0 | AH23: =SUMIFS(Map!D:D,Map!B:B,B23,Map!A:A,C23) -> 0 | AJ23: =SUM(AK23:AO23) -> 0 | AK23: =SUMIFS('KPI trừ'!C:C,'KPI trừ'!A:A,B23,'KPI trừ'!B:B,C23) -> 0 | AL23: =SUMIFS('KPI trừ'!D:D,'KPI trừ'!A:A,B23,'KPI trừ'!B:B,C23) -> 0 | AM23: =SUMIFS('KPI trừ'!E:E,'KPI trừ'!A:A,B23,'KPI trừ'!B:B,C23) -> 0 | AN23: =SUMIFS('KPI trừ'!F:F,'KPI trừ'!A:A,B23,'KPI trừ'!B:B,C23) -> 0 | AO23: =SUMIFS('KPI trừ'!G:G,'KPI trừ'!A:A,B23,'KPI trừ'!B:B,C23) -> 0 | AP23: =IFERROR(__xludf.DUMMYFUNCTION("IFERROR(TEXTJOIN("" "", TRUE, FILTER('KPI trừ'!H:H, ('KPI trừ'!A:A=B23) * ('KPI trừ'!B:B=C23))), """")"),"") | AQ23: =IFERROR(__xludf.DUMMYFUNCTION("IFERROR( MAX( QUERY( FILTER( {'Ngày công'!$C$2:$C$5000,'Ngày công'!$F$2:$F$5000}, TRIM('Ngày công'!$B$2:$B$5000)=TRIM($C23) ), ""select sum(Col2) where Col1 is not null group by Col1 label sum(Col2) ''"", 0 ) ), 0 )"),13.6166666666666) -> 13.616667
A24: #NAME? | B24: Nam Hòa | C24: Nguyễn Thị Huyền Trang | D24: DSTV | E24: =G24+I24+L24+O24+S24+T24 -> #NAME? | F24: =H24+P24 -> 0 | G24: =SUMIFS('Giờ công'!I:I,'Giờ công'!G:G,B24,'Giờ công'!H:H,C24) -> 209.95 | H24: =SUMIFS('Giờ công'!J:J,'Giờ công'!G:G,B24,'Giờ công'!H:H,C24) -> 0 | I24: =_xludf.ifs(R24>=30,16,R24=29,8,TRUE,"") -> #NAME? | J24: 22 | K24: 0 | N24: =SUMIFS('Tăng ca lễ'!M:M,'Tăng ca lễ'!K:K,B24,'Tăng ca lễ'!L:L,C24) -> 0 | O24: =IF(OR(D24 = "PT",D24 = "DSHV"), SUMIFS('Tăng ca lễ'!O:O,'Tăng ca lễ'!K:K,B24,'Tăng ca lễ'!L:L,C24)*2, SUMIFS('Tăng ca lễ'!O:O,'Tăng ca lễ'!K:K,B24,'Tăng ca lễ'!L:L,C24)*3) -> 0 | P24: =IF(OR(D24 = "PT", D24 = "DSHV"), SUMIFS('Tăng ca lễ'!P:P,'Tăng ca lễ'!K:K,B24,'Tăng ca lễ'!L:L,C24)*2, SUMIFS('Tăng ca lễ'!P:P,'Tăng ca lễ'!K:K,B24,'Tăng ca lễ'!L:L,C24)*3) -> 0 | R24: =SUMIFS('Ngày công'!M:M,'Ngày công'!K:K,B24,'Ngày công'!L:L,C24) -> 22 | S24: =SUMIFS('Công Đào tạo'!G:G,'Công Đào tạo'!E:E,B24,'Công Đào tạo'!F:F,C24) -> 7 | T24: 0 | X24: =IFERROR(__xludf.DUMMYFUNCTION("IF($C24="""","""", IF( TRIM($D24)=""DSCD"", MIN( 1500000, ROUND(1500000/28*MIN(N($J24),28),0) ), IF( AND( REGEXMATCH(TRIM($D24),""^(DSXC|DSBC|CHT|DSTV)$""), N($H24)>=160 ), MIN( 1500000, ROUND(1500000/28*MIN(N($K24)"&",28),0) ), 0 ) ) )"),0) -> 0 | AA24: {=IF($C24="","", IFERROR( _xludf.LET( cnChinh, _xlfn.XLOOKUP( TRIM($C24), TRIM(KPI!$B$2:$B1043), KPI!$A$2:$A1043, "" ), IF( TRIM($B24)=TRIM(cnChinh), _xlfn.XLOOKUP( TRIM($C24), TRIM('MiniKat - HCM'!$A$2:$A1043), 'MiniKat - HCM'!$J$2:$J1043, "" ), "" ) ), "" ) )} | AC24: {=IFERROR(_xlfn.XLOOKUP(C24, whatsapp!A:A,whatsapp!D:D), " ")} | AD24: {=IF($C24="","", IFERROR( _xludf.LET( cnChinh, _xlfn.XLOOKUP( TRIM($C24), TRIM(KPI!$B$2:$B1043), KPI!$A$2:$A1043, "" ), IF( TRIM($B24)=TRIM(cnChinh), _xlfn.XLOOKUP( TRIM($C24), TRIM('Dự án'!$B$2:$B1043), 'Dự án'!$C$2:$C1043, "" ), "" ) ), "" ) )} | AE24: =SUMIFS(KPI!C:C,KPI!A:A,B24,KPI!B:B,C24) -> 0 | AF24: =SUMIFS('Thưởng CK'!C:C,'Thưởng CK'!A:A,B24,'Thưởng CK'!B:B,C24) -> 129600 | AG24: =SUMIFS('Cận date'!C:C,'Cận date'!A:A,B24,'Cận date'!B:B,C24) -> 1170 | AH24: =SUMIFS(Map!D:D,Map!B:B,B24,Map!A:A,C24) -> 0 | AJ24: =SUM(AK24:AO24) -> 500000 | AK24: =SUMIFS('KPI trừ'!C:C,'KPI trừ'!A:A,B24,'KPI trừ'!B:B,C24) -> 0 | AL24: =SUMIFS('KPI trừ'!D:D,'KPI trừ'!A:A,B24,'KPI trừ'!B:B,C24) -> 0 | AM24: =SUMIFS('KPI trừ'!E:E,'KPI trừ'!A:A,B24,'KPI trừ'!B:B,C24) -> 0 | AN24: =SUMIFS('KPI trừ'!F:F,'KPI trừ'!A:A,B24,'KPI trừ'!B:B,C24) -> 0 | AO24: =SUMIFS('KPI trừ'!G:G,'KPI trừ'!A:A,B24,'KPI trừ'!B:B,C24) -> 500000 | AP24: =IFERROR(__xludf.DUMMYFUNCTION("IFERROR(TEXTJOIN("" "", TRUE, FILTER('KPI trừ'!H:H, ('KPI trừ'!A:A=B24) * ('KPI trừ'!B:B=C24))), """")"),"Cấn trừ chi phí đồng phục") -> Cấn trừ chi phí đồng phục | AQ24: =IFERROR(__xludf.DUMMYFUNCTION("IFERROR( MAX( QUERY( FILTER( {'Ngày công'!$C$2:$C$5000,'Ngày công'!$F$2:$F$5000}, TRIM('Ngày công'!$B$2:$B$5000)=TRIM($C24) ), ""select sum(Col2) where Col1 is not null group by Col1 label sum(Col2) ''"", 0 ) ), 0 )"),16) -> 16
A25: #NAME? | B25: Nam Hòa | C25: Nguyễn Trí Nghĩa | D25: DSBC | E25: =G25+I25+L25+O25+S25+T25 -> #NAME? | F25: =H25+P25 -> 15.833333 | G25: =SUMIFS('Giờ công'!I:I,'Giờ công'!G:G,B25,'Giờ công'!H:H,C25) -> 56.15 | H25: =SUMIFS('Giờ công'!J:J,'Giờ công'!G:G,B25,'Giờ công'!H:H,C25) -> 15.833333 | I25: =_xludf.ifs(R25>=30,16,R25=29,8,TRUE,"") -> #NAME? | J25: 8 | K25: 2 | N25: =SUMIFS('Tăng ca lễ'!M:M,'Tăng ca lễ'!K:K,B25,'Tăng ca lễ'!L:L,C25) -> 0 | O25: =IF(OR(D25 = "PT",D25 = "DSHV"), SUMIFS('Tăng ca lễ'!O:O,'Tăng ca lễ'!K:K,B25,'Tăng ca lễ'!L:L,C25)*2, SUMIFS('Tăng ca lễ'!O:O,'Tăng ca lễ'!K:K,B25,'Tăng ca lễ'!L:L,C25)*3) -> 0 | P25: =IF(OR(D25 = "PT", D25 = "DSHV"), SUMIFS('Tăng ca lễ'!P:P,'Tăng ca lễ'!K:K,B25,'Tăng ca lễ'!L:L,C25)*2, SUMIFS('Tăng ca lễ'!P:P,'Tăng ca lễ'!K:K,B25,'Tăng ca lễ'!L:L,C25)*3) -> 0 | R25: =SUMIFS('Ngày công'!M:M,'Ngày công'!K:K,B25,'Ngày công'!L:L,C25) -> 8 | S25: =SUMIFS('Công Đào tạo'!G:G,'Công Đào tạo'!E:E,B25,'Công Đào tạo'!F:F,C25) -> 0 | T25: 0 | X25: =IFERROR(__xludf.DUMMYFUNCTION("IF($C25="""","""", IF( TRIM($D25)=""DSCD"", MIN( 1500000, ROUND(1500000/28*MIN(N($J25),28),0) ), IF( AND( REGEXMATCH(TRIM($D25),""^(DSXC|DSBC|CHT|DSTV)$""), N($H25)>=160 ), MIN( 1500000, ROUND(1500000/28*MIN(N($K25)"&",28),0) ), 0 ) ) )"),0) -> 0 | AA25: {=IF($C25="","", IFERROR( _xludf.LET( cnChinh, _xlfn.XLOOKUP( TRIM($C25), TRIM(KPI!$B$2:$B1043), KPI!$A$2:$A1043, "" ), IF( TRIM($B25)=TRIM(cnChinh), _xlfn.XLOOKUP( TRIM($C25), TRIM('MiniKat - HCM'!$A$2:$A1043), 'MiniKat - HCM'!$J$2:$J1043, "" ), "" ) ), "" ) )} | AC25: {=IFERROR(_xlfn.XLOOKUP(C25, whatsapp!A:A,whatsapp!D:D), " ")} | AD25: {=IF($C25="","", IFERROR( _xludf.LET( cnChinh, _xlfn.XLOOKUP( TRIM($C25), TRIM(KPI!$B$2:$B1043), KPI!$A$2:$A1043, "" ), IF( TRIM($B25)=TRIM(cnChinh), _xlfn.XLOOKUP( TRIM($C25), TRIM('Dự án'!$B$2:$B1043), 'Dự án'!$C$2:$C1043, "" ), "" ) ), "" ) )} | AE25: =SUMIFS(KPI!C:C,KPI!A:A,B25,KPI!B:B,C25) -> 0 | AF25: =SUMIFS('Thưởng CK'!C:C,'Thưởng CK'!A:A,B25,'Thưởng CK'!B:B,C25) -> 0 | AG25: =SUMIFS('Cận date'!C:C,'Cận date'!A:A,B25,'Cận date'!B:B,C25) -> 0 | AH25: =SUMIFS(Map!D:D,Map!B:B,B25,Map!A:A,C25) -> 0 | AJ25: =SUM(AK25:AO25) -> 0 | AK25: =SUMIFS('KPI trừ'!C:C,'KPI trừ'!A:A,B25,'KPI trừ'!B:B,C25) -> 0 | AL25: =SUMIFS('KPI trừ'!D:D,'KPI trừ'!A:A,B25,'KPI trừ'!B:B,C25) -> 0 | AM25: =SUMIFS('KPI trừ'!E:E,'KPI trừ'!A:A,B25,'KPI trừ'!B:B,C25) -> 0 | AN25: =SUMIFS('KPI trừ'!F:F,'KPI trừ'!A:A,B25,'KPI trừ'!B:B,C25) -> 0 | AO25: =SUMIFS('KPI trừ'!G:G,'KPI trừ'!A:A,B25,'KPI trừ'!B:B,C25) -> 0 | AP25: =IFERROR(__xludf.DUMMYFUNCTION("IFERROR(TEXTJOIN("" "", TRUE, FILTER('KPI trừ'!H:H, ('KPI trừ'!A:A=B25) * ('KPI trừ'!B:B=C25))), """")"),"") | AQ25: =IFERROR(__xludf.DUMMYFUNCTION("IFERROR( MAX( QUERY( FILTER( {'Ngày công'!$C$2:$C$5000,'Ngày công'!$F$2:$F$5000}, TRIM('Ngày công'!$B$2:$B$5000)=TRIM($C25) ), ""select sum(Col2) where Col1 is not null group by Col1 label sum(Col2) ''"", 0 ) ), 0 )"),22.4166666666666) -> 22.416667
A26: #NAME? | B26: Nam Hòa | C26: Phan Công Vũ Tài | D26: DSBC | E26: =G26+I26+L26+O26+S26+T26 -> #NAME? | F26: =H26+P26 -> 1.3666667 | G26: =SUMIFS('Giờ công'!I:I,'Giờ công'!G:G,B26,'Giờ công'!H:H,C26) -> 97.133333 | H26: =SUMIFS('Giờ công'!J:J,'Giờ công'!G:G,B26,'Giờ công'!H:H,C26) -> 1.3666667 | I26: =_xludf.ifs(R26>=30,16,R26=29,8,TRUE,"") -> #NAME? | J26: 16 | K26: 0 | N26: =SUMIFS('Tăng ca lễ'!M:M,'Tăng ca lễ'!K:K,B26,'Tăng ca lễ'!L:L,C26) -> 0 | O26: =IF(OR(D26 = "PT",D26 = "DSHV"), SUMIFS('Tăng ca lễ'!O:O,'Tăng ca lễ'!K:K,B26,'Tăng ca lễ'!L:L,C26)*2, SUMIFS('Tăng ca lễ'!O:O,'Tăng ca lễ'!K:K,B26,'Tăng ca lễ'!L:L,C26)*3) -> 0 | P26: =IF(OR(D26 = "PT", D26 = "DSHV"), SUMIFS('Tăng ca lễ'!P:P,'Tăng ca lễ'!K:K,B26,'Tăng ca lễ'!L:L,C26)*2, SUMIFS('Tăng ca lễ'!P:P,'Tăng ca lễ'!K:K,B26,'Tăng ca lễ'!L:L,C26)*3) -> 0 | R26: =SUMIFS('Ngày công'!M:M,'Ngày công'!K:K,B26,'Ngày công'!L:L,C26) -> 15 | S26: =SUMIFS('Công Đào tạo'!G:G,'Công Đào tạo'!E:E,B26,'Công Đào tạo'!F:F,C26) -> 0 | T26: 0 | X26: =IFERROR(__xludf.DUMMYFUNCTION("IF($C26="""","""", IF( TRIM($D26)=""DSCD"", MIN( 1500000, ROUND(1500000/28*MIN(N($J26),28),0) ), IF( AND( REGEXMATCH(TRIM($D26),""^(DSXC|DSBC|CHT|DSTV)$""), N($H26)>=160 ), MIN( 1500000, ROUND(1500000/28*MIN(N($K26)"&",28),0) ), 0 ) ) )"),0) -> 0 | Y26: 1000000 | Z26: 2000000 | AA26: {=IF($C26="","", IFERROR( _xludf.LET( cnChinh, _xlfn.XLOOKUP( TRIM($C26), TRIM(KPI!$B$2:$B1043), KPI!$A$2:$A1043, "" ), IF( TRIM($B26)=TRIM(cnChinh), _xlfn.XLOOKUP( TRIM($C26), TRIM('MiniKat - HCM'!$A$2:$A1043), 'MiniKat - HCM'!$J$2:$J1043, "" ), "" ) ), "" ) )} | AC26: {=IFERROR(_xlfn.XLOOKUP(C26, whatsapp!A:A,whatsapp!D:D), " ")} | AD26: {=IF($C26="","", IFERROR( _xludf.LET( cnChinh, _xlfn.XLOOKUP( TRIM($C26), TRIM(KPI!$B$2:$B1043), KPI!$A$2:$A1043, "" ), IF( TRIM($B26)=TRIM(cnChinh), _xlfn.XLOOKUP( TRIM($C26), TRIM('Dự án'!$B$2:$B1043), 'Dự án'!$C$2:$C1043, "" ), "" ) ), "" ) )} | AE26: =SUMIFS(KPI!C:C,KPI!A:A,B26,KPI!B:B,C26) -> 0 | AF26: =SUMIFS('Thưởng CK'!C:C,'Thưởng CK'!A:A,B26,'Thưởng CK'!B:B,C26) -> 0 | AG26: =SUMIFS('Cận date'!C:C,'Cận date'!A:A,B26,'Cận date'!B:B,C26) -> 0 | AH26: =SUMIFS(Map!D:D,Map!B:B,B26,Map!A:A,C26) -> 0 | AJ26: =SUM(AK26:AO26) -> 0 | AK26: =SUMIFS('KPI trừ'!C:C,'KPI trừ'!A:A,B26,'KPI trừ'!B:B,C26) -> 0 | AL26: =SUMIFS('KPI trừ'!D:D,'KPI trừ'!A:A,B26,'KPI trừ'!B:B,C26) -> 0 | AM26: =SUMIFS('KPI trừ'!E:E,'KPI trừ'!A:A,B26,'KPI trừ'!B:B,C26) -> 0 | AN26: =SUMIFS('KPI trừ'!F:F,'KPI trừ'!A:A,B26,'KPI trừ'!B:B,C26) -> 0 | AO26: =SUMIFS('KPI trừ'!G:G,'KPI trừ'!A:A,B26,'KPI trừ'!B:B,C26) -> 0 | AP26: =IFERROR(__xludf.DUMMYFUNCTION("IFERROR(TEXTJOIN("" "", TRUE, FILTER('KPI trừ'!H:H, ('KPI trừ'!A:A=B26) * ('KPI trừ'!B:B=C26))), """")"),"") | AQ26: =IFERROR(__xludf.DUMMYFUNCTION("IFERROR( MAX( QUERY( FILTER( {'Ngày công'!$C$2:$C$5000,'Ngày công'!$F$2:$F$5000}, TRIM('Ngày công'!$B$2:$B$5000)=TRIM($C26) ), ""select sum(Col2) where Col1 is not null group by Col1 label sum(Col2) ''"", 0 ) ), 0 )"),18.1166666666666) -> 18.116667
A27: #NAME? | B27: Nam Hòa | C27: Phạm Thị Diên | D27: DSBC | E27: =G27+I27+L27+O27+S27+T27 -> #NAME? | F27: =H27+P27 -> 0 | G27: =SUMIFS('Giờ công'!I:I,'Giờ công'!G:G,B27,'Giờ công'!H:H,C27) -> 30.316667 | H27: =SUMIFS('Giờ công'!J:J,'Giờ công'!G:G,B27,'Giờ công'!H:H,C27) -> 0 | I27: =_xludf.ifs(R27>=30,16,R27=29,8,TRUE,"") -> #NAME? | J27: 4 | K27: 0 | N27: =SUMIFS('Tăng ca lễ'!M:M,'Tăng ca lễ'!K:K,B27,'Tăng ca lễ'!L:L,C27) -> 0 | O27: =IF(OR(D27 = "PT",D27 = "DSHV"), SUMIFS('Tăng ca lễ'!O:O,'Tăng ca lễ'!K:K,B27,'Tăng ca lễ'!L:L,C27)*2, SUMIFS('Tăng ca lễ'!O:O,'Tăng ca lễ'!K:K,B27,'Tăng ca lễ'!L:L,C27)*3) -> 0 | P27: =IF(OR(D27 = "PT", D27 = "DSHV"), SUMIFS('Tăng ca lễ'!P:P,'Tăng ca lễ'!K:K,B27,'Tăng ca lễ'!L:L,C27)*2, SUMIFS('Tăng ca lễ'!P:P,'Tăng ca lễ'!K:K,B27,'Tăng ca lễ'!L:L,C27)*3) -> 0 | R27: =SUMIFS('Ngày công'!M:M,'Ngày công'!K:K,B27,'Ngày công'!L:L,C27) -> 4 | S27: =SUMIFS('Công Đào tạo'!G:G,'Công Đào tạo'!E:E,B27,'Công Đào tạo'!F:F,C27) -> 6.5 | T27: 0 | X27: =IFERROR(__xludf.DUMMYFUNCTION("IF($C27="""","""", IF( TRIM($D27)=""DSCD"", MIN( 1500000, ROUND(1500000/28*MIN(N($J27),28),0) ), IF( AND( REGEXMATCH(TRIM($D27),""^(DSXC|DSBC|CHT|DSTV)$""), N($H27)>=160 ), MIN( 1500000, ROUND(1500000/28*MIN(N($K27)"&",28),0) ), 0 ) ) )"),0) -> 0 | AA27: {=IF($C27="","", IFERROR( _xludf.LET( cnChinh, _xlfn.XLOOKUP( TRIM($C27), TRIM(KPI!$B$2:$B1043), KPI!$A$2:$A1043, "" ), IF( TRIM($B27)=TRIM(cnChinh), _xlfn.XLOOKUP( TRIM($C27), TRIM('MiniKat - HCM'!$A$2:$A1043), 'MiniKat - HCM'!$J$2:$J1043, "" ), "" ) ), "" ) )} | AC27: {=IFERROR(_xlfn.XLOOKUP(C27, whatsapp!A:A,whatsapp!D:D), " ")} | AD27: {=IF($C27="","", IFERROR( _xludf.LET( cnChinh, _xlfn.XLOOKUP( TRIM($C27), TRIM(KPI!$B$2:$B1043), KPI!$A$2:$A1043, "" ), IF( TRIM($B27)=TRIM(cnChinh), _xlfn.XLOOKUP( TRIM($C27), TRIM('Dự án'!$B$2:$B1043), 'Dự án'!$C$2:$C1043, "" ), "" ) ), "" ) )} | AE27: =SUMIFS(KPI!C:C,KPI!A:A,B27,KPI!B:B,C27) -> 0 | AF27: =SUMIFS('Thưởng CK'!C:C,'Thưởng CK'!A:A,B27,'Thưởng CK'!B:B,C27) -> 0 | AG27: =SUMIFS('Cận date'!C:C,'Cận date'!A:A,B27,'Cận date'!B:B,C27) -> 0 | AH27: =SUMIFS(Map!D:D,Map!B:B,B27,Map!A:A,C27) -> 0 | AJ27: =SUM(AK27:AO27) -> 0 | AK27: =SUMIFS('KPI trừ'!C:C,'KPI trừ'!A:A,B27,'KPI trừ'!B:B,C27) -> 0 | AL27: =SUMIFS('KPI trừ'!D:D,'KPI trừ'!A:A,B27,'KPI trừ'!B:B,C27) -> 0 | AM27: =SUMIFS('KPI trừ'!E:E,'KPI trừ'!A:A,B27,'KPI trừ'!B:B,C27) -> 0 | AN27: =SUMIFS('KPI trừ'!F:F,'KPI trừ'!A:A,B27,'KPI trừ'!B:B,C27) -> 0 | AO27: =SUMIFS('KPI trừ'!G:G,'KPI trừ'!A:A,B27,'KPI trừ'!B:B,C27) -> 0 | AP27: =IFERROR(__xludf.DUMMYFUNCTION("IFERROR(TEXTJOIN("" "", TRUE, FILTER('KPI trừ'!H:H, ('KPI trừ'!A:A=B27) * ('KPI trừ'!B:B=C27))), """")"),"") | AQ27: =IFERROR(__xludf.DUMMYFUNCTION("IFERROR( MAX( QUERY( FILTER( {'Ngày công'!$C$2:$C$5000,'Ngày công'!$F$2:$F$5000}, TRIM('Ngày công'!$B$2:$B$5000)=TRIM($C27) ), ""select sum(Col2) where Col1 is not null group by Col1 label sum(Col2) ''"", 0 ) ), 0 )"),8.43333333333333) -> 8.4333333
A28: #NAME? | B28: Nam Hòa | C28: Trần Thị Ánh Nguyệt | D28: DSCD | E28: =G28+I28+L28+O28+S28+T28 -> #NAME? | F28: =H28+P28 -> 233.66667 | G28: =SUMIFS('Giờ công'!I:I,'Giờ công'!G:G,B28,'Giờ công'!H:H,C28) -> 22.016667 | H28: =SUMIFS('Giờ công'!J:J,'Giờ công'!G:G,B28,'Giờ công'!H:H,C28) -> 233.66667 | I28: =_xludf.ifs(R28>=30,16,R28=29,8,TRUE,"") -> #NAME? | J28: 29 | K28: 29 | N28: =SUMIFS('Tăng ca lễ'!M:M,'Tăng ca lễ'!K:K,B28,'Tăng ca lễ'!L:L,C28) -> 0 | O28: =IF(OR(D28 = "PT",D28 = "DSHV"), SUMIFS('Tăng ca lễ'!O:O,'Tăng ca lễ'!K:K,B28,'Tăng ca lễ'!L:L,C28)*2, SUMIFS('Tăng ca lễ'!O:O,'Tăng ca lễ'!K:K,B28,'Tăng ca lễ'!L:L,C28)*3) -> 0 | P28: =IF(OR(D28 = "PT", D28 = "DSHV"), SUMIFS('Tăng ca lễ'!P:P,'Tăng ca lễ'!K:K,B28,'Tăng ca lễ'!L:L,C28)*2, SUMIFS('Tăng ca lễ'!P:P,'Tăng ca lễ'!K:K,B28,'Tăng ca lễ'!L:L,C28)*3) -> 0 | R28: =SUMIFS('Ngày công'!M:M,'Ngày công'!K:K,B28,'Ngày công'!L:L,C28) -> 29 | S28: =SUMIFS('Công Đào tạo'!G:G,'Công Đào tạo'!E:E,B28,'Công Đào tạo'!F:F,C28) -> 0 | T28: 0 | X28: =IFERROR(__xludf.DUMMYFUNCTION("IF($C28="""","""", IF( TRIM($D28)=""DSCD"", MIN( 1500000, ROUND(1500000/28*MIN(N($J28),28),0) ), IF( AND( REGEXMATCH(TRIM($D28),""^(DSXC|DSBC|CHT|DSTV)$""), N($H28)>=160 ), MIN( 1500000, ROUND(1500000/28*MIN(N($K28)"&",28),0) ), 0 ) ) )"),1500000) -> 1500000 | AA28: {=IF($C28="","", IFERROR( _xludf.LET( cnChinh, _xlfn.XLOOKUP( TRIM($C28), TRIM(KPI!$B$2:$B1043), KPI!$A$2:$A1043, "" ), IF( TRIM($B28)=TRIM(cnChinh), _xlfn.XLOOKUP( TRIM($C28), TRIM('MiniKat - HCM'!$A$2:$A1043), 'MiniKat - HCM'!$J$2:$J1043, "" ), "" ) ), "" ) )} | AC28: {=IFERROR(_xlfn.XLOOKUP(C28, whatsapp!A:A,whatsapp!D:D), " ")} | AD28: {=IF($C28="","", IFERROR( _xludf.LET( cnChinh, _xlfn.XLOOKUP( TRIM($C28), TRIM(KPI!$B$2:$B1043), KPI!$A$2:$A1043, "" ), IF( TRIM($B28)=TRIM(cnChinh), _xlfn.XLOOKUP( TRIM($C28), TRIM('Dự án'!$B$2:$B1043), 'Dự án'!$C$2:$C1043, "" ), "" ) ), "" ) )} | AE28: =SUMIFS(KPI!C:C,KPI!A:A,B28,KPI!B:B,C28) -> 0 | AF28: =SUMIFS('Thưởng CK'!C:C,'Thưởng CK'!A:A,B28,'Thưởng CK'!B:B,C28) -> 1900800 | AG28: =SUMIFS('Cận date'!C:C,'Cận date'!A:A,B28,'Cận date'!B:B,C28) -> 28790 | AH28: =SUMIFS(Map!D:D,Map!B:B,B28,Map!A:A,C28) -> 0 | AJ28: =SUM(AK28:AO28) -> 0 | AK28: =SUMIFS('KPI trừ'!C:C,'KPI trừ'!A:A,B28,'KPI trừ'!B:B,C28) -> 0 | AL28: =SUMIFS('KPI trừ'!D:D,'KPI trừ'!A:A,B28,'KPI trừ'!B:B,C28) -> 0 | AM28: =SUMIFS('KPI trừ'!E:E,'KPI trừ'!A:A,B28,'KPI trừ'!B:B,C28) -> 0 | AN28: =SUMIFS('KPI trừ'!F:F,'KPI trừ'!A:A,B28,'KPI trừ'!B:B,C28) -> 0 | AO28: =SUMIFS('KPI trừ'!G:G,'KPI trừ'!A:A,B28,'KPI trừ'!B:B,C28) -> 0 | AP28: =IFERROR(__xludf.DUMMYFUNCTION("IFERROR(TEXTJOIN("" "", TRUE, FILTER('KPI trừ'!H:H, ('KPI trừ'!A:A=B28) * ('KPI trừ'!B:B=C28))), """")"),"") | AQ28: =IFERROR(__xludf.DUMMYFUNCTION("IFERROR( MAX( QUERY( FILTER( {'Ngày công'!$C$2:$C$5000,'Ngày công'!$F$2:$F$5000}, TRIM('Ngày công'!$B$2:$B$5000)=TRIM($C28) ), ""select sum(Col2) where Col1 is not null group by Col1 label sum(Col2) ''"", 0 ) ), 0 )"),10.0333333333333) -> 10.033333
A29: #NAME? | B29: Nam Hòa | C29: Đỗ Thị Thu Hương | D29: DSCD | E29: =G29+I29+L29+O29+S29+T29 -> #NAME? | F29: =H29+P29 -> 107.98333 | G29: =SUMIFS('Giờ công'!I:I,'Giờ công'!G:G,B29,'Giờ công'!H:H,C29) -> 0 | H29: =SUMIFS('Giờ công'!J:J,'Giờ công'!G:G,B29,'Giờ công'!H:H,C29) -> 107.98333 | I29: =_xludf.ifs(R29>=30,16,R29=29,8,TRUE,"") -> #NAME? | J29: 14 | K29: 14 | N29: =SUMIFS('Tăng ca lễ'!M:M,'Tăng ca lễ'!K:K,B29,'Tăng ca lễ'!L:L,C29) -> 0 | O29: =IF(OR(D29 = "PT",D29 = "DSHV"), SUMIFS('Tăng ca lễ'!O:O,'Tăng ca lễ'!K:K,B29,'Tăng ca lễ'!L:L,C29)*2, SUMIFS('Tăng ca lễ'!O:O,'Tăng ca lễ'!K:K,B29,'Tăng ca lễ'!L:L,C29)*3) -> 0 | P29: =IF(OR(D29 = "PT", D29 = "DSHV"), SUMIFS('Tăng ca lễ'!P:P,'Tăng ca lễ'!K:K,B29,'Tăng ca lễ'!L:L,C29)*2, SUMIFS('Tăng ca lễ'!P:P,'Tăng ca lễ'!K:K,B29,'Tăng ca lễ'!L:L,C29)*3) -> 0 | R29: =SUMIFS('Ngày công'!M:M,'Ngày công'!K:K,B29,'Ngày công'!L:L,C29) -> 14 | S29: =SUMIFS('Công Đào tạo'!G:G,'Công Đào tạo'!E:E,B29,'Công Đào tạo'!F:F,C29) -> 0 | T29: 0 | X29: =IFERROR(__xludf.DUMMYFUNCTION("IF($C29="""","""", IF( TRIM($D29)=""DSCD"", MIN( 1500000, ROUND(1500000/28*MIN(N($J29),28),0) ), IF( AND( REGEXMATCH(TRIM($D29),""^(DSXC|DSBC|CHT|DSTV)$""), N($H29)>=160 ), MIN( 1500000, ROUND(1500000/28*MIN(N($K29)"&",28),0) ), 0 ) ) )"),750000) -> 750000 | AA29: {=IF($C29="","", IFERROR( _xludf.LET( cnChinh, _xlfn.XLOOKUP( TRIM($C29), TRIM(KPI!$B$2:$B1043), KPI!$A$2:$A1043, "" ), IF( TRIM($B29)=TRIM(cnChinh), _xlfn.XLOOKUP( TRIM($C29), TRIM('MiniKat - HCM'!$A$2:$A1043), 'MiniKat - HCM'!$J$2:$J1043, "" ), "" ) ), "" ) )} | AC29: {=IFERROR(_xlfn.XLOOKUP(C29, whatsapp!A:A,whatsapp!D:D), " ")} | AD29: {=IF($C29="","", IFERROR( _xludf.LET( cnChinh, _xlfn.XLOOKUP( TRIM($C29), TRIM(KPI!$B$2:$B1043), KPI!$A$2:$A1043, "" ), IF( TRIM($B29)=TRIM(cnChinh), _xlfn.XLOOKUP( TRIM($C29), TRIM('Dự án'!$B$2:$B1043), 'Dự án'!$C$2:$C1043, "" ), "" ) ), "" ) )} | AE29: =SUMIFS(KPI!C:C,KPI!A:A,B29,KPI!B:B,C29) -> 0 | AF29: =SUMIFS('Thưởng CK'!C:C,'Thưởng CK'!A:A,B29,'Thưởng CK'!B:B,C29) -> 482100 | AG29: =SUMIFS('Cận date'!C:C,'Cận date'!A:A,B29,'Cận date'!B:B,C29) -> 600 | AH29: =SUMIFS(Map!D:D,Map!B:B,B29,Map!A:A,C29) -> 0 | AI29: 857694 | AJ29: =SUM(AK29:AO29) -> 0 | AK29: =SUMIFS('KPI trừ'!C:C,'KPI trừ'!A:A,B29,'KPI trừ'!B:B,C29) -> 0 | AL29: =SUMIFS('KPI trừ'!D:D,'KPI trừ'!A:A,B29,'KPI trừ'!B:B,C29) -> 0 | AM29: =SUMIFS('KPI trừ'!E:E,'KPI trừ'!A:A,B29,'KPI trừ'!B:B,C29) -> 0 | AN29: =SUMIFS('KPI trừ'!F:F,'KPI trừ'!A:A,B29,'KPI trừ'!B:B,C29) -> 0 | AO29: =SUMIFS('KPI trừ'!G:G,'KPI trừ'!A:A,B29,'KPI trừ'!B:B,C29) -> 0 | AP29: =IFERROR(__xludf.DUMMYFUNCTION("IFERROR(TEXTJOIN("" "", TRUE, FILTER('KPI trừ'!H:H, ('KPI trừ'!A:A=B29) * ('KPI trừ'!B:B=C29))), """")"),"") | AQ29: =IFERROR(__xludf.DUMMYFUNCTION("IFERROR( MAX( QUERY( FILTER( {'Ngày công'!$C$2:$C$5000,'Ngày công'!$F$2:$F$5000}, TRIM('Ngày công'!$B$2:$B$5000)=TRIM($C29) ), ""select sum(Col2) where Col1 is not null group by Col1 label sum(Col2) ''"", 0 ) ), 0 )"),8.1) -> 8.1
A30: #NAME? | B30: Minh Châu | C30: Hoàng Lâm Gia Bảo | D30: DSTV | E30: =G30+I30+L30+O30+S30+T30 -> #NAME? | F30: =H30+P30 -> 0.7 | G30: =SUMIFS('Giờ công'!I:I,'Giờ công'!G:G,B30,'Giờ công'!H:H,C30) -> 114.55 | H30: =SUMIFS('Giờ công'!J:J,'Giờ công'!G:G,B30,'Giờ công'!H:H,C30) -> 0.7 | I30: =_xludf.ifs(R30>=30,16,R30=29,8,TRUE,"") -> #NAME? | J30: 14 | K30: 0 | N30: =SUMIFS('Tăng ca lễ'!M:M,'Tăng ca lễ'!K:K,B30,'Tăng ca lễ'!L:L,C30) -> 0 | O30: =IF(OR(D30 = "PT",D30 = "DSHV"), SUMIFS('Tăng ca lễ'!O:O,'Tăng ca lễ'!K:K,B30,'Tăng ca lễ'!L:L,C30)*2, SUMIFS('Tăng ca lễ'!O:O,'Tăng ca lễ'!K:K,B30,'Tăng ca lễ'!L:L,C30)*3) -> 0 | P30: =IF(OR(D30 = "PT", D30 = "DSHV"), SUMIFS('Tăng ca lễ'!P:P,'Tăng ca lễ'!K:K,B30,'Tăng ca lễ'!L:L,C30)*2, SUMIFS('Tăng ca lễ'!P:P,'Tăng ca lễ'!K:K,B30,'Tăng ca lễ'!L:L,C30)*3) -> 0 | R30: =SUMIFS('Ngày công'!M:M,'Ngày công'!K:K,B30,'Ngày công'!L:L,C30) -> 14 | S30: =SUMIFS('Công Đào tạo'!G:G,'Công Đào tạo'!E:E,B30,'Công Đào tạo'!F:F,C30) -> 0 | T30: 0 | X30: =IFERROR(__xludf.DUMMYFUNCTION("IF($C30="""","""", IF( TRIM($D30)=""DSCD"", MIN( 1500000, ROUND(1500000/28*MIN(N($J30),28),0) ), IF( AND( REGEXMATCH(TRIM($D30),""^(DSXC|DSBC|CHT|DSTV)$""), N($H30)>=160 ), MIN( 1500000, ROUND(1500000/28*MIN(N($K30)"&",28),0) ), 0 ) ) )"),0) -> 0 | AA30: {=IF($C30="","", IFERROR( _xludf.LET( cnChinh, _xlfn.XLOOKUP( TRIM($C30), TRIM(KPI!$B$2:$B1043), KPI!$A$2:$A1043, "" ), IF( TRIM($B30)=TRIM(cnChinh), _xlfn.XLOOKUP( TRIM($C30), TRIM('MiniKat - HCM'!$A$2:$A1043), 'MiniKat - HCM'!$J$2:$J1043, "" ), "" ) ), "" ) )} | AC30: {=IFERROR(_xlfn.XLOOKUP(C30, whatsapp!A:A,whatsapp!D:D), " ")} | AD30: 500000 | AE30: =SUMIFS(KPI!C:C,KPI!A:A,B30,KPI!B:B,C30) -> 0 | AF30: =SUMIFS('Thưởng CK'!C:C,'Thưởng CK'!A:A,B30,'Thưởng CK'!B:B,C30) -> 0 | AG30: =SUMIFS('Cận date'!C:C,'Cận date'!A:A,B30,'Cận date'!B:B,C30) -> 0 | AH30: =SUMIFS(Map!D:D,Map!B:B,B30,Map!A:A,C30) -> 0 | AJ30: =SUM(AK30:AO30) -> 0 | AK30: =SUMIFS('KPI trừ'!C:C,'KPI trừ'!A:A,B30,'KPI trừ'!B:B,C30) -> 0 | AL30: =SUMIFS('KPI trừ'!D:D,'KPI trừ'!A:A,B30,'KPI trừ'!B:B,C30) -> 0 | AM30: =SUMIFS('KPI trừ'!E:E,'KPI trừ'!A:A,B30,'KPI trừ'!B:B,C30) -> 0 | AN30: =SUMIFS('KPI trừ'!F:F,'KPI trừ'!A:A,B30,'KPI trừ'!B:B,C30) -> 0 | AO30: =SUMIFS('KPI trừ'!G:G,'KPI trừ'!A:A,B30,'KPI trừ'!B:B,C30) -> 0 | AP30: =IFERROR(__xludf.DUMMYFUNCTION("IFERROR(TEXTJOIN("" "", TRUE, FILTER('KPI trừ'!H:H, ('KPI trừ'!A:A=B30) * ('KPI trừ'!B:B=C30))), """")"),"") | AQ30: =IFERROR(__xludf.DUMMYFUNCTION("IFERROR( MAX( QUERY( FILTER( {'Ngày công'!$C$2:$C$5000,'Ngày công'!$F$2:$F$5000}, TRIM('Ngày công'!$B$2:$B$5000)=TRIM($C30) ), ""select sum(Col2) where Col1 is not null group by Col1 label sum(Col2) ''"", 0 ) ), 0 )"),16) -> 16
A31: #NAME? | B31: Minh Châu | C31: Lê Thị Xuyến | D31: DSTV | E31: =G31+I31+L31+O31+S31+T31 -> #NAME? | F31: =H31+P31 -> 48.1 | G31: =SUMIFS('Giờ công'!I:I,'Giờ công'!G:G,B31,'Giờ công'!H:H,C31) -> 2.15 | H31: =SUMIFS('Giờ công'!J:J,'Giờ công'!G:G,B31,'Giờ công'!H:H,C31) -> 48.1 | I31: =_xludf.ifs(R31>=30,16,R31=29,8,TRUE,"") -> #NAME? | J31: 6 | K31: 6 | N31: =SUMIFS('Tăng ca lễ'!M:M,'Tăng ca lễ'!K:K,B31,'Tăng ca lễ'!L:L,C31) -> 0 | O31: =IF(OR(D31 = "PT",D31 = "DSHV"), SUMIFS('Tăng ca lễ'!O:O,'Tăng ca lễ'!K:K,B31,'Tăng ca lễ'!L:L,C31)*2, SUMIFS('Tăng ca lễ'!O:O,'Tăng ca lễ'!K:K,B31,'Tăng ca lễ'!L:L,C31)*3) -> 0 | P31: =IF(OR(D31 = "PT", D31 = "DSHV"), SUMIFS('Tăng ca lễ'!P:P,'Tăng ca lễ'!K:K,B31,'Tăng ca lễ'!L:L,C31)*2, SUMIFS('Tăng ca lễ'!P:P,'Tăng ca lễ'!K:K,B31,'Tăng ca lễ'!L:L,C31)*3) -> 0 | R31: =SUMIFS('Ngày công'!M:M,'Ngày công'!K:K,B31,'Ngày công'!L:L,C31) -> 6 | S31: =SUMIFS('Công Đào tạo'!G:G,'Công Đào tạo'!E:E,B31,'Công Đào tạo'!F:F,C31) -> 0 | T31: 0 | X31: =IFERROR(__xludf.DUMMYFUNCTION("IF($C31="""","""", IF( TRIM($D31)=""DSCD"", MIN( 1500000, ROUND(1500000/28*MIN(N($J31),28),0) ), IF( AND( REGEXMATCH(TRIM($D31),""^(DSXC|DSBC|CHT|DSTV)$""), N($H31)>=160 ), MIN( 1500000, ROUND(1500000/28*MIN(N($K31)"&",28),0) ), 0 ) ) )"),0) -> 0 | AA31: {=IF($C31="","", IFERROR( _xludf.LET( cnChinh, _xlfn.XLOOKUP( TRIM($C31), TRIM(KPI!$B$2:$B1043), KPI!$A$2:$A1043, "" ), IF( TRIM($B31)=TRIM(cnChinh), _xlfn.XLOOKUP( TRIM($C31), TRIM('MiniKat - HCM'!$A$2:$A1043), 'MiniKat - HCM'!$J$2:$J1043, "" ), "" ) ), "" ) )} | AC31: {=IFERROR(_xlfn.XLOOKUP(C31, whatsapp!A:A,whatsapp!D:D), " ")} | AD31: {=IF($C31="","", IFERROR( _xludf.LET( cnChinh, _xlfn.XLOOKUP( TRIM($C31), TRIM(KPI!$B$2:$B1043), KPI!$A$2:$A1043, "" ), IF( TRIM($B31)=TRIM(cnChinh), _xlfn.XLOOKUP( TRIM($C31), TRIM('Dự án'!$B$2:$B1043), 'Dự án'!$C$2:$C1043, "" ), "" ) ), "" ) )} | AE31: =SUMIFS(KPI!C:C,KPI!A:A,B31,KPI!B:B,C31) -> 0 | AF31: =SUMIFS('Thưởng CK'!C:C,'Thưởng CK'!A:A,B31,'Thưởng CK'!B:B,C31) -> 0 | AG31: =SUMIFS('Cận date'!C:C,'Cận date'!A:A,B31,'Cận date'!B:B,C31) -> 0 | AH31: =SUMIFS(Map!D:D,Map!B:B,B31,Map!A:A,C31) -> 0 | AJ31: =SUM(AK31:AO31) -> 0 | AK31: =SUMIFS('KPI trừ'!C:C,'KPI trừ'!A:A,B31,'KPI trừ'!B:B,C31) -> 0 | AL31: =SUMIFS('KPI trừ'!D:D,'KPI trừ'!A:A,B31,'KPI trừ'!B:B,C31) -> 0 | AM31: =SUMIFS('KPI trừ'!E:E,'KPI trừ'!A:A,B31,'KPI trừ'!B:B,C31) -> 0 | AN31: =SUMIFS('KPI trừ'!F:F,'KPI trừ'!A:A,B31,'KPI trừ'!B:B,C31) -> 0 | AO31: =SUMIFS('KPI trừ'!G:G,'KPI trừ'!A:A,B31,'KPI trừ'!B:B,C31) -> 0 | AP31: =IFERROR(__xludf.DUMMYFUNCTION("IFERROR(TEXTJOIN("" "", TRUE, FILTER('KPI trừ'!H:H, ('KPI trừ'!A:A=B31) * ('KPI trừ'!B:B=C31))), """")"),"") | AQ31: =IFERROR(__xludf.DUMMYFUNCTION("IFERROR( MAX( QUERY( FILTER( {'Ngày công'!$C$2:$C$5000,'Ngày công'!$F$2:$F$5000}, TRIM('Ngày công'!$B$2:$B$5000)=TRIM($C31) ), ""select sum(Col2) where Col1 is not null group by Col1 label sum(Col2) ''"", 0 ) ), 0 )"),12) -> 12
A32: #NAME? | B32: Minh Châu | C32: Nguyễn Ngọc Thùy | D32: DSTV | E32: =G32+I32+L32+O32+S32+T32 -> #NAME? | F32: =H32+P32 -> 16.066667 | G32: =SUMIFS('Giờ công'!I:I,'Giờ công'!G:G,B32,'Giờ công'!H:H,C32) -> 119.25 | H32: =SUMIFS('Giờ công'!J:J,'Giờ công'!G:G,B32,'Giờ công'!H:H,C32) -> 16.066667 | I32: =_xludf.ifs(R32>=30,16,R32=29,8,TRUE,"") -> #NAME? | J32: 16 | K32: 2 | N32: =SUMIFS('Tăng ca lễ'!M:M,'Tăng ca lễ'!K:K,B32,'Tăng ca lễ'!L:L,C32) -> 0 | O32: =IF(OR(D32 = "PT",D32 = "DSHV"), SUMIFS('Tăng ca lễ'!O:O,'Tăng ca lễ'!K:K,B32,'Tăng ca lễ'!L:L,C32)*2, SUMIFS('Tăng ca lễ'!O:O,'Tăng ca lễ'!K:K,B32,'Tăng ca lễ'!L:L,C32)*3) -> 0 | P32: =IF(OR(D32 = "PT", D32 = "DSHV"), SUMIFS('Tăng ca lễ'!P:P,'Tăng ca lễ'!K:K,B32,'Tăng ca lễ'!L:L,C32)*2, SUMIFS('Tăng ca lễ'!P:P,'Tăng ca lễ'!K:K,B32,'Tăng ca lễ'!L:L,C32)*3) -> 0 | R32: =SUMIFS('Ngày công'!M:M,'Ngày công'!K:K,B32,'Ngày công'!L:L,C32) -> 16 | S32: =SUMIFS('Công Đào tạo'!G:G,'Công Đào tạo'!E:E,B32,'Công Đào tạo'!F:F,C32) -> 2 | T32: 0 | X32: =IFERROR(__xludf.DUMMYFUNCTION("IF($C32="""","""", IF( TRIM($D32)=""DSCD"", MIN( 1500000, ROUND(1500000/28*MIN(N($J32),28),0) ), IF( AND( REGEXMATCH(TRIM($D32),""^(DSXC|DSBC|CHT|DSTV)$""), N($H32)>=160 ), MIN( 1500000, ROUND(1500000/28*MIN(N($K32)"&",28),0) ), 0 ) ) )"),0) -> 0 | AA32: {=IF($C32="","", IFERROR( _xludf.LET( cnChinh, _xlfn.XLOOKUP( TRIM($C32), TRIM(KPI!$B$2:$B1043), KPI!$A$2:$A1043, "" ), IF( TRIM($B32)=TRIM(cnChinh), _xlfn.XLOOKUP( TRIM($C32), TRIM('MiniKat - HCM'!$A$2:$A1043), 'MiniKat - HCM'!$J$2:$J1043, "" ), "" ) ), "" ) )} | AC32: {=IFERROR(_xlfn.XLOOKUP(C32, whatsapp!A:A,whatsapp!D:D), " ")} | AD32: {=IF($C32="","", IFERROR( _xludf.LET( cnChinh, _xlfn.XLOOKUP( TRIM($C32), TRIM(KPI!$B$2:$B1043), KPI!$A$2:$A1043, "" ), IF( TRIM($B32)=TRIM(cnChinh), _xlfn.XLOOKUP( TRIM($C32), TRIM('Dự án'!$B$2:$B1043), 'Dự án'!$C$2:$C1043, "" ), "" ) ), "" ) )} | AE32: =SUMIFS(KPI!C:C,KPI!A:A,B32,KPI!B:B,C32) -> 0 | AF32: =SUMIFS('Thưởng CK'!C:C,'Thưởng CK'!A:A,B32,'Thưởng CK'!B:B,C32) -> 0 | AG32: =SUMIFS('Cận date'!C:C,'Cận date'!A:A,B32,'Cận date'!B:B,C32) -> 0 | AH32: =SUMIFS(Map!D:D,Map!B:B,B32,Map!A:A,C32) -> 0 | AJ32: =SUM(AK32:AO32) -> 0 | AK32: =SUMIFS('KPI trừ'!C:C,'KPI trừ'!A:A,B32,'KPI trừ'!B:B,C32) -> 0 | AL32: =SUMIFS('KPI trừ'!D:D,'KPI trừ'!A:A,B32,'KPI trừ'!B:B,C32) -> 0 | AM32: =SUMIFS('KPI trừ'!E:E,'KPI trừ'!A:A,B32,'KPI trừ'!B:B,C32) -> 0 | AN32: =SUMIFS('KPI trừ'!F:F,'KPI trừ'!A:A,B32,'KPI trừ'!B:B,C32) -> 0 | AO32: =SUMIFS('KPI trừ'!G:G,'KPI trừ'!A:A,B32,'KPI trừ'!B:B,C32) -> 0 | AP32: =IFERROR(__xludf.DUMMYFUNCTION("IFERROR(TEXTJOIN("" "", TRUE, FILTER('KPI trừ'!H:H, ('KPI trừ'!A:A=B32) * ('KPI trừ'!B:B=C32))), """")"),"") | AQ32: =IFERROR(__xludf.DUMMYFUNCTION("IFERROR( MAX( QUERY( FILTER( {'Ngày công'!$C$2:$C$5000,'Ngày công'!$F$2:$F$5000}, TRIM('Ngày công'!$B$2:$B$5000)=TRIM($C32) ), ""select sum(Col2) where Col1 is not null group by Col1 label sum(Col2) ''"", 0 ) ), 0 )"),16.0166666666666) -> 16.016667
A33: #NAME? | B33: Minh Châu | C33: Nguyễn Ngọc Đài Trang | D33: DSHV | E33: =G33+I33+L33+O33+S33+T33 -> #NAME? | F33: =H33+P33 -> 0 | G33: =SUMIFS('Giờ công'!I:I,'Giờ công'!G:G,B33,'Giờ công'!H:H,C33) -> 184.28333 | H33: =SUMIFS('Giờ công'!J:J,'Giờ công'!G:G,B33,'Giờ công'!H:H,C33) -> 0 | I33: =_xludf.ifs(R33>=30,16,R33=29,8,TRUE,"") -> #NAME? | J33: 23 | K33: 0 | N33: =SUMIFS('Tăng ca lễ'!M:M,'Tăng ca lễ'!K:K,B33,'Tăng ca lễ'!L:L,C33) -> 0 | O33: =IF(OR(D33 = "PT",D33 = "DSHV"), SUMIFS('Tăng ca lễ'!O:O,'Tăng ca lễ'!K:K,B33,'Tăng ca lễ'!L:L,C33)*2, SUMIFS('Tăng ca lễ'!O:O,'Tăng ca lễ'!K:K,B33,'Tăng ca lễ'!L:L,C33)*3) -> 0 | P33: =IF(OR(D33 = "PT", D33 = "DSHV"), SUMIFS('Tăng ca lễ'!P:P,'Tăng ca lễ'!K:K,B33,'Tăng ca lễ'!L:L,C33)*2, SUMIFS('Tăng ca lễ'!P:P,'Tăng ca lễ'!K:K,B33,'Tăng ca lễ'!L:L,C33)*3) -> 0 | R33: =SUMIFS('Ngày công'!M:M,'Ngày công'!K:K,B33,'Ngày công'!L:L,C33) -> 23 | S33: =SUMIFS('Công Đào tạo'!G:G,'Công Đào tạo'!E:E,B33,'Công Đào tạo'!F:F,C33) -> 0 | T33: 0 | X33: =IFERROR(__xludf.DUMMYFUNCTION("IF($C33="""","""", IF( TRIM($D33)=""DSCD"", MIN( 1500000, ROUND(1500000/28*MIN(N($J33),28),0) ), IF( AND( REGEXMATCH(TRIM($D33),""^(DSXC|DSBC|CHT|DSTV)$""), N($H33)>=160 ), MIN( 1500000, ROUND(1500000/28*MIN(N($K33)"&",28),0) ), 0 ) ) )"),0) -> 0 | AA33: {=IF($C33="","", IFERROR( _xludf.LET( cnChinh, _xlfn.XLOOKUP( TRIM($C33), TRIM(KPI!$B$2:$B1043), KPI!$A$2:$A1043, "" ), IF( TRIM($B33)=TRIM(cnChinh), _xlfn.XLOOKUP( TRIM($C33), TRIM('MiniKat - HCM'!$A$2:$A1043), 'MiniKat - HCM'!$J$2:$J1043, "" ), "" ) ), "" ) )} | AC33: {=IFERROR(_xlfn.XLOOKUP(C33, whatsapp!A:A,whatsapp!D:D), " ")} | AD33: {=IF($C33="","", IFERROR( _xludf.LET( cnChinh, _xlfn.XLOOKUP( TRIM($C33), TRIM(KPI!$B$2:$B1043), KPI!$A$2:$A1043, "" ), IF( TRIM($B33)=TRIM(cnChinh), _xlfn.XLOOKUP( TRIM($C33), TRIM('Dự án'!$B$2:$B1043), 'Dự án'!$C$2:$C1043, "" ), "" ) ), "" ) )} | AE33: =SUMIFS(KPI!C:C,KPI!A:A,B33,KPI!B:B,C33) -> 0 | AF33: =SUMIFS('Thưởng CK'!C:C,'Thưởng CK'!A:A,B33,'Thưởng CK'!B:B,C33) -> 0 | AG33: =SUMIFS('Cận date'!C:C,'Cận date'!A:A,B33,'Cận date'!B:B,C33) -> 0 | AH33: =SUMIFS(Map!D:D,Map!B:B,B33,Map!A:A,C33) -> 0 | AJ33: =SUM(AK33:AO33) -> 0 | AK33: =SUMIFS('KPI trừ'!C:C,'KPI trừ'!A:A,B33,'KPI trừ'!B:B,C33) -> 0 | AL33: =SUMIFS('KPI trừ'!D:D,'KPI trừ'!A:A,B33,'KPI trừ'!B:B,C33) -> 0 | AM33: =SUMIFS('KPI trừ'!E:E,'KPI trừ'!A:A,B33,'KPI trừ'!B:B,C33) -> 0 | AN33: =SUMIFS('KPI trừ'!F:F,'KPI trừ'!A:A,B33,'KPI trừ'!B:B,C33) -> 0 | AO33: =SUMIFS('KPI trừ'!G:G,'KPI trừ'!A:A,B33,'KPI trừ'!B:B,C33) -> 0 | AP33: =IFERROR(__xludf.DUMMYFUNCTION("IFERROR(TEXTJOIN("" "", TRUE, FILTER('KPI trừ'!H:H, ('KPI trừ'!A:A=B33) * ('KPI trừ'!B:B=C33))), """")"),"") | AQ33: =IFERROR(__xludf.DUMMYFUNCTION("IFERROR( MAX( QUERY( FILTER( {'Ngày công'!$C$2:$C$5000,'Ngày công'!$F$2:$F$5000}, TRIM('Ngày công'!$B$2:$B$5000)=TRIM($C33) ), ""select sum(Col2) where Col1 is not null group by Col1 label sum(Col2) ''"", 0 ) ), 0 )"),8.11666666666666) -> 8.1166667
A34: #NAME? | B34: Minh Châu | C34: Phan Công Vũ Tài | D34: DSBC | E34: =G34+I34+L34+O34+S34+T34 -> #NAME? | F34: =H34+P34 -> 166.5 | G34: =SUMIFS('Giờ công'!I:I,'Giờ công'!G:G,B34,'Giờ công'!H:H,C34) -> 102.28333 | H34: =SUMIFS('Giờ công'!J:J,'Giờ công'!G:G,B34,'Giờ công'!H:H,C34) -> 166.5 | I34: =_xludf.ifs(R34>=30,16,R34=29,8,TRUE,"") -> #NAME? | J34: 29 | K34: 21 | N34: =SUMIFS('Tăng ca lễ'!M:M,'Tăng ca lễ'!K:K,B34,'Tăng ca lễ'!L:L,C34) -> 0 | O34: =IF(OR(D34 = "PT",D34 = "DSHV"), SUMIFS('Tăng ca lễ'!O:O,'Tăng ca lễ'!K:K,B34,'Tăng ca lễ'!L:L,C34)*2, SUMIFS('Tăng ca lễ'!O:O,'Tăng ca lễ'!K:K,B34,'Tăng ca lễ'!L:L,C34)*3) -> 0 | P34: =IF(OR(D34 = "PT", D34 = "DSHV"), SUMIFS('Tăng ca lễ'!P:P,'Tăng ca lễ'!K:K,B34,'Tăng ca lễ'!L:L,C34)*2, SUMIFS('Tăng ca lễ'!P:P,'Tăng ca lễ'!K:K,B34,'Tăng ca lễ'!L:L,C34)*3) -> 0 | R34: =SUMIFS('Ngày công'!M:M,'Ngày công'!K:K,B34,'Ngày công'!L:L,C34) -> 29 | S34: =SUMIFS('Công Đào tạo'!G:G,'Công Đào tạo'!E:E,B34,'Công Đào tạo'!F:F,C34) -> 0 | T34: 0 | X34: =IFERROR(__xludf.DUMMYFUNCTION("IF($C34="""","""", IF( TRIM($D34)=""DSCD"", MIN( 1500000, ROUND(1500000/28*MIN(N($J34),28),0) ), IF( AND( REGEXMATCH(TRIM($D34),""^(DSXC|DSBC|CHT|DSTV)$""), N($H34)>=160 ), MIN( 1500000, ROUND(1500000/28*MIN(N($K34)"&",28),0) ), 0 ) ) )"),1125000) -> 1125000 | AA34: {=IF($C34="","", IFERROR( _xludf.LET( cnChinh, _xlfn.XLOOKUP( TRIM($C34), TRIM(KPI!$B$2:$B1043), KPI!$A$2:$A1043, "" ), IF( TRIM($B34)=TRIM(cnChinh), _xlfn.XLOOKUP( TRIM($C34), TRIM('MiniKat - HCM'!$A$2:$A1043), 'MiniKat - HCM'!$J$2:$J1043, "" ), "" ) ), "" ) )} | AC34: {=IFERROR(_xlfn.XLOOKUP(C34, whatsapp!A:A,whatsapp!D:D), " ")} | AD34: {=IF($C34="","", IFERROR( _xludf.LET( cnChinh, _xlfn.XLOOKUP( TRIM($C34), TRIM(KPI!$B$2:$B1043), KPI!$A$2:$A1043, "" ), IF( TRIM($B34)=TRIM(cnChinh), _xlfn.XLOOKUP( TRIM($C34), TRIM('Dự án'!$B$2:$B1043), 'Dự án'!$C$2:$C1043, "" ), "" ) ), "" ) )} | AE34: =SUMIFS(KPI!C:C,KPI!A:A,B34,KPI!B:B,C34) -> 1718096 | AF34: =SUMIFS('Thưởng CK'!C:C,'Thưởng CK'!A:A,B34,'Thưởng CK'!B:B,C34) -> 2985250 | AG34: =SUMIFS('Cận date'!C:C,'Cận date'!A:A,B34,'Cận date'!B:B,C34) -> 4680 | AH34: =SUMIFS(Map!D:D,Map!B:B,B34,Map!A:A,C34) -> 0 | AJ34: =SUM(AK34:AO34) -> 0 | AK34: =SUMIFS('KPI trừ'!C:C,'KPI trừ'!A:A,B34,'KPI trừ'!B:B,C34) -> 0 | AL34: =SUMIFS('KPI trừ'!D:D,'KPI trừ'!A:A,B34,'KPI trừ'!B:B,C34) -> 0 | AM34: =SUMIFS('KPI trừ'!E:E,'KPI trừ'!A:A,B34,'KPI trừ'!B:B,C34) -> 0 | AN34: =SUMIFS('KPI trừ'!F:F,'KPI trừ'!A:A,B34,'KPI trừ'!B:B,C34) -> 0 | AO34: =SUMIFS('KPI trừ'!G:G,'KPI trừ'!A:A,B34,'KPI trừ'!B:B,C34) -> 0 | AQ34: =IFERROR(__xludf.DUMMYFUNCTION("IFERROR( MAX( QUERY( FILTER( {'Ngày công'!$C$2:$C$5000,'Ngày công'!$F$2:$F$5000}, TRIM('Ngày công'!$B$2:$B$5000)=TRIM($C34) ), ""select sum(Col2) where Col1 is not null group by Col1 label sum(Col2) ''"", 0 ) ), 0 )"),18.1166666666666) -> 18.116667
A35: #NAME? | B35: Minh Châu | C35: Thái Thùy Linh | D35: CHT | E35: =G35+I35+L35+O35+S35+T35 -> #NAME? | F35: =H35+P35 -> 32.666667 | G35: =SUMIFS('Giờ công'!I:I,'Giờ công'!G:G,B35,'Giờ công'!H:H,C35) -> 297.9 | H35: =SUMIFS('Giờ công'!J:J,'Giờ công'!G:G,B35,'Giờ công'!H:H,C35) -> 32.666667 | I35: =_xludf.ifs(R35>=30,16,R35=29,8,TRUE,"") -> #NAME? | J35: 30 | K35: 4 | N35: =SUMIFS('Tăng ca lễ'!M:M,'Tăng ca lễ'!K:K,B35,'Tăng ca lễ'!L:L,C35) -> 0 | O35: =IF(OR(D35 = "PT",D35 = "DSHV"), SUMIFS('Tăng ca lễ'!O:O,'Tăng ca lễ'!K:K,B35,'Tăng ca lễ'!L:L,C35)*2, SUMIFS('Tăng ca lễ'!O:O,'Tăng ca lễ'!K:K,B35,'Tăng ca lễ'!L:L,C35)*3) -> 0 | P35: =IF(OR(D35 = "PT", D35 = "DSHV"), SUMIFS('Tăng ca lễ'!P:P,'Tăng ca lễ'!K:K,B35,'Tăng ca lễ'!L:L,C35)*2, SUMIFS('Tăng ca lễ'!P:P,'Tăng ca lễ'!K:K,B35,'Tăng ca lễ'!L:L,C35)*3) -> 0 | R35: =SUMIFS('Ngày công'!M:M,'Ngày công'!K:K,B35,'Ngày công'!L:L,C35) -> 30 | S35: =SUMIFS('Công Đào tạo'!G:G,'Công Đào tạo'!E:E,B35,'Công Đào tạo'!F:F,C35) -> 0 | T35: 0 | V35: =2000000*0.75 -> 1500000 | X35: =IFERROR(__xludf.DUMMYFUNCTION("IF($C35="""","""", IF( TRIM($D35)=""DSCD"", MIN( 1500000, ROUND(1500000/28*MIN(N($J35),28),0) ), IF( AND( REGEXMATCH(TRIM($D35),""^(DSXC|DSBC|CHT|DSTV)$""), N($H35)>=160 ), MIN( 1500000, ROUND(1500000/28*MIN(N($K35)"&",28),0) ), 0 ) ) )"),0) -> 0 | AA35: {=IF($C35="","", IFERROR( _xludf.LET( cnChinh, _xlfn.XLOOKUP( TRIM($C35), TRIM(KPI!$B$2:$B1043), KPI!$A$2:$A1043, "" ), IF( TRIM($B35)=TRIM(cnChinh), _xlfn.XLOOKUP( TRIM($C35), TRIM('MiniKat - HCM'!$A$2:$A1043), 'MiniKat - HCM'!$J$2:$J1043, "" ), "" ) ), "" ) )} | AB35: 300000 | AC35: {=IFERROR(_xlfn.XLOOKUP(C35, whatsapp!A:A,whatsapp!D:D), " ")} | AD35: {=IF($C35="","", IFERROR( _xludf.LET( cnChinh, _xlfn.XLOOKUP( TRIM($C35), TRIM(KPI!$B$2:$B1043), KPI!$A$2:$A1043, "" ), IF( TRIM($B35)=TRIM(cnChinh), _xlfn.XLOOKUP( TRIM($C35), TRIM('Dự án'!$B$2:$B1043), 'Dự án'!$C$2:$C1043, "" ), "" ) ), "" ) )} | AE35: =SUMIFS(KPI!C:C,KPI!A:A,B35,KPI!B:B,C35) -> 0 | AF35: =SUMIFS('Thưởng CK'!C:C,'Thưởng CK'!A:A,B35,'Thưởng CK'!B:B,C35) -> 1269800 | AG35: =SUMIFS('Cận date'!C:C,'Cận date'!A:A,B35,'Cận date'!B:B,C35) -> 9980 | AH35: =SUMIFS(Map!D:D,Map!B:B,B35,Map!A:A,C35) -> 0 | AJ35: =SUM(AK35:AO35) -> 0 | AK35: =SUMIFS('KPI trừ'!C:C,'KPI trừ'!A:A,B35,'KPI trừ'!B:B,C35) -> 0 | AL35: =SUMIFS('KPI trừ'!D:D,'KPI trừ'!A:A,B35,'KPI trừ'!B:B,C35) -> 0 | AM35: =SUMIFS('KPI trừ'!E:E,'KPI trừ'!A:A,B35,'KPI trừ'!B:B,C35) -> 0 | AN35: =SUMIFS('KPI trừ'!F:F,'KPI trừ'!A:A,B35,'KPI trừ'!B:B,C35) -> 0 | AO35: =SUMIFS('KPI trừ'!G:G,'KPI trừ'!A:A,B35,'KPI trừ'!B:B,C35) -> 0 | AP35: =IFERROR(__xludf.DUMMYFUNCTION("IFERROR(TEXTJOIN("" "", TRUE, FILTER('KPI trừ'!H:H, ('KPI trừ'!A:A=B35) * ('KPI trừ'!B:B=C35))), """")"),"") | AQ35: =IFERROR(__xludf.DUMMYFUNCTION("IFERROR( MAX( QUERY( FILTER( {'Ngày công'!$C$2:$C$5000,'Ngày công'!$F$2:$F$5000}, TRIM('Ngày công'!$B$2:$B$5000)=TRIM($C35) ), ""select sum(Col2) where Col1 is not null group by Col1 label sum(Col2) ''"", 0 ) ), 0 )"),16.2333333333333) -> 16.233333
A36: #NAME? | B36: Minh Châu | C36: Trịnh Thị Phượng | D36: DSCD | E36: =G36+I36+L36+O36+S36+T36 -> #NAME? | F36: =H36+P36 -> 187.46667 | G36: =SUMIFS('Giờ công'!I:I,'Giờ công'!G:G,B36,'Giờ công'!H:H,C36) -> 0 | H36: =SUMIFS('Giờ công'!J:J,'Giờ công'!G:G,B36,'Giờ công'!H:H,C36) -> 187.46667 | I36: =_xludf.ifs(R36>=30,16,R36=29,8,TRUE,"") -> #NAME? | J36: 24 | K36: 23 | N36: =SUMIFS('Tăng ca lễ'!M:M,'Tăng ca lễ'!K:K,B36,'Tăng ca lễ'!L:L,C36) -> 0 | O36: =IF(OR(D36 = "PT",D36 = "DSHV"), SUMIFS('Tăng ca lễ'!O:O,'Tăng ca lễ'!K:K,B36,'Tăng ca lễ'!L:L,C36)*2, SUMIFS('Tăng ca lễ'!O:O,'Tăng ca lễ'!K:K,B36,'Tăng ca lễ'!L:L,C36)*3) -> 0 | P36: =IF(OR(D36 = "PT", D36 = "DSHV"), SUMIFS('Tăng ca lễ'!P:P,'Tăng ca lễ'!K:K,B36,'Tăng ca lễ'!L:L,C36)*2, SUMIFS('Tăng ca lễ'!P:P,'Tăng ca lễ'!K:K,B36,'Tăng ca lễ'!L:L,C36)*3) -> 0 | R36: =SUMIFS('Ngày công'!M:M,'Ngày công'!K:K,B36,'Ngày công'!L:L,C36) -> 23 | S36: =SUMIFS('Công Đào tạo'!G:G,'Công Đào tạo'!E:E,B36,'Công Đào tạo'!F:F,C36) -> 0 | T36: 0 | X36: =IFERROR(__xludf.DUMMYFUNCTION("IF($C36="""","""", IF( TRIM($D36)=""DSCD"", MIN( 1500000, ROUND(1500000/28*MIN(N($J36),28),0) ), IF( AND( REGEXMATCH(TRIM($D36),""^(DSXC|DSBC|CHT|DSTV)$""), N($H36)>=160 ), MIN( 1500000, ROUND(1500000/28*MIN(N($K36)"&",28),0) ), 0 ) ) )"),1285714) -> 1285714 | AA36: {=IF($C36="","", IFERROR( _xludf.LET( cnChinh, _xlfn.XLOOKUP( TRIM($C36), TRIM(KPI!$B$2:$B1043), KPI!$A$2:$A1043, "" ), IF( TRIM($B36)=TRIM(cnChinh), _xlfn.XLOOKUP( TRIM($C36), TRIM('MiniKat - HCM'!$A$2:$A1043), 'MiniKat - HCM'!$J$2:$J1043, "" ), "" ) ), "" ) )} | AC36: {=IFERROR(_xlfn.XLOOKUP(C36, whatsapp!A:A,whatsapp!D:D), " ")} | AD36: {=IF($C36="","", IFERROR( _xludf.LET( cnChinh, _xlfn.XLOOKUP( TRIM($C36), TRIM(KPI!$B$2:$B1043), KPI!$A$2:$A1043, "" ), IF( TRIM($B36)=TRIM(cnChinh), _xlfn.XLOOKUP( TRIM($C36), TRIM('Dự án'!$B$2:$B1043), 'Dự án'!$C$2:$C1043, "" ), "" ) ), "" ) )} | AE36: =SUMIFS(KPI!C:C,KPI!A:A,B36,KPI!B:B,C36) -> 1249096 | AF36: =SUMIFS('Thưởng CK'!C:C,'Thưởng CK'!A:A,B36,'Thưởng CK'!B:B,C36) -> 2634550 | AG36: =SUMIFS('Cận date'!C:C,'Cận date'!A:A,B36,'Cận date'!B:B,C36) -> 1620 | AH36: =SUMIFS(Map!D:D,Map!B:B,B36,Map!A:A,C36) -> 0 | AJ36: =SUM(AK36:AO36) -> 0 | AK36: =SUMIFS('KPI trừ'!C:C,'KPI trừ'!A:A,B36,'KPI trừ'!B:B,C36) -> 0 | AL36: =SUMIFS('KPI trừ'!D:D,'KPI trừ'!A:A,B36,'KPI trừ'!B:B,C36) -> 0 | AM36: =SUMIFS('KPI trừ'!E:E,'KPI trừ'!A:A,B36,'KPI trừ'!B:B,C36) -> 0 | AN36: =SUMIFS('KPI trừ'!F:F,'KPI trừ'!A:A,B36,'KPI trừ'!B:B,C36) -> 0 | AO36: =SUMIFS('KPI trừ'!G:G,'KPI trừ'!A:A,B36,'KPI trừ'!B:B,C36) -> 0 | AP36: =IFERROR(__xludf.DUMMYFUNCTION("IFERROR(TEXTJOIN("" "", TRUE, FILTER('KPI trừ'!H:H, ('KPI trừ'!A:A=B36) * ('KPI trừ'!B:B=C36))), """")"),"") | AQ36: =IFERROR(__xludf.DUMMYFUNCTION("IFERROR( MAX( QUERY( FILTER( {'Ngày công'!$C$2:$C$5000,'Ngày công'!$F$2:$F$5000}, TRIM('Ngày công'!$B$2:$B$5000)=TRIM($C36) ), ""select sum(Col2) where Col1 is not null group by Col1 label sum(Col2) ''"", 0 ) ), 0 )"),8.13333333333333) -> 8.1333333
A37: #NAME? | B37: Lê Bình | C37: Cù Thị Tường Vy | D37: CHT | E37: =G37+I37+L37+O37+S37+T37 -> #NAME? | F37: =H37+P37 -> 0 | G37: =SUMIFS('Giờ công'!I:I,'Giờ công'!G:G,B37,'Giờ công'!H:H,C37) -> 5 | H37: =SUMIFS('Giờ công'!J:J,'Giờ công'!G:G,B37,'Giờ công'!H:H,C37) -> 0 | I37: =_xludf.ifs(R37>=30,16,R37=29,8,TRUE,"") -> #NAME? | J37: 1 | K37: 0 | N37: =SUMIFS('Tăng ca lễ'!M:M,'Tăng ca lễ'!K:K,B37,'Tăng ca lễ'!L:L,C37) -> 0 | O37: =IF(OR(D37 = "PT",D37 = "DSHV"), SUMIFS('Tăng ca lễ'!O:O,'Tăng ca lễ'!K:K,B37,'Tăng ca lễ'!L:L,C37)*2, SUMIFS('Tăng ca lễ'!O:O,'Tăng ca lễ'!K:K,B37,'Tăng ca lễ'!L:L,C37)*3) -> 0 | P37: =IF(OR(D37 = "PT", D37 = "DSHV"), SUMIFS('Tăng ca lễ'!P:P,'Tăng ca lễ'!K:K,B37,'Tăng ca lễ'!L:L,C37)*2, SUMIFS('Tăng ca lễ'!P:P,'Tăng ca lễ'!K:K,B37,'Tăng ca lễ'!L:L,C37)*3) -> 0 | R37: =SUMIFS('Ngày công'!M:M,'Ngày công'!K:K,B37,'Ngày công'!L:L,C37) -> 1 | S37: =SUMIFS('Công Đào tạo'!G:G,'Công Đào tạo'!E:E,B37,'Công Đào tạo'!F:F,C37) -> 0 | T37: 0 | V37: =2000000*0.75 -> 1500000 | X37: =IFERROR(__xludf.DUMMYFUNCTION("IF($C37="""","""", IF( TRIM($D37)=""DSCD"", MIN( 1500000, ROUND(1500000/28*MIN(N($J37),28),0) ), IF( AND( REGEXMATCH(TRIM($D37),""^(DSXC|DSBC|CHT|DSTV)$""), N($H37)>=160 ), MIN( 1500000, ROUND(1500000/28*MIN(N($K37)"&",28),0) ), 0 ) ) )"),0) -> 0 | AA37: {=IF($C37="","", IFERROR( _xludf.LET( cnChinh, _xlfn.XLOOKUP( TRIM($C37), TRIM(KPI!$B$2:$B1043), KPI!$A$2:$A1043, "" ), IF( TRIM($B37)=TRIM(cnChinh), _xlfn.XLOOKUP( TRIM($C37), TRIM('MiniKat - HCM'!$A$2:$A1043), 'MiniKat - HCM'!$J$2:$J1043, "" ), "" ) ), "" ) )} | AC37: {=IFERROR(_xlfn.XLOOKUP(C37, whatsapp!A:A,whatsapp!D:D), " ")} | AD37: {=IF($C37="","", IFERROR( _xludf.LET( cnChinh, _xlfn.XLOOKUP( TRIM($C37), TRIM(KPI!$B$2:$B1043), KPI!$A$2:$A1043, "" ), IF( TRIM($B37)=TRIM(cnChinh), _xlfn.XLOOKUP( TRIM($C37), TRIM('Dự án'!$B$2:$B1043), 'Dự án'!$C$2:$C1043, "" ), "" ) ), "" ) )} | AE37: =SUMIFS(KPI!C:C,KPI!A:A,B37,KPI!B:B,C37) -> 0 | AF37: =SUMIFS('Thưởng CK'!C:C,'Thưởng CK'!A:A,B37,'Thưởng CK'!B:B,C37) -> 0 | AG37: =SUMIFS('Cận date'!C:C,'Cận date'!A:A,B37,'Cận date'!B:B,C37) -> 0 | AH37: =SUMIFS(Map!D:D,Map!B:B,B37,Map!A:A,C37) -> 0 | AJ37: =SUM(AK37:AO37) -> 0 | AK37: =SUMIFS('KPI trừ'!C:C,'KPI trừ'!A:A,B37,'KPI trừ'!B:B,C37) -> 0 | AL37: =SUMIFS('KPI trừ'!D:D,'KPI trừ'!A:A,B37,'KPI trừ'!B:B,C37) -> 0 | AM37: =SUMIFS('KPI trừ'!E:E,'KPI trừ'!A:A,B37,'KPI trừ'!B:B,C37) -> 0 | AN37: =SUMIFS('KPI trừ'!F:F,'KPI trừ'!A:A,B37,'KPI trừ'!B:B,C37) -> 0 | AO37: =SUMIFS('KPI trừ'!G:G,'KPI trừ'!A:A,B37,'KPI trừ'!B:B,C37) -> 0 | AP37: =IFERROR(__xludf.DUMMYFUNCTION("IFERROR(TEXTJOIN("" "", TRUE, FILTER('KPI trừ'!H:H, ('KPI trừ'!A:A=B37) * ('KPI trừ'!B:B=C37))), """")"),"") | AQ37: =IFERROR(__xludf.DUMMYFUNCTION("IFERROR( MAX( QUERY( FILTER( {'Ngày công'!$C$2:$C$5000,'Ngày công'!$F$2:$F$5000}, TRIM('Ngày công'!$B$2:$B$5000)=TRIM($C37) ), ""select sum(Col2) where Col1 is not null group by Col1 label sum(Col2) ''"", 0 ) ), 0 )"),25.5666666666666) -> 25.566667
A38: #NAME? | B38: Lê Bình | C38: Hoàng Lâm Gia Bảo | D38: DSTV | E38: =G38+I38+L38+O38+S38+T38 -> #NAME? | F38: =H38+P38 -> 1.5333333 | G38: =SUMIFS('Giờ công'!I:I,'Giờ công'!G:G,B38,'Giờ công'!H:H,C38) -> 137.73333 | H38: =SUMIFS('Giờ công'!J:J,'Giờ công'!G:G,B38,'Giờ công'!H:H,C38) -> 1.5333333 | I38: =_xludf.ifs(R38>=30,16,R38=29,8,TRUE,"") -> #NAME? | J38: 14 | K38: 0 | N38: =SUMIFS('Tăng ca lễ'!M:M,'Tăng ca lễ'!K:K,B38,'Tăng ca lễ'!L:L,C38) -> 0 | O38: =IF(OR(D38 = "PT",D38 = "DSHV"), SUMIFS('Tăng ca lễ'!O:O,'Tăng ca lễ'!K:K,B38,'Tăng ca lễ'!L:L,C38)*2, SUMIFS('Tăng ca lễ'!O:O,'Tăng ca lễ'!K:K,B38,'Tăng ca lễ'!L:L,C38)*3) -> 0 | P38: =IF(OR(D38 = "PT", D38 = "DSHV"), SUMIFS('Tăng ca lễ'!P:P,'Tăng ca lễ'!K:K,B38,'Tăng ca lễ'!L:L,C38)*2, SUMIFS('Tăng ca lễ'!P:P,'Tăng ca lễ'!K:K,B38,'Tăng ca lễ'!L:L,C38)*3) -> 0 | R38: =SUMIFS('Ngày công'!M:M,'Ngày công'!K:K,B38,'Ngày công'!L:L,C38) -> 14 | S38: =SUMIFS('Công Đào tạo'!G:G,'Công Đào tạo'!E:E,B38,'Công Đào tạo'!F:F,C38) -> 0 | T38: 0 | X38: =IFERROR(__xludf.DUMMYFUNCTION("IF($C38="""","""", IF( TRIM($D38)=""DSCD"", MIN( 1500000, ROUND(1500000/28*MIN(N($J38),28),0) ), IF( AND( REGEXMATCH(TRIM($D38),""^(DSXC|DSBC|CHT|DSTV)$""), N($H38)>=160 ), MIN( 1500000, ROUND(1500000/28*MIN(N($K38)"&",28),0) ), 0 ) ) )"),0) -> 0 | AA38: {=IF($C38="","", IFERROR( _xludf.LET( cnChinh, _xlfn.XLOOKUP( TRIM($C38), TRIM(KPI!$B$2:$B1043), KPI!$A$2:$A1043, "" ), IF( TRIM($B38)=TRIM(cnChinh), _xlfn.XLOOKUP( TRIM($C38), TRIM('MiniKat - HCM'!$A$2:$A1043), 'MiniKat - HCM'!$J$2:$J1043, "" ), "" ) ), "" ) )} | AC38: {=IFERROR(_xlfn.XLOOKUP(C38, whatsapp!A:A,whatsapp!D:D), " ")} | AD38: 500000 | AE38: =SUMIFS(KPI!C:C,KPI!A:A,B38,KPI!B:B,C38) -> 0 | AF38: =SUMIFS('Thưởng CK'!C:C,'Thưởng CK'!A:A,B38,'Thưởng CK'!B:B,C38) -> 733600 | AG38: =SUMIFS('Cận date'!C:C,'Cận date'!A:A,B38,'Cận date'!B:B,C38) -> 10985 | AH38: =SUMIFS(Map!D:D,Map!B:B,B38,Map!A:A,C38) -> 0 | AJ38: =SUM(AK38:AO38) -> 0 | AK38: =SUMIFS('KPI trừ'!C:C,'KPI trừ'!A:A,B38,'KPI trừ'!B:B,C38) -> 0 | AL38: =SUMIFS('KPI trừ'!D:D,'KPI trừ'!A:A,B38,'KPI trừ'!B:B,C38) -> 0 | AM38: =SUMIFS('KPI trừ'!E:E,'KPI trừ'!A:A,B38,'KPI trừ'!B:B,C38) -> 0 | AN38: =SUMIFS('KPI trừ'!F:F,'KPI trừ'!A:A,B38,'KPI trừ'!B:B,C38) -> 0 | AO38: =SUMIFS('KPI trừ'!G:G,'KPI trừ'!A:A,B38,'KPI trừ'!B:B,C38) -> 0 | AP38: =IFERROR(__xludf.DUMMYFUNCTION("IFERROR(TEXTJOIN("" "", TRUE, FILTER('KPI trừ'!H:H, ('KPI trừ'!A:A=B38) * ('KPI trừ'!B:B=C38))), """")"),"") | AQ38: =IFERROR(__xludf.DUMMYFUNCTION("IFERROR( MAX( QUERY( FILTER( {'Ngày công'!$C$2:$C$5000,'Ngày công'!$F$2:$F$5000}, TRIM('Ngày công'!$B$2:$B$5000)=TRIM($C38) ), ""select sum(Col2) where Col1 is not null group by Col1 label sum(Col2) ''"", 0 ) ), 0 )"),16) -> 16
A39: #NAME? | B39: Lê Bình | C39: Hồ Thị Minh Hòa | D39: Q.CHT | E39: =G39+I39+L39+O39+S39+T39 -> #NAME? | F39: =H39+P39 -> 24.883333 | G39: =SUMIFS('Giờ công'!I:I,'Giờ công'!G:G,B39,'Giờ công'!H:H,C39) -> 114.31667 | H39: =SUMIFS('Giờ công'!J:J,'Giờ công'!G:G,B39,'Giờ công'!H:H,C39) -> 24.883333 | I39: =_xludf.ifs(R39>=30,16,R39=29,8,TRUE,"") -> #NAME? | J39: 15 | K39: 3 | N39: =SUMIFS('Tăng ca lễ'!M:M,'Tăng ca lễ'!K:K,B39,'Tăng ca lễ'!L:L,C39) -> 0 | O39: =IF(OR(D39 = "PT",D39 = "DSHV"), SUMIFS('Tăng ca lễ'!O:O,'Tăng ca lễ'!K:K,B39,'Tăng ca lễ'!L:L,C39)*2, SUMIFS('Tăng ca lễ'!O:O,'Tăng ca lễ'!K:K,B39,'Tăng ca lễ'!L:L,C39)*3) -> 0 | P39: =IF(OR(D39 = "PT", D39 = "DSHV"), SUMIFS('Tăng ca lễ'!P:P,'Tăng ca lễ'!K:K,B39,'Tăng ca lễ'!L:L,C39)*2, SUMIFS('Tăng ca lễ'!P:P,'Tăng ca lễ'!K:K,B39,'Tăng ca lễ'!L:L,C39)*3) -> 0 | R39: =SUMIFS('Ngày công'!M:M,'Ngày công'!K:K,B39,'Ngày công'!L:L,C39) -> 14 | S39: =SUMIFS('Công Đào tạo'!G:G,'Công Đào tạo'!E:E,B39,'Công Đào tạo'!F:F,C39) -> 0 | T39: 0 | V39: =2000000/30*14 -> 933333.33 | X39: =IFERROR(__xludf.DUMMYFUNCTION("IF($C39="""","""", IF( TRIM($D39)=""DSCD"", MIN( 1500000, ROUND(1500000/28*MIN(N($J39),28),0) ), IF( AND( REGEXMATCH(TRIM($D39),""^(DSXC|DSBC|CHT|DSTV)$""), N($H39)>=160 ), MIN( 1500000, ROUND(1500000/28*MIN(N($K39)"&",28),0) ), 0 ) ) )"),0) -> 0 | AA39: {=IF($C39="","", IFERROR( _xludf.LET( cnChinh, _xlfn.XLOOKUP( TRIM($C39), TRIM(KPI!$B$2:$B1043), KPI!$A$2:$A1043, "" ), IF( TRIM($B39)=TRIM(cnChinh), _xlfn.XLOOKUP( TRIM($C39), TRIM('MiniKat - HCM'!$A$2:$A1043), 'MiniKat - HCM'!$J$2:$J1043, "" ), "" ) ), "" ) )} | AC39: {=IFERROR(_xlfn.XLOOKUP(C39, whatsapp!A:A,whatsapp!D:D), " ")} | AD39: {=IF($C39="","", IFERROR( _xludf.LET( cnChinh, _xlfn.XLOOKUP( TRIM($C39), TRIM(KPI!$B$2:$B1043), KPI!$A$2:$A1043, "" ), IF( TRIM($B39)=TRIM(cnChinh), _xlfn.XLOOKUP( TRIM($C39), TRIM('Dự án'!$B$2:$B1043), 'Dự án'!$C$2:$C1043, "" ), "" ) ), "" ) )} | AE39: =SUMIFS(KPI!C:C,KPI!A:A,B39,KPI!B:B,C39) -> 0 | AF39: =SUMIFS('Thưởng CK'!C:C,'Thưởng CK'!A:A,B39,'Thưởng CK'!B:B,C39) -> 1322010 | AG39: =SUMIFS('Cận date'!C:C,'Cận date'!A:A,B39,'Cận date'!B:B,C39) -> 290 | AH39: =SUMIFS(Map!D:D,Map!B:B,B39,Map!A:A,C39) -> 0 | AJ39: =SUM(AK39:AO39) -> 0 | AK39: =SUMIFS('KPI trừ'!C:C,'KPI trừ'!A:A,B39,'KPI trừ'!B:B,C39) -> 0 | AL39: =SUMIFS('KPI trừ'!D:D,'KPI trừ'!A:A,B39,'KPI trừ'!B:B,C39) -> 0 | AM39: =SUMIFS('KPI trừ'!E:E,'KPI trừ'!A:A,B39,'KPI trừ'!B:B,C39) -> 0 | AN39: =SUMIFS('KPI trừ'!F:F,'KPI trừ'!A:A,B39,'KPI trừ'!B:B,C39) -> 0 | AO39: =SUMIFS('KPI trừ'!G:G,'KPI trừ'!A:A,B39,'KPI trừ'!B:B,C39) -> 0 | AP39: =IFERROR(__xludf.DUMMYFUNCTION("IFERROR(TEXTJOIN("" "", TRUE, FILTER('KPI trừ'!H:H, ('KPI trừ'!A:A=B39) * ('KPI trừ'!B:B=C39))), """")"),"") | AQ39: =IFERROR(__xludf.DUMMYFUNCTION("IFERROR( MAX( QUERY( FILTER( {'Ngày công'!$C$2:$C$5000,'Ngày công'!$F$2:$F$5000}, TRIM('Ngày công'!$B$2:$B$5000)=TRIM($C39) ), ""select sum(Col2) where Col1 is not null group by Col1 label sum(Col2) ''"", 0 ) ), 0 )"),16.65) -> 16.65
A40: #NAME? | B40: Lê Bình | C40: Lê Thị Xuyến | D40: DSTV | E40: =G40+I40+L40+O40+S40+T40 -> #NAME? | F40: =H40+P40 -> 48.133333 | G40: =SUMIFS('Giờ công'!I:I,'Giờ công'!G:G,B40,'Giờ công'!H:H,C40) -> 28.533333 | H40: =SUMIFS('Giờ công'!J:J,'Giờ công'!G:G,B40,'Giờ công'!H:H,C40) -> 48.133333 | I40: =_xludf.ifs(R40>=30,16,R40=29,8,TRUE,"") -> #NAME? | J40: 8 | K40: 6 | N40: =SUMIFS('Tăng ca lễ'!M:M,'Tăng ca lễ'!K:K,B40,'Tăng ca lễ'!L:L,C40) -> 0 | O40: =IF(OR(D40 = "PT",D40 = "DSHV"), SUMIFS('Tăng ca lễ'!O:O,'Tăng ca lễ'!K:K,B40,'Tăng ca lễ'!L:L,C40)*2, SUMIFS('Tăng ca lễ'!O:O,'Tăng ca lễ'!K:K,B40,'Tăng ca lễ'!L:L,C40)*3) -> 0 | P40: =IF(OR(D40 = "PT", D40 = "DSHV"), SUMIFS('Tăng ca lễ'!P:P,'Tăng ca lễ'!K:K,B40,'Tăng ca lễ'!L:L,C40)*2, SUMIFS('Tăng ca lễ'!P:P,'Tăng ca lễ'!K:K,B40,'Tăng ca lễ'!L:L,C40)*3) -> 0 | R40: =SUMIFS('Ngày công'!M:M,'Ngày công'!K:K,B40,'Ngày công'!L:L,C40) -> 8 | S40: =SUMIFS('Công Đào tạo'!G:G,'Công Đào tạo'!E:E,B40,'Công Đào tạo'!F:F,C40) -> 7 | T40: 0 | X40: =IFERROR(__xludf.DUMMYFUNCTION("IF($C40="""","""", IF( TRIM($D40)=""DSCD"", MIN( 1500000, ROUND(1500000/28*MIN(N($J40),28),0) ), IF( AND( REGEXMATCH(TRIM($D40),""^(DSXC|DSBC|CHT|DSTV)$""), N($H40)>=160 ), MIN( 1500000, ROUND(1500000/28*MIN(N($K40)"&",28),0) ), 0 ) ) )"),0) -> 0 | AA40: {=IF($C40="","", IFERROR( _xludf.LET( cnChinh, _xlfn.XLOOKUP( TRIM($C40), TRIM(KPI!$B$2:$B1043), KPI!$A$2:$A1043, "" ), IF( TRIM($B40)=TRIM(cnChinh), _xlfn.XLOOKUP( TRIM($C40), TRIM('MiniKat - HCM'!$A$2:$A1043), 'MiniKat - HCM'!$J$2:$J1043, "" ), "" ) ), "" ) )} | AC40: {=IFERROR(_xlfn.XLOOKUP(C40, whatsapp!A:A,whatsapp!D:D), " ")} | AD40: {=IF($C40="","", IFERROR( _xludf.LET( cnChinh, _xlfn.XLOOKUP( TRIM($C40), TRIM(KPI!$B$2:$B1043), KPI!$A$2:$A1043, "" ), IF( TRIM($B40)=TRIM(cnChinh), _xlfn.XLOOKUP( TRIM($C40), TRIM('Dự án'!$B$2:$B1043), 'Dự án'!$C$2:$C1043, "" ), "" ) ), "" ) )} | AE40: =SUMIFS(KPI!C:C,KPI!A:A,B40,KPI!B:B,C40) -> 0 | AF40: =SUMIFS('Thưởng CK'!C:C,'Thưởng CK'!A:A,B40,'Thưởng CK'!B:B,C40) -> 0 | AG40: =SUMIFS('Cận date'!C:C,'Cận date'!A:A,B40,'Cận date'!B:B,C40) -> 0 | AH40: =SUMIFS(Map!D:D,Map!B:B,B40,Map!A:A,C40) -> 0 | AJ40: =SUM(AK40:AO40) -> 0 | AK40: =SUMIFS('KPI trừ'!C:C,'KPI trừ'!A:A,B40,'KPI trừ'!B:B,C40) -> 0 | AL40: =SUMIFS('KPI trừ'!D:D,'KPI trừ'!A:A,B40,'KPI trừ'!B:B,C40) -> 0 | AM40: =SUMIFS('KPI trừ'!E:E,'KPI trừ'!A:A,B40,'KPI trừ'!B:B,C40) -> 0 | AN40: =SUMIFS('KPI trừ'!F:F,'KPI trừ'!A:A,B40,'KPI trừ'!B:B,C40) -> 0 | AO40: =SUMIFS('KPI trừ'!G:G,'KPI trừ'!A:A,B40,'KPI trừ'!B:B,C40) -> 0 | AP40: =IFERROR(__xludf.DUMMYFUNCTION("IFERROR(TEXTJOIN("" "", TRUE, FILTER('KPI trừ'!H:H, ('KPI trừ'!A:A=B40) * ('KPI trừ'!B:B=C40))), """")"),"") | AQ40: =IFERROR(__xludf.DUMMYFUNCTION("IFERROR( MAX( QUERY( FILTER( {'Ngày công'!$C$2:$C$5000,'Ngày công'!$F$2:$F$5000}, TRIM('Ngày công'!$B$2:$B$5000)=TRIM($C40) ), ""select sum(Col2) where Col1 is not null group by Col1 label sum(Col2) ''"", 0 ) ), 0 )"),12) -> 12
A41: #NAME? | B41: Lê Bình | C41: Phan Công Vũ Tài | D41: DSBC | E41: =G41+I41+L41+O41+S41+T41 -> #NAME? | F41: =H41+P41 -> 31 | G41: =SUMIFS('Giờ công'!I:I,'Giờ công'!G:G,B41,'Giờ công'!H:H,C41) -> 0 | H41: =SUMIFS('Giờ công'!J:J,'Giờ công'!G:G,B41,'Giờ công'!H:H,C41) -> 31 | I41: =_xludf.ifs(R41>=30,16,R41=29,8,TRUE,"") -> #NAME? | J41: 4 | K41: 4 | N41: =SUMIFS('Tăng ca lễ'!M:M,'Tăng ca lễ'!K:K,B41,'Tăng ca lễ'!L:L,C41) -> 0 | O41: =IF(OR(D41 = "PT",D41 = "DSHV"), SUMIFS('Tăng ca lễ'!O:O,'Tăng ca lễ'!K:K,B41,'Tăng ca lễ'!L:L,C41)*2, SUMIFS('Tăng ca lễ'!O:O,'Tăng ca lễ'!K:K,B41,'Tăng ca lễ'!L:L,C41)*3) -> 0 | P41: =IF(OR(D41 = "PT", D41 = "DSHV"), SUMIFS('Tăng ca lễ'!P:P,'Tăng ca lễ'!K:K,B41,'Tăng ca lễ'!L:L,C41)*2, SUMIFS('Tăng ca lễ'!P:P,'Tăng ca lễ'!K:K,B41,'Tăng ca lễ'!L:L,C41)*3) -> 0 | R41: =SUMIFS('Ngày công'!M:M,'Ngày công'!K:K,B41,'Ngày công'!L:L,C41) -> 4 | S41: =SUMIFS('Công Đào tạo'!G:G,'Công Đào tạo'!E:E,B41,'Công Đào tạo'!F:F,C41) -> 0 | T41: 0 | X41: =IFERROR(__xludf.DUMMYFUNCTION("IF($C41="""","""", IF( TRIM($D41)=""DSCD"", MIN( 1500000, ROUND(1500000/28*MIN(N($J41),28),0) ), IF( AND( REGEXMATCH(TRIM($D41),""^(DSXC|DSBC|CHT|DSTV)$""), N($H41)>=160 ), MIN( 1500000, ROUND(1500000/28*MIN(N($K41)"&",28),0) ), 0 ) ) )"),0) -> 0 | AA41: {=IF($C41="","", IFERROR( _xludf.LET( cnChinh, _xlfn.XLOOKUP( TRIM($C41), TRIM(KPI!$B$2:$B1043), KPI!$A$2:$A1043, "" ), IF( TRIM($B41)=TRIM(cnChinh), _xlfn.XLOOKUP( TRIM($C41), TRIM('MiniKat - HCM'!$A$2:$A1043), 'MiniKat - HCM'!$J$2:$J1043, "" ), "" ) ), "" ) )} | AC41: {=IFERROR(_xlfn.XLOOKUP(C41, whatsapp!A:A,whatsapp!D:D), " ")} | AD41: {=IF($C41="","", IFERROR( _xludf.LET( cnChinh, _xlfn.XLOOKUP( TRIM($C41), TRIM(KPI!$B$2:$B1043), KPI!$A$2:$A1043, "" ), IF( TRIM($B41)=TRIM(cnChinh), _xlfn.XLOOKUP( TRIM($C41), TRIM('Dự án'!$B$2:$B1043), 'Dự án'!$C$2:$C1043, "" ), "" ) ), "" ) )} | AE41: =SUMIFS(KPI!C:C,KPI!A:A,B41,KPI!B:B,C41) -> 0 | AF41: =SUMIFS('Thưởng CK'!C:C,'Thưởng CK'!A:A,B41,'Thưởng CK'!B:B,C41) -> 0 | AG41: =SUMIFS('Cận date'!C:C,'Cận date'!A:A,B41,'Cận date'!B:B,C41) -> 0 | AH41: =SUMIFS(Map!D:D,Map!B:B,B41,Map!A:A,C41) -> 0 | AJ41: =SUM(AK41:AO41) -> 0 | AK41: =SUMIFS('KPI trừ'!C:C,'KPI trừ'!A:A,B41,'KPI trừ'!B:B,C41) -> 0 | AL41: =SUMIFS('KPI trừ'!D:D,'KPI trừ'!A:A,B41,'KPI trừ'!B:B,C41) -> 0 | AM41: =SUMIFS('KPI trừ'!E:E,'KPI trừ'!A:A,B41,'KPI trừ'!B:B,C41) -> 0 | AN41: =SUMIFS('KPI trừ'!F:F,'KPI trừ'!A:A,B41,'KPI trừ'!B:B,C41) -> 0 | AO41: =SUMIFS('KPI trừ'!G:G,'KPI trừ'!A:A,B41,'KPI trừ'!B:B,C41) -> 0 | AP41: =IFERROR(__xludf.DUMMYFUNCTION("IFERROR(TEXTJOIN("" "", TRUE, FILTER('KPI trừ'!H:H, ('KPI trừ'!A:A=B41) * ('KPI trừ'!B:B=C41))), """")"),"") | AQ41: =IFERROR(__xludf.DUMMYFUNCTION("IFERROR( MAX( QUERY( FILTER( {'Ngày công'!$C$2:$C$5000,'Ngày công'!$F$2:$F$5000}, TRIM('Ngày công'!$B$2:$B$5000)=TRIM($C41) ), ""select sum(Col2) where Col1 is not null group by Col1 label sum(Col2) ''"", 0 ) ), 0 )"),18.1166666666666) -> 18.116667
A42: #NAME? | B42: Lê Bình | C42: Trần Thị Phương Thùy | D42: DSHV | E42: =G42+I42+L42+O42+S42+T42 -> #NAME? | F42: =H42+P42 -> 24.283333 | G42: =SUMIFS('Giờ công'!I:I,'Giờ công'!G:G,B42,'Giờ công'!H:H,C42) -> 75.066667 | H42: =SUMIFS('Giờ công'!J:J,'Giờ công'!G:G,B42,'Giờ công'!H:H,C42) -> 24.283333 | I42: =_xludf.ifs(R42>=30,16,R42=29,8,TRUE,"") -> #NAME? | J42: 12 | K42: 3 | N42: =SUMIFS('Tăng ca lễ'!M:M,'Tăng ca lễ'!K:K,B42,'Tăng ca lễ'!L:L,C42) -> 0 | O42: =IF(OR(D42 = "PT",D42 = "DSHV"), SUMIFS('Tăng ca lễ'!O:O,'Tăng ca lễ'!K:K,B42,'Tăng ca lễ'!L:L,C42)*2, SUMIFS('Tăng ca lễ'!O:O,'Tăng ca lễ'!K:K,B42,'Tăng ca lễ'!L:L,C42)*3) -> 0 | P42: =IF(OR(D42 = "PT", D42 = "DSHV"), SUMIFS('Tăng ca lễ'!P:P,'Tăng ca lễ'!K:K,B42,'Tăng ca lễ'!L:L,C42)*2, SUMIFS('Tăng ca lễ'!P:P,'Tăng ca lễ'!K:K,B42,'Tăng ca lễ'!L:L,C42)*3) -> 0 | R42: =SUMIFS('Ngày công'!M:M,'Ngày công'!K:K,B42,'Ngày công'!L:L,C42) -> 12 | S42: =SUMIFS('Công Đào tạo'!G:G,'Công Đào tạo'!E:E,B42,'Công Đào tạo'!F:F,C42) -> 0 | T42: 0 | X42: =IFERROR(__xludf.DUMMYFUNCTION("IF($C42="""","""", IF( TRIM($D42)=""DSCD"", MIN( 1500000, ROUND(1500000/28*MIN(N($J42),28),0) ), IF( AND( REGEXMATCH(TRIM($D42),""^(DSXC|DSBC|CHT|DSTV)$""), N($H42)>=160 ), MIN( 1500000, ROUND(1500000/28*MIN(N($K42)"&",28),0) ), 0 ) ) )"),0) -> 0 | AA42: {=IF($C42="","", IFERROR( _xludf.LET( cnChinh, _xlfn.XLOOKUP( TRIM($C42), TRIM(KPI!$B$2:$B1043), KPI!$A$2:$A1043, "" ), IF( TRIM($B42)=TRIM(cnChinh), _xlfn.XLOOKUP( TRIM($C42), TRIM('MiniKat - HCM'!$A$2:$A1043), 'MiniKat - HCM'!$J$2:$J1043, "" ), "" ) ), "" ) )} | AC42: {=IFERROR(_xlfn.XLOOKUP(C42, whatsapp!A:A,whatsapp!D:D), " ")} | AD42: {=IF($C42="","", IFERROR( _xludf.LET( cnChinh, _xlfn.XLOOKUP( TRIM($C42), TRIM(KPI!$B$2:$B1043), KPI!$A$2:$A1043, "" ), IF( TRIM($B42)=TRIM(cnChinh), _xlfn.XLOOKUP( TRIM($C42), TRIM('Dự án'!$B$2:$B1043), 'Dự án'!$C$2:$C1043, "" ), "" ) ), "" ) )} | AE42: =SUMIFS(KPI!C:C,KPI!A:A,B42,KPI!B:B,C42) -> 0 | AF42: =SUMIFS('Thưởng CK'!C:C,'Thưởng CK'!A:A,B42,'Thưởng CK'!B:B,C42) -> 0 | AG42: =SUMIFS('Cận date'!C:C,'Cận date'!A:A,B42,'Cận date'!B:B,C42) -> 0 | AH42: =SUMIFS(Map!D:D,Map!B:B,B42,Map!A:A,C42) -> 0 | AJ42: =SUM(AK42:AO42) -> 0 | AK42: =SUMIFS('KPI trừ'!C:C,'KPI trừ'!A:A,B42,'KPI trừ'!B:B,C42) -> 0 | AL42: =SUMIFS('KPI trừ'!D:D,'KPI trừ'!A:A,B42,'KPI trừ'!B:B,C42) -> 0 | AM42: =SUMIFS('KPI trừ'!E:E,'KPI trừ'!A:A,B42,'KPI trừ'!B:B,C42) -> 0 | AN42: =SUMIFS('KPI trừ'!F:F,'KPI trừ'!A:A,B42,'KPI trừ'!B:B,C42) -> 0 | AO42: =SUMIFS('KPI trừ'!G:G,'KPI trừ'!A:A,B42,'KPI trừ'!B:B,C42) -> 0 | AP42: =IFERROR(__xludf.DUMMYFUNCTION("IFERROR(TEXTJOIN("" "", TRUE, FILTER('KPI trừ'!H:H, ('KPI trừ'!A:A=B42) * ('KPI trừ'!B:B=C42))), """")"),"") | AQ42: =IFERROR(__xludf.DUMMYFUNCTION("IFERROR( MAX( QUERY( FILTER( {'Ngày công'!$C$2:$C$5000,'Ngày công'!$F$2:$F$5000}, TRIM('Ngày công'!$B$2:$B$5000)=TRIM($C42) ), ""select sum(Col2) where Col1 is not null group by Col1 label sum(Col2) ''"", 0 ) ), 0 )"),9) -> 9
A43: #NAME? | B43: Lê Bình | C43: Đinh Hoài Bảo | D43: DSTV | E43: =G43+I43+L43+O43+S43+T43 -> #NAME? | F43: =H43+P43 -> 104 | G43: =SUMIFS('Giờ công'!I:I,'Giờ công'!G:G,B43,'Giờ công'!H:H,C43) -> 4.2333333 | H43: =SUMIFS('Giờ công'!J:J,'Giờ công'!G:G,B43,'Giờ công'!H:H,C43) -> 104 | I43: =_xludf.ifs(R43>=30,16,R43=29,8,TRUE,"") -> #NAME? | J43: 13 | K43: 13 | N43: =SUMIFS('Tăng ca lễ'!M:M,'Tăng ca lễ'!K:K,B43,'Tăng ca lễ'!L:L,C43) -> 0 | O43: =IF(OR(D43 = "PT",D43 = "DSHV"), SUMIFS('Tăng ca lễ'!O:O,'Tăng ca lễ'!K:K,B43,'Tăng ca lễ'!L:L,C43)*2, SUMIFS('Tăng ca lễ'!O:O,'Tăng ca lễ'!K:K,B43,'Tăng ca lễ'!L:L,C43)*3) -> 0 | P43: =IF(OR(D43 = "PT", D43 = "DSHV"), SUMIFS('Tăng ca lễ'!P:P,'Tăng ca lễ'!K:K,B43,'Tăng ca lễ'!L:L,C43)*2, SUMIFS('Tăng ca lễ'!P:P,'Tăng ca lễ'!K:K,B43,'Tăng ca lễ'!L:L,C43)*3) -> 0 | R43: =SUMIFS('Ngày công'!M:M,'Ngày công'!K:K,B43,'Ngày công'!L:L,C43) -> 13 | S43: =SUMIFS('Công Đào tạo'!G:G,'Công Đào tạo'!E:E,B43,'Công Đào tạo'!F:F,C43) -> 7 | T43: 0 | X43: =IFERROR(__xludf.DUMMYFUNCTION("IF($C43="""","""", IF( TRIM($D43)=""DSCD"", MIN( 1500000, ROUND(1500000/28*MIN(N($J43),28),0) ), IF( AND( REGEXMATCH(TRIM($D43),""^(DSXC|DSBC|CHT|DSTV)$""), N($H43)>=160 ), MIN( 1500000, ROUND(1500000/28*MIN(N($K43)"&",28),0) ), 0 ) ) )"),0) -> 0 | AA43: {=IF($C43="","", IFERROR( _xludf.LET( cnChinh, _xlfn.XLOOKUP( TRIM($C43), TRIM(KPI!$B$2:$B1043), KPI!$A$2:$A1043, "" ), IF( TRIM($B43)=TRIM(cnChinh), _xlfn.XLOOKUP( TRIM($C43), TRIM('MiniKat - HCM'!$A$2:$A1043), 'MiniKat - HCM'!$J$2:$J1043, "" ), "" ) ), "" ) )} | AC43: {=IFERROR(_xlfn.XLOOKUP(C43, whatsapp!A:A,whatsapp!D:D), " ")} | AD43: {=IF($C43="","", IFERROR( _xludf.LET( cnChinh, _xlfn.XLOOKUP( TRIM($C43), TRIM(KPI!$B$2:$B1043), KPI!$A$2:$A1043, "" ), IF( TRIM($B43)=TRIM(cnChinh), _xlfn.XLOOKUP( TRIM($C43), TRIM('Dự án'!$B$2:$B1043), 'Dự án'!$C$2:$C1043, "" ), "" ) ), "" ) )} | AE43: =SUMIFS(KPI!C:C,KPI!A:A,B43,KPI!B:B,C43) -> 0 | AF43: =SUMIFS('Thưởng CK'!C:C,'Thưởng CK'!A:A,B43,'Thưởng CK'!B:B,C43) -> 287100 | AG43: =SUMIFS('Cận date'!C:C,'Cận date'!A:A,B43,'Cận date'!B:B,C43) -> 0 | AH43: =SUMIFS(Map!D:D,Map!B:B,B43,Map!A:A,C43) -> 0 | AJ43: =SUM(AK43:AO43) -> 0 | AK43: =SUMIFS('KPI trừ'!C:C,'KPI trừ'!A:A,B43,'KPI trừ'!B:B,C43) -> 0 | AL43: =SUMIFS('KPI trừ'!D:D,'KPI trừ'!A:A,B43,'KPI trừ'!B:B,C43) -> 0 | AM43: =SUMIFS('KPI trừ'!E:E,'KPI trừ'!A:A,B43,'KPI trừ'!B:B,C43) -> 0 | AN43: =SUMIFS('KPI trừ'!F:F,'KPI trừ'!A:A,B43,'KPI trừ'!B:B,C43) -> 0 | AO43: =SUMIFS('KPI trừ'!G:G,'KPI trừ'!A:A,B43,'KPI trừ'!B:B,C43) -> 0 | AP43: =IFERROR(__xludf.DUMMYFUNCTION("IFERROR(TEXTJOIN("" "", TRUE, FILTER('KPI trừ'!H:H, ('KPI trừ'!A:A=B43) * ('KPI trừ'!B:B=C43))), """")"),"") | AQ43: =IFERROR(__xludf.DUMMYFUNCTION("IFERROR( MAX( QUERY( FILTER( {'Ngày công'!$C$2:$C$5000,'Ngày công'!$F$2:$F$5000}, TRIM('Ngày công'!$B$2:$B$5000)=TRIM($C43) ), ""select sum(Col2) where Col1 is not null group by Col1 label sum(Col2) ''"", 0 ) ), 0 )"),12) -> 12
A44: #NAME? | B44: Nguyễn Chí Thanh | C44: Lê Thị Quỳnh Trâm | D44: CHT | E44: =G44+I44+L44+O44+S44+T44 -> #NAME? | F44: =H44+P44 -> 0 | G44: =SUMIFS('Giờ công'!I:I,'Giờ công'!G:G,B44,'Giờ công'!H:H,C44) -> 274.28333 | H44: =SUMIFS('Giờ công'!J:J,'Giờ công'!G:G,B44,'Giờ công'!H:H,C44) -> 0 | I44: =_xludf.ifs(R44>=30,16,R44=29,8,TRUE,"") -> #NAME? | J44: 29 | K44: 0 | N44: =SUMIFS('Tăng ca lễ'!M:M,'Tăng ca lễ'!K:K,B44,'Tăng ca lễ'!L:L,C44) -> 0 | O44: =IF(OR(D44 = "PT",D44 = "DSHV"), SUMIFS('Tăng ca lễ'!O:O,'Tăng ca lễ'!K:K,B44,'Tăng ca lễ'!L:L,C44)*2, SUMIFS('Tăng ca lễ'!O:O,'Tăng ca lễ'!K:K,B44,'Tăng ca lễ'!L:L,C44)*3) -> 0 | P44: =IF(OR(D44 = "PT", D44 = "DSHV"), SUMIFS('Tăng ca lễ'!P:P,'Tăng ca lễ'!K:K,B44,'Tăng ca lễ'!L:L,C44)*2, SUMIFS('Tăng ca lễ'!P:P,'Tăng ca lễ'!K:K,B44,'Tăng ca lễ'!L:L,C44)*3) -> 0 | R44: =SUMIFS('Ngày công'!M:M,'Ngày công'!K:K,B44,'Ngày công'!L:L,C44) -> 29 | S44: =SUMIFS('Công Đào tạo'!G:G,'Công Đào tạo'!E:E,B44,'Công Đào tạo'!F:F,C44) -> 0 | T44: 0 | V44: =2000000*0.75 -> 1500000 | X44: =IFERROR(__xludf.DUMMYFUNCTION("IF($C44="""","""", IF( TRIM($D44)=""DSCD"", MIN( 1500000, ROUND(1500000/28*MIN(N($J44),28),0) ), IF( AND( REGEXMATCH(TRIM($D44),""^(DSXC|DSBC|CHT|DSTV)$""), N($H44)>=160 ), MIN( 1500000, ROUND(1500000/28*MIN(N($K44)"&",28),0) ), 0 ) ) )"),0) -> 0 | AA44: {=IF($C44="","", IFERROR( _xludf.LET( cnChinh, _xlfn.XLOOKUP( TRIM($C44), TRIM(KPI!$B$2:$B1043), KPI!$A$2:$A1043, "" ), IF( TRIM($B44)=TRIM(cnChinh), _xlfn.XLOOKUP( TRIM($C44), TRIM('MiniKat - HCM'!$A$2:$A1043), 'MiniKat - HCM'!$J$2:$J1043, "" ), "" ) ), "" ) )} | AC44: {=IFERROR(_xlfn.XLOOKUP(C44, whatsapp!A:A,whatsapp!D:D), " ")} | AD44: {=IF($C44="","", IFERROR( _xludf.LET( cnChinh, _xlfn.XLOOKUP( TRIM($C44), TRIM(KPI!$B$2:$B1043), KPI!$A$2:$A1043, "" ), IF( TRIM($B44)=TRIM(cnChinh), _xlfn.XLOOKUP( TRIM($C44), TRIM('Dự án'!$B$2:$B1043), 'Dự án'!$C$2:$C1043, "" ), "" ) ), "" ) )} | AE44: =SUMIFS(KPI!C:C,KPI!A:A,B44,KPI!B:B,C44) -> 0 | AF44: =SUMIFS('Thưởng CK'!C:C,'Thưởng CK'!A:A,B44,'Thưởng CK'!B:B,C44) -> 588300 | AG44: =SUMIFS('Cận date'!C:C,'Cận date'!A:A,B44,'Cận date'!B:B,C44) -> 32527.5 | AH44: =SUMIFS(Map!D:D,Map!B:B,B44,Map!A:A,C44) -> 0 | AJ44: =SUM(AK44:AO44) -> 0 | AK44: =SUMIFS('KPI trừ'!C:C,'KPI trừ'!A:A,B44,'KPI trừ'!B:B,C44) -> 0 | AL44: =SUMIFS('KPI trừ'!D:D,'KPI trừ'!A:A,B44,'KPI trừ'!B:B,C44) -> 0 | AM44: =SUMIFS('KPI trừ'!E:E,'KPI trừ'!A:A,B44,'KPI trừ'!B:B,C44) -> 0 | AN44: =SUMIFS('KPI trừ'!F:F,'KPI trừ'!A:A,B44,'KPI trừ'!B:B,C44) -> 0 | AO44: =SUMIFS('KPI trừ'!G:G,'KPI trừ'!A:A,B44,'KPI trừ'!B:B,C44) -> 0 | AP44: =IFERROR(__xludf.DUMMYFUNCTION("IFERROR(TEXTJOIN("" "", TRUE, FILTER('KPI trừ'!H:H, ('KPI trừ'!A:A=B44) * ('KPI trừ'!B:B=C44))), """")"),"") | AQ44: =IFERROR(__xludf.DUMMYFUNCTION("IFERROR( MAX( QUERY( FILTER( {'Ngày công'!$C$2:$C$5000,'Ngày công'!$F$2:$F$5000}, TRIM('Ngày công'!$B$2:$B$5000)=TRIM($C44) ), ""select sum(Col2) where Col1 is not null group by Col1 label sum(Col2) ''"", 0 ) ), 0 )"),16.1) -> 16.1
A45: #NAME? | B45: Nguyễn Chí Thanh | C45: Nguyễn Thị Hồng Hạnh | D45: DSCD | E45: =G45+I45+L45+O45+S45+T45 -> #NAME? | F45: =H45+P45 -> 248.76667 | G45: =SUMIFS('Giờ công'!I:I,'Giờ công'!G:G,B45,'Giờ công'!H:H,C45) -> 0 | H45: =SUMIFS('Giờ công'!J:J,'Giờ công'!G:G,B45,'Giờ công'!H:H,C45) -> 248.76667 | I45: =_xludf.ifs(R45>=30,16,R45=29,8,TRUE,"") -> #NAME? | J45: 31 | K45: 31 | N45: =SUMIFS('Tăng ca lễ'!M:M,'Tăng ca lễ'!K:K,B45,'Tăng ca lễ'!L:L,C45) -> 0 | O45: =IF(OR(D45 = "PT",D45 = "DSHV"), SUMIFS('Tăng ca lễ'!O:O,'Tăng ca lễ'!K:K,B45,'Tăng ca lễ'!L:L,C45)*2, SUMIFS('Tăng ca lễ'!O:O,'Tăng ca lễ'!K:K,B45,'Tăng ca lễ'!L:L,C45)*3) -> 0 | P45: =IF(OR(D45 = "PT", D45 = "DSHV"), SUMIFS('Tăng ca lễ'!P:P,'Tăng ca lễ'!K:K,B45,'Tăng ca lễ'!L:L,C45)*2, SUMIFS('Tăng ca lễ'!P:P,'Tăng ca lễ'!K:K,B45,'Tăng ca lễ'!L:L,C45)*3) -> 0 | R45: =SUMIFS('Ngày công'!M:M,'Ngày công'!K:K,B45,'Ngày công'!L:L,C45) -> 31 | S45: =SUMIFS('Công Đào tạo'!G:G,'Công Đào tạo'!E:E,B45,'Công Đào tạo'!F:F,C45) -> 0 | T45: 0 | X45: =IFERROR(__xludf.DUMMYFUNCTION("IF($C45="""","""", IF( TRIM($D45)=""DSCD"", MIN( 1500000, ROUND(1500000/28*MIN(N($J45),28),0) ), IF( AND( REGEXMATCH(TRIM($D45),""^(DSXC|DSBC|CHT|DSTV)$""), N($H45)>=160 ), MIN( 1500000, ROUND(1500000/28*MIN(N($K45)"&",28),0) ), 0 ) ) )"),1500000) -> 1500000 | AA45: {=IF($C45="","", IFERROR( _xludf.LET( cnChinh, _xlfn.XLOOKUP( TRIM($C45), TRIM(KPI!$B$2:$B1043), KPI!$A$2:$A1043, "" ), IF( TRIM($B45)=TRIM(cnChinh), _xlfn.XLOOKUP( TRIM($C45), TRIM('MiniKat - HCM'!$A$2:$A1043), 'MiniKat - HCM'!$J$2:$J1043, "" ), "" ) ), "" ) )} | AC45: {=IFERROR(_xlfn.XLOOKUP(C45, whatsapp!A:A,whatsapp!D:D), " ")} | AD45: {=IF($C45="","", IFERROR( _xludf.LET( cnChinh, _xlfn.XLOOKUP( TRIM($C45), TRIM(KPI!$B$2:$B1043), KPI!$A$2:$A1043, "" ), IF( TRIM($B45)=TRIM(cnChinh), _xlfn.XLOOKUP( TRIM($C45), TRIM('Dự án'!$B$2:$B1043), 'Dự án'!$C$2:$C1043, "" ), "" ) ), "" ) )} | AE45: =SUMIFS(KPI!C:C,KPI!A:A,B45,KPI!B:B,C45) -> 0 | AF45: =SUMIFS('Thưởng CK'!C:C,'Thưởng CK'!A:A,B45,'Thưởng CK'!B:B,C45) -> 1161000 | AG45: =SUMIFS('Cận date'!C:C,'Cận date'!A:A,B45,'Cận date'!B:B,C45) -> 8600 | AH45: =SUMIFS(Map!D:D,Map!B:B,B45,Map!A:A,C45) -> 0 | AJ45: =SUM(AK45:AO45) -> 0 | AK45: =SUMIFS('KPI trừ'!C:C,'KPI trừ'!A:A,B45,'KPI trừ'!B:B,C45) -> 0 | AL45: =SUMIFS('KPI trừ'!D:D,'KPI trừ'!A:A,B45,'KPI trừ'!B:B,C45) -> 0 | AM45: =SUMIFS('KPI trừ'!E:E,'KPI trừ'!A:A,B45,'KPI trừ'!B:B,C45) -> 0 | AN45: =SUMIFS('KPI trừ'!F:F,'KPI trừ'!A:A,B45,'KPI trừ'!B:B,C45) -> 0 | AO45: =SUMIFS('KPI trừ'!G:G,'KPI trừ'!A:A,B45,'KPI trừ'!B:B,C45) -> 0 | AP45: =IFERROR(__xludf.DUMMYFUNCTION("IFERROR(TEXTJOIN("" "", TRUE, FILTER('KPI trừ'!H:H, ('KPI trừ'!A:A=B45) * ('KPI trừ'!B:B=C45))), """")"),"") | AQ45: =IFERROR(__xludf.DUMMYFUNCTION("IFERROR( MAX( QUERY( FILTER( {'Ngày công'!$C$2:$C$5000,'Ngày công'!$F$2:$F$5000}, TRIM('Ngày công'!$B$2:$B$5000)=TRIM($C45) ), ""select sum(Col2) where Col1 is not null group by Col1 label sum(Col2) ''"", 0 ) ), 0 )"),8.11666666666666) -> 8.1166667
A46: #NAME? | B46: Nguyễn Chí Thanh | C46: Nguyễn Trí Nghĩa | D46: DSBC | E46: =G46+I46+L46+O46+S46+T46 -> #NAME? | F46: =H46+P46 -> 0 | G46: =SUMIFS('Giờ công'!I:I,'Giờ công'!G:G,B46,'Giờ công'!H:H,C46) -> 14.666667 | H46: =SUMIFS('Giờ công'!J:J,'Giờ công'!G:G,B46,'Giờ công'!H:H,C46) -> 0 | I46: =_xludf.ifs(R46>=30,16,R46=29,8,TRUE,"") -> #NAME? | J46: 1 | K46: 0 | N46: =SUMIFS('Tăng ca lễ'!M:M,'Tăng ca lễ'!K:K,B46,'Tăng ca lễ'!L:L,C46) -> 0 | O46: =IF(OR(D46 = "PT",D46 = "DSHV"), SUMIFS('Tăng ca lễ'!O:O,'Tăng ca lễ'!K:K,B46,'Tăng ca lễ'!L:L,C46)*2, SUMIFS('Tăng ca lễ'!O:O,'Tăng ca lễ'!K:K,B46,'Tăng ca lễ'!L:L,C46)*3) -> 0 | P46: =IF(OR(D46 = "PT", D46 = "DSHV"), SUMIFS('Tăng ca lễ'!P:P,'Tăng ca lễ'!K:K,B46,'Tăng ca lễ'!L:L,C46)*2, SUMIFS('Tăng ca lễ'!P:P,'Tăng ca lễ'!K:K,B46,'Tăng ca lễ'!L:L,C46)*3) -> 0 | R46: =SUMIFS('Ngày công'!M:M,'Ngày công'!K:K,B46,'Ngày công'!L:L,C46) -> 1 | S46: =SUMIFS('Công Đào tạo'!G:G,'Công Đào tạo'!E:E,B46,'Công Đào tạo'!F:F,C46) -> 0 | T46: 0 | X46: =IFERROR(__xludf.DUMMYFUNCTION("IF($C46="""","""", IF( TRIM($D46)=""DSCD"", MIN( 1500000, ROUND(1500000/28*MIN(N($J46),28),0) ), IF( AND( REGEXMATCH(TRIM($D46),""^(DSXC|DSBC|CHT|DSTV)$""), N($H46)>=160 ), MIN( 1500000, ROUND(1500000/28*MIN(N($K46)"&",28),0) ), 0 ) ) )"),0) -> 0 | AA46: {=IF($C46="","", IFERROR( _xludf.LET( cnChinh, _xlfn.XLOOKUP( TRIM($C46), TRIM(KPI!$B$2:$B1043), KPI!$A$2:$A1043, "" ), IF( TRIM($B46)=TRIM(cnChinh), _xlfn.XLOOKUP( TRIM($C46), TRIM('MiniKat - HCM'!$A$2:$A1043), 'MiniKat - HCM'!$J$2:$J1043, "" ), "" ) ), "" ) )} | AC46: {=IFERROR(_xlfn.XLOOKUP(C46, whatsapp!A:A,whatsapp!D:D), " ")} | AD46: {=IF($C46="","", IFERROR( _xludf.LET( cnChinh, _xlfn.XLOOKUP( TRIM($C46), TRIM(KPI!$B$2:$B1043), KPI!$A$2:$A1043, "" ), IF( TRIM($B46)=TRIM(cnChinh), _xlfn.XLOOKUP( TRIM($C46), TRIM('Dự án'!$B$2:$B1043), 'Dự án'!$C$2:$C1043, "" ), "" ) ), "" ) )} | AE46: =SUMIFS(KPI!C:C,KPI!A:A,B46,KPI!B:B,C46) -> 0 | AF46: =SUMIFS('Thưởng CK'!C:C,'Thưởng CK'!A:A,B46,'Thưởng CK'!B:B,C46) -> 0 | AG46: =SUMIFS('Cận date'!C:C,'Cận date'!A:A,B46,'Cận date'!B:B,C46) -> 0 | AH46: =SUMIFS(Map!D:D,Map!B:B,B46,Map!A:A,C46) -> 0 | AJ46: =SUM(AK46:AO46) -> 0 | AK46: =SUMIFS('KPI trừ'!C:C,'KPI trừ'!A:A,B46,'KPI trừ'!B:B,C46) -> 0 | AL46: =SUMIFS('KPI trừ'!D:D,'KPI trừ'!A:A,B46,'KPI trừ'!B:B,C46) -> 0 | AM46: =SUMIFS('KPI trừ'!E:E,'KPI trừ'!A:A,B46,'KPI trừ'!B:B,C46) -> 0 | AN46: =SUMIFS('KPI trừ'!F:F,'KPI trừ'!A:A,B46,'KPI trừ'!B:B,C46) -> 0 | AO46: =SUMIFS('KPI trừ'!G:G,'KPI trừ'!A:A,B46,'KPI trừ'!B:B,C46) -> 0 | AP46: =IFERROR(__xludf.DUMMYFUNCTION("IFERROR(TEXTJOIN("" "", TRUE, FILTER('KPI trừ'!H:H, ('KPI trừ'!A:A=B46) * ('KPI trừ'!B:B=C46))), """")"),"") | AQ46: =IFERROR(__xludf.DUMMYFUNCTION("IFERROR( MAX( QUERY( FILTER( {'Ngày công'!$C$2:$C$5000,'Ngày công'!$F$2:$F$5000}, TRIM('Ngày công'!$B$2:$B$5000)=TRIM($C46) ), ""select sum(Col2) where Col1 is not null group by Col1 label sum(Col2) ''"", 0 ) ), 0 )"),22.4166666666666) -> 22.416667
A47: #NAME? | B47: Nguyễn Chí Thanh | C47: Nguyễn Đăng An | D47: DSTV | E47: =G47+I47+L47+O47+S47+T47 -> #NAME? | F47: =H47+P47 -> 71.833333 | G47: =SUMIFS('Giờ công'!I:I,'Giờ công'!G:G,B47,'Giờ công'!H:H,C47) -> 64.383333 | H47: =SUMIFS('Giờ công'!J:J,'Giờ công'!G:G,B47,'Giờ công'!H:H,C47) -> 71.833333 | I47: =_xludf.ifs(R47>=30,16,R47=29,8,TRUE,"") -> #NAME? | J47: 17 | K47: 9 | N47: =SUMIFS('Tăng ca lễ'!M:M,'Tăng ca lễ'!K:K,B47,'Tăng ca lễ'!L:L,C47) -> 0 | O47: =IF(OR(D47 = "PT",D47 = "DSHV"), SUMIFS('Tăng ca lễ'!O:O,'Tăng ca lễ'!K:K,B47,'Tăng ca lễ'!L:L,C47)*2, SUMIFS('Tăng ca lễ'!O:O,'Tăng ca lễ'!K:K,B47,'Tăng ca lễ'!L:L,C47)*3) -> 0 | P47: =IF(OR(D47 = "PT", D47 = "DSHV"), SUMIFS('Tăng ca lễ'!P:P,'Tăng ca lễ'!K:K,B47,'Tăng ca lễ'!L:L,C47)*2, SUMIFS('Tăng ca lễ'!P:P,'Tăng ca lễ'!K:K,B47,'Tăng ca lễ'!L:L,C47)*3) -> 0 | R47: =SUMIFS('Ngày công'!M:M,'Ngày công'!K:K,B47,'Ngày công'!L:L,C47) -> 17 | S47: =SUMIFS('Công Đào tạo'!G:G,'Công Đào tạo'!E:E,B47,'Công Đào tạo'!F:F,C47) -> 0 | T47: 0 | X47: =2000000/31*15 -> 967741.94 | AA47: {=IF($C47="","", IFERROR( _xludf.LET( cnChinh, _xlfn.XLOOKUP( TRIM($C47), TRIM(KPI!$B$2:$B1043), KPI!$A$2:$A1043, "" ), IF( TRIM($B47)=TRIM(cnChinh), _xlfn.XLOOKUP( TRIM($C47), TRIM('MiniKat - HCM'!$A$2:$A1043), 'MiniKat - HCM'!$J$2:$J1043, "" ), "" ) ), "" ) )} | AC47: {=IFERROR(_xlfn.XLOOKUP(C47, whatsapp!A:A,whatsapp!D:D), " ")} | AD47: {=IF($C47="","", IFERROR( _xludf.LET( cnChinh, _xlfn.XLOOKUP( TRIM($C47), TRIM(KPI!$B$2:$B1043), KPI!$A$2:$A1043, "" ), IF( TRIM($B47)=TRIM(cnChinh), _xlfn.XLOOKUP( TRIM($C47), TRIM('Dự án'!$B$2:$B1043), 'Dự án'!$C$2:$C1043, "" ), "" ) ), "" ) )} | AE47: =SUMIFS(KPI!C:C,KPI!A:A,B47,KPI!B:B,C47) -> 0 | AF47: =SUMIFS('Thưởng CK'!C:C,'Thưởng CK'!A:A,B47,'Thưởng CK'!B:B,C47) -> 258800 | AG47: =SUMIFS('Cận date'!C:C,'Cận date'!A:A,B47,'Cận date'!B:B,C47) -> 18220 | AH47: =SUMIFS(Map!D:D,Map!B:B,B47,Map!A:A,C47) -> 0 | AJ47: =SUM(AK47:AO47) -> 0 | AK47: =SUMIFS('KPI trừ'!C:C,'KPI trừ'!A:A,B47,'KPI trừ'!B:B,C47) -> 0 | AL47: =SUMIFS('KPI trừ'!D:D,'KPI trừ'!A:A,B47,'KPI trừ'!B:B,C47) -> 0 | AM47: =SUMIFS('KPI trừ'!E:E,'KPI trừ'!A:A,B47,'KPI trừ'!B:B,C47) -> 0 | AN47: =SUMIFS('KPI trừ'!F:F,'KPI trừ'!A:A,B47,'KPI trừ'!B:B,C47) -> 0 | AO47: =SUMIFS('KPI trừ'!G:G,'KPI trừ'!A:A,B47,'KPI trừ'!B:B,C47) -> 0 | AP47: =IFERROR(__xludf.DUMMYFUNCTION("IFERROR(TEXTJOIN("" "", TRUE, FILTER('KPI trừ'!H:H, ('KPI trừ'!A:A=B47) * ('KPI trừ'!B:B=C47))), """")"),"") | AQ47: =IFERROR(__xludf.DUMMYFUNCTION("IFERROR( MAX( QUERY( FILTER( {'Ngày công'!$C$2:$C$5000,'Ngày công'!$F$2:$F$5000}, TRIM('Ngày công'!$B$2:$B$5000)=TRIM($C47) ), ""select sum(Col2) where Col1 is not null group by Col1 label sum(Col2) ''"", 0 ) ), 0 )"),8.18333333333333) -> 8.1833333
A48: #NAME? | B48: Nguyễn Chí Thanh | C48: Trần Hoàng Khánh | D48: DSCD | E48: =G48+I48+L48+O48+S48+T48 -> #NAME? | F48: =H48+P48 -> 163.51667 | G48: =SUMIFS('Giờ công'!I:I,'Giờ công'!G:G,B48,'Giờ công'!H:H,C48) -> 68.766667 | H48: =SUMIFS('Giờ công'!J:J,'Giờ công'!G:G,B48,'Giờ công'!H:H,C48) -> 163.51667 | I48: =_xludf.ifs(R48>=30,16,R48=29,8,TRUE,"") -> #NAME? | J48: 29 | K48: 21 | N48: =SUMIFS('Tăng ca lễ'!M:M,'Tăng ca lễ'!K:K,B48,'Tăng ca lễ'!L:L,C48) -> 0 | O48: =IF(OR(D48 = "PT",D48 = "DSHV"), SUMIFS('Tăng ca lễ'!O:O,'Tăng ca lễ'!K:K,B48,'Tăng ca lễ'!L:L,C48)*2, SUMIFS('Tăng ca lễ'!O:O,'Tăng ca lễ'!K:K,B48,'Tăng ca lễ'!L:L,C48)*3) -> 0 | P48: =IF(OR(D48 = "PT", D48 = "DSHV"), SUMIFS('Tăng ca lễ'!P:P,'Tăng ca lễ'!K:K,B48,'Tăng ca lễ'!L:L,C48)*2, SUMIFS('Tăng ca lễ'!P:P,'Tăng ca lễ'!K:K,B48,'Tăng ca lễ'!L:L,C48)*3) -> 0 | R48: =SUMIFS('Ngày công'!M:M,'Ngày công'!K:K,B48,'Ngày công'!L:L,C48) -> 29 | S48: =SUMIFS('Công Đào tạo'!G:G,'Công Đào tạo'!E:E,B48,'Công Đào tạo'!F:F,C48) -> 0 | T48: 0 | X48: =IFERROR(__xludf.DUMMYFUNCTION("IF($C48="""","""", IF( TRIM($D48)=""DSCD"", MIN( 1500000, ROUND(1500000/28*MIN(N($J48),28),0) ), IF( AND( REGEXMATCH(TRIM($D48),""^(DSXC|DSBC|CHT|DSTV)$""), N($H48)>=160 ), MIN( 1500000, ROUND(1500000/28*MIN(N($K48)"&",28),0) ), 0 ) ) )"),1500000) -> 1500000 | AA48: {=IF($C48="","", IFERROR( _xludf.LET( cnChinh, _xlfn.XLOOKUP( TRIM($C48), TRIM(KPI!$B$2:$B1043), KPI!$A$2:$A1043, "" ), IF( TRIM($B48)=TRIM(cnChinh), _xlfn.XLOOKUP( TRIM($C48), TRIM('MiniKat - HCM'!$A$2:$A1043), 'MiniKat - HCM'!$J$2:$J1043, "" ), "" ) ), "" ) )} | AC48: {=IFERROR(_xlfn.XLOOKUP(C48, whatsapp!A:A,whatsapp!D:D), " ")} | AD48: {=IF($C48="","", IFERROR( _xludf.LET( cnChinh, _xlfn.XLOOKUP( TRIM($C48), TRIM(KPI!$B$2:$B1043), KPI!$A$2:$A1043, "" ), IF( TRIM($B48)=TRIM(cnChinh), _xlfn.XLOOKUP( TRIM($C48), TRIM('Dự án'!$B$2:$B1043), 'Dự án'!$C$2:$C1043, "" ), "" ) ), "" ) )} | AE48: =SUMIFS(KPI!C:C,KPI!A:A,B48,KPI!B:B,C48) -> 0 | AF48: =SUMIFS('Thưởng CK'!C:C,'Thưởng CK'!A:A,B48,'Thưởng CK'!B:B,C48) -> 1125600 | AG48: =SUMIFS('Cận date'!C:C,'Cận date'!A:A,B48,'Cận date'!B:B,C48) -> 12160 | AH48: =SUMIFS(Map!D:D,Map!B:B,B48,Map!A:A,C48) -> 0 | AJ48: =SUM(AK48:AO48) -> 0 | AK48: =SUMIFS('KPI trừ'!C:C,'KPI trừ'!A:A,B48,'KPI trừ'!B:B,C48) -> 0 | AL48: =SUMIFS('KPI trừ'!D:D,'KPI trừ'!A:A,B48,'KPI trừ'!B:B,C48) -> 0 | AM48: =SUMIFS('KPI trừ'!E:E,'KPI trừ'!A:A,B48,'KPI trừ'!B:B,C48) -> 0 | AN48: =SUMIFS('KPI trừ'!F:F,'KPI trừ'!A:A,B48,'KPI trừ'!B:B,C48) -> 0 | AO48: =SUMIFS('KPI trừ'!G:G,'KPI trừ'!A:A,B48,'KPI trừ'!B:B,C48) -> 0 | AP48: =IFERROR(__xludf.DUMMYFUNCTION("IFERROR(TEXTJOIN("" "", TRUE, FILTER('KPI trừ'!H:H, ('KPI trừ'!A:A=B48) * ('KPI trừ'!B:B=C48))), """")"),"") | AQ48: =IFERROR(__xludf.DUMMYFUNCTION("IFERROR( MAX( QUERY( FILTER( {'Ngày công'!$C$2:$C$5000,'Ngày công'!$F$2:$F$5000}, TRIM('Ngày công'!$B$2:$B$5000)=TRIM($C48) ), ""select sum(Col2) where Col1 is not null group by Col1 label sum(Col2) ''"", 0 ) ), 0 )"),12.3666666666666) -> 12.366667
A49: #NAME? | B49: Nguyễn Chí Thanh | C49: Trần Thị Phương Thùy | D49: DSHV | E49: =G49+I49+L49+O49+S49+T49 -> #NAME? | F49: =H49+P49 -> 0 | G49: =SUMIFS('Giờ công'!I:I,'Giờ công'!G:G,B49,'Giờ công'!H:H,C49) -> 24 | H49: =SUMIFS('Giờ công'!J:J,'Giờ công'!G:G,B49,'Giờ công'!H:H,C49) -> 0 | I49: =_xludf.ifs(R49>=30,16,R49=29,8,TRUE,"") -> #NAME? | J49: 3 | K49: 0 | N49: =SUMIFS('Tăng ca lễ'!M:M,'Tăng ca lễ'!K:K,B49,'Tăng ca lễ'!L:L,C49) -> 0 | O49: =IF(OR(D49 = "PT",D49 = "DSHV"), SUMIFS('Tăng ca lễ'!O:O,'Tăng ca lễ'!K:K,B49,'Tăng ca lễ'!L:L,C49)*2, SUMIFS('Tăng ca lễ'!O:O,'Tăng ca lễ'!K:K,B49,'Tăng ca lễ'!L:L,C49)*3) -> 0 | P49: =IF(OR(D49 = "PT", D49 = "DSHV"), SUMIFS('Tăng ca lễ'!P:P,'Tăng ca lễ'!K:K,B49,'Tăng ca lễ'!L:L,C49)*2, SUMIFS('Tăng ca lễ'!P:P,'Tăng ca lễ'!K:K,B49,'Tăng ca lễ'!L:L,C49)*3) -> 0 | R49: =SUMIFS('Ngày công'!M:M,'Ngày công'!K:K,B49,'Ngày công'!L:L,C49) -> 3 | S49: =SUMIFS('Công Đào tạo'!G:G,'Công Đào tạo'!E:E,B49,'Công Đào tạo'!F:F,C49) -> 0 | T49: 0 | X49: =IFERROR(__xludf.DUMMYFUNCTION("IF($C49="""","""", IF( TRIM($D49)=""DSCD"", MIN( 1500000, ROUND(1500000/28*MIN(N($J49),28),0) ), IF( AND( REGEXMATCH(TRIM($D49),""^(DSXC|DSBC|CHT|DSTV)$""), N($H49)>=160 ), MIN( 1500000, ROUND(1500000/28*MIN(N($K49)"&",28),0) ), 0 ) ) )"),0) -> 0 | AA49: {=IF($C49="","", IFERROR( _xludf.LET( cnChinh, _xlfn.XLOOKUP( TRIM($C49), TRIM(KPI!$B$2:$B1043), KPI!$A$2:$A1043, "" ), IF( TRIM($B49)=TRIM(cnChinh), _xlfn.XLOOKUP( TRIM($C49), TRIM('MiniKat - HCM'!$A$2:$A1043), 'MiniKat - HCM'!$J$2:$J1043, "" ), "" ) ), "" ) )} | AC49: {=IFERROR(_xlfn.XLOOKUP(C49, whatsapp!A:A,whatsapp!D:D), " ")} | AD49: {=IF($C49="","", IFERROR( _xludf.LET( cnChinh, _xlfn.XLOOKUP( TRIM($C49), TRIM(KPI!$B$2:$B1043), KPI!$A$2:$A1043, "" ), IF( TRIM($B49)=TRIM(cnChinh), _xlfn.XLOOKUP( TRIM($C49), TRIM('Dự án'!$B$2:$B1043), 'Dự án'!$C$2:$C1043, "" ), "" ) ), "" ) )} | AE49: =SUMIFS(KPI!C:C,KPI!A:A,B49,KPI!B:B,C49) -> 0 | AF49: =SUMIFS('Thưởng CK'!C:C,'Thưởng CK'!A:A,B49,'Thưởng CK'!B:B,C49) -> 0 | AG49: =SUMIFS('Cận date'!C:C,'Cận date'!A:A,B49,'Cận date'!B:B,C49) -> 0 | AH49: =SUMIFS(Map!D:D,Map!B:B,B49,Map!A:A,C49) -> 0 | AJ49: =SUM(AK49:AO49) -> 0 | AK49: =SUMIFS('KPI trừ'!C:C,'KPI trừ'!A:A,B49,'KPI trừ'!B:B,C49) -> 0 | AL49: =SUMIFS('KPI trừ'!D:D,'KPI trừ'!A:A,B49,'KPI trừ'!B:B,C49) -> 0 | AM49: =SUMIFS('KPI trừ'!E:E,'KPI trừ'!A:A,B49,'KPI trừ'!B:B,C49) -> 0 | AN49: =SUMIFS('KPI trừ'!F:F,'KPI trừ'!A:A,B49,'KPI trừ'!B:B,C49) -> 0 | AO49: =SUMIFS('KPI trừ'!G:G,'KPI trừ'!A:A,B49,'KPI trừ'!B:B,C49) -> 0 | AP49: =IFERROR(__xludf.DUMMYFUNCTION("IFERROR(TEXTJOIN("" "", TRUE, FILTER('KPI trừ'!H:H, ('KPI trừ'!A:A=B49) * ('KPI trừ'!B:B=C49))), """")"),"") | AQ49: =IFERROR(__xludf.DUMMYFUNCTION("IFERROR( MAX( QUERY( FILTER( {'Ngày công'!$C$2:$C$5000,'Ngày công'!$F$2:$F$5000}, TRIM('Ngày công'!$B$2:$B$5000)=TRIM($C49) ), ""select sum(Col2) where Col1 is not null group by Col1 label sum(Col2) ''"", 0 ) ), 0 )"),9) -> 9
A50: #NAME? | B50: Nguyễn Chí Thanh | C50: Đỗ Thị Phương Thảo | D50: DSBC | E50: =G50+I50+L50+O50+S50+T50 -> #NAME? | F50: =H50+P50 -> 15.866667 | G50: =SUMIFS('Giờ công'!I:I,'Giờ công'!G:G,B50,'Giờ công'!H:H,C50) -> 205.8 | H50: =SUMIFS('Giờ công'!J:J,'Giờ công'!G:G,B50,'Giờ công'!H:H,C50) -> 15.866667 | I50: =_xludf.ifs(R50>=30,16,R50=29,8,TRUE,"") -> #NAME? | J50: 27 | K50: 2 | N50: =SUMIFS('Tăng ca lễ'!M:M,'Tăng ca lễ'!K:K,B50,'Tăng ca lễ'!L:L,C50) -> 0 | O50: =IF(OR(D50 = "PT",D50 = "DSHV"), SUMIFS('Tăng ca lễ'!O:O,'Tăng ca lễ'!K:K,B50,'Tăng ca lễ'!L:L,C50)*2, SUMIFS('Tăng ca lễ'!O:O,'Tăng ca lễ'!K:K,B50,'Tăng ca lễ'!L:L,C50)*3) -> 0 | P50: =IF(OR(D50 = "PT", D50 = "DSHV"), SUMIFS('Tăng ca lễ'!P:P,'Tăng ca lễ'!K:K,B50,'Tăng ca lễ'!L:L,C50)*2, SUMIFS('Tăng ca lễ'!P:P,'Tăng ca lễ'!K:K,B50,'Tăng ca lễ'!L:L,C50)*3) -> 0 | R50: =SUMIFS('Ngày công'!M:M,'Ngày công'!K:K,B50,'Ngày công'!L:L,C50) -> 27 | S50: =SUMIFS('Công Đào tạo'!G:G,'Công Đào tạo'!E:E,B50,'Công Đào tạo'!F:F,C50) -> 0 | T50: 0 | X50: =IFERROR(__xludf.DUMMYFUNCTION("IF($C50="""","""", IF( TRIM($D50)=""DSCD"", MIN( 1500000, ROUND(1500000/28*MIN(N($J50),28),0) ), IF( AND( REGEXMATCH(TRIM($D50),""^(DSXC|DSBC|CHT|DSTV)$""), N($H50)>=160 ), MIN( 1500000, ROUND(1500000/28*MIN(N($K50)"&",28),0) ), 0 ) ) )"),0) -> 0 | AA50: {=IF($C50="","", IFERROR( _xludf.LET( cnChinh, _xlfn.XLOOKUP( TRIM($C50), TRIM(KPI!$B$2:$B1043), KPI!$A$2:$A1043, "" ), IF( TRIM($B50)=TRIM(cnChinh), _xlfn.XLOOKUP( TRIM($C50), TRIM('MiniKat - HCM'!$A$2:$A1043), 'MiniKat - HCM'!$J$2:$J1043, "" ), "" ) ), "" ) )} | AC50: {=IFERROR(_xlfn.XLOOKUP(C50, whatsapp!A:A,whatsapp!D:D), " ")} | AD50: {=IF($C50="","", IFERROR( _xludf.LET( cnChinh, _xlfn.XLOOKUP( TRIM($C50), TRIM(KPI!$B$2:$B1043), KPI!$A$2:$A1043, "" ), IF( TRIM($B50)=TRIM(cnChinh), _xlfn.XLOOKUP( TRIM($C50), TRIM('Dự án'!$B$2:$B1043), 'Dự án'!$C$2:$C1043, "" ), "" ) ), "" ) )} | AE50: =SUMIFS(KPI!C:C,KPI!A:A,B50,KPI!B:B,C50) -> 0 | AF50: =SUMIFS('Thưởng CK'!C:C,'Thưởng CK'!A:A,B50,'Thưởng CK'!B:B,C50) -> 702550 | AG50: =SUMIFS('Cận date'!C:C,'Cận date'!A:A,B50,'Cận date'!B:B,C50) -> 100785 | AH50: =SUMIFS(Map!D:D,Map!B:B,B50,Map!A:A,C50) -> 0 | AJ50: =SUM(AK50:AO50) -> 0 | AK50: =SUMIFS('KPI trừ'!C:C,'KPI trừ'!A:A,B50,'KPI trừ'!B:B,C50) -> 0 | AL50: =SUMIFS('KPI trừ'!D:D,'KPI trừ'!A:A,B50,'KPI trừ'!B:B,C50) -> 0 | AM50: =SUMIFS('KPI trừ'!E:E,'KPI trừ'!A:A,B50,'KPI trừ'!B:B,C50) -> 0 | AN50: =SUMIFS('KPI trừ'!F:F,'KPI trừ'!A:A,B50,'KPI trừ'!B:B,C50) -> 0 | AO50: =SUMIFS('KPI trừ'!G:G,'KPI trừ'!A:A,B50,'KPI trừ'!B:B,C50) -> 0 | AP50: =IFERROR(__xludf.DUMMYFUNCTION("IFERROR(TEXTJOIN("" "", TRUE, FILTER('KPI trừ'!H:H, ('KPI trừ'!A:A=B50) * ('KPI trừ'!B:B=C50))), """")"),"") | AQ50: =IFERROR(__xludf.DUMMYFUNCTION("IFERROR( MAX( QUERY( FILTER( {'Ngày công'!$C$2:$C$5000,'Ngày công'!$F$2:$F$5000}, TRIM('Ngày công'!$B$2:$B$5000)=TRIM($C50) ), ""select sum(Col2) where Col1 is not null group by Col1 label sum(Col2) ''"", 0 ) ), 0 )"),11.95) -> 11.95
A51: #NAME? | B51: Nguyễn Thị Thập | C51: Bùi Thị Bích Trâm | D51: DSHV | E51: 80.2 | F51: 0 | G51: 80.2 | H51: 0 | I51: 0 | J51: 10 | K51: 0 | N51: 0 | O51: 0 | P51: 0 | R51: 10 | S51: 0 | T51: 0 | X51: 0 | AA51: 0 | AE51: 0 | AF51: 0 | AG51: 0 | AH51: 0 | AJ51: 500000 | AK51: 0 | AL51: 0 | AM51: 0 | AN51: 0 | AO51: 500000
A52: #NAME? | B52: Nguyễn Thị Thập | C52: Cao Trọng Nhân | D52: DSCD | E52: =G52+I52+L52+O52+S52+T52 -> #NAME? | F52: =H52+P52 -> 230.96667 | G52: =SUMIFS('Giờ công'!I:I,'Giờ công'!G:G,B52,'Giờ công'!H:H,C52) -> 49.85 | H52: =SUMIFS('Giờ công'!J:J,'Giờ công'!G:G,B52,'Giờ công'!H:H,C52) -> 230.96667 | I52: =_xludf.ifs(R52>=30,16,R52=29,8,TRUE,"") -> #NAME? | J52: 30 | K52: 29 | N52: =SUMIFS('Tăng ca lễ'!M:M,'Tăng ca lễ'!K:K,B52,'Tăng ca lễ'!L:L,C52) -> 0 | O52: =IF(OR(D52 = "PT",D52 = "DSHV"), SUMIFS('Tăng ca lễ'!O:O,'Tăng ca lễ'!K:K,B52,'Tăng ca lễ'!L:L,C52)*2, SUMIFS('Tăng ca lễ'!O:O,'Tăng ca lễ'!K:K,B52,'Tăng ca lễ'!L:L,C52)*3) -> 0 | P52: =IF(OR(D52 = "PT", D52 = "DSHV"), SUMIFS('Tăng ca lễ'!P:P,'Tăng ca lễ'!K:K,B52,'Tăng ca lễ'!L:L,C52)*2, SUMIFS('Tăng ca lễ'!P:P,'Tăng ca lễ'!K:K,B52,'Tăng ca lễ'!L:L,C52)*3) -> 0 | R52: =SUMIFS('Ngày công'!M:M,'Ngày công'!K:K,B52,'Ngày công'!L:L,C52) -> 29 | S52: =SUMIFS('Công Đào tạo'!G:G,'Công Đào tạo'!E:E,B52,'Công Đào tạo'!F:F,C52) -> 0 | T52: 0 | X52: =IFERROR(__xludf.DUMMYFUNCTION("IF($C52="""","""", IF( TRIM($D52)=""DSCD"", MIN( 1500000, ROUND(1500000/28*MIN(N($J52),28),0) ), IF( AND( REGEXMATCH(TRIM($D52),""^(DSXC|DSBC|CHT|DSTV)$""), N($H52)>=160 ), MIN( 1500000, ROUND(1500000/28*MIN(N($K52)"&",28),0) ), 0 ) ) )"),1500000) -> 1500000 | AA52: {=IF($C52="","", IFERROR( _xludf.LET( cnChinh, _xlfn.XLOOKUP( TRIM($C52), TRIM(KPI!$B$2:$B1043), KPI!$A$2:$A1043, "" ), IF( TRIM($B52)=TRIM(cnChinh), _xlfn.XLOOKUP( TRIM($C52), TRIM('MiniKat - HCM'!$A$2:$A1043), 'MiniKat - HCM'!$J$2:$J1043, "" ), "" ) ), "" ) )} | AC52: {=IFERROR(_xlfn.XLOOKUP(C52, whatsapp!A:A,whatsapp!D:D), " ")} | AE52: =SUMIFS(KPI!C:C,KPI!A:A,B52,KPI!B:B,C52) -> 0 | AF52: =SUMIFS('Thưởng CK'!C:C,'Thưởng CK'!A:A,B52,'Thưởng CK'!B:B,C52) -> 1830100 | AG52: =SUMIFS('Cận date'!C:C,'Cận date'!A:A,B52,'Cận date'!B:B,C52) -> 24370 | AH52: =SUMIFS(Map!D:D,Map!B:B,B52,Map!A:A,C52) -> 0 | AJ52: =SUM(AK52:AO52) -> 22250 | AK52: =SUMIFS('KPI trừ'!C:C,'KPI trừ'!A:A,B52,'KPI trừ'!B:B,C52) -> 22250 | AL52: =SUMIFS('KPI trừ'!D:D,'KPI trừ'!A:A,B52,'KPI trừ'!B:B,C52) -> 0 | AM52: =SUMIFS('KPI trừ'!E:E,'KPI trừ'!A:A,B52,'KPI trừ'!B:B,C52) -> 0 | AN52: =SUMIFS('KPI trừ'!F:F,'KPI trừ'!A:A,B52,'KPI trừ'!B:B,C52) -> 0 | AO52: =SUMIFS('KPI trừ'!G:G,'KPI trừ'!A:A,B52,'KPI trừ'!B:B,C52) -> 0 | AP52: =IFERROR(__xludf.DUMMYFUNCTION("IFERROR(TEXTJOIN("" "", TRUE, FILTER('KPI trừ'!H:H, ('KPI trừ'!A:A=B52) * ('KPI trừ'!B:B=C52))), """")"),"") | AQ52: =IFERROR(__xludf.DUMMYFUNCTION("IFERROR( MAX( QUERY( FILTER( {'Ngày công'!$C$2:$C$5000,'Ngày công'!$F$2:$F$5000}, TRIM('Ngày công'!$B$2:$B$5000)=TRIM($C52) ), ""select sum(Col2) where Col1 is not null group by Col1 label sum(Col2) ''"", 0 ) ), 0 )"),11.8) -> 11.8
A53: #NAME? | B53: Nguyễn Thị Thập | C53: Nguyễn Minh Trí | D53: DSHV | E53: =G53+I53+L53+O53+S53+T53 -> #NAME? | F53: =H53+P53 -> 0 | G53: =SUMIFS('Giờ công'!I:I,'Giờ công'!G:G,B53,'Giờ công'!H:H,C53) -> 177.36667 | H53: =SUMIFS('Giờ công'!J:J,'Giờ công'!G:G,B53,'Giờ công'!H:H,C53) -> 0 | I53: =_xludf.ifs(R53>=30,16,R53=29,8,TRUE,"") -> #NAME? | J53: 22 | K53: 0 | N53: =SUMIFS('Tăng ca lễ'!M:M,'Tăng ca lễ'!K:K,B53,'Tăng ca lễ'!L:L,C53) -> 0 | O53: =IF(OR(D53 = "PT",D53 = "DSHV"), SUMIFS('Tăng ca lễ'!O:O,'Tăng ca lễ'!K:K,B53,'Tăng ca lễ'!L:L,C53)*2, SUMIFS('Tăng ca lễ'!O:O,'Tăng ca lễ'!K:K,B53,'Tăng ca lễ'!L:L,C53)*3) -> 0 | P53: =IF(OR(D53 = "PT", D53 = "DSHV"), SUMIFS('Tăng ca lễ'!P:P,'Tăng ca lễ'!K:K,B53,'Tăng ca lễ'!L:L,C53)*2, SUMIFS('Tăng ca lễ'!P:P,'Tăng ca lễ'!K:K,B53,'Tăng ca lễ'!L:L,C53)*3) -> 0 | R53: =SUMIFS('Ngày công'!M:M,'Ngày công'!K:K,B53,'Ngày công'!L:L,C53) -> 22 | S53: =SUMIFS('Công Đào tạo'!G:G,'Công Đào tạo'!E:E,B53,'Công Đào tạo'!F:F,C53) -> 0 | T53: 0 | X53: =IFERROR(__xludf.DUMMYFUNCTION("IF($C53="""","""", IF( TRIM($D53)=""DSCD"", MIN( 1500000, ROUND(1500000/28*MIN(N($J53),28),0) ), IF( AND( REGEXMATCH(TRIM($D53),""^(DSXC|DSBC|CHT|DSTV)$""), N($H53)>=160 ), MIN( 1500000, ROUND(1500000/28*MIN(N($K53)"&",28),0) ), 0 ) ) )"),0) -> 0 | AA53: {=IF($C53="","", IFERROR( _xludf.LET( cnChinh, _xlfn.XLOOKUP( TRIM($C53), TRIM(KPI!$B$2:$B1043), KPI!$A$2:$A1043, "" ), IF( TRIM($B53)=TRIM(cnChinh), _xlfn.XLOOKUP( TRIM($C53), TRIM('MiniKat - HCM'!$A$2:$A1043), 'MiniKat - HCM'!$J$2:$J1043, "" ), "" ) ), "" ) )} | AC53: {=IFERROR(_xlfn.XLOOKUP(C53, whatsapp!A:A,whatsapp!D:D), " ")} | AE53: =SUMIFS(KPI!C:C,KPI!A:A,B53,KPI!B:B,C53) -> 0 | AF53: =SUMIFS('Thưởng CK'!C:C,'Thưởng CK'!A:A,B53,'Thưởng CK'!B:B,C53) -> 0 | AG53: =SUMIFS('Cận date'!C:C,'Cận date'!A:A,B53,'Cận date'!B:B,C53) -> 0 | AH53: =SUMIFS(Map!D:D,Map!B:B,B53,Map!A:A,C53) -> 0 | AJ53: =SUM(AK53:AO53) -> 0 | AK53: =SUMIFS('KPI trừ'!C:C,'KPI trừ'!A:A,B53,'KPI trừ'!B:B,C53) -> 0 | AL53: =SUMIFS('KPI trừ'!D:D,'KPI trừ'!A:A,B53,'KPI trừ'!B:B,C53) -> 0 | AM53: =SUMIFS('KPI trừ'!E:E,'KPI trừ'!A:A,B53,'KPI trừ'!B:B,C53) -> 0 | AN53: =SUMIFS('KPI trừ'!F:F,'KPI trừ'!A:A,B53,'KPI trừ'!B:B,C53) -> 0 | AO53: =SUMIFS('KPI trừ'!G:G,'KPI trừ'!A:A,B53,'KPI trừ'!B:B,C53) -> 0 | AP53: =IFERROR(__xludf.DUMMYFUNCTION("IFERROR(TEXTJOIN("" "", TRUE, FILTER('KPI trừ'!H:H, ('KPI trừ'!A:A=B53) * ('KPI trừ'!B:B=C53))), """")"),"") | AQ53: =IFERROR(__xludf.DUMMYFUNCTION("IFERROR( MAX( QUERY( FILTER( {'Ngày công'!$C$2:$C$5000,'Ngày công'!$F$2:$F$5000}, TRIM('Ngày công'!$B$2:$B$5000)=TRIM($C53) ), ""select sum(Col2) where Col1 is not null group by Col1 label sum(Col2) ''"", 0 ) ), 0 )"),8.35) -> 8.35
A54: #NAME? | B54: Nguyễn Thị Thập | C54: Nguyễn Trí Nghĩa | D54: DSBC | E54: =G54+I54+L54+O54+S54+T54 -> #NAME? | F54: =H54+P54 -> 26.916667 | G54: =SUMIFS('Giờ công'!I:I,'Giờ công'!G:G,B54,'Giờ công'!H:H,C54) -> 198.88333 | H54: =SUMIFS('Giờ công'!J:J,'Giờ công'!G:G,B54,'Giờ công'!H:H,C54) -> 26.916667 | I54: =_xludf.ifs(R54>=30,16,R54=29,8,TRUE,"") -> #NAME? | J54: 24 | K54: 3 | N54: =SUMIFS('Tăng ca lễ'!M:M,'Tăng ca lễ'!K:K,B54,'Tăng ca lễ'!L:L,C54) -> 0 | O54: =IF(OR(D54 = "PT",D54 = "DSHV"), SUMIFS('Tăng ca lễ'!O:O,'Tăng ca lễ'!K:K,B54,'Tăng ca lễ'!L:L,C54)*2, SUMIFS('Tăng ca lễ'!O:O,'Tăng ca lễ'!K:K,B54,'Tăng ca lễ'!L:L,C54)*3) -> 0 | P54: =IF(OR(D54 = "PT", D54 = "DSHV"), SUMIFS('Tăng ca lễ'!P:P,'Tăng ca lễ'!K:K,B54,'Tăng ca lễ'!L:L,C54)*2, SUMIFS('Tăng ca lễ'!P:P,'Tăng ca lễ'!K:K,B54,'Tăng ca lễ'!L:L,C54)*3) -> 0 | R54: =SUMIFS('Ngày công'!M:M,'Ngày công'!K:K,B54,'Ngày công'!L:L,C54) -> 24 | S54: =SUMIFS('Công Đào tạo'!G:G,'Công Đào tạo'!E:E,B54,'Công Đào tạo'!F:F,C54) -> 0 | T54: 0 | X54: =IFERROR(__xludf.DUMMYFUNCTION("IF($C54="""","""", IF( TRIM($D54)=""DSCD"", MIN( 1500000, ROUND(1500000/28*MIN(N($J54),28),0) ), IF( AND( REGEXMATCH(TRIM($D54),""^(DSXC|DSBC|CHT|DSTV)$""), N($H54)>=160 ), MIN( 1500000, ROUND(1500000/28*MIN(N($K54)"&",28),0) ), 0 ) ) )"),0) -> 0 | AA54: {=IF($C54="","", IFERROR( _xludf.LET( cnChinh, _xlfn.XLOOKUP( TRIM($C54), TRIM(KPI!$B$2:$B1043), KPI!$A$2:$A1043, "" ), IF( TRIM($B54)=TRIM(cnChinh), _xlfn.XLOOKUP( TRIM($C54), TRIM('MiniKat - HCM'!$A$2:$A1043), 'MiniKat - HCM'!$J$2:$J1043, "" ), "" ) ), "" ) )} | AC54: {=IFERROR(_xlfn.XLOOKUP(C54, whatsapp!A:A,whatsapp!D:D), " ")} | AE54: =SUMIFS(KPI!C:C,KPI!A:A,B54,KPI!B:B,C54) -> 0 | AF54: =SUMIFS('Thưởng CK'!C:C,'Thưởng CK'!A:A,B54,'Thưởng CK'!B:B,C54) -> 950350 | AG54: =SUMIFS('Cận date'!C:C,'Cận date'!A:A,B54,'Cận date'!B:B,C54) -> 36700 | AH54: =SUMIFS(Map!D:D,Map!B:B,B54,Map!A:A,C54) -> 0 | AJ54: =SUM(AK54:AO54) -> 22250 | AK54: =SUMIFS('KPI trừ'!C:C,'KPI trừ'!A:A,B54,'KPI trừ'!B:B,C54) -> 22250 | AL54: =SUMIFS('KPI trừ'!D:D,'KPI trừ'!A:A,B54,'KPI trừ'!B:B,C54) -> 0 | AM54: =SUMIFS('KPI trừ'!E:E,'KPI trừ'!A:A,B54,'KPI trừ'!B:B,C54) -> 0 | AN54: =SUMIFS('KPI trừ'!F:F,'KPI trừ'!A:A,B54,'KPI trừ'!B:B,C54) -> 0 | AO54: =SUMIFS('KPI trừ'!G:G,'KPI trừ'!A:A,B54,'KPI trừ'!B:B,C54) -> 0 | AP54: =IFERROR(__xludf.DUMMYFUNCTION("IFERROR(TEXTJOIN("" "", TRUE, FILTER('KPI trừ'!H:H, ('KPI trừ'!A:A=B54) * ('KPI trừ'!B:B=C54))), """")"),"") | AQ54: =IFERROR(__xludf.DUMMYFUNCTION("IFERROR( MAX( QUERY( FILTER( {'Ngày công'!$C$2:$C$5000,'Ngày công'!$F$2:$F$5000}, TRIM('Ngày công'!$B$2:$B$5000)=TRIM($C54) ), ""select sum(Col2) where Col1 is not null group by Col1 label sum(Col2) ''"", 0 ) ), 0 )"),22.4166666666666) -> 22.416667
A55: #NAME? | B55: Nguyễn Thị Thập | C55: Triệu Thị Ngọc Lý | D55: CHT | E55: =G55+I55+L55+O55+S55+T55 -> #NAME? | F55: =H55+P55 -> 8.2 | G55: =SUMIFS('Giờ công'!I:I,'Giờ công'!G:G,B55,'Giờ công'!H:H,C55) -> 284.76667 | H55: =SUMIFS('Giờ công'!J:J,'Giờ công'!G:G,B55,'Giờ công'!H:H,C55) -> 8.2 | I55: =_xludf.ifs(R55>=30,16,R55=29,8,TRUE,"") -> #NAME? | J55: 24 | K55: 1 | N55: =SUMIFS('Tăng ca lễ'!M:M,'Tăng ca lễ'!K:K,B55,'Tăng ca lễ'!L:L,C55) -> 0 | O55: =IF(OR(D55 = "PT",D55 = "DSHV"), SUMIFS('Tăng ca lễ'!O:O,'Tăng ca lễ'!K:K,B55,'Tăng ca lễ'!L:L,C55)*2, SUMIFS('Tăng ca lễ'!O:O,'Tăng ca lễ'!K:K,B55,'Tăng ca lễ'!L:L,C55)*3) -> 0 | P55: =IF(OR(D55 = "PT", D55 = "DSHV"), SUMIFS('Tăng ca lễ'!P:P,'Tăng ca lễ'!K:K,B55,'Tăng ca lễ'!L:L,C55)*2, SUMIFS('Tăng ca lễ'!P:P,'Tăng ca lễ'!K:K,B55,'Tăng ca lễ'!L:L,C55)*3) -> 0 | R55: =SUMIFS('Ngày công'!M:M,'Ngày công'!K:K,B55,'Ngày công'!L:L,C55) -> 23 | S55: =SUMIFS('Công Đào tạo'!G:G,'Công Đào tạo'!E:E,B55,'Công Đào tạo'!F:F,C55) -> 0 | T55: 0 | V55: =2000000*0.75 -> 1500000 | X55: =IFERROR(__xludf.DUMMYFUNCTION("IF($C55="""","""", IF( TRIM($D55)=""DSCD"", MIN( 1500000, ROUND(1500000/28*MIN(N($J55),28),0) ), IF( AND( REGEXMATCH(TRIM($D55),""^(DSXC|DSBC|CHT|DSTV)$""), N($H55)>=160 ), MIN( 1500000, ROUND(1500000/28*MIN(N($K55)"&",28),0) ), 0 ) ) )"),0) -> 0 | AA55: {=IF($C55="","", IFERROR( _xludf.LET( cnChinh, _xlfn.XLOOKUP( TRIM($C55), TRIM(KPI!$B$2:$B1043), KPI!$A$2:$A1043, "" ), IF( TRIM($B55)=TRIM(cnChinh), _xlfn.XLOOKUP( TRIM($C55), TRIM('MiniKat - HCM'!$A$2:$A1043), 'MiniKat - HCM'!$J$2:$J1043, "" ), "" ) ), "" ) )} | AC55: {=IFERROR(_xlfn.XLOOKUP(C55, whatsapp!A:A,whatsapp!D:D), " ")} | AE55: =SUMIFS(KPI!C:C,KPI!A:A,B55,KPI!B:B,C55) -> 0 | AF55: =SUMIFS('Thưởng CK'!C:C,'Thưởng CK'!A:A,B55,'Thưởng CK'!B:B,C55) -> 1039300 | AG55: =SUMIFS('Cận date'!C:C,'Cận date'!A:A,B55,'Cận date'!B:B,C55) -> 61700 | AH55: =SUMIFS(Map!D:D,Map!B:B,B55,Map!A:A,C55) -> 0 | AJ55: =SUM(AK55:AO55) -> 22250 | AK55: =SUMIFS('KPI trừ'!C:C,'KPI trừ'!A:A,B55,'KPI trừ'!B:B,C55) -> 22250 | AL55: =SUMIFS('KPI trừ'!D:D,'KPI trừ'!A:A,B55,'KPI trừ'!B:B,C55) -> 0 | AM55: =SUMIFS('KPI trừ'!E:E,'KPI trừ'!A:A,B55,'KPI trừ'!B:B,C55) -> 0 | AN55: =SUMIFS('KPI trừ'!F:F,'KPI trừ'!A:A,B55,'KPI trừ'!B:B,C55) -> 0 | AO55: =SUMIFS('KPI trừ'!G:G,'KPI trừ'!A:A,B55,'KPI trừ'!B:B,C55) -> 0 | AP55: =IFERROR(__xludf.DUMMYFUNCTION("IFERROR(TEXTJOIN("" "", TRUE, FILTER('KPI trừ'!H:H, ('KPI trừ'!A:A=B55) * ('KPI trừ'!B:B=C55))), """")"),"") | AQ55: =IFERROR(__xludf.DUMMYFUNCTION("IFERROR( MAX( QUERY( FILTER( {'Ngày công'!$C$2:$C$5000,'Ngày công'!$F$2:$F$5000}, TRIM('Ngày công'!$B$2:$B$5000)=TRIM($C55) ), ""select sum(Col2) where Col1 is not null group by Col1 label sum(Col2) ''"", 0 ) ), 0 )"),18.5333333333333) -> 18.533333
A56: #NAME? | B56: Nguyễn Thị Thập | C56: Trần Thành Đạt | D56: DSCD | E56: =G56+I56+L56+O56+S56+T56 -> #NAME? | F56: =H56+P56 -> 267.41667 | G56: =SUMIFS('Giờ công'!I:I,'Giờ công'!G:G,B56,'Giờ công'!H:H,C56) -> 5.55 | H56: =SUMIFS('Giờ công'!J:J,'Giờ công'!G:G,B56,'Giờ công'!H:H,C56) -> 267.41667 | I56: =_xludf.ifs(R56>=30,16,R56=29,8,TRUE,"") -> #NAME? | J56: 29 | K56: 33 | N56: =SUMIFS('Tăng ca lễ'!M:M,'Tăng ca lễ'!K:K,B56,'Tăng ca lễ'!L:L,C56) -> 0 | O56: =IF(OR(D56 = "PT",D56 = "DSHV"), SUMIFS('Tăng ca lễ'!O:O,'Tăng ca lễ'!K:K,B56,'Tăng ca lễ'!L:L,C56)*2, SUMIFS('Tăng ca lễ'!O:O,'Tăng ca lễ'!K:K,B56,'Tăng ca lễ'!L:L,C56)*3) -> 0 | P56: =IF(OR(D56 = "PT", D56 = "DSHV"), SUMIFS('Tăng ca lễ'!P:P,'Tăng ca lễ'!K:K,B56,'Tăng ca lễ'!L:L,C56)*2, SUMIFS('Tăng ca lễ'!P:P,'Tăng ca lễ'!K:K,B56,'Tăng ca lễ'!L:L,C56)*3) -> 0 | R56: =SUMIFS('Ngày công'!M:M,'Ngày công'!K:K,B56,'Ngày công'!L:L,C56) -> 29 | S56: =SUMIFS('Công Đào tạo'!G:G,'Công Đào tạo'!E:E,B56,'Công Đào tạo'!F:F,C56) -> 0 | T56: 0 | X56: =IFERROR(__xludf.DUMMYFUNCTION("IF($C56="""","""", IF( TRIM($D56)=""DSCD"", MIN( 1500000, ROUND(1500000/28*MIN(N($J56),28),0) ), IF( AND( REGEXMATCH(TRIM($D56),""^(DSXC|DSBC|CHT|DSTV)$""), N($H56)>=160 ), MIN( 1500000, ROUND(1500000/28*MIN(N($K56)"&",28),0) ), 0 ) ) )"),1500000) -> 1500000 | AA56: {=IF($C56="","", IFERROR( _xludf.LET( cnChinh, _xlfn.XLOOKUP( TRIM($C56), TRIM(KPI!$B$2:$B1043), KPI!$A$2:$A1043, "" ), IF( TRIM($B56)=TRIM(cnChinh), _xlfn.XLOOKUP( TRIM($C56), TRIM('MiniKat - HCM'!$A$2:$A1043), 'MiniKat - HCM'!$J$2:$J1043, "" ), "" ) ), "" ) )} | AC56: {=IFERROR(_xlfn.XLOOKUP(C56, whatsapp!A:A,whatsapp!D:D), " ")} | AE56: =SUMIFS(KPI!C:C,KPI!A:A,B56,KPI!B:B,C56) -> 0 | AF56: =SUMIFS('Thưởng CK'!C:C,'Thưởng CK'!A:A,B56,'Thưởng CK'!B:B,C56) -> 645000 | AG56: =SUMIFS('Cận date'!C:C,'Cận date'!A:A,B56,'Cận date'!B:B,C56) -> 47180 | AH56: =SUMIFS(Map!D:D,Map!B:B,B56,Map!A:A,C56) -> 0 | AJ56: =SUM(AK56:AO56) -> 22250 | AK56: =SUMIFS('KPI trừ'!C:C,'KPI trừ'!A:A,B56,'KPI trừ'!B:B,C56) -> 22250 | AL56: =SUMIFS('KPI trừ'!D:D,'KPI trừ'!A:A,B56,'KPI trừ'!B:B,C56) -> 0 | AM56: =SUMIFS('KPI trừ'!E:E,'KPI trừ'!A:A,B56,'KPI trừ'!B:B,C56) -> 0 | AN56: =SUMIFS('KPI trừ'!F:F,'KPI trừ'!A:A,B56,'KPI trừ'!B:B,C56) -> 0 | AO56: =SUMIFS('KPI trừ'!G:G,'KPI trừ'!A:A,B56,'KPI trừ'!B:B,C56) -> 0 | AP56: =IFERROR(__xludf.DUMMYFUNCTION("IFERROR(TEXTJOIN("" "", TRUE, FILTER('KPI trừ'!H:H, ('KPI trừ'!A:A=B56) * ('KPI trừ'!B:B=C56))), """")"),"") | AQ56: =IFERROR(__xludf.DUMMYFUNCTION("IFERROR( MAX( QUERY( FILTER( {'Ngày công'!$C$2:$C$5000,'Ngày công'!$F$2:$F$5000}, TRIM('Ngày công'!$B$2:$B$5000)=TRIM($C56) ), ""select sum(Col2) where Col1 is not null group by Col1 label sum(Col2) ''"", 0 ) ), 0 )"),12.2666666666666) -> 12.266667
A57: #NAME? | B57: Nguyễn Văn Quá | C57: Hồ Ngọc Lý | D57: DSCD | E57: =G57+I57+L57+O57+S57+T57 -> #NAME? | F57: =H57+P57 -> 246.4 | G57: =SUMIFS('Giờ công'!I:I,'Giờ công'!G:G,B57,'Giờ công'!H:H,C57) -> 0 | H57: =SUMIFS('Giờ công'!J:J,'Giờ công'!G:G,B57,'Giờ công'!H:H,C57) -> 246.4 | I57: =_xludf.ifs(R57>=30,16,R57=29,8,TRUE,"") -> #NAME? | J57: 30 | K57: 31 | N57: =SUMIFS('Tăng ca lễ'!M:M,'Tăng ca lễ'!K:K,B57,'Tăng ca lễ'!L:L,C57) -> 0 | O57: =IF(OR(D57 = "PT",D57 = "DSHV"), SUMIFS('Tăng ca lễ'!O:O,'Tăng ca lễ'!K:K,B57,'Tăng ca lễ'!L:L,C57)*2, SUMIFS('Tăng ca lễ'!O:O,'Tăng ca lễ'!K:K,B57,'Tăng ca lễ'!L:L,C57)*3) -> 0 | P57: =IF(OR(D57 = "PT", D57 = "DSHV"), SUMIFS('Tăng ca lễ'!P:P,'Tăng ca lễ'!K:K,B57,'Tăng ca lễ'!L:L,C57)*2, SUMIFS('Tăng ca lễ'!P:P,'Tăng ca lễ'!K:K,B57,'Tăng ca lễ'!L:L,C57)*3) -> 0 | R57: =SUMIFS('Ngày công'!M:M,'Ngày công'!K:K,B57,'Ngày công'!L:L,C57) -> 30 | S57: =SUMIFS('Công Đào tạo'!G:G,'Công Đào tạo'!E:E,B57,'Công Đào tạo'!F:F,C57) -> 0 | T57: 0 | X57: =IFERROR(__xludf.DUMMYFUNCTION("IF($C57="""","""", IF( TRIM($D57)=""DSCD"", MIN( 1500000, ROUND(1500000/28*MIN(N($J57),28),0) ), IF( AND( REGEXMATCH(TRIM($D57),""^(DSXC|DSBC|CHT|DSTV)$""), N($H57)>=160 ), MIN( 1500000, ROUND(1500000/28*MIN(N($K57)"&",28),0) ), 0 ) ) )"),1500000) -> 1500000 | AA57: {=IF($C57="","", IFERROR( _xludf.LET( cnChinh, _xlfn.XLOOKUP( TRIM($C57), TRIM(KPI!$B$2:$B1043), KPI!$A$2:$A1043, "" ), IF( TRIM($B57)=TRIM(cnChinh), _xlfn.XLOOKUP( TRIM($C57), TRIM('MiniKat - HCM'!$A$2:$A1043), 'MiniKat - HCM'!$J$2:$J1043, "" ), "" ) ), "" ) )} | AC57: {=IFERROR(_xlfn.XLOOKUP(C57, whatsapp!A:A,whatsapp!D:D), " ")} | AE57: =SUMIFS(KPI!C:C,KPI!A:A,B57,KPI!B:B,C57) -> 0 | AF57: =SUMIFS('Thưởng CK'!C:C,'Thưởng CK'!A:A,B57,'Thưởng CK'!B:B,C57) -> 0 | AG57: =SUMIFS('Cận date'!C:C,'Cận date'!A:A,B57,'Cận date'!B:B,C57) -> 3885 | AH57: =SUMIFS(Map!D:D,Map!B:B,B57,Map!A:A,C57) -> 0 | AJ57: =SUM(AK57:AO57) -> 0 | AK57: =SUMIFS('KPI trừ'!C:C,'KPI trừ'!A:A,B57,'KPI trừ'!B:B,C57) -> 0 | AL57: =SUMIFS('KPI trừ'!D:D,'KPI trừ'!A:A,B57,'KPI trừ'!B:B,C57) -> 0 | AM57: =SUMIFS('KPI trừ'!E:E,'KPI trừ'!A:A,B57,'KPI trừ'!B:B,C57) -> 0 | AN57: =SUMIFS('KPI trừ'!F:F,'KPI trừ'!A:A,B57,'KPI trừ'!B:B,C57) -> 0 | AO57: =SUMIFS('KPI trừ'!G:G,'KPI trừ'!A:A,B57,'KPI trừ'!B:B,C57) -> 0 | AP57: =IFERROR(__xludf.DUMMYFUNCTION("IFERROR(TEXTJOIN("" "", TRUE, FILTER('KPI trừ'!H:H, ('KPI trừ'!A:A=B57) * ('KPI trừ'!B:B=C57))), """")"),"") | AQ57: =IFERROR(__xludf.DUMMYFUNCTION("IFERROR( MAX( QUERY( FILTER( {'Ngày công'!$C$2:$C$5000,'Ngày công'!$F$2:$F$5000}, TRIM('Ngày công'!$B$2:$B$5000)=TRIM($C57) ), ""select sum(Col2) where Col1 is not null group by Col1 label sum(Col2) ''"", 0 ) ), 0 )"),10.4166666666666) -> 10.416667
A58: #NAME? | B58: Nguyễn Văn Quá | C58: Nguyễn Thị Hương Giang | D58: DSBC | E58: =G58+I58+L58+O58+S58+T58 -> #NAME? | F58: =H58+P58 -> 12.266667 | G58: =SUMIFS('Giờ công'!I:I,'Giờ công'!G:G,B58,'Giờ công'!H:H,C58) -> 194.68333 | H58: =SUMIFS('Giờ công'!J:J,'Giờ công'!G:G,B58,'Giờ công'!H:H,C58) -> 12.266667 | I58: =_xludf.ifs(R58>=30,16,R58=29,8,TRUE,"") -> #NAME? | J58: 27 | K58: 2 | N58: =SUMIFS('Tăng ca lễ'!M:M,'Tăng ca lễ'!K:K,B58,'Tăng ca lễ'!L:L,C58) -> 0 | O58: =IF(OR(D58 = "PT",D58 = "DSHV"), SUMIFS('Tăng ca lễ'!O:O,'Tăng ca lễ'!K:K,B58,'Tăng ca lễ'!L:L,C58)*2, SUMIFS('Tăng ca lễ'!O:O,'Tăng ca lễ'!K:K,B58,'Tăng ca lễ'!L:L,C58)*3) -> 0 | P58: =IF(OR(D58 = "PT", D58 = "DSHV"), SUMIFS('Tăng ca lễ'!P:P,'Tăng ca lễ'!K:K,B58,'Tăng ca lễ'!L:L,C58)*2, SUMIFS('Tăng ca lễ'!P:P,'Tăng ca lễ'!K:K,B58,'Tăng ca lễ'!L:L,C58)*3) -> 0 | R58: =SUMIFS('Ngày công'!M:M,'Ngày công'!K:K,B58,'Ngày công'!L:L,C58) -> 27 | S58: =SUMIFS('Công Đào tạo'!G:G,'Công Đào tạo'!E:E,B58,'Công Đào tạo'!F:F,C58) -> 0 | T58: 0 | X58: =IFERROR(__xludf.DUMMYFUNCTION("IF($C58="""","""", IF( TRIM($D58)=""DSCD"", MIN( 1500000, ROUND(1500000/28*MIN(N($J58),28),0) ), IF( AND( REGEXMATCH(TRIM($D58),""^(DSXC|DSBC|CHT|DSTV)$""), N($H58)>=160 ), MIN( 1500000, ROUND(1500000/28*MIN(N($K58)"&",28),0) ), 0 ) ) )"),0) -> 0 | AA58: {=IF($C58="","", IFERROR( _xludf.LET( cnChinh, _xlfn.XLOOKUP( TRIM($C58), TRIM(KPI!$B$2:$B1043), KPI!$A$2:$A1043, "" ), IF( TRIM($B58)=TRIM(cnChinh), _xlfn.XLOOKUP( TRIM($C58), TRIM('MiniKat - HCM'!$A$2:$A1043), 'MiniKat - HCM'!$J$2:$J1043, "" ), "" ) ), "" ) )} | AC58: {=IFERROR(_xlfn.XLOOKUP(C58, whatsapp!A:A,whatsapp!D:D), " ")} | AE58: =SUMIFS(KPI!C:C,KPI!A:A,B58,KPI!B:B,C58) -> 833917 | AF58: =SUMIFS('Thưởng CK'!C:C,'Thưởng CK'!A:A,B58,'Thưởng CK'!B:B,C58) -> 0 | AG58: =SUMIFS('Cận date'!C:C,'Cận date'!A:A,B58,'Cận date'!B:B,C58) -> 8180 | AH58: =SUMIFS(Map!D:D,Map!B:B,B58,Map!A:A,C58) -> 0 | AJ58: =SUM(AK58:AO58) -> 0 | AK58: =SUMIFS('KPI trừ'!C:C,'KPI trừ'!A:A,B58,'KPI trừ'!B:B,C58) -> 0 | AL58: =SUMIFS('KPI trừ'!D:D,'KPI trừ'!A:A,B58,'KPI trừ'!B:B,C58) -> 0 | AM58: =SUMIFS('KPI trừ'!E:E,'KPI trừ'!A:A,B58,'KPI trừ'!B:B,C58) -> 0 | AN58: =SUMIFS('KPI trừ'!F:F,'KPI trừ'!A:A,B58,'KPI trừ'!B:B,C58) -> 0 | AO58: =SUMIFS('KPI trừ'!G:G,'KPI trừ'!A:A,B58,'KPI trừ'!B:B,C58) -> 0 | AP58: =IFERROR(__xludf.DUMMYFUNCTION("IFERROR(TEXTJOIN("" "", TRUE, FILTER('KPI trừ'!H:H, ('KPI trừ'!A:A=B58) * ('KPI trừ'!B:B=C58))), """")"),"") | AQ58: =IFERROR(__xludf.DUMMYFUNCTION("IFERROR( MAX( QUERY( FILTER( {'Ngày công'!$C$2:$C$5000,'Ngày công'!$F$2:$F$5000}, TRIM('Ngày công'!$B$2:$B$5000)=TRIM($C58) ), ""select sum(Col2) where Col1 is not null group by Col1 label sum(Col2) ''"", 0 ) ), 0 )"),11.1666666666666) -> 11.166667
A59: #NAME? | B59: Nguyễn Văn Quá | C59: Nguyễn Thị Thu Huyền | D59: DSCD | E59: =G59+I59+L59+O59+S59+T59 -> #NAME? | F59: =H59+P59 -> 224.61667 | G59: =SUMIFS('Giờ công'!I:I,'Giờ công'!G:G,B59,'Giờ công'!H:H,C59) -> 74.983333 | H59: =SUMIFS('Giờ công'!J:J,'Giờ công'!G:G,B59,'Giờ công'!H:H,C59) -> 224.61667 | I59: =_xludf.ifs(R59>=30,16,R59=29,8,TRUE,"") -> #NAME? | J59: 28 | K59: 29 | N59: =SUMIFS('Tăng ca lễ'!M:M,'Tăng ca lễ'!K:K,B59,'Tăng ca lễ'!L:L,C59) -> 0 | O59: =IF(OR(D59 = "PT",D59 = "DSHV"), SUMIFS('Tăng ca lễ'!O:O,'Tăng ca lễ'!K:K,B59,'Tăng ca lễ'!L:L,C59)*2, SUMIFS('Tăng ca lễ'!O:O,'Tăng ca lễ'!K:K,B59,'Tăng ca lễ'!L:L,C59)*3) -> 0 | P59: =IF(OR(D59 = "PT", D59 = "DSHV"), SUMIFS('Tăng ca lễ'!P:P,'Tăng ca lễ'!K:K,B59,'Tăng ca lễ'!L:L,C59)*2, SUMIFS('Tăng ca lễ'!P:P,'Tăng ca lễ'!K:K,B59,'Tăng ca lễ'!L:L,C59)*3) -> 0 | R59: =SUMIFS('Ngày công'!M:M,'Ngày công'!K:K,B59,'Ngày công'!L:L,C59) -> 28 | S59: =SUMIFS('Công Đào tạo'!G:G,'Công Đào tạo'!E:E,B59,'Công Đào tạo'!F:F,C59) -> 0 | T59: 0 | X59: =IFERROR(__xludf.DUMMYFUNCTION("IF($C59="""","""", IF( TRIM($D59)=""DSCD"", MIN( 1500000, ROUND(1500000/28*MIN(N($J59),28),0) ), IF( AND( REGEXMATCH(TRIM($D59),""^(DSXC|DSBC|CHT|DSTV)$""), N($H59)>=160 ), MIN( 1500000, ROUND(1500000/28*MIN(N($K59)"&",28),0) ), 0 ) ) )"),1500000) -> 1500000 | AA59: {=IF($C59="","", IFERROR( _xludf.LET( cnChinh, _xlfn.XLOOKUP( TRIM($C59), TRIM(KPI!$B$2:$B1043), KPI!$A$2:$A1043, "" ), IF( TRIM($B59)=TRIM(cnChinh), _xlfn.XLOOKUP( TRIM($C59), TRIM('MiniKat - HCM'!$A$2:$A1043), 'MiniKat - HCM'!$J$2:$J1043, "" ), "" ) ), "" ) )} | AC59: {=IFERROR(_xlfn.XLOOKUP(C59, whatsapp!A:A,whatsapp!D:D), " ")} | AE59: =SUMIFS(KPI!C:C,KPI!A:A,B59,KPI!B:B,C59) -> 0 | AF59: =SUMIFS('Thưởng CK'!C:C,'Thưởng CK'!A:A,B59,'Thưởng CK'!B:B,C59) -> 0 | AG59: =SUMIFS('Cận date'!C:C,'Cận date'!A:A,B59,'Cận date'!B:B,C59) -> 24100 | AH59: =SUMIFS(Map!D:D,Map!B:B,B59,Map!A:A,C59) -> 0 | AJ59: =SUM(AK59:AO59) -> 0 | AK59: =SUMIFS('KPI trừ'!C:C,'KPI trừ'!A:A,B59,'KPI trừ'!B:B,C59) -> 0 | AL59: =SUMIFS('KPI trừ'!D:D,'KPI trừ'!A:A,B59,'KPI trừ'!B:B,C59) -> 0 | AM59: =SUMIFS('KPI trừ'!E:E,'KPI trừ'!A:A,B59,'KPI trừ'!B:B,C59) -> 0 | AN59: =SUMIFS('KPI trừ'!F:F,'KPI trừ'!A:A,B59,'KPI trừ'!B:B,C59) -> 0 | AO59: =SUMIFS('KPI trừ'!G:G,'KPI trừ'!A:A,B59,'KPI trừ'!B:B,C59) -> 0 | AP59: =IFERROR(__xludf.DUMMYFUNCTION("IFERROR(TEXTJOIN("" "", TRUE, FILTER('KPI trừ'!H:H, ('KPI trừ'!A:A=B59) * ('KPI trừ'!B:B=C59))), """")"),"") | AQ59: =IFERROR(__xludf.DUMMYFUNCTION("IFERROR( MAX( QUERY( FILTER( {'Ngày công'!$C$2:$C$5000,'Ngày công'!$F$2:$F$5000}, TRIM('Ngày công'!$B$2:$B$5000)=TRIM($C59) ), ""select sum(Col2) where Col1 is not null group by Col1 label sum(Col2) ''"", 0 ) ), 0 )"),16.95) -> 16.95
A60: #NAME? | B60: Nguyễn Văn Quá | C60: Nguyễn Trần Vĩnh Khang | D60: DSHV | E60: =G60+I60+L60+O60+S60+T60 -> #NAME? | F60: =H60+P60 -> 0 | G60: =SUMIFS('Giờ công'!I:I,'Giờ công'!G:G,B60,'Giờ công'!H:H,C60) -> 31.883333 | H60: =SUMIFS('Giờ công'!J:J,'Giờ công'!G:G,B60,'Giờ công'!H:H,C60) -> 0 | I60: =_xludf.ifs(R60>=30,16,R60=29,8,TRUE,"") -> #NAME? | J60: 4 | K60: 0 | N60: =SUMIFS('Tăng ca lễ'!M:M,'Tăng ca lễ'!K:K,B60,'Tăng ca lễ'!L:L,C60) -> 0 | O60: =IF(OR(D60 = "PT",D60 = "DSHV"), SUMIFS('Tăng ca lễ'!O:O,'Tăng ca lễ'!K:K,B60,'Tăng ca lễ'!L:L,C60)*2, SUMIFS('Tăng ca lễ'!O:O,'Tăng ca lễ'!K:K,B60,'Tăng ca lễ'!L:L,C60)*3) -> 0 | P60: =IF(OR(D60 = "PT", D60 = "DSHV"), SUMIFS('Tăng ca lễ'!P:P,'Tăng ca lễ'!K:K,B60,'Tăng ca lễ'!L:L,C60)*2, SUMIFS('Tăng ca lễ'!P:P,'Tăng ca lễ'!K:K,B60,'Tăng ca lễ'!L:L,C60)*3) -> 0 | R60: =SUMIFS('Ngày công'!M:M,'Ngày công'!K:K,B60,'Ngày công'!L:L,C60) -> 4 | S60: =SUMIFS('Công Đào tạo'!G:G,'Công Đào tạo'!E:E,B60,'Công Đào tạo'!F:F,C60) -> 0 | T60: 0 | X60: =IFERROR(__xludf.DUMMYFUNCTION("IF($C60="""","""", IF( TRIM($D60)=""DSCD"", MIN( 1500000, ROUND(1500000/28*MIN(N($J60),28),0) ), IF( AND( REGEXMATCH(TRIM($D60),""^(DSXC|DSBC|CHT|DSTV)$""), N($H60)>=160 ), MIN( 1500000, ROUND(1500000/28*MIN(N($K60)"&",28),0) ), 0 ) ) )"),0) -> 0 | AA60: {=IF($C60="","", IFERROR( _xludf.LET( cnChinh, _xlfn.XLOOKUP( TRIM($C60), TRIM(KPI!$B$2:$B1043), KPI!$A$2:$A1043, "" ), IF( TRIM($B60)=TRIM(cnChinh), _xlfn.XLOOKUP( TRIM($C60), TRIM('MiniKat - HCM'!$A$2:$A1043), 'MiniKat - HCM'!$J$2:$J1043, "" ), "" ) ), "" ) )} | AC60: {=IFERROR(_xlfn.XLOOKUP(C60, whatsapp!A:A,whatsapp!D:D), " ")} | AE60: =SUMIFS(KPI!C:C,KPI!A:A,B60,KPI!B:B,C60) -> 0 | AF60: =SUMIFS('Thưởng CK'!C:C,'Thưởng CK'!A:A,B60,'Thưởng CK'!B:B,C60) -> 0 | AG60: =SUMIFS('Cận date'!C:C,'Cận date'!A:A,B60,'Cận date'!B:B,C60) -> 0 | AH60: =SUMIFS(Map!D:D,Map!B:B,B60,Map!A:A,C60) -> 0 | AJ60: =SUM(AK60:AO60) -> 0 | AK60: =SUMIFS('KPI trừ'!C:C,'KPI trừ'!A:A,B60,'KPI trừ'!B:B,C60) -> 0 | AL60: =SUMIFS('KPI trừ'!D:D,'KPI trừ'!A:A,B60,'KPI trừ'!B:B,C60) -> 0 | AM60: =SUMIFS('KPI trừ'!E:E,'KPI trừ'!A:A,B60,'KPI trừ'!B:B,C60) -> 0 | AN60: =SUMIFS('KPI trừ'!F:F,'KPI trừ'!A:A,B60,'KPI trừ'!B:B,C60) -> 0 | AO60: =SUMIFS('KPI trừ'!G:G,'KPI trừ'!A:A,B60,'KPI trừ'!B:B,C60) -> 0 | AP60: =IFERROR(__xludf.DUMMYFUNCTION("IFERROR(TEXTJOIN("" "", TRUE, FILTER('KPI trừ'!H:H, ('KPI trừ'!A:A=B60) * ('KPI trừ'!B:B=C60))), """")"),"") | AQ60: =IFERROR(__xludf.DUMMYFUNCTION("IFERROR( MAX( QUERY( FILTER( {'Ngày công'!$C$2:$C$5000,'Ngày công'!$F$2:$F$5000}, TRIM('Ngày công'!$B$2:$B$5000)=TRIM($C60) ), ""select sum(Col2) where Col1 is not null group by Col1 label sum(Col2) ''"", 0 ) ), 0 )"),8) -> 8
A61: #NAME? | B61: Nguyễn Văn Quá | C61: Võ Ngọc Giàu Sang | D61: CHT | E61: =G61+I61+L61+O61+S61+T61 -> #NAME? | F61: =H61+P61 -> 0 | G61: =SUMIFS('Giờ công'!I:I,'Giờ công'!G:G,B61,'Giờ công'!H:H,C61) -> 205.21667 | H61: =SUMIFS('Giờ công'!J:J,'Giờ công'!G:G,B61,'Giờ công'!H:H,C61) -> 0 | I61: =_xludf.ifs(R61>=30,16,R61=29,8,TRUE,"") -> #NAME? | J61: 26 | K61: 0 | N61: =SUMIFS('Tăng ca lễ'!M:M,'Tăng ca lễ'!K:K,B61,'Tăng ca lễ'!L:L,C61) -> 0 | O61: =IF(OR(D61 = "PT",D61 = "DSHV"), SUMIFS('Tăng ca lễ'!O:O,'Tăng ca lễ'!K:K,B61,'Tăng ca lễ'!L:L,C61)*2, SUMIFS('Tăng ca lễ'!O:O,'Tăng ca lễ'!K:K,B61,'Tăng ca lễ'!L:L,C61)*3) -> 0 | P61: =IF(OR(D61 = "PT", D61 = "DSHV"), SUMIFS('Tăng ca lễ'!P:P,'Tăng ca lễ'!K:K,B61,'Tăng ca lễ'!L:L,C61)*2, SUMIFS('Tăng ca lễ'!P:P,'Tăng ca lễ'!K:K,B61,'Tăng ca lễ'!L:L,C61)*3) -> 0 | R61: =SUMIFS('Ngày công'!M:M,'Ngày công'!K:K,B61,'Ngày công'!L:L,C61) -> 26 | S61: =SUMIFS('Công Đào tạo'!G:G,'Công Đào tạo'!E:E,B61,'Công Đào tạo'!F:F,C61) -> 0 | T61: 0 | V61: =2000000*0.75 -> 1500000 | X61: =IFERROR(__xludf.DUMMYFUNCTION("IF($C61="""","""", IF( TRIM($D61)=""DSCD"", MIN( 1500000, ROUND(1500000/28*MIN(N($J61),28),0) ), IF( AND( REGEXMATCH(TRIM($D61),""^(DSXC|DSBC|CHT|DSTV)$""), N($H61)>=160 ), MIN( 1500000, ROUND(1500000/28*MIN(N($K61)"&",28),0) ), 0 ) ) )"),0) -> 0 | AA61: {=IF($C61="","", IFERROR( _xludf.LET( cnChinh, _xlfn.XLOOKUP( TRIM($C61), TRIM(KPI!$B$2:$B1043), KPI!$A$2:$A1043, "" ), IF( TRIM($B61)=TRIM(cnChinh), _xlfn.XLOOKUP( TRIM($C61), TRIM('MiniKat - HCM'!$A$2:$A1043), 'MiniKat - HCM'!$J$2:$J1043, "" ), "" ) ), "" ) )} | AC61: {=IFERROR(_xlfn.XLOOKUP(C61, whatsapp!A:A,whatsapp!D:D), " ")} | AE61: =SUMIFS(KPI!C:C,KPI!A:A,B61,KPI!B:B,C61) -> 0 | AF61: =SUMIFS('Thưởng CK'!C:C,'Thưởng CK'!A:A,B61,'Thưởng CK'!B:B,C61) -> 0 | AG61: =SUMIFS('Cận date'!C:C,'Cận date'!A:A,B61,'Cận date'!B:B,C61) -> 0 | AH61: =SUMIFS(Map!D:D,Map!B:B,B61,Map!A:A,C61) -> 0 | AJ61: =SUM(AK61:AO61) -> 0 | AK61: =SUMIFS('KPI trừ'!C:C,'KPI trừ'!A:A,B61,'KPI trừ'!B:B,C61) -> 0 | AL61: =SUMIFS('KPI trừ'!D:D,'KPI trừ'!A:A,B61,'KPI trừ'!B:B,C61) -> 0 | AM61: =SUMIFS('KPI trừ'!E:E,'KPI trừ'!A:A,B61,'KPI trừ'!B:B,C61) -> 0 | AN61: =SUMIFS('KPI trừ'!F:F,'KPI trừ'!A:A,B61,'KPI trừ'!B:B,C61) -> 0 | AO61: =SUMIFS('KPI trừ'!G:G,'KPI trừ'!A:A,B61,'KPI trừ'!B:B,C61) -> 0 | AP61: =IFERROR(__xludf.DUMMYFUNCTION("IFERROR(TEXTJOIN("" "", TRUE, FILTER('KPI trừ'!H:H, ('KPI trừ'!A:A=B61) * ('KPI trừ'!B:B=C61))), """")"),"") | AQ61: =IFERROR(__xludf.DUMMYFUNCTION("IFERROR( MAX( QUERY( FILTER( {'Ngày công'!$C$2:$C$5000,'Ngày công'!$F$2:$F$5000}, TRIM('Ngày công'!$B$2:$B$5000)=TRIM($C61) ), ""select sum(Col2) where Col1 is not null group by Col1 label sum(Col2) ''"", 0 ) ), 0 )"),15.9333333333333) -> 15.933333
A62: #NAME? | B62: Rạch Bùng Binh | C62: Cù Thị Tường Vy | D62: CHT | E62: =G62+I62+L62+O62+S62+T62 -> #NAME? | F62: =H62+P62 -> 37.05 | G62: =SUMIFS('Giờ công'!I:I,'Giờ công'!G:G,B62,'Giờ công'!H:H,C62) -> 270.95 | H62: =SUMIFS('Giờ công'!J:J,'Giờ công'!G:G,B62,'Giờ công'!H:H,C62) -> 37.05 | I62: =_xludf.ifs(R62>=30,16,R62=29,8,TRUE,"") -> #NAME? | J62: 23 | K62: 5 | N62: =SUMIFS('Tăng ca lễ'!M:M,'Tăng ca lễ'!K:K,B62,'Tăng ca lễ'!L:L,C62) -> 0 | O62: =IF(OR(D62 = "PT",D62 = "DSHV"), SUMIFS('Tăng ca lễ'!O:O,'Tăng ca lễ'!K:K,B62,'Tăng ca lễ'!L:L,C62)*2, SUMIFS('Tăng ca lễ'!O:O,'Tăng ca lễ'!K:K,B62,'Tăng ca lễ'!L:L,C62)*3) -> 0 | P62: =IF(OR(D62 = "PT", D62 = "DSHV"), SUMIFS('Tăng ca lễ'!P:P,'Tăng ca lễ'!K:K,B62,'Tăng ca lễ'!L:L,C62)*2, SUMIFS('Tăng ca lễ'!P:P,'Tăng ca lễ'!K:K,B62,'Tăng ca lễ'!L:L,C62)*3) -> 0 | R62: =SUMIFS('Ngày công'!M:M,'Ngày công'!K:K,B62,'Ngày công'!L:L,C62) -> 23 | S62: =SUMIFS('Công Đào tạo'!G:G,'Công Đào tạo'!E:E,B62,'Công Đào tạo'!F:F,C62) -> 0 | T62: 0 | V62: =2000000*0.75 -> 1500000 | X62: =IFERROR(__xludf.DUMMYFUNCTION("IF($C62="""","""", IF( TRIM($D62)=""DSCD"", MIN( 1500000, ROUND(1500000/28*MIN(N($J62),28),0) ), IF( AND( REGEXMATCH(TRIM($D62),""^(DSXC|DSBC|CHT|DSTV)$""), N($H62)>=160 ), MIN( 1500000, ROUND(1500000/28*MIN(N($K62)"&",28),0) ), 0 ) ) )"),0) -> 0 | AA62: {=IF($C62="","", IFERROR( _xludf.LET( cnChinh, _xlfn.XLOOKUP( TRIM($C62), TRIM(KPI!$B$2:$B1043), KPI!$A$2:$A1043, "" ), IF( TRIM($B62)=TRIM(cnChinh), _xlfn.XLOOKUP( TRIM($C62), TRIM('MiniKat - HCM'!$A$2:$A1043), 'MiniKat - HCM'!$J$2:$J1043, "" ), "" ) ), "" ) )} | AB62: 150000 | AC62: {=IFERROR(_xlfn.XLOOKUP(C62, whatsapp!A:A,whatsapp!D:D), " ")} | AE62: =SUMIFS(KPI!C:C,KPI!A:A,B62,KPI!B:B,C62) -> 0 | AF62: =SUMIFS('Thưởng CK'!C:C,'Thưởng CK'!A:A,B62,'Thưởng CK'!B:B,C62) -> 1971700 | AG62: =SUMIFS('Cận date'!C:C,'Cận date'!A:A,B62,'Cận date'!B:B,C62) -> 245560 | AH62: =SUMIFS(Map!D:D,Map!B:B,B62,Map!A:A,C62) -> 0 | AI62: 260000 | AJ62: =SUM(AK62:AO62) -> 100950 | AK62: =SUMIFS('KPI trừ'!C:C,'KPI trừ'!A:A,B62,'KPI trừ'!B:B,C62) -> 100950 | AL62: =SUMIFS('KPI trừ'!D:D,'KPI trừ'!A:A,B62,'KPI trừ'!B:B,C62) -> 0 | AM62: =SUMIFS('KPI trừ'!E:E,'KPI trừ'!A:A,B62,'KPI trừ'!B:B,C62) -> 0 | AN62: =SUMIFS('KPI trừ'!F:F,'KPI trừ'!A:A,B62,'KPI trừ'!B:B,C62) -> 0 | AO62: =SUMIFS('KPI trừ'!G:G,'KPI trừ'!A:A,B62,'KPI trừ'!B:B,C62) -> 0 | AP62: =IFERROR(__xludf.DUMMYFUNCTION("IFERROR(TEXTJOIN("" "", TRUE, FILTER('KPI trừ'!H:H, ('KPI trừ'!A:A=B62) * ('KPI trừ'!B:B=C62))), """")"),"") | AQ62: =IFERROR(__xludf.DUMMYFUNCTION("IFERROR( MAX( QUERY( FILTER( {'Ngày công'!$C$2:$C$5000,'Ngày công'!$F$2:$F$5000}, TRIM('Ngày công'!$B$2:$B$5000)=TRIM($C62) ), ""select sum(Col2) where Col1 is not null group by Col1 label sum(Col2) ''"", 0 ) ), 0 )"),25.5666666666666) -> 25.566667
A63: #NAME? | B63: Rạch Bùng Binh | C63: Huỳnh Thị Huệ Hiền | D63: DSCD | E63: =G63+I63+L63+O63+S63+T63 -> #NAME? | F63: =H63+P63 -> 237.53333 | G63: =SUMIFS('Giờ công'!I:I,'Giờ công'!G:G,B63,'Giờ công'!H:H,C63) -> 6.95 | H63: =SUMIFS('Giờ công'!J:J,'Giờ công'!G:G,B63,'Giờ công'!H:H,C63) -> 237.53333 | I63: =_xludf.ifs(R63>=30,16,R63=29,8,TRUE,"") -> #NAME? | J63: 30 | K63: 30 | N63: =SUMIFS('Tăng ca lễ'!M:M,'Tăng ca lễ'!K:K,B63,'Tăng ca lễ'!L:L,C63) -> 0 | O63: =IF(OR(D63 = "PT",D63 = "DSHV"), SUMIFS('Tăng ca lễ'!O:O,'Tăng ca lễ'!K:K,B63,'Tăng ca lễ'!L:L,C63)*2, SUMIFS('Tăng ca lễ'!O:O,'Tăng ca lễ'!K:K,B63,'Tăng ca lễ'!L:L,C63)*3) -> 0 | P63: =IF(OR(D63 = "PT", D63 = "DSHV"), SUMIFS('Tăng ca lễ'!P:P,'Tăng ca lễ'!K:K,B63,'Tăng ca lễ'!L:L,C63)*2, SUMIFS('Tăng ca lễ'!P:P,'Tăng ca lễ'!K:K,B63,'Tăng ca lễ'!L:L,C63)*3) -> 0 | R63: =SUMIFS('Ngày công'!M:M,'Ngày công'!K:K,B63,'Ngày công'!L:L,C63) -> 30 | S63: =SUMIFS('Công Đào tạo'!G:G,'Công Đào tạo'!E:E,B63,'Công Đào tạo'!F:F,C63) -> 0 | T63: 0 | X63: =IFERROR(__xludf.DUMMYFUNCTION("IF($C63="""","""", IF( TRIM($D63)=""DSCD"", MIN( 1500000, ROUND(1500000/28*MIN(N($J63),28),0) ), IF( AND( REGEXMATCH(TRIM($D63),""^(DSXC|DSBC|CHT|DSTV)$""), N($H63)>=160 ), MIN( 1500000, ROUND(1500000/28*MIN(N($K63)"&",28),0) ), 0 ) ) )"),1500000) -> 1500000 | AA63: {=IF($C63="","", IFERROR( _xludf.LET( cnChinh, _xlfn.XLOOKUP( TRIM($C63), TRIM(KPI!$B$2:$B1043), KPI!$A$2:$A1043, "" ), IF( TRIM($B63)=TRIM(cnChinh), _xlfn.XLOOKUP( TRIM($C63), TRIM('MiniKat - HCM'!$A$2:$A1043), 'MiniKat - HCM'!$J$2:$J1043, "" ), "" ) ), "" ) )} | AC63: {=IFERROR(_xlfn.XLOOKUP(C63, whatsapp!A:A,whatsapp!D:D), " ")} | AE63: =SUMIFS(KPI!C:C,KPI!A:A,B63,KPI!B:B,C63) -> 0 | AF63: =SUMIFS('Thưởng CK'!C:C,'Thưởng CK'!A:A,B63,'Thưởng CK'!B:B,C63) -> 2084000 | AG63: =SUMIFS('Cận date'!C:C,'Cận date'!A:A,B63,'Cận date'!B:B,C63) -> 0 | AH63: =SUMIFS(Map!D:D,Map!B:B,B63,Map!A:A,C63) -> 0 | AJ63: =SUM(AK63:AO63) -> 100950 | AK63: =SUMIFS('KPI trừ'!C:C,'KPI trừ'!A:A,B63,'KPI trừ'!B:B,C63) -> 100950 | AL63: =SUMIFS('KPI trừ'!D:D,'KPI trừ'!A:A,B63,'KPI trừ'!B:B,C63) -> 0 | AM63: =SUMIFS('KPI trừ'!E:E,'KPI trừ'!A:A,B63,'KPI trừ'!B:B,C63) -> 0 | AN63: =SUMIFS('KPI trừ'!F:F,'KPI trừ'!A:A,B63,'KPI trừ'!B:B,C63) -> 0 | AO63: =SUMIFS('KPI trừ'!G:G,'KPI trừ'!A:A,B63,'KPI trừ'!B:B,C63) -> 0 | AP63: =IFERROR(__xludf.DUMMYFUNCTION("IFERROR(TEXTJOIN("" "", TRUE, FILTER('KPI trừ'!H:H, ('KPI trừ'!A:A=B63) * ('KPI trừ'!B:B=C63))), """")"),"") | AQ63: =IFERROR(__xludf.DUMMYFUNCTION("IFERROR( MAX( QUERY( FILTER( {'Ngày công'!$C$2:$C$5000,'Ngày công'!$F$2:$F$5000}, TRIM('Ngày công'!$B$2:$B$5000)=TRIM($C63) ), ""select sum(Col2) where Col1 is not null group by Col1 label sum(Col2) ''"", 0 ) ), 0 )"),8.78333333333333) -> 8.7833333
A64: #NAME? | B64: Rạch Bùng Binh | C64: Kim Tiến Đỗ | D64: DSTV | E64: =G64+I64+L64+O64+S64+T64 -> #NAME? | F64: =H64+P64 -> 16.15 | G64: =SUMIFS('Giờ công'!I:I,'Giờ công'!G:G,B64,'Giờ công'!H:H,C64) -> 25.683333 | H64: =SUMIFS('Giờ công'!J:J,'Giờ công'!G:G,B64,'Giờ công'!H:H,C64) -> 16.15 | I64: =_xludf.ifs(R64>=30,16,R64=29,8,TRUE,"") -> #NAME? | J64: 5 | K64: 2 | N64: =SUMIFS('Tăng ca lễ'!M:M,'Tăng ca lễ'!K:K,B64,'Tăng ca lễ'!L:L,C64) -> 0 | O64: =IF(OR(D64 = "PT",D64 = "DSHV"), SUMIFS('Tăng ca lễ'!O:O,'Tăng ca lễ'!K:K,B64,'Tăng ca lễ'!L:L,C64)*2, SUMIFS('Tăng ca lễ'!O:O,'Tăng ca lễ'!K:K,B64,'Tăng ca lễ'!L:L,C64)*3) -> 0 | P64: =IF(OR(D64 = "PT", D64 = "DSHV"), SUMIFS('Tăng ca lễ'!P:P,'Tăng ca lễ'!K:K,B64,'Tăng ca lễ'!L:L,C64)*2, SUMIFS('Tăng ca lễ'!P:P,'Tăng ca lễ'!K:K,B64,'Tăng ca lễ'!L:L,C64)*3) -> 0 | R64: =SUMIFS('Ngày công'!M:M,'Ngày công'!K:K,B64,'Ngày công'!L:L,C64) -> 5 | S64: =SUMIFS('Công Đào tạo'!G:G,'Công Đào tạo'!E:E,B64,'Công Đào tạo'!F:F,C64) -> 0 | T64: 0 | X64: =1000000/31*14 -> 451612.9 | AA64: {=IF($C64="","", IFERROR( _xludf.LET( cnChinh, _xlfn.XLOOKUP( TRIM($C64), TRIM(KPI!$B$2:$B1043), KPI!$A$2:$A1043, "" ), IF( TRIM($B64)=TRIM(cnChinh), _xlfn.XLOOKUP( TRIM($C64), TRIM('MiniKat - HCM'!$A$2:$A1043), 'MiniKat - HCM'!$J$2:$J1043, "" ), "" ) ), "" ) )} | AC64: {=IFERROR(_xlfn.XLOOKUP(C64, whatsapp!A:A,whatsapp!D:D), " ")} | AE64: =SUMIFS(KPI!C:C,KPI!A:A,B64,KPI!B:B,C64) -> 0 | AF64: =SUMIFS('Thưởng CK'!C:C,'Thưởng CK'!A:A,B64,'Thưởng CK'!B:B,C64) -> 0 | AG64: =SUMIFS('Cận date'!C:C,'Cận date'!A:A,B64,'Cận date'!B:B,C64) -> 0 | AH64: =SUMIFS(Map!D:D,Map!B:B,B64,Map!A:A,C64) -> 0 | AJ64: =SUM(AK64:AO64) -> 0 | AK64: =SUMIFS('KPI trừ'!C:C,'KPI trừ'!A:A,B64,'KPI trừ'!B:B,C64) -> 0 | AL64: =SUMIFS('KPI trừ'!D:D,'KPI trừ'!A:A,B64,'KPI trừ'!B:B,C64) -> 0 | AM64: =SUMIFS('KPI trừ'!E:E,'KPI trừ'!A:A,B64,'KPI trừ'!B:B,C64) -> 0 | AN64: =SUMIFS('KPI trừ'!F:F,'KPI trừ'!A:A,B64,'KPI trừ'!B:B,C64) -> 0 | AO64: =SUMIFS('KPI trừ'!G:G,'KPI trừ'!A:A,B64,'KPI trừ'!B:B,C64) -> 0 | AP64: =IFERROR(__xludf.DUMMYFUNCTION("IFERROR(TEXTJOIN("" "", TRUE, FILTER('KPI trừ'!H:H, ('KPI trừ'!A:A=B64) * ('KPI trừ'!B:B=C64))), """")"),"") | AQ64: =IFERROR(__xludf.DUMMYFUNCTION("IFERROR( MAX( QUERY( FILTER( {'Ngày công'!$C$2:$C$5000,'Ngày công'!$F$2:$F$5000}, TRIM('Ngày công'!$B$2:$B$5000)=TRIM($C64) ), ""select sum(Col2) where Col1 is not null group by Col1 label sum(Col2) ''"", 0 ) ), 0 )"),13.6166666666666) -> 13.616667
A65: #NAME? | B65: Rạch Bùng Binh | C65: Nguyễn Mẫn Tiệp | D65: DSTV | E65: =G65+I65+L65+O65+S65+T65 -> #NAME? | F65: =H65+P65 -> 7.9333333 | G65: =SUMIFS('Giờ công'!I:I,'Giờ công'!G:G,B65,'Giờ công'!H:H,C65) -> 49.633333 | H65: =SUMIFS('Giờ công'!J:J,'Giờ công'!G:G,B65,'Giờ công'!H:H,C65) -> 7.9333333 | I65: =_xludf.ifs(R65>=30,16,R65=29,8,TRUE,"") -> #NAME? | J65: 6 | K65: 1 | N65: =SUMIFS('Tăng ca lễ'!M:M,'Tăng ca lễ'!K:K,B65,'Tăng ca lễ'!L:L,C65) -> 0 | O65: =IF(OR(D65 = "PT",D65 = "DSHV"), SUMIFS('Tăng ca lễ'!O:O,'Tăng ca lễ'!K:K,B65,'Tăng ca lễ'!L:L,C65)*2, SUMIFS('Tăng ca lễ'!O:O,'Tăng ca lễ'!K:K,B65,'Tăng ca lễ'!L:L,C65)*3) -> 0 | P65: =IF(OR(D65 = "PT", D65 = "DSHV"), SUMIFS('Tăng ca lễ'!P:P,'Tăng ca lễ'!K:K,B65,'Tăng ca lễ'!L:L,C65)*2, SUMIFS('Tăng ca lễ'!P:P,'Tăng ca lễ'!K:K,B65,'Tăng ca lễ'!L:L,C65)*3) -> 0 | R65: =SUMIFS('Ngày công'!M:M,'Ngày công'!K:K,B65,'Ngày công'!L:L,C65) -> 6 | S65: =SUMIFS('Công Đào tạo'!G:G,'Công Đào tạo'!E:E,B65,'Công Đào tạo'!F:F,C65) -> 0 | T65: 0 | X65: =IFERROR(__xludf.DUMMYFUNCTION("IF($C65="""","""", IF( TRIM($D65)=""DSCD"", MIN( 1500000, ROUND(1500000/28*MIN(N($J65),28),0) ), IF( AND( REGEXMATCH(TRIM($D65),""^(DSXC|DSBC|CHT|DSTV)$""), N($H65)>=160 ), MIN( 1500000, ROUND(1500000/28*MIN(N($K65)"&",28),0) ), 0 ) ) )"),0) -> 0 | AA65: {=IF($C65="","", IFERROR( _xludf.LET( cnChinh, _xlfn.XLOOKUP( TRIM($C65), TRIM(KPI!$B$2:$B1043), KPI!$A$2:$A1043, "" ), IF( TRIM($B65)=TRIM(cnChinh), _xlfn.XLOOKUP( TRIM($C65), TRIM('MiniKat - HCM'!$A$2:$A1043), 'MiniKat - HCM'!$J$2:$J1043, "" ), "" ) ), "" ) )} | AC65: {=IFERROR(_xlfn.XLOOKUP(C65, whatsapp!A:A,whatsapp!D:D), " ")} | AE65: =SUMIFS(KPI!C:C,KPI!A:A,B65,KPI!B:B,C65) -> 0 | AF65: =SUMIFS('Thưởng CK'!C:C,'Thưởng CK'!A:A,B65,'Thưởng CK'!B:B,C65) -> 166600 | AG65: =SUMIFS('Cận date'!C:C,'Cận date'!A:A,B65,'Cận date'!B:B,C65) -> 1140 | AH65: =SUMIFS(Map!D:D,Map!B:B,B65,Map!A:A,C65) -> 0 | AJ65: =SUM(AK65:AO65) -> 0 | AK65: =SUMIFS('KPI trừ'!C:C,'KPI trừ'!A:A,B65,'KPI trừ'!B:B,C65) -> 0 | AL65: =SUMIFS('KPI trừ'!D:D,'KPI trừ'!A:A,B65,'KPI trừ'!B:B,C65) -> 0 | AM65: =SUMIFS('KPI trừ'!E:E,'KPI trừ'!A:A,B65,'KPI trừ'!B:B,C65) -> 0 | AN65: =SUMIFS('KPI trừ'!F:F,'KPI trừ'!A:A,B65,'KPI trừ'!B:B,C65) -> 0 | AO65: =SUMIFS('KPI trừ'!G:G,'KPI trừ'!A:A,B65,'KPI trừ'!B:B,C65) -> 0 | AP65: =IFERROR(__xludf.DUMMYFUNCTION("IFERROR(TEXTJOIN("" "", TRUE, FILTER('KPI trừ'!H:H, ('KPI trừ'!A:A=B65) * ('KPI trừ'!B:B=C65))), """")"),"") | AQ65: =IFERROR(__xludf.DUMMYFUNCTION("IFERROR( MAX( QUERY( FILTER( {'Ngày công'!$C$2:$C$5000,'Ngày công'!$F$2:$F$5000}, TRIM('Ngày công'!$B$2:$B$5000)=TRIM($C65) ), ""select sum(Col2) where Col1 is not null group by Col1 label sum(Col2) ''"", 0 ) ), 0 )"),15.9666666666666) -> 15.966667
A66: #NAME? | B66: Rạch Bùng Binh | C66: Nguyễn Thị Phúc Lộc | D66: DSTV | E66: =G66+I66+L66+O66+S66+T66 -> #NAME? | F66: =H66+P66 -> 24.05 | G66: =SUMIFS('Giờ công'!I:I,'Giờ công'!G:G,B66,'Giờ công'!H:H,C66) -> 24.45 | H66: =SUMIFS('Giờ công'!J:J,'Giờ công'!G:G,B66,'Giờ công'!H:H,C66) -> 24.05 | I66: =_xludf.ifs(R66>=30,16,R66=29,8,TRUE,"") -> #NAME? | J66: 6 | K66: 3 | N66: =SUMIFS('Tăng ca lễ'!M:M,'Tăng ca lễ'!K:K,B66,'Tăng ca lễ'!L:L,C66) -> 0 | O66: =IF(OR(D66 = "PT",D66 = "DSHV"), SUMIFS('Tăng ca lễ'!O:O,'Tăng ca lễ'!K:K,B66,'Tăng ca lễ'!L:L,C66)*2, SUMIFS('Tăng ca lễ'!O:O,'Tăng ca lễ'!K:K,B66,'Tăng ca lễ'!L:L,C66)*3) -> 0 | P66: =IF(OR(D66 = "PT", D66 = "DSHV"), SUMIFS('Tăng ca lễ'!P:P,'Tăng ca lễ'!K:K,B66,'Tăng ca lễ'!L:L,C66)*2, SUMIFS('Tăng ca lễ'!P:P,'Tăng ca lễ'!K:K,B66,'Tăng ca lễ'!L:L,C66)*3) -> 0 | R66: =SUMIFS('Ngày công'!M:M,'Ngày công'!K:K,B66,'Ngày công'!L:L,C66) -> 6 | S66: =SUMIFS('Công Đào tạo'!G:G,'Công Đào tạo'!E:E,B66,'Công Đào tạo'!F:F,C66) -> 2.5 | T66: 0 | X66: =IFERROR(__xludf.DUMMYFUNCTION("IF($C66="""","""", IF( TRIM($D66)=""DSCD"", MIN( 1500000, ROUND(1500000/28*MIN(N($J66),28),0) ), IF( AND( REGEXMATCH(TRIM($D66),""^(DSXC|DSBC|CHT|DSTV)$""), N($H66)>=160 ), MIN( 1500000, ROUND(1500000/28*MIN(N($K66)"&",28),0) ), 0 ) ) )"),0) -> 0 | AA66: {=IF($C66="","", IFERROR( _xludf.LET( cnChinh, _xlfn.XLOOKUP( TRIM($C66), TRIM(KPI!$B$2:$B1043), KPI!$A$2:$A1043, "" ), IF( TRIM($B66)=TRIM(cnChinh), _xlfn.XLOOKUP( TRIM($C66), TRIM('MiniKat - HCM'!$A$2:$A1043), 'MiniKat - HCM'!$J$2:$J1043, "" ), "" ) ), "" ) )} | AC66: {=IFERROR(_xlfn.XLOOKUP(C66, whatsapp!A:A,whatsapp!D:D), " ")} | AE66: =SUMIFS(KPI!C:C,KPI!A:A,B66,KPI!B:B,C66) -> 0 | AF66: =SUMIFS('Thưởng CK'!C:C,'Thưởng CK'!A:A,B66,'Thưởng CK'!B:B,C66) -> 0 | AG66: =SUMIFS('Cận date'!C:C,'Cận date'!A:A,B66,'Cận date'!B:B,C66) -> 0 | AH66: =SUMIFS(Map!D:D,Map!B:B,B66,Map!A:A,C66) -> 0 | AJ66: =SUM(AK66:AO66) -> 0 | AK66: =SUMIFS('KPI trừ'!C:C,'KPI trừ'!A:A,B66,'KPI trừ'!B:B,C66) -> 0 | AL66: =SUMIFS('KPI trừ'!D:D,'KPI trừ'!A:A,B66,'KPI trừ'!B:B,C66) -> 0 | AM66: =SUMIFS('KPI trừ'!E:E,'KPI trừ'!A:A,B66,'KPI trừ'!B:B,C66) -> 0 | AN66: =SUMIFS('KPI trừ'!F:F,'KPI trừ'!A:A,B66,'KPI trừ'!B:B,C66) -> 0 | AO66: =SUMIFS('KPI trừ'!G:G,'KPI trừ'!A:A,B66,'KPI trừ'!B:B,C66) -> 0 | AP66: =IFERROR(__xludf.DUMMYFUNCTION("IFERROR(TEXTJOIN("" "", TRUE, FILTER('KPI trừ'!H:H, ('KPI trừ'!A:A=B66) * ('KPI trừ'!B:B=C66))), """")"),"") | AQ66: =IFERROR(__xludf.DUMMYFUNCTION("IFERROR( MAX( QUERY( FILTER( {'Ngày công'!$C$2:$C$5000,'Ngày công'!$F$2:$F$5000}, TRIM('Ngày công'!$B$2:$B$5000)=TRIM($C66) ), ""select sum(Col2) where Col1 is not null group by Col1 label sum(Col2) ''"", 0 ) ), 0 )"),8.2) -> 8.2
A67: #NAME? | B67: Rạch Bùng Binh | C67: Ngô Thị Ngọc Thủy | D67: DSTV | E67: =G67+I67+L67+O67+S67+T67 -> #NAME? | F67: =H67+P67 -> 40.166667 | G67: =SUMIFS('Giờ công'!I:I,'Giờ công'!G:G,B67,'Giờ công'!H:H,C67) -> 143.76667 | H67: =SUMIFS('Giờ công'!J:J,'Giờ công'!G:G,B67,'Giờ công'!H:H,C67) -> 40.166667 | I67: =_xludf.ifs(R67>=30,16,R67=29,8,TRUE,"") -> #NAME? | J67: 22 | K67: 5 | N67: =SUMIFS('Tăng ca lễ'!M:M,'Tăng ca lễ'!K:K,B67,'Tăng ca lễ'!L:L,C67) -> 0 | O67: =IF(OR(D67 = "PT",D67 = "DSHV"), SUMIFS('Tăng ca lễ'!O:O,'Tăng ca lễ'!K:K,B67,'Tăng ca lễ'!L:L,C67)*2, SUMIFS('Tăng ca lễ'!O:O,'Tăng ca lễ'!K:K,B67,'Tăng ca lễ'!L:L,C67)*3) -> 0 | P67: =IF(OR(D67 = "PT", D67 = "DSHV"), SUMIFS('Tăng ca lễ'!P:P,'Tăng ca lễ'!K:K,B67,'Tăng ca lễ'!L:L,C67)*2, SUMIFS('Tăng ca lễ'!P:P,'Tăng ca lễ'!K:K,B67,'Tăng ca lễ'!L:L,C67)*3) -> 0 | R67: =SUMIFS('Ngày công'!M:M,'Ngày công'!K:K,B67,'Ngày công'!L:L,C67) -> 22 | S67: =SUMIFS('Công Đào tạo'!G:G,'Công Đào tạo'!E:E,B67,'Công Đào tạo'!F:F,C67) -> 0 | T67: 0 | X67: =IFERROR(__xludf.DUMMYFUNCTION("IF($C67="""","""", IF( TRIM($D67)=""DSCD"", MIN( 1500000, ROUND(1500000/28*MIN(N($J67),28),0) ), IF( AND( REGEXMATCH(TRIM($D67),""^(DSXC|DSBC|CHT|DSTV)$""), N($H67)>=160 ), MIN( 1500000, ROUND(1500000/28*MIN(N($K67)"&",28),0) ), 0 ) ) )"),0) -> 0 | AA67: {=IF($C67="","", IFERROR( _xludf.LET( cnChinh, _xlfn.XLOOKUP( TRIM($C67), TRIM(KPI!$B$2:$B1043), KPI!$A$2:$A1043, "" ), IF( TRIM($B67)=TRIM(cnChinh), _xlfn.XLOOKUP( TRIM($C67), TRIM('MiniKat - HCM'!$A$2:$A1043), 'MiniKat - HCM'!$J$2:$J1043, "" ), "" ) ), "" ) )} | AC67: {=IFERROR(_xlfn.XLOOKUP(C67, whatsapp!A:A,whatsapp!D:D), " ")} | AE67: =SUMIFS(KPI!C:C,KPI!A:A,B67,KPI!B:B,C67) -> 0 | AF67: =SUMIFS('Thưởng CK'!C:C,'Thưởng CK'!A:A,B67,'Thưởng CK'!B:B,C67) -> 636950 | AG67: =SUMIFS('Cận date'!C:C,'Cận date'!A:A,B67,'Cận date'!B:B,C67) -> 17980 | AH67: =SUMIFS(Map!D:D,Map!B:B,B67,Map!A:A,C67) -> 0 | AJ67: =SUM(AK67:AO67) -> 500000 | AK67: =SUMIFS('KPI trừ'!C:C,'KPI trừ'!A:A,B67,'KPI trừ'!B:B,C67) -> 0 | AL67: =SUMIFS('KPI trừ'!D:D,'KPI trừ'!A:A,B67,'KPI trừ'!B:B,C67) -> 0 | AM67: =SUMIFS('KPI trừ'!E:E,'KPI trừ'!A:A,B67,'KPI trừ'!B:B,C67) -> 0 | AN67: =SUMIFS('KPI trừ'!F:F,'KPI trừ'!A:A,B67,'KPI trừ'!B:B,C67) -> 0 | AO67: =SUMIFS('KPI trừ'!G:G,'KPI trừ'!A:A,B67,'KPI trừ'!B:B,C67) -> 500000 | AP67: =IFERROR(__xludf.DUMMYFUNCTION("IFERROR(TEXTJOIN("" "", TRUE, FILTER('KPI trừ'!H:H, ('KPI trừ'!A:A=B67) * ('KPI trừ'!B:B=C67))), """")"),"Cấn trừ chi phí đồng phục") -> Cấn trừ chi phí đồng phục | AQ67: =IFERROR(__xludf.DUMMYFUNCTION("IFERROR( MAX( QUERY( FILTER( {'Ngày công'!$C$2:$C$5000,'Ngày công'!$F$2:$F$5000}, TRIM('Ngày công'!$B$2:$B$5000)=TRIM($C67) ), ""select sum(Col2) where Col1 is not null group by Col1 label sum(Col2) ''"", 0 ) ), 0 )"),11.5833333333333) -> 11.583333
A68: #NAME? | B68: Rạch Bùng Binh | C68: Phạm Nguyễn Ngọc Quyền Trân | D68: DSTV | E68: =G68+I68+L68+O68+S68+T68 -> #NAME? | F68: =H68+P68 -> 2 | G68: =SUMIFS('Giờ công'!I:I,'Giờ công'!G:G,B68,'Giờ công'!H:H,C68) -> 231.35 | H68: =SUMIFS('Giờ công'!J:J,'Giờ công'!G:G,B68,'Giờ công'!H:H,C68) -> 2 | I68: =_xludf.ifs(R68>=30,16,R68=29,8,TRUE,"") -> #NAME? | J68: 26 | K68: 0 | N68: =SUMIFS('Tăng ca lễ'!M:M,'Tăng ca lễ'!K:K,B68,'Tăng ca lễ'!L:L,C68) -> 0 | O68: =IF(OR(D68 = "PT",D68 = "DSHV"), SUMIFS('Tăng ca lễ'!O:O,'Tăng ca lễ'!K:K,B68,'Tăng ca lễ'!L:L,C68)*2, SUMIFS('Tăng ca lễ'!O:O,'Tăng ca lễ'!K:K,B68,'Tăng ca lễ'!L:L,C68)*3) -> 0 | P68: =IF(OR(D68 = "PT", D68 = "DSHV"), SUMIFS('Tăng ca lễ'!P:P,'Tăng ca lễ'!K:K,B68,'Tăng ca lễ'!L:L,C68)*2, SUMIFS('Tăng ca lễ'!P:P,'Tăng ca lễ'!K:K,B68,'Tăng ca lễ'!L:L,C68)*3) -> 0 | R68: =SUMIFS('Ngày công'!M:M,'Ngày công'!K:K,B68,'Ngày công'!L:L,C68) -> 26 | S68: =SUMIFS('Công Đào tạo'!G:G,'Công Đào tạo'!E:E,B68,'Công Đào tạo'!F:F,C68) -> 0 | T68: 0 | X68: =IFERROR(__xludf.DUMMYFUNCTION("IF($C68="""","""", IF( TRIM($D68)=""DSCD"", MIN( 1500000, ROUND(1500000/28*MIN(N($J68),28),0) ), IF( AND( REGEXMATCH(TRIM($D68),""^(DSXC|DSBC|CHT|DSTV)$""), N($H68)>=160 ), MIN( 1500000, ROUND(1500000/28*MIN(N($K68)"&",28),0) ), 0 ) ) )"),0) -> 0 | AA68: {=IF($C68="","", IFERROR( _xludf.LET( cnChinh, _xlfn.XLOOKUP( TRIM($C68), TRIM(KPI!$B$2:$B1043), KPI!$A$2:$A1043, "" ), IF( TRIM($B68)=TRIM(cnChinh), _xlfn.XLOOKUP( TRIM($C68), TRIM('MiniKat - HCM'!$A$2:$A1043), 'MiniKat - HCM'!$J$2:$J1043, "" ), "" ) ), "" ) )} | AC68: {=IFERROR(_xlfn.XLOOKUP(C68, whatsapp!A:A,whatsapp!D:D), " ")} | AE68: =SUMIFS(KPI!C:C,KPI!A:A,B68,KPI!B:B,C68) -> 0 | AF68: =SUMIFS('Thưởng CK'!C:C,'Thưởng CK'!A:A,B68,'Thưởng CK'!B:B,C68) -> 1034050 | AG68: =SUMIFS('Cận date'!C:C,'Cận date'!A:A,B68,'Cận date'!B:B,C68) -> 8100 | AH68: =SUMIFS(Map!D:D,Map!B:B,B68,Map!A:A,C68) -> 0 | AJ68: =SUM(AK68:AO68) -> 0 | AK68: =SUMIFS('KPI trừ'!C:C,'KPI trừ'!A:A,B68,'KPI trừ'!B:B,C68) -> 0 | AL68: =SUMIFS('KPI trừ'!D:D,'KPI trừ'!A:A,B68,'KPI trừ'!B:B,C68) -> 0 | AM68: =SUMIFS('KPI trừ'!E:E,'KPI trừ'!A:A,B68,'KPI trừ'!B:B,C68) -> 0 | AN68: =SUMIFS('KPI trừ'!F:F,'KPI trừ'!A:A,B68,'KPI trừ'!B:B,C68) -> 0 | AO68: =SUMIFS('KPI trừ'!G:G,'KPI trừ'!A:A,B68,'KPI trừ'!B:B,C68) -> 0 | AP68: =IFERROR(__xludf.DUMMYFUNCTION("IFERROR(TEXTJOIN("" "", TRUE, FILTER('KPI trừ'!H:H, ('KPI trừ'!A:A=B68) * ('KPI trừ'!B:B=C68))), """")"),"") | AQ68: =IFERROR(__xludf.DUMMYFUNCTION("IFERROR( MAX( QUERY( FILTER( {'Ngày công'!$C$2:$C$5000,'Ngày công'!$F$2:$F$5000}, TRIM('Ngày công'!$B$2:$B$5000)=TRIM($C68) ), ""select sum(Col2) where Col1 is not null group by Col1 label sum(Col2) ''"", 0 ) ), 0 )"),13.2333333333333) -> 13.233333
A69: #NAME? | B69: Rạch Bùng Binh | C69: Trần Gia Tiến | D69: DSTV | E69: =G69+I69+L69+O69+S69+T69 -> #NAME? | F69: =H69+P69 -> 0 | G69: =SUMIFS('Giờ công'!I:I,'Giờ công'!G:G,B69,'Giờ công'!H:H,C69) -> 48 | H69: =SUMIFS('Giờ công'!J:J,'Giờ công'!G:G,B69,'Giờ công'!H:H,C69) -> 0 | I69: =_xludf.ifs(R69>=30,16,R69=29,8,TRUE,"") -> #NAME? | J69: 6 | K69: 0 | N69: =SUMIFS('Tăng ca lễ'!M:M,'Tăng ca lễ'!K:K,B69,'Tăng ca lễ'!L:L,C69) -> 0 | O69: =IF(OR(D69 = "PT",D69 = "DSHV"), SUMIFS('Tăng ca lễ'!O:O,'Tăng ca lễ'!K:K,B69,'Tăng ca lễ'!L:L,C69)*2, SUMIFS('Tăng ca lễ'!O:O,'Tăng ca lễ'!K:K,B69,'Tăng ca lễ'!L:L,C69)*3) -> 0 | P69: =IF(OR(D69 = "PT", D69 = "DSHV"), SUMIFS('Tăng ca lễ'!P:P,'Tăng ca lễ'!K:K,B69,'Tăng ca lễ'!L:L,C69)*2, SUMIFS('Tăng ca lễ'!P:P,'Tăng ca lễ'!K:K,B69,'Tăng ca lễ'!L:L,C69)*3) -> 0 | R69: =SUMIFS('Ngày công'!M:M,'Ngày công'!K:K,B69,'Ngày công'!L:L,C69) -> 6 | S69: =SUMIFS('Công Đào tạo'!G:G,'Công Đào tạo'!E:E,B69,'Công Đào tạo'!F:F,C69) -> 7 | T69: 0 | X69: =IFERROR(__xludf.DUMMYFUNCTION("IF($C69="""","""", IF( TRIM($D69)=""DSCD"", MIN( 1500000, ROUND(1500000/28*MIN(N($J69),28),0) ), IF( AND( REGEXMATCH(TRIM($D69),""^(DSXC|DSBC|CHT|DSTV)$""), N($H69)>=160 ), MIN( 1500000, ROUND(1500000/28*MIN(N($K69)"&",28),0) ), 0 ) ) )"),0) -> 0 | AA69: {=IF($C69="","", IFERROR( _xludf.LET( cnChinh, _xlfn.XLOOKUP( TRIM($C69), TRIM(KPI!$B$2:$B1043), KPI!$A$2:$A1043, "" ), IF( TRIM($B69)=TRIM(cnChinh), _xlfn.XLOOKUP( TRIM($C69), TRIM('MiniKat - HCM'!$A$2:$A1043), 'MiniKat - HCM'!$J$2:$J1043, "" ), "" ) ), "" ) )} | AC69: {=IFERROR(_xlfn.XLOOKUP(C69, whatsapp!A:A,whatsapp!D:D), " ")} | AE69: =SUMIFS(KPI!C:C,KPI!A:A,B69,KPI!B:B,C69) -> 0 | AF69: =SUMIFS('Thưởng CK'!C:C,'Thưởng CK'!A:A,B69,'Thưởng CK'!B:B,C69) -> 0 | AG69: =SUMIFS('Cận date'!C:C,'Cận date'!A:A,B69,'Cận date'!B:B,C69) -> 0 | AH69: =SUMIFS(Map!D:D,Map!B:B,B69,Map!A:A,C69) -> 0 | AJ69: =SUM(AK69:AO69) -> 0 | AK69: =SUMIFS('KPI trừ'!C:C,'KPI trừ'!A:A,B69,'KPI trừ'!B:B,C69) -> 0 | AL69: =SUMIFS('KPI trừ'!D:D,'KPI trừ'!A:A,B69,'KPI trừ'!B:B,C69) -> 0 | AM69: =SUMIFS('KPI trừ'!E:E,'KPI trừ'!A:A,B69,'KPI trừ'!B:B,C69) -> 0 | AN69: =SUMIFS('KPI trừ'!F:F,'KPI trừ'!A:A,B69,'KPI trừ'!B:B,C69) -> 0 | AO69: =SUMIFS('KPI trừ'!G:G,'KPI trừ'!A:A,B69,'KPI trừ'!B:B,C69) -> 0 | AP69: =IFERROR(__xludf.DUMMYFUNCTION("IFERROR(TEXTJOIN("" "", TRUE, FILTER('KPI trừ'!H:H, ('KPI trừ'!A:A=B69) * ('KPI trừ'!B:B=C69))), """")"),"") | AQ69: =IFERROR(__xludf.DUMMYFUNCTION("IFERROR( MAX( QUERY( FILTER( {'Ngày công'!$C$2:$C$5000,'Ngày công'!$F$2:$F$5000}, TRIM('Ngày công'!$B$2:$B$5000)=TRIM($C69) ), ""select sum(Col2) where Col1 is not null group by Col1 label sum(Col2) ''"", 0 ) ), 0 )"),8) -> 8
A70: #NAME? | B70: Rạch Bùng Binh | C70: Đinh Hoài Bảo | D70: DSTV | E70: =G70+I70+L70+O70+S70+T70 -> #NAME? | F70: =H70+P70 -> 32.266667 | G70: =SUMIFS('Giờ công'!I:I,'Giờ công'!G:G,B70,'Giờ công'!H:H,C70) -> 0.066666667 | H70: =SUMIFS('Giờ công'!J:J,'Giờ công'!G:G,B70,'Giờ công'!H:H,C70) -> 32.266667 | I70: =_xludf.ifs(R70>=30,16,R70=29,8,TRUE,"") -> #NAME? | J70: 5 | K70: 4 | N70: =SUMIFS('Tăng ca lễ'!M:M,'Tăng ca lễ'!K:K,B70,'Tăng ca lễ'!L:L,C70) -> 0 | O70: =IF(OR(D70 = "PT",D70 = "DSHV"), SUMIFS('Tăng ca lễ'!O:O,'Tăng ca lễ'!K:K,B70,'Tăng ca lễ'!L:L,C70)*2, SUMIFS('Tăng ca lễ'!O:O,'Tăng ca lễ'!K:K,B70,'Tăng ca lễ'!L:L,C70)*3) -> 0 | P70: =IF(OR(D70 = "PT", D70 = "DSHV"), SUMIFS('Tăng ca lễ'!P:P,'Tăng ca lễ'!K:K,B70,'Tăng ca lễ'!L:L,C70)*2, SUMIFS('Tăng ca lễ'!P:P,'Tăng ca lễ'!K:K,B70,'Tăng ca lễ'!L:L,C70)*3) -> 0 | R70: =SUMIFS('Ngày công'!M:M,'Ngày công'!K:K,B70,'Ngày công'!L:L,C70) -> 4 | S70: =SUMIFS('Công Đào tạo'!G:G,'Công Đào tạo'!E:E,B70,'Công Đào tạo'!F:F,C70) -> 0 | T70: 0 | X70: =IFERROR(__xludf.DUMMYFUNCTION("IF($C70="""","""", IF( TRIM($D70)=""DSCD"", MIN( 1500000, ROUND(1500000/28*MIN(N($J70),28),0) ), IF( AND( REGEXMATCH(TRIM($D70),""^(DSXC|DSBC|CHT|DSTV)$""), N($H70)>=160 ), MIN( 1500000, ROUND(1500000/28*MIN(N($K70)"&",28),0) ), 0 ) ) )"),0) -> 0 | AA70: {=IF($C70="","", IFERROR( _xludf.LET( cnChinh, _xlfn.XLOOKUP( TRIM($C70), TRIM(KPI!$B$2:$B1043), KPI!$A$2:$A1043, "" ), IF( TRIM($B70)=TRIM(cnChinh), _xlfn.XLOOKUP( TRIM($C70), TRIM('MiniKat - HCM'!$A$2:$A1043), 'MiniKat - HCM'!$J$2:$J1043, "" ), "" ) ), "" ) )} | AC70: {=IFERROR(_xlfn.XLOOKUP(C70, whatsapp!A:A,whatsapp!D:D), " ")} | AE70: =SUMIFS(KPI!C:C,KPI!A:A,B70,KPI!B:B,C70) -> 0 | AF70: =SUMIFS('Thưởng CK'!C:C,'Thưởng CK'!A:A,B70,'Thưởng CK'!B:B,C70) -> 0 | AG70: =SUMIFS('Cận date'!C:C,'Cận date'!A:A,B70,'Cận date'!B:B,C70) -> 0 | AH70: =SUMIFS(Map!D:D,Map!B:B,B70,Map!A:A,C70) -> 0 | AJ70: =SUM(AK70:AO70) -> 0 | AK70: =SUMIFS('KPI trừ'!C:C,'KPI trừ'!A:A,B70,'KPI trừ'!B:B,C70) -> 0 | AL70: =SUMIFS('KPI trừ'!D:D,'KPI trừ'!A:A,B70,'KPI trừ'!B:B,C70) -> 0 | AM70: =SUMIFS('KPI trừ'!E:E,'KPI trừ'!A:A,B70,'KPI trừ'!B:B,C70) -> 0 | AN70: =SUMIFS('KPI trừ'!F:F,'KPI trừ'!A:A,B70,'KPI trừ'!B:B,C70) -> 0 | AO70: =SUMIFS('KPI trừ'!G:G,'KPI trừ'!A:A,B70,'KPI trừ'!B:B,C70) -> 0 | AP70: =IFERROR(__xludf.DUMMYFUNCTION("IFERROR(TEXTJOIN("" "", TRUE, FILTER('KPI trừ'!H:H, ('KPI trừ'!A:A=B70) * ('KPI trừ'!B:B=C70))), """")"),"") | AQ70: =IFERROR(__xludf.DUMMYFUNCTION("IFERROR( MAX( QUERY( FILTER( {'Ngày công'!$C$2:$C$5000,'Ngày công'!$F$2:$F$5000}, TRIM('Ngày công'!$B$2:$B$5000)=TRIM($C70) ), ""select sum(Col2) where Col1 is not null group by Col1 label sum(Col2) ''"", 0 ) ), 0 )"),12) -> 12
