Workbook

Sheet Med
D1: 1 | E1: 2 | F1: 3 | G1: 4 | H1: 5 | I1: 6 | J1: 7 | K1: 8 | L1: 9 | M1: 10 | N1: 11 | O1: 12 | P1: 13 | Q1: 14 | R1: 15 | S1: 16 | T1: 17 | U1: 18 | V1: 19 | W1: 20 | X1: 21 | Y1: 22 | Z1: 23 | AA1: 26 | AB1: 27 | AC1: 28 | AD1: 29 | AE1: 30 | AF1: 31 | AG1: 35 | AH1: 36 | AI1: 37 | AL1: 38 | AM1: 39 | AN1: 40 | AO1: 41 | AP1: 42 | AQ1: 43 | AR1: 44 | AS1: 45 | AT1: 46 | AU1: 47 | AV1: 48 | AW1: 49 | AX1: 50 | AY1: 51 | AZ1: 52 | BA1: 53 | BB1: 54 | BC1: 55 | BD1: 56 | BE1: 57 | BF1: 58 | BG1: 59 | BH1: 60 | BI1: 61 | BJ1: 62 | BK1: 63 | BL1: 64 | BM1: 65 | BN1: 66 | BO1: 67 | BP1: 68 | BQ1: 69 | BS1: 70 | BT1: 71 | BU1: 72 | BV1: 73 | BW1: 74 | BX1: 75 | BY1: 76 | BZ1: 77 | CA1: 78 | CB1: 79 | CC1: 80 | CD1: 81 | CE1: 82 | CF1: 83 | CG1: 84 | CH1: 85 | CI1: 86 | CJ1: 87 | CK1: 88 | CL1: 89 | CM1: 90 | CN1: 91 | CO1: 92 | CP1: 93 | CQ1: 94 | CR1: 95 | CS1: 96 | CT1: 97 | CU1: 98 | CV1: 99 | CW1: 100 | CX1: 101 | CY1: 102 | CZ1: 103 | DA1: 104
H2: BẢNG LƯƠNG THÁNG 8
G3: Ngày bắt đầu | H3: 46235 | I3: Ngày kết thúc | J3: 46265 | AG3: 20 | AH3: 21 | AI3: 22 | AL3: 28 | AM3: 29 | AN3: 30 | AO3: 31 | AP3: 32 | AQ3: 33 | AS3: 25 | AT3: 26 | AU3: 27 | BA3: 35 | BB3: 36 | BC3: 37 | BD3: 38 | BE3: 39 | CE3: =#REF! -> #REF!
CE6: =BG13-BQ13-CA13-CD13+CC13 -> #REF! | CF6: =CG6-'TTCK VP '!F118 -> #REF! | CG6: =#REF!+#REF!+#REF! -> #REF! | CH6: Chuyển khoản VP
CF7: =CG7-#REF! -> #REF! | CG7: =#REF! -> #REF! | CH7: Chuyển khoản CNT
BG8: =BG93+BG87+BG81+BG74+BG69+BG60+BG53+BG45+BG36+BG30+BG22 -> 6.3348117e+08 | CM8: 1 | CN8: 4 | CO8: 2024 | CP8: 5 | CQ8: 2026 | DA8: 05/2026 | DB8: 05/2026
D9: 1 | E9: 2 | F9: 3 | G9: 4 | H9: 5 | I9: 6 | J9: 7 | K9: 8 | L9: 9 | M9: 10 | N9: 11 | O9: 12 | P9: 13 | Q9: 14 | R9: 15 | S9: 16 | T9: 17 | U9: 18 | V9: 19 | W9: 20 | X9: 21 | Y9: 22 | Z9: 23 | AA9: 26 | AB9: 27 | AC9: 28 | AD9: 29 | AE9: 30 | AF9: 31 | AG9: 35 | AH9: 36 | AI9: 37 | AL9: 38 | AM9: 39 | AN9: 40 | AO9: 41 | AP9: 42 | AQ9: 43 | AR9: 44 | AS9: 45 | AT9: 46 | AU9: 47 | AV9: 48 | AW9: 49 | AX9: 50 | AY9: 51 | AZ9: 52 | BA9: 53 | BB9: 54 | BC9: 55 | BD9: 56 | BE9: 57 | BF9: 58 | BG9: 59 | BH9: 60 | BI9: 61 | BJ9: 62 | BK9: 63 | BL9: 64 | BM9: 65 | BN9: 66 | BO9: 67 | BP9: 68 | BQ9: 69 | BR9: 70 | BS9: 71 | BT9: 72 | BU9: 73 | BV9: 74 | BW9: 75 | BX9: 76 | BY9: 77 | BZ9: 78 | CA9: 79 | CB9: 80 | CC9: 81 | CD9: 82 | CE9: 83 | CF9: 84 | CG9: 85 | CH9: 86 | CI9: 87 | CJ9: 88 | CK9: 89 | CL9: 90 | CM9: 91 | CN9: 92 | CO9: 93 | CP9: 94 | CQ9: 95 | CR9: 96 | CS9: 97 | CT9: 98 | CU9: 99 | CV9: 100 | CW9: 101 | CX9: 102 | CY9: 103 | CZ9: 104 | DA9: 105 | DB9: 106 | DC9: 107 | DD9: 108 | DE9: 109 | DF9: 110 | DG9: 111
L10: 16 | M10: 3 | N10: 4 | AG10: 20 | AH10: 21 | AI10: 22 | AL10: 28 | AM10: 29 | AN10: 30 | AO10: 31 | AP10: 32 | AQ10: 33 | AS10: 25 | AT10: 26 | AU10: 27 | BA10: 35 | BB10: 36 | BC10: 37 | BD10: 38 | BE10: 39 | BF10: 40
A11: STT | B11: Tháng | C11: Mã NV | D11: Họ tên | E11: Loại Hợp đồng | F11: Bộ phận | G11: Chức vụ | H11: Ngày vào công ty | I11: Số tài khoản | J11: CN Ngân hàng | K11: Ngày công chuẩn | L11: Ngày công thực tế | M11: CNT ca ngày (giờ) | N11: CNT ca đêm (giờ) | O11: Số giờ TC ngày thường | P11: Số giờ TC ngày CN (*2) | Q11: Số giờ TC ngày Lễ, tết (*3) | R11: HT hiệu quả làm việc | S11: Lương cơ bản (đóng BHXH) | T11: Hỗ trợ tiền ăn | U11: Hỗ trợ đồng phục | V11: Hỗ trợ điện thoại, xăng xe | W11: Hỗ trợ tiền gởi xe | X11: Hỗ trợ nhà ở | Y11: Hỗ trợ nuôi con nhỏ | Z11: Hỗ trợ phụ trách dự án/ sáng kiến | AA11: Lương thỏa thuận | AB11: Lương chính thức | AC11: Lương thử việc | AD11: Lương thực tế | AE11: CNT- Lương ca ngày | AF11: CNT- Lương ca đêm | AG11: Phụ cấp trách nhiệm (áp dụng CHT) | AH11: CNT-Phụ cấp cửa hàng mới | AI11: CNT-Phụ cấp sức khỏe ca đêm | AJ11: Phụ cấp lưu động | AK11: Phụ cấp tăng cường vận hành | AL11: CNT- TPhụ cấp quy trình/dự án | AM11: CNT- Tiền hỗ trợ đạt KPI | AN11: CNT- tiền HT hàng điểm + Cắt liều | AO11: CNT- Tiền HT hàng cận date | AP11: CNT- Tiền hỗ trợ chương trình Maps | AQ11: CNT- HT Thưởng khác | AR11: Bổ sung lương tính thiếu tháng trước | AS11: CNT - Thưởng dự án Mini | AT11: Thưởng dự án Mini (Đại diện CHT nhận) | AU11: CNT - Thường Whatsapp | AV11: Hỗ trợ đạt KPI Quý | AW11: HT lễ, tết / thưởng khác | AX11: HT đi CT tỉnh/ gởi xe | AY11: HT sinh nhật | AZ11: HT khấu hao máy tính/ kiêm nhiệm/ hỗ trợ đứng bằng | BA11: CNT trừ hết date | BB11: CNT trừ quy chế, quy trình | BC11: CNT trừ App- Kiot | BD11: CNT trừ Ecom | BE11: CNT Đối soát | BF11: CNT các khoản trừ khác | BG11: Tổng thu nhập thực tế | BH11: BHXH Cty (17.5%) | BI11: BHYT Cty (3%) | BJ11: BHTN CTy 1% | BK11: KPCĐ Cty (2%) | BL11: Cộng Cty 23,5% | BM11: BHXH NV (8%) | BN11: BHYT NV (1,5%) | BO11: BHTN NV (1%) | BP11: ĐP NV (1%) | BQ11: BHXH, BHYT, BHTN của NV (11,5%) | BR11: CNT- Ca đêm miễn thuế | BS11: Tổng miễn giảm thuế TNCN (gởi xe, PC điện thoại, tiền ăn, đồng phục) | BT11: Thu nhập chịu thuế | BU11: Giảm trừ TTNCN Bản thân | BV11: Số người phụ thuộc | BW11: Giảm trừ TTNCN Người PT | BX11: Giảm trừ TTNCN 10.5% BHXH, BHYT, BHTN | BY11: Tổng các khoản giảm trừ | BZ11: Thu nhập tính thuế | CA11: Thuế TNCN phải nộp | CB11: Tổng thực nhận sau khi trừ TTNCN, BHXH | CC11: Trả lại lương Cty tính sai/thiếu | CD11: Trừ tạm ứng/ mượn/ bồi thường/ khác | CE11: Tổng thu nhập còn lại | CF11: CK TM | CG11: CK TK | CH11: T7 | CI11: Email | CK11: Tháng sinh | CL11: Giờ công đào tạo | CM11: Ngày nhận việc | CN11: Tháng nhận việc | CO11: Năm nhận việc | CP11: thâm niên trước tháng 04/2024 đến 01/4/2024 | CQ11: thâm niên cho NV chưa đủ 12 tháng trong CSTN cũ -> hưởng theo CSTN mới | CR11: Thâm niên cho NV vừa theo chính sách cũ vừa theo chính sách mới | CS11: Số năm TN làm tròn xuống theo CS cũ | CT11: Số năm TN làm tròn xuống theo CS mới | CU11: Số năm TN làm tròn xuống NV hưởng CS mới+ cũ | CV11: Lương thâm niên theo chính sách cũ trước tháng 04/2024 | CW11: Lương thâm niên theo chính sách mới từ 01/04/2024 | CX11: Lương thâm niên cho NV vừa theo chính sách mới + cũ | CY11: Lương Thâm niên của NV | CZ11: Lý do cộng trừ của HC-NS | DA11: Lý do cộng trừ của nhà thuốc | DB11: Lý do chung
A12: 1 | B12: =1+A12 -> 2 | C12: 3 | D12: 4 | E12: 5 | F12: 6 | G12: 7 | H12: 8 | I12: 9 | J12: 10 | K12: 11 | L12: 12 | M12: 13 | N12: 14 | O12: 15 | P12: 16 | Q12: 17 | R12: 18 | S12: 19 | T12: 20 | U12: 21 | V12: 22 | W12: 23 | X12: 24 | Y12: 25 | Z12: 26 | AA12: 27 | AB12: 28 | AC12: 29 | AD12: 30 | AE12: 31 | AF12: 32 | AG12: 36 | AH12: 37 | AL12: 38 | AM12: 39 | AN12: 40 | AO12: 41 | AP12: 42 | AQ12: 43 | AR12: 44 | AS12: 44 | AU12: 44 | AV12: 46 | AW12: 47 | AX12: 48 | AY12: 49 | AZ12: 50 | BA12: 51 | BB12: 52 | BC12: 53 | BD12: 54 | BE12: 55 | BF12: 56 | BG12: 57 | BH12: 58 | BI12: 59 | BJ12: 60 | BK12: 61 | BL12: 62 | BM12: 63 | BN12: 64 | BO12: 65 | BP12: 66 | BQ12: 67 | BS12: 68 | BT12: 69 | BU12: 70 | BV12: 71 | BW12: 72 | BX12: 73 | BY12: 74 | BZ12: 75 | CA12: 76 | CB12: 77 | CC12: 78 | CD12: 79 | CE12: 80 | CF12: 81 | CG12: 82 | CH12: 83 | CI12: 84 | CJ12: 85 | CK12: 86 | CL12: 87 | CM12: 88 | CN12: 89 | CO12: 90 | CP12: 91 | CQ12: 92 | CR12: 93 | CS12: 94 | CT12: 95 | CU12: 96 | CV12: 97 | CW12: 98 | CX12: 99 | CY12: 100 | CZ12: 102 | DA12: 103 | DB12: 104 | DC12: 105 | DD12: Nhân sự mới/nghỉ việc
A13: MED SERVICE | K13: =#REF!+#REF!+#REF!+#REF!+#REF! -> #REF! | L13: =#REF!+#REF!+#REF!+#REF!+#REF! -> #REF! | M13: =#REF!+#REF!+#REF!+#REF!+#REF! -> #REF! | N13: =#REF!+#REF!+#REF!+#REF!+#REF! -> #REF! | O13: =#REF!+#REF!+#REF!+#REF!+#REF! -> #REF! | P13: =#REF!+#REF!+#REF!+#REF!+#REF! -> #REF! | Q13: =#REF!+#REF!+#REF!+#REF!+#REF! -> #REF! | R13: =#REF!+#REF!+#REF!+#REF!+#REF! -> #REF! | ... AI13: =#REF!+#REF!+#REF!+#REF!+#REF! -> #REF! | AL13: =#REF!+#REF!+#REF!+#REF!+#REF! -> #REF! | AM13: =#REF!+#REF!+#REF!+#REF!+#REF! -> #REF! | AN13: =#REF!+#REF!+#REF!+#REF!+#REF! -> #REF! | AO13: =#REF!+#REF!+#REF!+#REF!+#REF! -> #REF! | AP13: =#REF!+#REF!+#REF!+#REF!+#REF! -> #REF! | AQ13: =#REF!+#REF!+#REF!+#REF!+#REF! -> #REF! | AR13: =#REF!+#REF!+#REF!+#REF!+#REF! -> #REF! | AS13: =#REF!+#REF!+#REF!+#REF!+#REF! -> #REF! | ... CG13: =#REF!+#REF!+#REF!+#REF!+#REF! -> #REF! | CJ13: =#REF!+#REF!+#REF!+#REF!+#REF! -> #REF! | CK13: =#REF!+#REF!+#REF!+#REF!+#REF! -> #REF! | CL13: =#REF!+#REF!+#REF!+#REF!+#REF! -> #REF! | CM13: =#REF!+#REF!+#REF!+#REF!+#REF! -> #REF! | CN13: =#REF!+#REF!+#REF!+#REF!+#REF! -> #REF! | CO13: =#REF!+#REF!+#REF!+#REF!+#REF! -> #REF! | CP13: =#REF!+#REF!+#REF!+#REF!+#REF! -> #REF! | CQ13: =#REF!+#REF!+#REF!+#REF!+#REF! -> #REF! | ... DC13: =#REF!+#REF!+#REF!+#REF!+#REF! -> #REF!
A14: V. | B14: CHUỖI NHÀ THUỐC | L14: =L22+L30+L36+L53+L60+L69+L74+L81+L87+L93+L45 -> 1315 | M14: =M22+M30+M36+M53+M60+M69+M74+M81+M87+M93+M45 -> 7272.86 | N14: =N22+N30+N36+N53+N60+N69+N74+N81+N87+N93+N45 -> 4565.09 | O14: =O22+O30+O36+O53+O60+O69+O74+O81+O87+O93+O45 -> 264 | P14: =P22+P30+P36+P53+P60+P69+P74+P81+P87+P93+P45 -> 0 | Q14: =Q22+Q30+Q36+Q53+Q60+Q69+Q74+Q81+Q87+Q93+Q45 -> 0 | R14: =R22+R30+R36+R53+R60+R69+R74+R81+R87+R93+R45 -> 0 | S14: =S22+S30+S36+S53+S60+S69+S74+S81+S87+S93+S45 -> 207090000 | ... BQ14: =BQ22+BQ30+BQ36+BQ53+BQ60+BQ69+BQ74+BQ81+BQ87+BQ93+BQ45 -> 21744450 | BS14: =BS22+BS30+BS36+BS53+BS60+BS69+BS74+BS81+BS87+BS93+BS45 -> 19511729 | BT14: =BT22+BT30+BT36+BT53+BT60+BT69+BT74+BT81+BT87+BT93+BT45 -> 3.4176678e+08 | BU14: =BU22+BU30+BU36+BU53+BU60+BU69+BU74+BU81+BU87+BU93+BU45 -> 496000000 | BV14: =BV22+BV30+BV36+BV53+BV60+BV69+BV74+BV81+BV87+BV93+BV45 -> 1 | BW14: =BW22+BW30+BW36+BW53+BW60+BW69+BW74+BW81+BW87+BW93+BW45 -> 6200000 | BX14: =BX22+BX30+BX36+BX53+BX60+BX69+BX74+BX81+BX87+BX93+BX45 -> 18956700 | BY14: =BY22+BY30+BY36+BY53+BY60+BY69+BY74+BY81+BY87+BY93+BY45 -> 521156700 | BZ14: =BZ22+BZ30+BZ36+BZ53+BZ60+BZ69+BZ74+BZ81+BZ87+BZ93+BZ45 -> 1.3384598e+08 | ... CG14: =CG22+CG30+CG36+CG53+CG60+CG69+CG74+CG81+CG87+CG93+CG45 -> 562119753 | CH14: =CH22+CH30+CH36+CH53+CH60+CH69+CH74+CH81+CH87+CH93 -> 0 | CL14: =CL22+CL30+CL36+CL53+CL60+CL69+CL74+CL81+CL87+CL93 -> 0
A15: 1 | B15: 8 | C15: Ho Thi Minh Hoa | D15: Hồ Thị Minh Hòa | E15: =IF(OR(G15="CHT",G15="DSBC"),"HĐLĐ",IF(OR(G15="DSTV",G15="Q.CHT"),"HĐTV","HĐCTV")) -> HĐLĐ | F15: 24H | G15: DSBC | H15: 45352 | I15: 0051000542226 | J15: Vietcombank | K15: 26 | L15: 2 | M15: 31.69 | N15: 0 | O15: 16 | S15: =IF(E15="HĐLĐ",5310000,0) -> 5310000 | AA15: =CY15 -> 6500000 | AE15: =IF(E15="HĐTV",AC15/28/8*M15,AA15/28/8*M15) -> 919575.89 | AF15: =IF(E15="HĐTV",AC15/28/8*N15*1.5,AA15/28/8*N15*1.5) -> 0 | AG15: 0 | AH15: 0 | AI15: 0 | AL15: 0 | AM15: 0 | AN15: 0 | AO15: 0 | AP15: 0 | AQ15: 0 | AS15: 0 | AU15: 0 | BA15: 0 | BB15: 0 | BC15: 0 | BD15: 0 | BE15: 0 | BF15: 0 | BG15: =SUM(T15:Z15)+SUM(AD15:AZ15)-SUM(BA15:BF15) -> 919575.89 | BH15: =S15*17.5% -> 929250 | BI15: =S15*3% -> 159300 | BJ15: =S15*1% -> 53100 | BL15: =SUM(BH15:BK15) -> 1141650 | BM15: =S15*8% -> 424800 | BN15: =S15*1.5% -> 79650 | BO15: =S15*1% -> 53100 | BQ15: =SUM(BM15:BP15) -> 557550 | BR15: =AF15 -> 0 | BS15: =T15+U15+V15+W15 -> 0 | BT15: =BG15-BS15-BR15 -> 919575.89 | BU15: =BT15 -> 919575.89 | BW15: =BV15*6200000 -> 0 | BX15: =BQ15 -> 557550 | BY15: =BU15+BW15+BX15 -> 1477125.9 | BZ15: =IF(BT15-BY15>0,BT15-BY15,0) -> 0 | CA15: =IF(AND(OR($E15="HĐTV",$E15="HĐCTV"),$BZ15<2000000),0,IF(OR($E15="HĐTV",$E15="HĐCTV"),$BZ15*10%,ROUND(IF($BZ15<=10000000,$BZ15*5%,IF($BZ15<=30000000,$BZ15*10%-500000,IF($BZ15<=60000000,$BZ15*20%-3500000,IF($BZ15<=100000000,$BZ15*30%-9500000,$BZ15*35%-14500000)))),0))) -> 0 | CB15: =ROUND(BG15-BQ15-CA15,0) -> 362026 | CD15: =AV15+AW15 -> 0 | CE15: =CB15+CC15-CD15 -> 362026 | CF15: =CE15-CG15 -> 0 | CG15: =CE15 -> 362026 | CI15: hoa.ho@medigoapp.com | CJ15: =VLOOKUP(D15,[1]CNT!$C$6:$AP$113,40,0) -> 0 | CK15: 11 | CM15: 1 | CN15: 3 | CO15: 2024 | CP15: =IF((($CO$8-CO15)*12)+($CN$8-CN15)>=12,((($CO$8-CO15)*12)+($CN$8-CN15))-1,0) -> 0 | CQ15: =IF(CP15<12,(($CQ$8-CO15)*12)+($CP$8-CN15),0) -> 26 | CR15: =IF(OR(CP15>12,CP15=12),((CP15-(CS15*12))+((($CQ$8-2024)*12)+($CP$8-4)))+1,0) -> 0 | CS15: =IF(OR(CP15>12,CP15=12),ROUNDDOWN(CP15/12,0),0) -> 0 | CT15: =IF(CQ15>11,ROUNDDOWN(CQ15/12,0),0) -> 2 | CU15: =IF(CR15>11,ROUNDDOWN(CR15/12,0),0) -> 0 | CV15: =IF(CP15=0,0,6000000*1.07^CS15) -> 0 | CW15: =IF(CT15<2,0,6000000+(CT15-1)*500000) -> 6500000 | CX15: =IF(CU15=0,CV15,IF(CU15<1,0,CV15+CU15*500000)) -> 0 | CY15: =IF(CX15>0,CX15,IF(CW15>0,CW15,6000000)) -> 6500000 | DB15: =CZ15&";"&" "&DA15 -> ; | DF15: =VLOOKUP($D15,'[2]Med Service'!$D$11:$DI$87,110,0) -> 1035547 | DG15: =VLOOKUP($D15,'[3]BẢNG LƯƠNG'!$C$3:$AH$102,32,0)
A16: 3 | B16: 8 | C16: Nguyen Tran Ngoc Phuong | D16: Nguyễn Trần Ngọc Phương | E16: =IF(OR(G16="CHT",G16="DSBC"),"HĐLĐ",IF(OR(G16="DSTV",G16="Q.CHT"),"HĐTV","HĐCTV")) -> HĐTV | F16: 24H | G16: Q.CHT | H16: 46196 | I16: 0721000550950 | J16: Vietcombank | K16: 28 | L16: 26 | M16: 186.64 | N16: 28.38 | O16: 0 | S16: =IF(E16="HĐLĐ",5310000,0) -> 0 | T16: =IF(500000/28*L16>500000,500000,500000/28*L16) -> 464285.71 | AA16: =CY16 -> 6000000 | AC16: =AA16 -> 6000000 | AE16: =IF(E16="HĐTV",AC16/28/8*M16,AA16/28/8*M16) -> 4999285.7 | AF16: =IF(E16="HĐTV",AC16/28/8*N16*1.5,AA16/28/8*N16*1.5) -> 1140267.9 | AG16: 1,500,000 | AH16: 0 | AI16: 0 | AL16: 1000000 | AM16: 0 | AN16: 1280200 | AO16: 6601 | AP16: 0 | AQ16: 0 | AS16: 0 | AT16: 300000 | AU16: 0 | BA16: 0 | BB16: 0 | BC16: 0 | BD16: 0 | BE16: 0 | BF16: 0 | BG16: =SUM(T16:Z16)+SUM(AD16:AZ16)-SUM(BA16:BF16) -> 9190640.3 | BH16: =S16*17.5% -> 0 | BI16: =S16*3% -> 0 | BJ16: =S16*1% -> 0 | BL16: =SUM(BH16:BK16) -> 0 | BM16: =S16*8% -> 0 | BN16: =S16*1.5% -> 0 | BO16: =S16*1% -> 0 | BQ16: =SUM(BM16:BP16) -> 0 | BR16: =AF16 -> 1140267.9 | BS16: =T16+U16+V16+W16 -> 464285.71 | BT16: =BG16-BS16-BR16 -> 7586086.7 | BU16: =IF(E16="HĐLĐ",15500000,0) -> 0 | BW16: =BV16*6200000 -> 0 | BX16: =BQ16 -> 0 | BY16: =BU16+BW16+BX16 -> 0 | BZ16: =IF(BT16-BY16>0,BT16-BY16,0) -> 7586086.7 | CA16: =IF(AND(OR($E16="HĐTV",$E16="HĐCTV"),$BZ16<2000000),0,IF(OR($E16="HĐTV",$E16="HĐCTV"),$BZ16*10%,ROUND(IF($BZ16<=10000000,$BZ16*5%,IF($BZ16<=30000000,$BZ16*10%-500000,IF($BZ16<=60000000,$BZ16*20%-3500000,IF($BZ16<=100000000,$BZ16*30%-9500000,$BZ16*35%-14500000)))),0))) -> 758608.67 | CB16: =ROUND(BG16-BQ16-CA16,0) -> 8432032 | CD16: =AV16+AW16 -> 0 | CE16: =CB16+CC16-CD16 -> 8432032 | CF16: =CE16-CG16 -> 0 | CG16: =CE16 -> 8432032 | CI16: phuong.nguyen@medigoapp.com | CK16: 9 | CL16: =VLOOKUP(D16,[1]CNT!C7:AJ70,15,0) -> 0 | CM16: 23 | CN16: 6 | CO16: 2026 | CP16: =IF((($CO$8-CO16)*12)+($CN$8-CN16)>=12,((($CO$8-CO16)*12)+($CN$8-CN16))-1,0) -> 0 | CQ16: =IF(CP16<12,(($CQ$8-CO16)*12)+($CP$8-CN16),0) -> -1 | CR16: =IF(OR(CP16>12,CP16=12),((CP16-(CS16*12))+((($CQ$8-2024)*12)+($CP$8-4)))+1,0) -> 0 | CS16: =IF(OR(CP16>12,CP16=12),ROUNDDOWN(CP16/12,0),0) -> 0 | CT16: =IF(CQ16>11,ROUNDDOWN(CQ16/12,0),0) -> 0 | CU16: =IF(CR16>11,ROUNDDOWN(CR16/12,0),0) -> 0 | CV16: =IF(CP16=0,0,6000000*1.07^CS16) -> 0 | CW16: =IF(CT16<2,0,6000000+(CT16-1)*500000) -> 0 | CX16: =IF(CU16=0,CV16,IF(CU16<1,0,CV16+CU16*500000)) -> 0 | CY16: =IF(CX16>0,CX16,IF(CW16>0,CW16,6000000)) -> 6000000 | DB16: =CZ16&";"&" "&DA16 -> ; | DF16: =VLOOKUP($D16,'[2]Med Service'!$D$11:$DI$87,110,0) -> #N/A | DG16: =VLOOKUP($D16,'[3]BẢNG LƯƠNG'!$C$3:$AH$102,32,0) -> #N/A
A17: 2 | B17: 8 | C17: Nguyen Ngoc Anh Thu | D17: Nguyễn Ngọc Anh Thư | E17: =IF(OR(G17="CHT",G17="DSBC"),"HĐLĐ",IF(OR(G17="DSTV",G17="Q.CHT"),"HĐTV","HĐCTV")) -> HĐTV | F17: 24H | G17: DSTV | H17: 14/07/2026 | I17: 7500664184 | J17: BIDV | K17: 28 | L17: 29 | M17: 26.98 | N17: 219.5 | O17: 8 | S17: =IF(E17="HĐLĐ",5310000,0) -> 0 | T17: =IF(500000/28*L17>500000,500000,500000/28*L17) -> 500000 | AA17: =VLOOKUP(D17,'[4]Med Service'!D$42:AC$140,26,0) -> 6000000 | AB17: =AA17 -> 6000000 | AC17: =AA17 -> 6000000 | AD17: =IF(E17="HĐTV",AC17/K17*L17,AB17/K17*L17) -> 6214285.7 | AE17: =IF(E17="HĐTV",AC17/28/8*M17,AA17/28/8*M17) -> 722678.57 | AF17: =IF(E17="HĐTV",AC17/28/8*N17*1.5,AA17/28/8*N17*1.5) -> 8819196.4 | AG17: 0 | AH17: 0 | AI17: 1446429 | AL17: 933333 | AM17: 0 | AN17: 579960 | AO17: 7700 | AP17: 0 | AQ17: 0 | AS17: 0 | AT17: 0 | AU17: 0 | BA17: 0 | BB17: 0 | BC17: 0 | BD17: 0 | BE17: 0 | BF17: 0 | BG17: =SUM(T17:Z17)+SUM(AD17:AZ17)-SUM(BA17:BF17) -> 19223583 | BH17: =S17*17.5% -> 0 | BI17: =S17*3% -> 0 | BJ17: =S17*1% -> 0 | BL17: =SUM(BH17:BK17) -> 0 | BM17: =S17*8% -> 0 | BN17: =S17*1.5% -> 0 | BO17: =S17*1% -> 0 | BQ17: =SUM(BM17:BP17) -> 0 | BR17: =AF17 -> 8819196.4 | BS17: =T17+U17+V17+W17 -> 500000 | BT17: =BG17-BS17-BR17 -> 9904386.3 | BU17: =IF(E17="HĐLĐ",15500000,0) -> 0 | BX17: =BQ17 -> 0 | BY17: =BU17+BW17+BX17 -> 0 | BZ17: =IF(BT17-BY17>0,BT17-BY17,0) -> 9904386.3 | CA17: =IF(AND(OR($E17="HĐTV",$E17="HĐCTV"),$BZ17<2000000),0,IF(OR($E17="HĐTV",$E17="HĐCTV"),$BZ17*10%,ROUND(IF($BZ17<=10000000,$BZ17*5%,IF($BZ17<=30000000,$BZ17*10%-500000,IF($BZ17<=60000000,$BZ17*20%-3500000,IF($BZ17<=100000000,$BZ17*30%-9500000,$BZ17*35%-14500000)))),0))) -> 990438.63 | CB17: =ROUND(BG17-BQ17-CA17,0) -> 18233144 | CE17: =CB17+CC17-CD17 -> 18233144 | CF17: =CE17-CG17 -> 0 | CG17: =CE17 -> 18233144 | CI17: thu.nguyen@medigoapp.com | CK17: 1 | CY17: =IF(CX17>0,CX17,IF(CW17>0,CW17,6000000)) -> 6000000
B18: 8 | C18: Trinh Thi Phuong | D18: Trịnh Thị Phượng | E18: =IF(OR(G18="CHT",G18="DSBC"),"HĐLĐ",IF(OR(G18="DSTV",G18="Q.CHT"),"HĐTV","HĐCTV")) -> HĐLĐ | F18: 24H | G18: DSBC | H18: 45096 | I18: 10200014211025 | J18: Đông Nam Á (Seabank) | K18: 26 | L18: 21 | M18: 0.38 | N18: 164.21 | O18: 0 | S18: =IF(E18="HĐLĐ",5310000,0) -> 5310000 | T18: =IF(500000/28*L18>500000,500000,500000/28*L18) -> 375000 | AA18: 6500000 | AB18: =AA18 -> 6500000 | AC18: =IF(E18="HĐTV",AB18*85%,0) -> 0 | AD18: =IF(E18="HĐTV",AC18/K18*L18,AB18/K18*L18) -> 5250000 | AE18: =IF(E18="HĐTV",AC18/28/8*M18,AA18/28/8*M18) -> 11026.786 | AF18: =IF(E18="HĐTV",AC18/28/8*N18*1.5,AA18/28/8*N18*1.5) -> 7147533.5 | AG18: 0 | AH18: 0 | AI18: 1125000 | AL18: 2200000 | AM18: 0 | AN18: 3537750 | AO18: 11205 | AP18: 0 | AQ18: 0 | AS18: 0 | AT18: 0 | AU18: 0 | BA18: 0 | BB18: 0 | BC18: 0 | BD18: 0 | BE18: 0 | BF18: 0 | BG18: =SUM(T18:Z18)+SUM(AD18:AZ18)-SUM(BA18:BF18) -> 19657515 | BH18: =S18*17.5% -> 929250 | BI18: =S18*3% -> 159300 | BJ18: =S18*1% -> 53100 | BL18: =SUM(BH18:BK18) -> 1141650 | BM18: =S18*8% -> 424800 | BN18: =S18*1.5% -> 79650 | BO18: =S18*1% -> 53100 | BQ18: =SUM(BM18:BP18) -> 557550 | CE18: =CB18+CC18-CD18 -> 0 | CF18: =CE18-CG18 -> 0 | CG18: =CE18 -> 0 | CK18: 2 | CY18: =IF(CX18>0,CX18,IF(CW18>0,CW18,6000000)) -> 6000000
A19: 4 | B19: 8 | C19: Ngo Tran Tuyet Vy | D19: Ngô Trần Tuyết Vy | E19: =IF(OR(G19="CHT",G19="DSBC"),"HĐLĐ",IF(OR(G19="DSTV",G19="Q.CHT"),"HĐTV","HĐCTV")) -> HĐLĐ | F19: 24H | G19: DSBC | H19: 44743 | I19: 060260188766 | J19: Sacombank | K19: 28 | L19: 11 | M19: 66.26 | N19: 23.12 | O19: 0 | S19: =IF(E19="HĐLĐ",5310000,0) -> 5310000 | T19: =IF(500000/28*L19>500000,500000,500000/28*L19) -> 196428.57 | AA19: =CY19 -> 8350258 | AE19: =IF(E19="HĐTV",AC19/28/8*M19,AA19/28/8*M19) -> 2470036.1 | AF19: =IF(E19="HĐTV",AC19/28/8*N19*1.5,AA19/28/8*N19*1.5) -> 1292798.9 | AG19: 0 | AH19: 0 | AI19: 0 | AL19: 0 | AM19: 0 | AN19: 1011600 | AO19: 0 | AP19: 0 | AQ19: 0 | AS19: 0 | AT19: 0 | AU19: 0 | BA19: 0 | BB19: 0 | BC19: 0 | BD19: 0 | BE19: 0 | BF19: 0 | BG19: =SUM(T19:Z19)+SUM(AD19:AZ19)-SUM(BA19:BF19) -> 4970863.6 | BH19: =S19*17.5% -> 929250 | BI19: =S19*3% -> 159300 | BJ19: =S19*1% -> 53100 | BL19: =SUM(BH19:BK19) -> 1141650 | BM19: =S19*8% -> 424800 | BN19: =S19*1.5% -> 79650 | BO19: =S19*1% -> 53100 | BQ19: =SUM(BM19:BP19) -> 557550 | BR19: =AF19 -> 1292798.9 | BS19: =T19+U19+V19+W19 -> 196428.57 | BT19: =BG19-BS19-BR19 -> 3481636.1 | BU19: =IF(E19="HĐLĐ",15500000,0) -> 15500000 | BW19: =BV19*6200000 -> 0 | BX19: =BQ19 -> 557550 | BY19: =BU19+BW19+BX19 -> 16057550 | BZ19: =IF(BT19-BY19>0,BT19-BY19,0) -> 0 | CA19: =IF(AND(OR($E19="HĐTV",$E19="HĐCTV"),$BZ19<2000000),0,IF(OR($E19="HĐTV",$E19="HĐCTV"),$BZ19*10%,ROUND(IF($BZ19<=10000000,$BZ19*5%,IF($BZ19<=30000000,$BZ19*10%-500000,IF($BZ19<=60000000,$BZ19*20%-3500000,IF($BZ19<=100000000,$BZ19*30%-9500000,$BZ19*35%-14500000)))),0))) -> 0 | CB19: =ROUND(BG19-BQ19-CA19,0) -> 4413314 | CD19: =AV19+AW19 -> 0 | CE19: =CB19+CC19-CD19 -> 4413314 | CF19: =CE19-CG19 -> 0 | CG19: =CE19 -> 4413314 | CI19: =VLOOKUP($C19,[5]Sheet1!$C$5:$K$139,9,0) -> vy.ngo@medigoapp.com | CJ19: =VLOOKUP(D19,[1]CNT!$C$6:$AP$113,40,0) -> 0 | CK19: 3 | CL19: =VLOOKUP(D19,[1]CNT!C7:AJ70,15,0) -> 0 | CM19: 14 | CN19: 2 | CO19: 2021 | CP19: =IF((($CO$8-CO19)*12)+($CN$8-CN19)>=12,((($CO$8-CO19)*12)+($CN$8-CN19))-1,0) -> 37 | CQ19: =IF(CP19<12,(($CQ$8-CO19)*12)+($CP$8-CN19),0) -> 0 | CR19: =IF(OR(CP19>12,CP19=12),((CP19-(CS19*12))+((($CQ$8-2024)*12)+($CP$8-4)))+1,0) -> 27 | CS19: =IF(OR(CP19>12,CP19=12),ROUNDDOWN(CP19/12,0),0) -> 3 | CT19: =IF(CQ19>11,ROUNDDOWN(CQ19/12,0),0) -> 0 | CU19: =IF(CR19>11,ROUNDDOWN(CR19/12,0),0) -> 2 | CV19: =IF(CP19=0,0,6000000*1.07^CS19) -> 7350258 | CW19: =IF(CT19<2,0,6000000+(CT19-1)*500000) -> 0 | CX19: =IF(CU19=0,CV19,IF(CU19<1,0,CV19+CU19*500000)) -> 8350258 | CY19: =IF(CX19>0,CX19,IF(CW19>0,CW19,6000000)) -> 8350258 | DB19: =CZ19&";"&" "&DA19 -> ; | DF19: =VLOOKUP($D19,'[2]Med Service'!$D$11:$DI$87,110,0) -> 0 | DG19: =VLOOKUP($D19,'[3]BẢNG LƯƠNG'!$C$3:$AH$102,32,0)
A20: 5 | B20: 8 | C20: Pham Nguyen Ngoc Quy | D20: Phạm Nguyễn Ngọc Quý | E20: =IF(OR(G20="CHT",G20="DSBC"),"HĐLĐ",IF(OR(G20="DSTV",G20="Q.CHT"),"HĐTV","HĐCTV")) -> HĐLĐ | F20: 24H | G20: DSBC | H20: 01/11/2024 | I20: 1026764251 | J20: Vietcombank | K20: 28 | L20: 23 | M20: 164.33 | N20: 24.07 | O20: 0 | S20: =IF(E20="HĐLĐ",5310000,0) -> 5310000 | T20: =IF(500000/28*L20>500000,500000,500000/28*L20) -> 410714.29 | AA20: =CY20 -> 6000000 | AE20: =IF(E20="HĐTV",AC20/28/8*M20,AA20/28/8*M20) -> 4401696.4 | AF20: =IF(E20="HĐTV",AC20/28/8*N20*1.5,AA20/28/8*N20*1.5) -> 967098.21 | AG20: 0 | AH20: 0 | AI20: 0 | AL20: 0 | AM20: 0 | AN20: 1686900 | AO20: 18300 | AP20: 0 | AQ20: 0 | AS20: 0 | AT20: 0 | AU20: 0 | BA20: 0 | BB20: 0 | BC20: 0 | BD20: 0 | BE20: 0 | BF20: 0 | BG20: =SUM(T20:Z20)+SUM(AD20:AZ20)-SUM(BA20:BF20) -> 7484708.9 | BH20: =S20*17.5% -> 929250 | BI20: =S20*3% -> 159300 | BJ20: =S20*1% -> 53100 | BL20: =SUM(BH20:BK20) -> 1141650 | BM20: =S20*8% -> 424800 | BN20: =S20*1.5% -> 79650 | BO20: =S20*1% -> 53100 | BQ20: =SUM(BM20:BP20) -> 557550 | BR20: =AF20 -> 967098.21 | BS20: =T20+U20+V20+W20 -> 410714.29 | BT20: =BG20-BS20-BR20 -> 6106896.4 | BU20: =IF(E20="HĐLĐ",15500000,0) -> 15500000 | BW20: =BV20*6200000 -> 0 | BX20: =BQ20 -> 557550 | BY20: =BU20+BW20+BX20 -> 16057550 | BZ20: =IF(BT20-BY20>0,BT20-BY20,0) -> 0 | CA20: =IF(AND(OR($E20="HĐTV",$E20="HĐCTV"),$BZ20<2000000),0,IF(OR($E20="HĐTV",$E20="HĐCTV"),$BZ20*10%,ROUND(IF($BZ20<=10000000,$BZ20*5%,IF($BZ20<=30000000,$BZ20*10%-500000,IF($BZ20<=60000000,$BZ20*20%-3500000,IF($BZ20<=100000000,$BZ20*30%-9500000,$BZ20*35%-14500000)))),0))) -> 0 | CB20: =ROUND(BG20-BQ20-CA20,0) -> 6927159 | CD20: =AV20+AW20 -> 0 | CE20: =CB20+CC20-CD20 -> 6927159 | CF20: =CE20-CG20 -> 0 | CG20: =CE20 -> 6927159 | CI20: quy.pham@medigoapp.com | CJ20: =VLOOKUP(D20,[1]CNT!$C$6:$AP$113,40,0) -> 0 | CK20: 6 | CL20: =VLOOKUP(D20,[1]CNT!C7:AJ70,15,0) -> 0 | CM20: 1 | CN20: 11 | CO20: 2024 | CP20: =IF((($CO$8-CO20)*12)+($CN$8-CN20)>=12,((($CO$8-CO20)*12)+($CN$8-CN20))-1,0) -> 0 | CQ20: =IF(CP20<12,(($CQ$8-CO20)*12)+($CP$8-CN20),0) -> 18 | CR20: =IF(OR(CP20>12,CP20=12),((CP20-(CS20*12))+((($CQ$8-2024)*12)+($CP$8-4)))+1,0) -> 0 | CS20: =IF(OR(CP20>12,CP20=12),ROUNDDOWN(CP20/12,0),0) -> 0 | CT20: =IF(CQ20>11,ROUNDDOWN(CQ20/12,0),0) -> 1 | CU20: =IF(CR20>11,ROUNDDOWN(CR20/12,0),0) -> 0 | CV20: =IF(CP20=0,0,6000000*1.07^CS20) -> 0 | CW20: =IF(CT20<2,0,6000000+(CT20-1)*500000) -> 0 | CX20: =IF(CU20=0,CV20,IF(CU20<1,0,CV20+CU20*500000)) -> 0 | CY20: =IF(CX20>0,CX20,IF(CW20>0,CW20,6000000)) -> 6000000 | DB20: =CZ20&";"&" "&DA20 -> ; | DF20: =VLOOKUP($D20,'[2]Med Service'!$D$11:$DI$87,110,0) -> 0 | DG20: =VLOOKUP($D20,'[3]BẢNG LƯƠNG'!$C$3:$AH$102,32,0)
C21: Tran Thi Kim Khanh | D21: Trần Thị Kim Khánh | E21: =IF(OR(G21="CHT",G21="DSBC"),"HĐLĐ",IF(OR(G21="DSTV",G21="Q.CHT"),"HĐTV","HĐCTV")) -> HĐLĐ | F21: 24H | G21: DSBC | H21: 45099 | I21: 69110000565904 | J21: BIDV | K21: 26 | L21: 29 | M21: 253.43 | N21: 31.43 | O21: 8 | S21: =IF(E21="HĐLĐ",5310000,0) -> 5310000 | T21: =IF(500000/28*L21>500000,500000,500000/28*L21) -> 500000 | AA21: 6500000 | AB21: =AA21 -> 6500000 | AC21: =IF(E21="HĐTV",AB21*85%,0) -> 0 | AD21: =IF(E21="HĐTV",AC21/K21*L21,AB21/K21*L21) -> 7250000 | AE21: =IF(E21="HĐTV",AC21/28/8*M21,AA21/28/8*M21) -> 7353995.5 | AF21: =IF(E21="HĐTV",AC21/28/8*N21*1.5,AA21/28/8*N21*1.5) -> 1368046.9 | AG21: 0 | AH21: 0 | AI21: 0 | AL21: 2800000 | AM21: 2472797 | AN21: 3808150 | AO21: 46851 | AP21: 0 | AQ21: 0 | AS21: 0 | AT21: 0 | AU21: 0 | BA21: 0 | BB21: 0 | BC21: 0 | BD21: 0 | BE21: 0 | BF21: 0 | BG21: =SUM(T21:Z21)+SUM(AD21:AZ21)-SUM(BA21:BF21) -> 25599840 | BH21: =S21*17.5% -> 929250 | BI21: =S21*3% -> 159300 | BJ21: =S21*1% -> 53100 | BL21: =SUM(BH21:BK21) -> 1141650 | BM21: =S21*8% -> 424800 | BN21: =S21*1.5% -> 79650 | BO21: =S21*1% -> 53100 | BQ21: =SUM(BM21:BP21) -> 557550 | CE21: =CB21+CC21-CD21 -> 0 | CG21: =CE21 -> 0 | CY21: =IF(CX21>0,CX21,IF(CW21>0,CW21,6000000)) -> 6000000
L22: =SUM(L15:L21) -> 141 | M22: =SUM(M15:M21) -> 729.71 | N22: =SUM(N15:N21) -> 490.71 | O22: =SUM(O15:O21) -> 32 | P22: =SUM(P15:P21) -> 0 | Q22: =SUM(Q15:Q21) -> 0 | R22: =SUM(R15:R21) -> 0 | S22: =SUM(S15:S21) -> 26550000 | U22: =SUM(U15:U21) -> 0 | V22: =SUM(V15:V21) -> 0 | W22: =SUM(W15:W21) -> 0 | X22: =SUM(X15:X21) -> 0 | Y22: =SUM(Y15:Y21) -> 0 | Z22: =SUM(Z15:Z21) -> 0 | AA22: =SUM(AA15:AA21) -> 45850258 | AB22: =SUM(AB15:AB21) -> 19000000 | ... CG22: =SUM(CG15:CG21) -> 38367675 | CH22: =SUM(CH15:CH20) -> 0 | CI22: =SUM(CI15:CI20) -> 0 | CJ22: =SUM(CJ15:CJ20) -> 0 | CK22: =SUM(CK15:CK20) -> 32 | CL22: =SUM(CL15:CL20) -> 0 | CM22: =SUM(CM15:CM20) -> 39 | CN22: =SUM(CN15:CN20) -> 22 | CO22: =SUM(CO15:CO20) -> 8095 | ... DG22: =SUM(DG15:DG20) -> #N/A
A23: 13 | B23: 7 | C23: Ngo Thi Thanh Tham | D23: Ngô Thị Thanh Thắm | E23: =IF(OR(G23="CHT",G23="DSBC"),"HĐLĐ",IF(OR(G23="DSTV",G23="Q.CHT"),"HĐTV","HĐCTV")) -> HĐLĐ | F23: Đỗ Quang Đẩu | G23: CHT | H23: 45524 | I23: 0431000219840 | J23: Vietcombank | K23: 28 | L23: 23 | M23: 183.01 | N23: 0 | O23: 0 | S23: =IF(E23="HĐLĐ",5310000,0) -> 5310000 | T23: =IF(500000/28*L23>500000,500000,500000/28*L23) -> 410714.29 | AA23: =CY23 -> 6000000 | AE23: =IF(E23="HĐTV",AC23/28/8*M23,AA23/28/8*M23) -> 4902053.6 | AF23: =IF(E23="HĐTV",AC23/28/8*N23*1.5,AA23/28/8*N23*1.5) -> 0 | AG23: 2,000,000 | AH23: 0 | AI23: 0 | AL23: 0 | AM23: 0 | AN23: 688400 | AO23: 14067 | AP23: 0 | AQ23: 1000000 | AS23: 0 | AT23: 0 | AU23: 2681852 | BA23: 0 | BB23: 0 | BC23: 0 | BD23: 0 | BE23: 0 | BF23: 0 | BG23: =SUM(T23:Z23)+SUM(AD23:AZ23)-SUM(BA23:BF23) -> 9697086.9 | BH23: =S23*17.5% -> 929250 | BI23: =S23*3% -> 159300 | BJ23: =S23*1% -> 53100 | BL23: =SUM(BH23:BK23) -> 1141650 | BM23: =S23*8% -> 424800 | BN23: =S23*1.5% -> 79650 | BO23: =S23*1% -> 53100 | BQ23: =SUM(BM23:BP23) -> 557550 | BR23: =AF23 -> 0 | BS23: =T23+U23+V23+W23 -> 410714.29 | BT23: =BG23-BS23-BR23 -> 9286372.6 | BU23: =IF(E23="HĐLĐ",15500000,0) -> 15500000 | BW23: =BV23*6200000 -> 0 | BX23: =BQ23 -> 557550 | BY23: =BU23+BW23+BX23 -> 16057550 | BZ23: =IF(BT23-BY23>0,BT23-BY23,0) -> 0 | CA23: =IF(AND(OR($E23="HĐTV",$E23="HĐCTV"),$BZ23<2000000),0,IF(OR($E23="HĐTV",$E23="HĐCTV"),$BZ23*10%,ROUND(IF($BZ23<=10000000,$BZ23*5%,IF($BZ23<=30000000,$BZ23*10%-500000,IF($BZ23<=60000000,$BZ23*20%-3500000,IF($BZ23<=100000000,$BZ23*30%-9500000,$BZ23*35%-14500000)))),0))) -> 0 | CB23: =ROUND(BG23-BQ23-CA23,0) -> 9139537 | CD23: =AV23+AW23 -> 0 | CE23: =CB23+CC23-CD23 -> 9139537 | CF23: =CE23-CG23 -> 0 | CG23: =CE23 -> 9139537 | CI23: tham.ngo@medigoapp.com | CJ23: =VLOOKUP(D23,[1]CNT!$C$6:$AP$113,40,0) -> 0 | CK23: 12 | CL23: =VLOOKUP(D23,[1]CNT!C10:AJ73,15,0) -> 0 | CM23: 20 | CN23: 8 | CO23: 2024 | CP23: =IF((($CO$8-CO23)*12)+($CN$8-CN23)>=12,((($CO$8-CO23)*12)+($CN$8-CN23))-1,0) -> 0 | CQ23: =IF(CP23<12,(($CQ$8-CO23)*12)+($CP$8-CN23),0) -> 21 | CR23: =IF(OR(CP23>12,CP23=12),((CP23-(CS23*12))+((($CQ$8-2024)*12)+($CP$8-4)))+1,0) -> 0 | CS23: =IF(OR(CP23>12,CP23=12),ROUNDDOWN(CP23/12,0),0) -> 0 | CT23: =IF(CQ23>11,ROUNDDOWN(CQ23/12,0),0) -> 1 | CU23: =IF(CR23>11,ROUNDDOWN(CR23/12,0),0) -> 0 | CV23: =IF(CP23=0,0,6000000*1.07^CS23) -> 0 | CW23: =IF(CT23<2,0,6000000+(CT23-1)*500000) -> 0 | CX23: =IF(CU23=0,CV23,IF(CU23<1,0,CV23+CU23*500000)) -> 0 | CY23: =IF(CX23>0,CX23,IF(CW23>0,CW23,6000000)) -> 6000000 | DA23: =CJ23 -> 0 | DE23: =VLOOKUP($D23,'[6]Tong hop'!$B$8:$Q$45,15,0) -> 346622 | DF23: =VLOOKUP($D23,'[2]Med Service'!$D$11:$DI$87,110,0) -> 0 | DG23: =VLOOKUP($D23,'[3]BẢNG LƯƠNG'!$C$3:$AH$102,32,0) -> Vi phạm chấm điểm checklist 28/05/2026: 10.000đ
A24: 8 | B24: 7 | C24: Duong Thi Huynh Nhu | D24: Dương Thị Huỳnh Như | E24: =IF(OR(G24="CHT",G24="DSBC"),"HĐLĐ",IF(OR(G24="DSTV",G24="Q.CHT"),"HĐTV","HĐCTV")) -> HĐTV | F24: Đỗ Quang Đẩu | G24: DSTV | H24: 28/07/2026 | I24: 023704070008223 | J24: HD Bank | K24: 28 | L24: 4 | M24: 32.49 | N24: 0 | O24: 0 | S24: =IF(E24="HĐLĐ",5310000,0) -> 0 | T24: =IF(500000/28*L24>500000,500000,500000/28*L24) -> 71428.571 | AA24: 6000000 | AB24: =AA24 -> 6000000 | AC24: 6000000 | AD24: =IF(E24="HĐTV",AC24/K24*L24,AB24/K24*L24) -> 857142.86 | AE24: =IF(E24="HĐTV",AC24/28/8*M24,AA24/28/8*M24) -> 870267.86 | AF24: =IF(E24="HĐTV",AC24/28/8*N24*1.5,AA24/28/8*N24*1.5) -> 0 | AG24: 0 | AH24: 0 | AI24: 0 | AL24: 0 | AM24: 0 | AN24: 0 | AO24: 0 | AP24: 0 | AQ24: 0 | AS24: 0 | AT24: 0 | AU24: 0 | BA24: 0 | BB24: 0 | BC24: 0 | BD24: 0 | BE24: 0 | BF24: 0 | BG24: =SUM(T24:Z24)+SUM(AD24:AZ24)-SUM(BA24:BF24) -> 1798839.3 | BH24: =S24*17.5% -> 0 | BI24: =S24*3% -> 0 | BJ24: =S24*1% -> 0 | BL24: =SUM(BH24:BK24) -> 0 | BM24: =S24*8% -> 0 | BN24: =S24*1.5% -> 0 | BO24: =S24*1% -> 0 | BQ24: =SUM(BM24:BP24) -> 0 | BR24: =AF24 -> 0 | BS24: =T24+U24+V24+W24 -> 71428.571 | BT24: =BG24-BS24-BR24 -> 1727410.7 | BU24: =IF(E24="HĐLĐ",15500000,0) -> 0 | BX24: =BQ24 -> 0 | BY24: =BU24+BW24+BX24 -> 0 | BZ24: =IF(BT24-BY24>0,BT24-BY24,0) -> 1727410.7 | CA24: =IF(AND(OR($E24="HĐTV",$E24="HĐCTV"),$BZ24<2000000),0,IF(OR($E24="HĐTV",$E24="HĐCTV"),$BZ24*10%,ROUND(IF($BZ24<=10000000,$BZ24*5%,IF($BZ24<=30000000,$BZ24*10%-500000,IF($BZ24<=60000000,$BZ24*20%-3500000,IF($BZ24<=100000000,$BZ24*30%-9500000,$BZ24*35%-14500000)))),0))) -> 0 | CB24: =ROUND(BG24-BQ24-CA24,0) -> 1798839 | CE24: =CB24+CC24-CD24 -> 1798839 | CF24: =CE24-CG24 -> 0 | CG24: =CE24 -> 1798839 | CI24: nhu.duong@medigoapp.com | CK24: 9 | CY24: =IF(CX24>0,CX24,IF(CW24>0,CW24,6000000)) -> 6000000
A25: 15 | B25: 7 | C25: Pham Thi Nghia Huong | D25: Phạm Thị Nghĩa Hương | E25: HĐLĐ | F25: Đỗ Quang Đẩu | G25: DSBC | H25: 45575 | I25: 0968249073 | J25: Mb bank | K25: 28 | L25: 29 | M25: 11.02 | N25: 230.26 | O25: 8 | S25: =IF(E25="HĐLĐ",5310000,0) -> 5310000 | T25: =IF(500000/28*L25>500000,500000,500000/28*L25) -> 500000 | AA25: =CY25 -> 6000000 | AE25: =IF(E25="HĐTV",AC25/28/8*M25,AA25/28/8*M25) -> 295178.57 | AF25: =IF(E25="HĐTV",AC25/28/8*N25*1.5,AA25/28/8*N25*1.5) -> 9251517.9 | AG25: 0 | AH25: 0 | AI25: 1500000 | AL25: 0 | AM25: 0 | AN25: 629100 | AO25: 7550 | AP25: 0 | AQ25: 0 | AS25: 0 | AT25: 0 | AU25: 340044 | BA25: 0 | BB25: 0 | BC25: 100000 | BD25: 0 | BE25: 0 | BF25: 0 | BG25: =SUM(T25:Z25)+SUM(AD25:AZ25)-SUM(BA25:BF25) -> 12423390 | BH25: =S25*17.5% -> 929250 | BI25: =S25*3% -> 159300 | BJ25: =S25*1% -> 53100 | BL25: =SUM(BH25:BK25) -> 1141650 | BM25: =S25*8% -> 424800 | BN25: =S25*1.5% -> 79650 | BO25: =S25*1% -> 53100 | BQ25: =SUM(BM25:BP25) -> 557550 | BR25: =AF25 -> 9251517.9 | BS25: =SUM(BN25:BQ25) -> 690300 | BT25: =BG25-BS25-BR25 -> 2481572.6 | BU25: =IF(E25="HĐLĐ",15500000,0) -> 15500000 | BW25: =BV25*6200000 -> 0 | BX25: =BQ25 -> 557550 | BY25: =BU25+BW25+BX25 -> 16057550 | BZ25: =IF(BT25-BY25>0,BT25-BY25,0) -> 0 | CA25: =IF(AND(OR($E25="HĐTV",$E25="HĐCTV"),$BZ25<2000000),0,IF(OR($E25="HĐTV",$E25="HĐCTV"),$BZ25*10%,ROUND(IF($BZ25<=10000000,$BZ25*5%,IF($BZ25<=30000000,$BZ25*10%-500000,IF($BZ25<=60000000,$BZ25*20%-3500000,IF($BZ25<=100000000,$BZ25*30%-9500000,$BZ25*35%-14500000)))),0))) -> 0 | CB25: =ROUND(BG25-BQ25-CA25,0) -> 11865840 | CD25: =AV25+AW25 -> 0 | CE25: =CB25+CC25-CD25 -> 11865840 | CF25: =CE25-CG25 -> 0 | CG25: =CE25 -> 11865840 | CI25: huong.pham@medigoapp.com | CJ25: =VLOOKUP(D25,[1]CNT!$C$6:$AP$113,40,0) -> 0 | CK25: 10 | CL25: =VLOOKUP(D25,[1]CNT!C12:AJ75,15,0) -> 0 | CM25: 10 | CN25: 10 | CO25: 2024 | CP25: 0 | CQ25: 17 | CR25: =IF(OR(CP25>12,CP25=12),((CP25-(CS25*12))+((($CQ$8-2024)*12)+($CP$8-4)))+1,0) -> 0 | CS25: 0 | CT25: 1 | CU25: 0 | CV25: 0 | CW25: 0 | CX25: 0 | CY25: =IF(CX25>0,CX25,IF(CW25>0,CW25,6000000)) -> 6000000 | DA25: =CJ25 -> 0 | DB25: Sai thao tác (Sai kênh bán HD1180427): 100.000đ | DE25: =VLOOKUP($D25,'[6]Tong hop'!$B$8:$Q$45,15,0) -> 432003 | DF25: =VLOOKUP($D25,'[2]Med Service'!$D$11:$DI$87,110,0) -> 0 | DG25: =VLOOKUP($D25,'[3]BẢNG LƯƠNG'!$C$3:$AH$102,32,0)
A26: 16 | B26: 7 | C26: Tran Thien Phat | D26: Trần Thiên Phát | E26: =IF(OR(G26="CHT",G26="DSBC"),"HĐLĐ",IF(OR(G26="DSTV",G26="Q.CHT"),"HĐTV","HĐCTV")) -> HĐLĐ | F26: Đỗ Quang Đẩu | G26: DSBC | H26: 21/07/2025 | I26: 0345611564 | J26: Mbbank | K26: 28 | L26: 31 | M26: 16 | N26: 245.44 | O26: 16 | S26: =IF(E26="HĐLĐ",5310000,0) -> 5310000 | T26: =IF(500000/28*L26>500000,500000,500000/28*L26) -> 500000 | AA26: =CY26 -> 6000000 | AE26: =IF(E26="HĐTV",AC26/28/8*M26,AA26/28/8*M26) -> 428571.43 | AF26: =IF(E26="HĐTV",AC26/28/8*N26*1.5,AA26/28/8*N26*1.5) -> 9861428.6 | AG26: 0 | AH26: 0 | AI26: 1500000 | AL26: 0 | AM26: 0 | AN26: 867600 | AO26: 4035 | AP26: 0 | AQ26: 0 | AS26: 0 | AT26: 0 | AU26: 375112 | AY26: 100000 | AZ26: 100000 | BA26: 0 | BB26: 0 | BC26: 0 | BD26: 0 | BE26: 0 | BF26: 0 | BG26: =SUM(T26:Z26)+SUM(AD26:AZ26)-SUM(BA26:BF26) -> 13736747 | BH26: =S26*17.5% -> 929250 | BI26: =S26*3% -> 159300 | BJ26: =S26*1% -> 53100 | BL26: =SUM(BH26:BK26) -> 1141650 | BM26: =S26*8% -> 424800 | BN26: =S26*1.5% -> 79650 | BO26: =S26*1% -> 53100 | BQ26: =SUM(BM26:BP26) -> 557550 | BR26: =AF26 -> 9861428.6 | BS26: =T26+U26+V26+W26 -> 500000 | BT26: =BG26-BS26-BR26 -> 3375318.4 | BU26: =IF(E26="HĐLĐ",15500000,0) -> 15500000 | BW26: =BV26*6200000 -> 0 | BX26: =BQ26 -> 557550 | BY26: =BU26+BW26+BX26 -> 16057550 | BZ26: =IF(BT26-BY26>0,BT26-BY26,0) -> 0 | CA26: =IF(AND(OR($E26="HĐTV",$E26="HĐCTV"),$BZ26<2000000),0,IF(OR($E26="HĐTV",$E26="HĐCTV"),$BZ26*10%,ROUND(IF($BZ26<=10000000,$BZ26*5%,IF($BZ26<=30000000,$BZ26*10%-500000,IF($BZ26<=60000000,$BZ26*20%-3500000,IF($BZ26<=100000000,$BZ26*30%-9500000,$BZ26*35%-14500000)))),0))) -> 0 | CB26: =ROUND(BG26-BQ26-CA26,0) -> 13179197 | CD26: =AV26+AW26 -> 0 | CE26: =CB26+CC26-CD26 -> 13179197 | CF26: =CE26-CG26 -> 0 | CG26: =CE26 -> 13179197 | CI26: phat.tran@medigoapp.com | CJ26: =VLOOKUP(D26,[1]CNT!$C$6:$AP$113,40,0) -> 0 | CK26: 8 | CL26: =VLOOKUP(D26,[1]CNT!C13:AJ76,15,0) -> 0 | CM26: 21 | CN26: 7 | CO26: 2025 | CP26: =IF((($CO$8-CO26)*12)+($CN$8-CN26)>=12,((($CO$8-CO26)*12)+($CN$8-CN26))-1,0) -> 0 | CQ26: =IF(CP26<12,(($CQ$8-CO26)*12)+($CP$8-CN26),0) -> 10 | CR26: =IF(OR(CP26>12,CP26=12),((CP26-(CS26*12))+((($CQ$8-2024)*12)+($CP$8-4)))+1,0) -> 0 | CS26: =IF(OR(CP26>12,CP26=12),ROUNDDOWN(CP26/12,0),0) -> 0 | CT26: =IF(CQ26>11,ROUNDDOWN(CQ26/12,0),0) -> 0 | CU26: =IF(CR26>11,ROUNDDOWN(CR26/12,0),0) -> 0 | CV26: =IF(CP26=0,0,6000000*1.07^CS26) -> 0 | CW26: =IF(CT26<2,0,6000000+(CT26-1)*500000) -> 0 | CX26: =IF(CU26=0,CV26,IF(CU26<1,0,CV26+CU26*500000)) -> 0 | CY26: =IF(CX26>0,CX26,IF(CW26>0,CW26,6000000)) -> 6000000 | DA26: =CJ26 -> 0 | DF26: =VLOOKUP($D26,'[2]Med Service'!$D$11:$DI$87,110,0) -> 0 | DG26: =VLOOKUP($D26,'[3]BẢNG LƯƠNG'!$C$3:$AH$102,32,0)
C27: Hoang Lam Gia Bao | D27: Hoàng Lâm Gia Bảo | E27: =IF(OR(G27="CHT",G27="DSBC"),"HĐLĐ",IF(OR(G27="DSTV",G27="Q.CHT"),"HĐTV","HĐCTV")) -> HĐLĐ | F27: Đỗ Quang Đẩu | G27: DSBC | H27: 27/5/2026 | I27: 067106916868 | J27: Sacombank | K27: 28 | L27: 4 | M27: 44.77 | N27: 0.5 | O27: 16 | S27: =IF(E27="HĐLĐ",5310000,0) -> 5310000 | T27: =500000-T41-T65 -> 17857.143 | AA27: =CY27 -> 6000000 | AB27: =AA27 -> 6000000 | AC27: =IF(E27="HĐTV",AB27*85%,0) -> 0 | AD27: =IF(E27="HĐTV",AC27/K27*L27,AB27/K27*L27) -> 857142.86 | AE27: =IF(E27="HĐTV",AC27/28/8*M27,AA27/28/8*M27) -> 1199196.4 | AF27: =IF(E27="HĐTV",AC27/28/8*N27*1.5,AA27/28/8*N27*1.5) -> 20089.286 | AG27: 0 | AH27: 0 | AI27: 0 | AL27: 0 | AM27: 0 | AN27: 0 | AO27: 0 | AP27: 0 | AQ27: 0 | AS27: 0 | AT27: 0 | AU27: 0 | BA27: 0 | BB27: 0 | BC27: 0 | BD27: 0 | BE27: 0 | BF27: 0 | BG27: =SUM(T27:Z27)+SUM(AD27:AZ27)-SUM(BA27:BF27) -> 2094285.7 | BH27: =S27*17.5% -> 929250 | BI27: =S27*3% -> 159300 | BJ27: =S27*1% -> 53100 | BL27: =SUM(BH27:BK27) -> 1141650 | BM27: =S27*8% -> 424800 | BN27: =S27*1.5% -> 79650 | BO27: =S27*1% -> 53100 | BQ27: =SUM(BM27:BP27) -> 557550 | CK27: 11 | CY27: =IF(CX27>0,CX27,IF(CW27>0,CW27,6000000)) -> 6000000
A28: 9 | B28: 7 | C28: Hoang Thanh Thuy | D28: Hoàng Thanh Thủy | E28: =IF(OR(G28="CHT",G28="DSBC"),"HĐLĐ",IF(OR(G28="DSTV",G28="Q.CHT"),"HĐTV","HĐCTV")) -> HĐLĐ | F28: Đỗ Quang Đẩu | G28: DSBC | H28: 27/10/2025 | I28: 615704060127761 | J28: VIB | K28: 28 | L28: 30 | M28: 262.37 | N28: 1.1 | O28: 16 | S28: =IF(E28="HĐLĐ",5310000,0) -> 5310000 | T28: =IF(500000/28*L28>500000,500000,500000/28*L28) -> 500000 | AA28: =CY28 -> 6000000 | AE28: =IF(E28="HĐTV",AC28/28/8*M28,AA28/28/8*M28) -> 7027767.9 | AF28: =IF(E28="HĐTV",AC28/28/8*N28*1.5,AA28/28/8*N28*1.5) -> 44196.429 | AG28: 0 | AH28: 0 | AI28: 0 | AL28: 0 | AM28: 0 | AN28: 1723400 | AO28: 40230 | AP28: 0 | AQ28: 0 | AS28: 0 | AT28: 0 | AU28: 3697588 | BA28: 0 | BB28: 0 | BC28: 100000 | BD28: 0 | BE28: 0 | BF28: 0 | BG28: =SUM(T28:Z28)+SUM(AD28:AZ28)-SUM(BA28:BF28) -> 12933182 | BH28: =S28*17.5% -> 929250 | BI28: =S28*3% -> 159300 | BJ28: =S28*1% -> 53100 | BL28: =SUM(BH28:BK28) -> 1141650 | BM28: =S28*8% -> 424800 | BN28: =S28*1.5% -> 79650 | BO28: =S28*1% -> 53100 | BQ28: =SUM(BM28:BP28) -> 557550 | BR28: =AF28 -> 44196.429 | BS28: =T28+U28+V28+W28 -> 500000 | BT28: =BG28-BS28-BR28 -> 12388986 | BU28: =IF(E28="HĐLĐ",15500000,0) -> 15500000 | BW28: =BV28*6200000 -> 0 | BX28: =BQ28 -> 557550 | BY28: =BU28+BW28+BX28 -> 16057550 | BZ28: =IF(BT28-BY28>0,BT28-BY28,0) -> 0 | CA28: =IF(AND(OR($E28="HĐTV",$E28="HĐCTV"),$BZ28<2000000),0,IF(OR($E28="HĐTV",$E28="HĐCTV"),$BZ28*10%,ROUND(IF($BZ28<=10000000,$BZ28*5%,IF($BZ28<=30000000,$BZ28*10%-500000,IF($BZ28<=60000000,$BZ28*20%-3500000,IF($BZ28<=100000000,$BZ28*30%-9500000,$BZ28*35%-14500000)))),0))) -> 0 | CB28: =ROUND(BG28-BQ28-CA28,0) -> 12375632 | CD28: =AV28+AW28 -> 0 | CE28: =CB28+CC28-CD28 -> 12375632 | CF28: =CE28-CG28 -> 0 | CG28: =CE28 -> 12375632 | CI28: =VLOOKUP($C28,[5]Sheet1!$C$5:$K$139,9,0) -> thuy.hoang@medigoapp.com | CJ28: =VLOOKUP(D28,[1]CNT!$C$6:$AP$113,40,0) -> Sai kênh bán HD1155007 : 100.000đ | CK28: 3 | CL28: =VLOOKUP(D28,[1]CNT!C7:AJ70,15,0) -> 0 | CM28: 27 | CN28: 10 | CO28: 2025 | CP28: =IF((($CO$8-CO28)*12)+($CN$8-CN28)>=12,((($CO$8-CO28)*12)+($CN$8-CN28))-1,0) -> 0 | CQ28: =IF(CP28<12,(($CQ$8-CO28)*12)+($CP$8-CN28),0) -> 7 | CR28: =IF(OR(CP28>12,CP28=12),((CP28-(CS28*12))+((($CQ$8-2024)*12)+($CP$8-4)))+1,0) -> 0 | CS28: =IF(OR(CP28>12,CP28=12),ROUNDDOWN(CP28/12,0),0) -> 0 | CT28: =IF(CQ28>11,ROUNDDOWN(CQ28/12,0),0) -> 0 | CU28: =IF(CR28>11,ROUNDDOWN(CR28/12,0),0) -> 0 | CV28: =IF(CP28=0,0,6000000*1.07^CS28) -> 0 | CW28: =IF(CT28<2,0,6000000+(CT28-1)*500000) -> 0 | CX28: =IF(CU28=0,CV28,IF(CU28<1,0,CV28+CU28*500000)) -> 0 | CY28: =IF(CX28>0,CX28,IF(CW28>0,CW28,6000000)) -> 6000000 | DA28: =CJ28 -> Sai kênh bán HD1155007 : 100.000đ | DB28: Sai thao tác (Sai kênh bán HD1180947): 100.000đ | DF28: =VLOOKUP($D28,'[2]Med Service'!$D$11:$DI$87,110,0) -> 0 | DG28: =VLOOKUP($D28,'[3]BẢNG LƯƠNG'!$C$3:$AH$102,32,0)
A29: 10 | B29: 7 | C29: Le Thi Huyen Tran | D29: Lê Thị Huyền Trân | E29: =IF(OR(G29="CHT",G29="DSBC"),"HĐLĐ",IF(OR(G29="DSTV",G29="Q.CHT"),"HĐTV","HĐCTV")) -> HĐLĐ | F29: Đỗ Quang Đẩu | G29: DSBC | H29: 45510 | I29: 03130767201 | J29: Tiên Phong Bank | K29: 28 | L29: 30 | M29: 252.16 | N29: 8.08 | O29: 16 | S29: =IF(E29="HĐLĐ",5310000,0) -> 5310000 | T29: =IF(500000/28*L29>500000,500000,500000/28*L29) -> 500000 | AA29: =CY29 -> 6000000 | AE29: =IF(E29="HĐTV",AC29/28/8*M29,AA29/28/8*M29) -> 6754285.7 | AF29: =IF(E29="HĐTV",AC29/28/8*N29*1.5,AA29/28/8*N29*1.5) -> 324642.86 | AG29: 0 | AH29: 0 | AI29: 0 | AL29: 0 | AM29: 0 | AN29: 1139700 | AO29: 37807 | AP29: 160 | AQ29: 0 | AS29: 0 | AT29: 0 | AU29: 2352976 | BA29: 0 | BB29: 0 | BC29: 0 | BD29: 0 | BE29: 0 | BF29: 0 | BG29: =SUM(T29:Z29)+SUM(AD29:AZ29)-SUM(BA29:BF29) -> 11109572 | BH29: =S29*17.5% -> 929250 | BI29: =S29*3% -> 159300 | BJ29: =S29*1% -> 53100 | BL29: =SUM(BH29:BK29) -> 1141650 | BM29: =S29*8% -> 424800 | BN29: =S29*1.5% -> 79650 | BO29: =S29*1% -> 53100 | BQ29: =SUM(BM29:BP29) -> 557550 | BR29: =AF29 -> 324642.86 | BS29: =T29+U29+V29+W29 -> 500000 | BT29: =BG29-BS29-BR29 -> 10284929 | BU29: =IF(E29="HĐLĐ",15500000,0) -> 15500000 | BW29: =BV29*6200000 -> 0 | BX29: =BQ29 -> 557550 | BY29: =BU29+BW29+BX29 -> 16057550 | BZ29: =IF(BT29-BY29>0,BT29-BY29,0) -> 0 | CA29: =IF(AND(OR($E29="HĐTV",$E29="HĐCTV"),$BZ29<2000000),0,IF(OR($E29="HĐTV",$E29="HĐCTV"),$BZ29*10%,ROUND(IF($BZ29<=10000000,$BZ29*5%,IF($BZ29<=30000000,$BZ29*10%-500000,IF($BZ29<=60000000,$BZ29*20%-3500000,IF($BZ29<=100000000,$BZ29*30%-9500000,$BZ29*35%-14500000)))),0))) -> 0 | CB29: =ROUND(BG29-BQ29-CA29,0) -> 10552022 | CD29: =AV29+AW29 -> 0 | CE29: =CB29+CC29-CD29 -> 10552022 | CF29: =CE29-CG29 -> 0 | CG29: =CE29 -> 10552022 | CI29: tran.le@medigoapp.com | CJ29: =VLOOKUP(D29,[1]CNT!$C$6:$AP$113,40,0) -> 0 | CK29: 1 | CL29: =VLOOKUP(D29,[1]CNT!C8:AJ71,15,0) -> 0 | CM29: 6 | CN29: 8 | CO29: 2024 | CP29: =IF((($CO$8-CO29)*12)+($CN$8-CN29)>=12,((($CO$8-CO29)*12)+($CN$8-CN29))-1,0) -> 0 | CQ29: =IF(CP29<12,(($CQ$8-CO29)*12)+($CP$8-CN29),0) -> 21 | CR29: =IF(OR(CP29>12,CP29=12),((CP29-(CS29*12))+((($CQ$8-2024)*12)+($CP$8-4)))+1,0) -> 0 | CS29: =IF(OR(CP29>12,CP29=12),ROUNDDOWN(CP29/12,0),0) -> 0 | CT29: =IF(CQ29>11,ROUNDDOWN(CQ29/12,0),0) -> 1 | CU29: =IF(CR29>11,ROUNDDOWN(CR29/12,0),0) -> 0 | CV29: =IF(CP29=0,0,6000000*1.07^CS29) -> 0 | CW29: =IF(CT29<2,0,6000000+(CT29-1)*500000) -> 0 | CX29: =IF(CU29=0,CV29,IF(CU29<1,0,CV29+CU29*500000)) -> 0 | CY29: =IF(CX29>0,CX29,IF(CW29>0,CW29,6000000)) -> 6000000 | DA29: =CJ29 -> 0 | DE29: =VLOOKUP($D29,'[6]Tong hop'!$B$8:$Q$45,15,0) -> 79114 | DF29: =VLOOKUP($D29,'[2]Med Service'!$D$11:$DI$87,110,0) -> 0 | DG29: =VLOOKUP($D29,'[3]BẢNG LƯƠNG'!$C$3:$AH$102,32,0)
G30: =SUM(G23:G92) -> 0 | I30: =SUM(I23:I92) -> 0 | J30: =SUM(J23:J92) -> 0 | L30: =SUM(L23:L29) -> 151 | M30: =SUM(M23:M29) -> 801.82 | N30: =SUM(N23:N29) -> 485.38 | O30: =SUM(O23:O29) -> 72 | P30: =SUM(P23:P29) -> 0 | Q30: =SUM(Q23:Q29) -> 0 | R30: =SUM(R23:R29) -> 0 | S30: =SUM(S23:S29) -> 31860000 | U30: =SUM(U23:U29) -> 0 | V30: =SUM(V23:V29) -> 0 | W30: =SUM(W23:W29) -> 0 | X30: =SUM(X23:X29) -> 0 | Y30: =SUM(Y23:Y29) -> 0 | Z30: =SUM(Z23:Z29) -> 0 | AA30: =SUM(AA23:AA29) -> 42000000 | AB30: =SUM(AB23:AB29) -> 12000000 | ... DC30: =SUM(DC23:DC29) -> 0 | DF30: =VLOOKUP($D30,'[2]Med Service'!$D$11:$DI$87,110,0) -> 0
A31: x | B31: 7 | C31: Thai Thuy Linh | D31: Thái Thùy Linh | E31: =IF(OR(G31="CHT",G31="DSBC"),"HĐLĐ",IF(OR(G31="DSTV",G31="Q.CHT"),"HĐTV","HĐCTV")) -> HĐLĐ | F31: Minh Châu | G31: CHT | H31: 44644 | I31: 070077077837 | J31: Sacombank | K31: 28 | L31: 27 | M31: 202.49 | N31: 49.04 | O31: 0 | S31: =IF(E31="HĐLĐ",5310000,0) -> 5310000 | T31: =IF(500000/28*L31>500000,500000,500000/28*L31) -> 482142.86 | AA31: =CY31 -> 7869400 | AE31: =IF(E31="HĐTV",AC31/28/8*M31,AA31/28/8*M31) -> 7113726.8 | AF31: =IF(E31="HĐTV",AC31/28/8*N31*1.5,AA31/28/8*N31*1.5) -> 2584254.8 | AG31: 1,500,000 | AH31: 0 | AI31: 0 | AL31: 0 | AM31: 0 | AN31: 1446150 | AO31: 107427 | AP31: 0 | AQ31: 500000 | AS31: 0 | AT31: 300000 | AU31: 0 | AZ31: 2017813 | BA31: 0 | BB31: 0 | BC31: 0 | BD31: 0 | BE31: 0 | BF31: 0 | BG31: =SUM(T31:Z31)+SUM(AD31:AZ31)-SUM(BA31:BF31) -> 14551514 | BH31: =S31*17.5% -> 929250 | BI31: =S31*3% -> 159300 | BJ31: =S31*1% -> 53100 | BL31: =SUM(BH31:BK31) -> 1141650 | BM31: =S31*8% -> 424800 | BN31: =S31*1.5% -> 79650 | BO31: =S31*1% -> 53100 | BQ31: =SUM(BM31:BP31) -> 557550 | BR31: =AF31 -> 2584254.8 | BS31: =T31+U31+V31+W31 -> 482142.86 | BT31: =BG31-BS31-BR31 -> 11485117 | BU31: =IF(E31="HĐLĐ",15500000,0) -> 15500000 | BW31: =BV31*6200000 -> 0 | BX31: =BQ31 -> 557550 | BY31: =BU31+BW31+BX31 -> 16057550 | BZ31: =IF(BT31-BY31>0,BT31-BY31,0) -> 0 | CA31: =IF(AND(OR(E31="HĐTV",E31="HĐCTV"),BZ31<2000000),0,IF(OR(E31="HĐTV",E31="HĐCTV"),BZ31*10%,ROUND(+IF(AND(BZ31>=0,BZ31<=5000000),BZ31*0.05,IF(AND(BZ31>5000000,BZ31<=10000000),BZ31*0.1-250000,IF(AND(BZ31>10000000,BZ31<=18000000),BZ31*0.15-750000,IF(AND(BZ31>18000000,BZ31<=32000000),BZ31*0.2-1650000,IF(AND(BZ31>32000000,BZ31<=52000000),BZ31*0.25-3250000,IF(AND(BZ31>52000000,BZ31<=80000000),BZ31*0.3-5850000,BZ31*0.35-9850000)))))),0))) -> 0 | CB31: =ROUND(BG31-BQ31-CA31,0) -> 13993964 | CE31: =CB31+CC31-CD31 -> 13993964 | CF31: =CE31-CG31 -> 0 | CG31: =CE31 -> 13993964 | CI31: linh.thai@medigoapp.com | CJ31: =CG31-CH31 -> 13993964 | CK31: 12 | CL31: =VLOOKUP(D31,[1]CNT!C9:AJ72,15,0) -> 0 | CM31: 24 | CN31: 3 | CO31: 2022 | CP31: =IF((($CO$8-CO31)*12)+($CN$8-CN31)>=12,((($CO$8-CO31)*12)+($CN$8-CN31))-1,0) -> 24 | CQ31: =IF(CP31<12,(($CQ$8-CO31)*12)+($CP$8-CN31),0) -> 0 | CR31: =IF(OR(CP31>12,CP31=12),((CP31-(CS31*12))+((($CQ$8-2024)*12)+($CP$8-4)))+1,0) -> 26 | CS31: =IF(OR(CP31>12,CP31=12),ROUNDDOWN(CP31/12,0),0) -> 2 | CT31: =IF(CQ31>11,ROUNDDOWN(CQ31/12,0),0) -> 0 | CU31: =IF(CR31>11,ROUNDDOWN(CR31/12,0),0) -> 2 | CV31: =IF(CP31=0,0,6000000*1.07^CS31) -> 6869400 | CW31: =IF(CT31<2,0,6000000+(CT31-1)*500000) -> 0 | CX31: =IF(CU31=0,CV31,IF(CU31<1,0,CV31+CU31*500000)) -> 7869400 | CY31: =IF(CX31>0,CX31,IF(CW31>0,CW31,6000000)) -> 7869400 | DA31: =CJ31 -> 13993964 | DE31: =VLOOKUP($D31,'[6]Tong hop'!$B$8:$Q$45,15,0) -> 0 | DF31: =VLOOKUP($D31,'[2]Med Service'!$D$11:$DI$87,110,0) -> 3028734 | DG31: =VLOOKUP($D31,'[3]BẢNG LƯƠNG'!$C$3:$AH$102,32,0) -> Lệch doanh thu HD.BY98NJKV: 60.000đ
A32: 24 | B32: 7 | C32: Trinh Thi Phuong | D32: Trịnh Thị Phượng | E32: =IF(OR(G32="CHT",G32="DSBC"),"HĐLĐ",IF(OR(G32="DSTV",G32="Q.CHT"),"HĐTV","HĐCTV")) -> HĐLĐ | F32: Minh Châu | G32: DSBC | H32: 45096 | I32: 10200014211025 | J32: Đông Nam Á (Seabank) | K32: 28 | L32: 6 | M32: 0 | N32: 46.45 | O32: 0 | S32: =IF(E32="HĐLĐ",5310000,0) -> 5310000 | T32: =IF(500000/28*L32>500000,500000,500000/28*L32) -> 107142.86 | AA32: =CY32 -> 6500000 | AE32: =IF(E32="HĐTV",AC32/28/8*M32,AA32/28/8*M32) -> 0 | AF32: =IF(E32="HĐTV",AC32/28/8*N32*1.5,AA32/28/8*N32*1.5) -> 2021819.2 | AG32: 0 | AH32: 0 | AI32: 321439 | AL32: 0 | AM32: 1301447 | AN32: 0 | AO32: 11205 | AP32: 0 | AQ32: 0 | AS32: 0 | AT32: 0 | AU32: 0 | BA32: 0 | BB32: 0 | BC32: 0 | BD32: 0 | BE32: 0 | BF32: 0 | BG32: =SUM(T32:Z32)+SUM(AD32:AZ32)-SUM(BA32:BF32) -> 3763053.1 | BH32: =S32*17.5% -> 929250 | BI32: =S32*3% -> 159300 | BJ32: =S32*1% -> 53100 | BL32: =SUM(BH32:BK32) -> 1141650 | BM32: =S32*8% -> 424800 | BN32: =S32*1.5% -> 79650 | BO32: =S32*1% -> 53100 | BQ32: =SUM(BM32:BP32) -> 557550 | BR32: =AF32 -> 2021819.2 | BS32: =T32+U32+V32+W32 -> 107142.86 | BT32: =BG32-BS32-BR32 -> 1634091 | BU32: =IF(E32="HĐLĐ",15500000,0) -> 15500000 | BV32: 1 | BW32: =BV32*6200000 -> 6200000 | BX32: =BQ32 -> 557550 | BY32: =BU32+BW32+BX32 -> 22257550 | BZ32: =IF(BT32-BY32>0,BT32-BY32,0) -> 0 | CA32: =IF(AND(OR(E32="HĐTV",E32="HĐCTV"),BZ32<2000000),0,IF(OR(E32="HĐTV",E32="HĐCTV"),BZ32*10%,ROUND(+IF(AND(BZ32>=0,BZ32<=5000000),BZ32*0.05,IF(AND(BZ32>5000000,BZ32<=10000000),BZ32*0.1-250000,IF(AND(BZ32>10000000,BZ32<=18000000),BZ32*0.15-750000,IF(AND(BZ32>18000000,BZ32<=32000000),BZ32*0.2-1650000,IF(AND(BZ32>32000000,BZ32<=52000000),BZ32*0.25-3250000,IF(AND(BZ32>52000000,BZ32<=80000000),BZ32*0.3-5850000,BZ32*0.35-9850000)))))),0))) -> 0 | CB32: =ROUND(BG32-BQ32-CA32,0) -> 3205503 | CD32: =AV32+AW32 -> 0 | CE32: =CB32+CC32-CD32 -> 3205503 | CF32: =CE32-CG32 -> 0 | CG32: =CE32 -> 3205503 | CI32: phuong.trinh@medigoapp.com | CJ32: =VLOOKUP(D32,[1]CNT!$C$6:$AP$113,40,0) -> 0 | CK32: 4 | CL32: =VLOOKUP(D32,[1]CNT!C10:AJ73,15,0) -> 0 | CM32: 19 | CN32: 6 | CO32: 2023 | CP32: =IF((($CO$8-CO32)*12)+($CN$8-CN32)>=12,((($CO$8-CO32)*12)+($CN$8-CN32))-1,0) -> 0 | CQ32: =IF(CP32<12,(($CQ$8-CO32)*12)+($CP$8-CN32),0) -> 35 | CR32: =IF(OR(CP32>12,CP32=12),((CP32-(CS32*12))+((($CQ$8-2024)*12)+($CP$8-4)))+1,0) -> 0 | CS32: =IF(OR(CP32>12,CP32=12),ROUNDDOWN(CP32/12,0),0) -> 0 | CT32: =IF(CQ32>11,ROUNDDOWN(CQ32/12,0),0) -> 2 | CU32: =IF(CR32>11,ROUNDDOWN(CR32/12,0),0) -> 0 | CV32: =IF(CP32=0,0,6000000*1.07^CS32) -> 0 | CW32: =IF(CT32<2,0,6000000+(CT32-1)*500000) -> 6500000 | CX32: =IF(CU32=0,CV32,IF(CU32<1,0,CV32+CU32*500000)) -> 0 | CY32: =IF(CX32>0,CX32,IF(CW32>0,CW32,6000000)) -> 6500000 | DA32: =CJ32 -> 0 | DF32: =VLOOKUP($D32,'[2]Med Service'!$D$11:$DI$87,110,0) -> 0 | DG32: =VLOOKUP($D32,'[3]BẢNG LƯƠNG'!$C$3:$AH$102,32,0)
A33: x | B33: 7 | C33: Phan Cong Vu Tai | D33: Phan Công Vũ Tài | E33: =IF(OR(G33="CHT",G33="DSBC"),"HĐLĐ",IF(OR(G33="DSTV",G33="Q.CHT"),"HĐTV","HĐCTV")) -> HĐLĐ | F33: Minh Châu | G33: DSBC | H33: 26/01/2026 | I33: 02446989901 | J33: Tp Bank | K33: 28 | L33: 28 | M33: 69.75 | N33: 185.25 | O33: 16 | S33: =IF(E33="HĐLĐ",5310000,0) -> 5310000 | T33: =IF(500000/28*L33>500000,500000,500000/28*L33) -> 500000 | AA33: =CY33 -> 6000000 | AE33: =IF(E33="HĐTV",AC33/28/8*M33,AA33/28/8*M33) -> 1868303.6 | AF33: =IF(E33="HĐTV",AC33/28/8*N33*1.5,AA33/28/8*N33*1.5) -> 7443080.4 | AG33: 0 | AH33: 0 | AI33: 1285714 | AL33: 4000000 | AM33: 2145059 | AN33: 4854450 | AO33: 15362 | AP33: 0 | AQ33: 0 | AS33: 0 | AT33: 0 | AU33: 0 | BA33: 0 | BB33: 0 | BC33: 100000 | BD33: 0 | BE33: 90000 | BF33: 0 | BG33: =SUM(T33:Z33)+SUM(AD33:AZ33)-SUM(BA33:BF33) -> 21921969 | BH33: =S33*17.5% -> 929250 | BI33: =S33*3% -> 159300 | BJ33: =S33*1% -> 53100 | BL33: =SUM(BH33:BK33) -> 1141650 | BM33: =S33*8% -> 424800 | BN33: =S33*1.5% -> 79650 | BO33: =S33*1% -> 53100 | BQ33: =SUM(BM33:BP33) -> 557550 | BR33: =AF33 -> 7443080.4 | BS33: =T33+U33+V33+W33 -> 500000 | BT33: =BG33-BS33-BR33 -> 13978889 | BU33: =15500000-BU51 -> 11285087 | BW33: =BV33*6200000 -> 0 | BX33: =BQ33 -> 557550 | BY33: =BU33+BW33+BX33 -> 11842637 | BZ33: =IF(BT33-BY33>0,BT33-BY33,0) -> 2136251.5 | CA33: =IF(AND(OR($E33="HĐTV",$E33="HĐCTV"),$BZ33<2000000),0,IF(OR($E33="HĐTV",$E33="HĐCTV"),$BZ33*10%,ROUND(IF($BZ33<=10000000,$BZ33*5%,IF($BZ33<=30000000,$BZ33*10%-500000,IF($BZ33<=60000000,$BZ33*20%-3500000,IF($BZ33<=100000000,$BZ33*30%-9500000,$BZ33*35%-14500000)))),0))) -> 106813 | CB33: =ROUND(BG33-BQ33-CA33,0) -> 21257606 | CD33: 6000000 | CE33: =CB33+CC33-CD33 -> 15257606 | CF33: =CE33-CG33 -> 0 | CG33: =CE33 -> 15257606 | CI33: =VLOOKUP($C33,[5]Sheet1!$C$5:$K$139,9,0) -> tai.phan@medigoapp.com | CJ33: =CG33-CH33 -> 15257606 | CK33: 4 | CL33: =VLOOKUP(D33,[1]CNT!C8:AJ71,15,0) -> 0 | CM33: 26 | CN33: 1 | CO33: 2026 | CP33: =IF((($CO$8-CO33)*12)+($CN$8-CN33)>=12,((($CO$8-CO33)*12)+($CN$8-CN33))-1,0) -> 0 | CQ33: =IF(CP33<12,(($CQ$8-CO33)*12)+($CP$8-CN33),0) -> 4 | CR33: =IF(OR(CP33>12,CP33=12),((CP33-(CS33*12))+((($CQ$8-2024)*12)+($CP$8-4)))+1,0) -> 0 | CS33: =IF(OR(CP33>12,CP33=12),ROUNDDOWN(CP33/12,0),0) -> 0 | CT33: =IF(CQ33>11,ROUNDDOWN(CQ33/12,0),0) -> 0 | CU33: =IF(CR33>11,ROUNDDOWN(CR33/12,0),0) -> 0 | CV33: =IF(CP33=0,0,6000000*1.07^CS33) -> 0 | CW33: =IF(CT33<2,0,6000000+(CT33-1)*500000) -> 0 | CX33: =IF(CU33=0,CV33,IF(CU33<1,0,CV33+CU33*500000)) -> 0 | CY33: 6000000 | DA33: =CJ33 -> 15257606 | DB33: Sai thao tác - xuất nhầm 2 HD chéo với nhau (HD1194853): 100.000đ Đối soát HD1133288 | DF33: =VLOOKUP($D33,'[2]Med Service'!$D$11:$DI$87,110,0) -> 0 | DG33: =VLOOKUP($D33,'[3]BẢNG LƯƠNG'!$C$3:$AH$102,32,0)
D34: Đoàn Quốc Tâm | E34: =IF(OR(G34="CHT",G34="DSBC"),"HĐLĐ",IF(OR(G34="DSTV",G34="Q.CHT"),"HĐTV","HĐCTV")) -> HĐLĐ | F34: Minh Châu | G34: DSBC | H34: 25/3/2024 | I34: 23241857 | J34: ACB | K34: 28 | L34: 30 | M34: 283.54 | N34: 55.74 | O34: 16 | S34: =IF(E34="HĐLĐ",5310000,0) -> 5310000 | T34: =IF(500000/28*L34>500000,500000,500000/28*L34) -> 500000 | AA34: 6500000 | AB34: =AA34 -> 6500000 | AC34: =IF(E34="HĐTV",AB34*85%,0) -> 0 | AD34: =IF(E34="HĐTV",AC34/K34*L34,AB34/K34*L34) -> 6964285.7 | AE34: =IF(E34="HĐTV",AC34/28/8*M34,AA34/28/8*M34) -> 8227723.2 | AF34: =IF(E34="HĐTV",AC34/28/8*N34*1.5,AA34/28/8*N34*1.5) -> 2426183 | AG34: 0 | AH34: 0 | AL34: 1000000 | AM34: 0 | AN34: 3048900 | AO34: 68625 | AP34: 0 | AQ34: 0 | AS34: 0 | AT34: 0 | AU34: 0 | BA34: 0 | BB34: 0 | BC34: 0 | BD34: 0 | BE34: 0 | BF34: 0 | BG34: =SUM(T34:Z34)+SUM(AD34:AZ34)-SUM(BA34:BF34) -> 22235717 | BH34: =S34*17.5% -> 929250 | BI34: =S34*3% -> 159300 | BJ34: =S34*1% -> 53100 | BL34: =SUM(BH34:BK34) -> 1141650 | BM34: =S34*8% -> 424800 | BN34: =S34*1.5% -> 79650 | BO34: =S34*1% -> 53100 | BQ34: =SUM(BM34:BP34) -> 557550 | CE34: =CB34+CC34-CD34 -> 0 | CY34: =IF(CX34>0,CX34,IF(CW34>0,CW34,6000000)) -> 6000000
A35: 20 | B35: 7 | C35: Nguyen Ngoc Thuy | D35: Nguyễn Ngọc Thùy | E35: =IF(OR(G35="CHT",G35="DSBC"),"HĐLĐ",IF(OR(G35="DSTV",G35="Q.CHT"),"HĐTV","HĐCTV")) -> HĐTV | F35: Minh Châu | G35: DSTV | H35: 14/07/2026 | I35: 0798366668888 | J35: MB Bank | K35: 28 | L35: 28 | M35: 206.43 | N35: 32.22 | O35: 0 | S35: =IF(E35="HĐLĐ",5310000,0) -> 0 | T35: =IF(500000/28*L35>500000,500000,500000/28*L35) -> 500000 | AA35: 6000000 | AB35: =AA35 -> 6000000 | AC35: 6000000 | AD35: =IF(E35="HĐTV",AC35/K35*L35,AB35/K35*L35) -> 6000000 | AE35: =IF(E35="HĐTV",AC35/28/8*M35,AA35/28/8*M35) -> 5529375 | AF35: =IF(E35="HĐTV",AC35/28/8*N35*1.5,AA35/28/8*N35*1.5) -> 1294553.6 | AG35: 0 | AH35: 0 | AL35: 1000000 | AM35: 0 | AN35: 380880 | AO35: 0 | AP35: 0 | AQ35: 0 | AS35: 0 | AT35: 0 | AU35: 0 | BA35: 0 | BB35: 0 | BC35: 0 | BD35: 0 | BE35: 0 | BF35: 500000 | BG35: =SUM(T35:Z35)+SUM(AD35:AZ35)-SUM(BA35:BF35) -> 14204809 | BH35: =S35*17.5% -> 0 | BI35: =S35*3% -> 0 | BJ35: =S35*1% -> 0 | BL35: =SUM(BH35:BK35) -> 0 | BM35: =S35*8% -> 0 | BN35: =S35*1.5% -> 0 | BO35: =S35*1% -> 0 | BQ35: =SUM(BM35:BP35) -> 0 | BR35: =AF35 -> 1294553.6 | BS35: =T35+U35+V35+W35 -> 500000 | BT35: =BG35-BS35-BR35 -> 12410255 | BU35: =IF(E35="HĐLĐ",15500000,0) -> 0 | BX35: =BQ35 -> 0 | BY35: =BU35+BW35+BX35 -> 0 | BZ35: =IF(BT35-BY35>0,BT35-BY35,0) -> 12410255 | CA35: =IF(AND(OR($E35="HĐTV",$E35="HĐCTV"),$BZ35<2000000),0,IF(OR($E35="HĐTV",$E35="HĐCTV"),$BZ35*10%,ROUND(IF($BZ35<=10000000,$BZ35*5%,IF($BZ35<=30000000,$BZ35*10%-500000,IF($BZ35<=60000000,$BZ35*20%-3500000,IF($BZ35<=100000000,$BZ35*30%-9500000,$BZ35*35%-14500000)))),0))) -> 1241025.5 | CB35: =ROUND(BG35-BQ35-CA35,0) -> 12963783 | CE35: =CB35+CC35-CD35 -> 12963783 | CF35: =CE35-CG35 -> 0 | CG35: =CE35 -> 12963783 | CI35: thuy.nguyen@medigoapp.com | CK35: 2 | CY35: =IF(CX35>0,CX35,IF(CW35>0,CW35,6000000)) -> 6000000 | DB35: Khấu hao đồng phục
J36: =SUM(J31:J92) -> 0 | L36: =SUM(L31:L35) -> 119 | M36: =SUM(M31:M35) -> 762.21 | N36: =SUM(N31:N35) -> 368.7 | O36: =SUM(O31:O35) -> 32 | P36: =SUM(P31:P35) -> 0 | Q36: =SUM(Q31:Q35) -> 0 | R36: =SUM(R31:R35) -> 0 | S36: =SUM(S31:S35) -> 21240000 | U36: =SUM(U31:U35) -> 0 | V36: =SUM(V31:V35) -> 0 | W36: =SUM(W31:W35) -> 0 | X36: =SUM(X31:X35) -> 0 | Y36: =SUM(Y31:Y35) -> 0 | Z36: =SUM(Z31:Z35) -> 0 | AA36: =SUM(AA31:AA35) -> 32869400 | AB36: =SUM(AB31:AB35) -> 12500000 | ... AI36: =SUM(AI31:AI35) -> 1607153 | AL36: =SUM(AL31:AL35) -> 6000000 | AM36: =SUM(AM31:AM35) -> 3446506 | AN36: =SUM(AN31:AN35) -> 9730380 | AO36: =SUM(AO31:AO35) -> 202619 | AP36: =SUM(AP31:AP35) -> 0 | AQ36: =SUM(AQ31:AQ35) -> 500000 | AR36: =SUM(AR31:AR35) -> 0 | AS36: =SUM(AS31:AS35) -> 0 | ... DC36: =SUM(DC31:DC35) -> 0 | DF36: =VLOOKUP($D36,'[2]Med Service'!$D$11:$DI$87,110,0) -> 0
A37: 27 | B37: 7 | C37: Ho Thi Minh Hoa | D37: Hồ Thị Minh Hòa | E37: =IF(OR(G37="CHT",G37="DSBC"),"HĐLĐ",IF(OR(G37="DSTV",G37="Q.CHT"),"HĐTV","HĐCTV")) -> HĐLĐ | F37: Lê Bình | G37: CHT | H37: 45352 | I37: 0051000542226 | J37: Vietcombank | K37: 28 | L37: 28 | M37: 272.06 | N37: 6.88 | O37: 0 | S37: =IF(E37="HĐLĐ",5310000,0) -> 5310000 | T37: =IF(500000/28*L37>500000,500000,500000/28*L37) -> 500000 | AA37: =CY37 -> 6500000 | AE37: =IF(E37="HĐTV",AC37/28/8*M37,AA37/28/8*M37) -> 7894598.2 | AF37: =IF(E37="HĐTV",AC37/28/8*N37*1.5,AA37/28/8*N37*1.5) -> 299464.29 | AG37: 1500000 | AH37: 0 | AI37: 0 | AL37: 0 | AM37: 0 | AN37: 1265850 | AO37: 0 | AP37: 60 | AQ37: 0 | AS37: 45000 | AT37: 300000 | AU37: 0 | BA37: 0 | BB37: 0 | BC37: 0 | BD37: 0 | BE37: 0 | BF37: 0 | BG37: =SUM(T37:Z37)+SUM(AD37:AZ37)-SUM(BA37:BF37) -> 11804972 | BH37: =S37*17.5% -> 929250 | BI37: =S37*3% -> 159300 | BJ37: =S37*1% -> 53100 | BL37: =SUM(BH37:BK37) -> 1141650 | BM37: =S37*8% -> 424800 | BN37: =S37*1.5% -> 79650 | BO37: =S37*1% -> 53100 | BQ37: =SUM(BM37:BP37) -> 557550 | BR37: =AF37 -> 299464.29 | BS37: =T37+U37+V37+W37 -> 500000 | BT37: =BG37-BS37-BR37 -> 11005508 | BU37: =15500000-BU15 -> 14580424 | BW37: =BV37*6200000 -> 0 | BX37: =BQ37 -> 557550 | BY37: =BU37+BW37+BX37 -> 15137974 | BZ37: =IF(BT37-BY37>0,BT37-BY37,0) -> 0 | CA37: =IF(AND(OR($E37="HĐTV",$E37="HĐCTV"),$BZ37<2000000),0,IF(OR($E37="HĐTV",$E37="HĐCTV"),$BZ37*10%,ROUND(IF($BZ37<=10000000,$BZ37*5%,IF($BZ37<=30000000,$BZ37*10%-500000,IF($BZ37<=60000000,$BZ37*20%-3500000,IF($BZ37<=100000000,$BZ37*30%-9500000,$BZ37*35%-14500000)))),0))) -> 0 | CB37: =ROUND(BG37-BQ37-CA37,0) -> 11247423 | CD37: =AV37+AW37 -> 0 | CE37: =CB37+CC37-CD37 -> 11247423 | CF37: =CE37-CG37 -> 0 | CG37: =CE37 -> 11247423 | CI37: hoa.ho@medigoapp.com | CJ37: =VLOOKUP(D37,[1]CNT!$C$6:$AP$113,40,0) -> 0 | CK37: 11 | CL37: =VLOOKUP(D37,[1]CNT!C36:AJ99,15,0) -> 0 | CM37: 1 | CN37: 3 | CO37: 2024 | CP37: =IF((($CO$8-CO37)*12)+($CN$8-CN37)>=12,((($CO$8-CO37)*12)+($CN$8-CN37))-1,0) -> 0 | CQ37: =IF(CP37<12,(($CQ$8-CO37)*12)+($CP$8-CN37),0) -> 26 | CR37: =IF(OR(CP37>12,CP37=12),((CP37-(CS37*12))+((($CQ$8-2024)*12)+($CP$8-4)))+1,0) -> 0 | CS37: =IF(OR(CP37>12,CP37=12),ROUNDDOWN(CP37/12,0),0) -> 0 | CT37: =IF(CQ37>11,ROUNDDOWN(CQ37/12,0),0) -> 2 | CU37: =IF(CR37>11,ROUNDDOWN(CR37/12,0),0) -> 0 | CV37: =IF(CP37=0,0,6000000*1.07^CS37) -> 0 | CW37: =IF(CT37<2,0,6000000+(CT37-1)*500000) -> 6500000 | CX37: =IF(CU37=0,CV37,IF(CU37<1,0,CV37+CU37*500000)) -> 0 | CY37: =IF(CX37>0,CX37,IF(CW37>0,CW37,6000000)) -> 6500000 | DF37: =VLOOKUP($D37,'[2]Med Service'!$D$11:$DI$87,110,0) -> 1035547 | DG37: =VLOOKUP($D37,'[3]BẢNG LƯƠNG'!$C$3:$AH$102,32,0)
C38: Nguyen Tran Ngoc Phuong | D38: Nguyễn Trần Ngọc Phương | E38: =IF(OR(G38="CHT",G38="DSBC"),"HĐLĐ",IF(OR(G38="DSTV",G38="Q.CHT"),"HĐTV","HĐCTV")) -> HĐTV | F38: Lê Bình | G38: Q.CHT | H38: 46196 | I38: 0721000550950 | J38: Vietcombank | K38: 26 | L38: 1 | M38: 10 | N38: 0 | O38: 0 | S38: =IF(E38="HĐLĐ",5310000,0) -> 0 | T38: =IF(500000/28*L38>500000,500000,500000/28*L38) -> 17857.143 | AA38: =CY38 -> 6000000 | AB38: =AA38 -> 6000000 | AC38: 6000000 | AD38: =IF(E38="HĐTV",AC38/K38*L38,AB38/K38*L38) -> 230769.23 | AE38: =IF(E38="HĐTV",AC38/28/8*M38,AA38/28/8*M38) -> 267857.14 | AF38: =IF(E38="HĐTV",AC38/28/8*N38*1.5,AA38/28/8*N38*1.5) -> 0 | AG38: 0 | AH38: 0 | AI38: 0 | AL38: 0 | AM38: 0 | AN38: 0 | AO38: 6601 | AP38: 0 | AQ38: 0 | AS38: 0 | AT38: 0 | AU38: 0 | BA38: 0 | BB38: 0 | BC38: 0 | BD38: 0 | BE38: 0 | BF38: 0 | BG38: =SUM(T38:Z38)+SUM(AD38:AZ38)-SUM(BA38:BF38) -> 523084.52 | BH38: =S38*17.5% -> 0 | BI38: =S38*3% -> 0 | BJ38: =S38*1% -> 0 | BL38: =SUM(BH38:BK38) -> 0 | BM38: =S38*8% -> 0 | BN38: =S38*1.5% -> 0 | BO38: =S38*1% -> 0 | BQ38: =SUM(BM38:BP38) -> 0 | CE38: =CB38+CC38-CD38 -> 0 | CK38: 4 | CY38: =IF(CX38>0,CX38,IF(CW38>0,CW38,6000000)) -> 6000000
A39: 28 | B39: 7 | C39: Le Thi Xuyen | D39: Lê Thị Xuyến | E39: =IF(OR(G39="CHT",G39="DSBC"),"HĐLĐ",IF(OR(G39="DSTV",G39="Q.CHT"),"HĐTV","HĐCTV")) -> HĐTV | F39: Lê Bình | G39: DSTV | H39: 17/07/2026 | I39: 7755599939 | J39: Techcombank | K39: 28 | L39: 30 | M39: 32.39 | N39: 243.48 | O39: 16 | S39: =IF(E39="HĐLĐ",5310000,0) -> 0 | T39: =IF(500000/28*L39>500000,500000,500000/28*L39) -> 500000 | AA39: 6000000 | AB39: =AA39 -> 6000000 | AC39: 6000000 | AD39: =IF(E39="HĐTV",AC39/K39*L39,AB39/K39*L39) -> 6428571.4 | AE39: =IF(E39="HĐTV",AC39/28/8*M39,AA39/28/8*M39) -> 867589.29 | AF39: =IF(E39="HĐTV",AC39/28/8*N39*1.5,AA39/28/8*N39*1.5) -> 9782678.6 | AG39: 0 | AH39: 0 | AI39: 1500000 | AL39: 1400000 | AM39: 0 | AN39: 846900 | AO39: 955 | AP39: 0 | AQ39: 0 | AS39: 0 | AT39: 0 | AU39: 0 | BA39: 0 | BB39: 0 | BC39: 0 | BD39: 0 | BE39: 0 | BF39: 500000 | BG39: =SUM(T39:Z39)+SUM(AD39:AZ39)-SUM(BA39:BF39) -> 20826694 | BH39: =S39*17.5% -> 0 | BI39: =S39*3% -> 0 | BJ39: =S39*1% -> 0 | BL39: =SUM(BH39:BK39) -> 0 | BM39: =S39*8% -> 0 | BN39: =S39*1.5% -> 0 | BO39: =S39*1% -> 0 | BQ39: =SUM(BM39:BP39) -> 0 | BR39: =AF39 -> 9782678.6 | BS39: =T39+U39+V39+W39 -> 500000 | BT39: =BG39-BS39-BR39 -> 10544016 | BU39: =IF(E39="HĐLĐ",15500000,0) -> 0 | BX39: =BQ39 -> 0 | BY39: =BU39+BW39+BX39 -> 0 | BZ39: =IF(BT39-BY39>0,BT39-BY39,0) -> 10544016 | CA39: =IF(AND(OR($E39="HĐTV",$E39="HĐCTV"),$BZ39<2000000),0,IF(OR($E39="HĐTV",$E39="HĐCTV"),$BZ39*10%,ROUND(IF($BZ39<=10000000,$BZ39*5%,IF($BZ39<=30000000,$BZ39*10%-500000,IF($BZ39<=60000000,$BZ39*20%-3500000,IF($BZ39<=100000000,$BZ39*30%-9500000,$BZ39*35%-14500000)))),0))) -> 1054401.6 | CB39: =ROUND(BG39-BQ39-CA39,0) -> 19772293 | CE39: =CB39+CC39-CD39 -> 19772293 | CF39: =CE39-CG39 -> 0 | CG39: =CE39 -> 19772293 | CI39: xuyen.le@medigoapp.com | CK39: 5 | CY39: =IF(CX39>0,CX39,IF(CW39>0,CW39,6000000)) -> 6000000 | DB39: Khấu hao đồng phục
A40: x | B40: 7 | C40: Dinh Hoai Bao | D40: Đinh Hoài Bảo | E40: =IF(OR(G40="CHT",G40="DSBC"),"HĐLĐ",IF(OR(G40="DSTV",G40="Q.CHT"),"HĐTV","HĐCTV")) -> HĐTV | F40: Lê Bình | G40: DSTV | H40: 03/07/2026 | I40: 5620709358 | J40: BIDV | K40: 28 | L40: 27 | M40: 4.17 | N40: 217.89 | O40: 0 | S40: =IF(E40="HĐLĐ",5310000,0) -> 0 | T40: =IF(500000/28*L40>500000,500000,500000/28*L40) -> 482142.86 | AA40: 6000000 | AB40: =AA40 -> 6000000 | AC40: 6000000 | AD40: =IF(E40="HĐTV",AC40/K40*L40,AB40/K40*L40) -> 5785714.3 | AE40: =IF(E40="HĐTV",AC40/28/8*M40,AA40/28/8*M40) -> 111696.43 | AF40: =IF(E40="HĐTV",AC40/28/8*N40*1.5,AA40/28/8*N40*1.5) -> 8754508.9 | AG40: 0 | AH40: 0 | AI40: 1446429 | AL40: 2000000 | AM40: 0 | AN40: 1106640 | AO40: 0 | AP40: 20 | AQ40: 0 | AS40: 0 | AT40: 0 | AU40: 0 | AZ40: 0 | BA40: 0 | BB40: 0 | BC40: 100000 | BD40: 0 | BE40: 0 | BF40: 0 | BG40: =SUM(T40:Z40)+SUM(AD40:AZ40)-SUM(BA40:BF40) -> 19587152 | BH40: =S40*17.5% -> 0 | BI40: =S40*3% -> 0 | BJ40: =S40*1% -> 0 | BL40: =SUM(BH40:BK40) -> 0 | BM40: =S40*8% -> 0 | BN40: =S40*1.5% -> 0 | BO40: =S40*1% -> 0 | BQ40: =SUM(BM40:BP40) -> 0 | BR40: =AF40 -> 8754508.9 | BS40: =T40+U40+V40+W40 -> 482142.86 | BT40: =BG40-BS40-BR40 -> 10350500 | BU40: =IF(E40="HĐLĐ",15500000,0) -> 0 | BX40: =BQ40 -> 0 | BY40: =BU40+BW40+BX40 -> 0 | BZ40: =IF(BT40-BY40>0,BT40-BY40,0) -> 10350500 | CA40: =IF(AND(OR($E40="HĐTV",$E40="HĐCTV"),$BZ40<2000000),0,IF(OR($E40="HĐTV",$E40="HĐCTV"),$BZ40*10%,ROUND(IF($BZ40<=10000000,$BZ40*5%,IF($BZ40<=30000000,$BZ40*10%-500000,IF($BZ40<=60000000,$BZ40*20%-3500000,IF($BZ40<=100000000,$BZ40*30%-9500000,$BZ40*35%-14500000)))),0))) -> 1035050 | CB40: =ROUND(BG40-BQ40-CA40,0) -> 18552102 | CC40: 696428 | CE40: =CB40+CC40-CD40 -> 19248530 | CF40: =CE40-CG40 -> 0 | CG40: =CE40 -> 19248530 | CI40: bao.dinh@medigoapp.com | CK40: 3 | CY40: =IF(CX40>0,CX40,IF(CW40>0,CW40,6000000)) -> 6000000 | DB40: Sai thao tác (Sai kênh bán HD1175699) : 100.000đ
A41: 26 | B41: 7 | C41: Hoang Lam Gia Bao | D41: Hoàng Lâm Gia Bảo | E41: =IF(OR(G41="CHT",G41="DSBC"),"HĐLĐ",IF(OR(G41="DSTV",G41="Q.CHT"),"HĐTV","HĐCTV")) -> HĐLĐ | F41: Lê Bình | G41: DSBC | H41: 27/5/2026 | I41: 067106916868 | J41: Sacombank | K41: 28 | L41: 20 | M41: 179.62 | N41: 1.35 | O41: 0 | S41: =IF(E41="HĐLĐ",5310000,0) -> 5310000 | T41: =IF(500000/28*L41>500000,500000,500000/28*L41) -> 357142.86 | AA41: 6000000 | AB41: =AA41 -> 6000000 | AC41: =IF(E41="HĐTV",AB41*85%,0) -> 0 | AD41: =IF(E41="HĐTV",AC41/K41*L41,AB41/K41*L41) -> 4285714.3 | AE41: =IF(E41="HĐTV",AC41/28/8*M41,AA41/28/8*M41) -> 4811250 | AF41: =IF(E41="HĐTV",AC41/28/8*N41*1.5,AA41/28/8*N41*1.5) -> 54241.071 | AG41: 0 | AH41: 0 | AI41: 0 | AL41: 0 | AM41: 955682 | AN41: 1187050 | AO41: 0 | AP41: 40 | AQ41: 0 | AS41: 0 | AT41: 0 | AU41: 0 | BA41: 0 | BB41: 0 | BC41: 100000 | BD41: 0 | BE41: 23000 | BF41: 0 | BG41: =SUM(T41:Z41)+SUM(AD41:AZ41)-SUM(BA41:BF41) -> 11528120 | BH41: =S41*17.5% -> 929250 | BI41: =S41*3% -> 159300 | BJ41: =S41*1% -> 53100 | BL41: =SUM(BH41:BK41) -> 1141650 | BM41: =S41*8% -> 424800 | BN41: =S41*1.5% -> 79650 | BO41: =S41*1% -> 53100 | BQ41: =SUM(BM41:BP41) -> 557550 | BR41: =AF41 -> 54241.071 | BS41: =T41+U41+V41+W41 -> 357142.86 | BT41: =BG41-BS41-BR41 -> 11116736 | BU41: =IF(E41="HĐLĐ",15500000,0) -> 15500000 | BW41: =BV41*6200000 -> 0 | BX41: =BQ41 -> 557550 | BY41: =BU41+BW41+BX41 -> 16057550 | BZ41: =IF(BT41-BY41>0,BT41-BY41,0) -> 0 | CA41: =IF(AND(OR($E41="HĐTV",$E41="HĐCTV"),$BZ41<2000000),0,IF(OR($E41="HĐTV",$E41="HĐCTV"),$BZ41*10%,ROUND(IF($BZ41<=10000000,$BZ41*5%,IF($BZ41<=30000000,$BZ41*10%-500000,IF($BZ41<=60000000,$BZ41*20%-3500000,IF($BZ41<=100000000,$BZ41*30%-9500000,$BZ41*35%-14500000)))),0))) -> 0 | CB41: =ROUND(BG41-BQ41-CA41,0) -> 10970570 | CD41: 5000000 | CE41: =CB41+CC41-CD41 -> 5970570 | CF41: =CE41-CG41 -> 0 | CG41: =CE41 -> 5970570 | CI41: bao.hoang@medigoapp.com | CK41: 11 | CL41: =VLOOKUP(D41,[1]CNT!C16:AJ79,15,0) -> 0 | CM41: 27 | CN41: 5 | CO41: 2026 | CP41: =IF((($CO$8-CO41)*12)+($CN$8-CN41)>=12,((($CO$8-CO41)*12)+($CN$8-CN41))-1,0) -> 0 | CQ41: =IF(CP41<12,(($CQ$8-CO41)*12)+($CP$8-CN41),0) -> 0 | CR41: =IF(OR(CP41>12,CP41=12),((CP41-(CS41*12))+((($CQ$8-2024)*12)+($CP$8-4)))+1,0) -> 0 | CS41: =IF(OR(CP41>12,CP41=12),ROUNDDOWN(CP41/12,0),0) -> 0 | CT41: =IF(CQ41>11,ROUNDDOWN(CQ41/12,0),0) -> 0 | CU41: =IF(CR41>11,ROUNDDOWN(CR41/12,0),0) -> 0 | CV41: =IF(CP41=0,0,6000000*1.07^CS41) -> 0 | CW41: =IF(CT41<2,0,6000000+(CT41-1)*500000) -> 0 | CX41: =IF(CU41=0,CV41,IF(CU41<1,0,CV41+CU41*500000)) -> 0 | CY41: 5100000 | DA41: =CJ41 -> 0 | DB41: Sai thao tác (Sai kênh bán HD1180912) : 100.000đ Đối soát HD1169130: 23.000 | DF41: =VLOOKUP($D41,'[2]Med Service'!$D$11:$DI$87,110,0) -> #N/A | DG41: =VLOOKUP($D41,'[3]BẢNG LƯƠNG'!$C$3:$AH$102,32,0)
C42: Nguyen Thi Huyen Trang | D42: Nguyễn Thị Huyền Trang | E42: =IF(OR(G42="CHT",G42="DSBC"),"HĐLĐ",IF(OR(G42="DSTV",G42="Q.CHT"),"HĐTV","HĐCTV")) -> HĐTV | F42: Lê Bình | G42: DSTV | H42: 30/06/2026 | I42: 1033345427 | J42: Vietcombank | K42: 28 | L42: 1 | M42: 11.25 | N42: 0 | O42: 0 | S42: =IF(E42="HĐLĐ",5310000,0) -> 0 | T42: =IF(500000/28*L42>500000,500000,500000/28*L42) -> 17857.143 | AA42: =CY42 -> 6000000 | AB42: =AA42 -> 6000000 | AC42: 6000000 | AD42: =IF(E42="HĐTV",AC42/K42*L42,AB42/K42*L42) -> 214285.71 | AE42: =IF(E42="HĐTV",AC42/28/8*M42,AA42/28/8*M42) -> 301339.29 | AF42: =IF(E42="HĐTV",AC42/28/8*N42*1.5,AA42/28/8*N42*1.5) -> 0 | AG42: 0 | AH42: 0 | AI42: 0 | AL42: 0 | AM42: 0 | AN42: 0 | AO42: 35008 | AP42: 0 | AQ42: 0 | AS42: 0 | AT42: 0 | AU42: 0 | BA42: 0 | BB42: 0 | BC42: 0 | BD42: 0 | BE42: 0 | BF42: 0 | BG42: =SUM(T42:Z42)+SUM(AD42:AZ42)-SUM(BA42:BF42) -> 568490.14 | BH42: =S42*17.5% -> 0 | BI42: =S42*3% -> 0 | BJ42: =S42*1% -> 0 | BL42: =SUM(BH42:BK42) -> 0 | BM42: =S42*8% -> 0 | BN42: =S42*1.5% -> 0 | BO42: =S42*1% -> 0 | BQ42: =SUM(BM42:BP42) -> 0 | CE42: =CB42+CC42-CD42 -> 0 | CY42: =IF(CX42>0,CX42,IF(CW42>0,CW42,6000000)) -> 6000000
C43: Pham Nguyen Ngoc Quy | D43: Phạm Nguyễn Ngọc Quý | E43: =IF(OR(G43="CHT",G43="DSBC"),"HĐLĐ",IF(OR(G43="DSTV",G43="Q.CHT"),"HĐTV","HĐCTV")) -> HĐLĐ | F43: Lê Bình | G43: DSBC | H43: 01/11/2024 | I43: 1026764251 | J43: Vietcombank | K43: 28 | L43: 1 | M43: 8.62 | N43: 0 | O43: 0 | S43: =IF(E43="HĐLĐ",5310000,0) -> 5310000 | T43: =IF(500000/28*L43>500000,500000,500000/28*L43) -> 17857.143 | AA43: =CY43 -> 6000000 | AB43: =AA43 -> 6000000 | AC43: =IF(E43="HĐTV",AB43*85%,0) -> 0 | AD43: =IF(E43="HĐTV",AC43/K43*L43,AB43/K43*L43) -> 214285.71 | AE43: =IF(E43="HĐTV",AC43/28/8*M43,AA43/28/8*M43) -> 230892.86 | AF43: =IF(E43="HĐTV",AC43/28/8*N43*1.5,AA43/28/8*N43*1.5) -> 0 | AG43: 0 | AH43: 0 | AI43: 0 | AL43: 0 | AM43: 0 | AN43: 0 | AO43: 18300 | AP43: 0 | AQ43: 0 | AS43: 0 | AT43: 0 | AU43: 0 | BA43: 0 | BB43: 0 | BC43: 0 | BD43: 0 | BE43: 0 | BF43: 0 | BG43: =SUM(T43:Z43)+SUM(AD43:AZ43)-SUM(BA43:BF43) -> 481335.71 | BH43: =S43*17.5% -> 929250 | BI43: =S43*3% -> 159300 | BJ43: =S43*1% -> 53100 | BL43: =SUM(BH43:BK43) -> 1141650 | BM43: =S43*8% -> 424800 | BN43: =S43*1.5% -> 79650 | BO43: =S43*1% -> 53100 | BQ43: =SUM(BM43:BP43) -> 557550 | CE43: =CB43+CC43-CD43 -> 0 | CK43: 6 | CY43: =IF(CX43>0,CX43,IF(CW43>0,CW43,6000000)) -> 6000000
A44: 30 | B44: 7 | C44: Tran Thi Phuong Thuy | D44: Trần Thị Phương Thùy | E44: =IF(OR(G44="CHT",G44="DSBC"),"HĐLĐ",IF(OR(G44="DSTV",G44="Q.CHT"),"HĐTV","HĐCTV")) -> HĐCTV | F44: Lê Bình | G44: DSHV | H44: 14/07/2026 | I44: 07560774501 | J44: TP bank | K44: 28 | L44: 29 | M44: 231.6 | N44: 16.95 | O44: 8 | S44: =IF(E44="HĐLĐ",5310000,0) -> 0 | T44: =IF(500000/28*L44>500000,500000,500000/28*L44) -> 500000 | AA44: =CY44 -> 3000000 | AE44: =IF(E44="HĐTV",AC44/28/8*M44,AA44/28/8*M44) -> 3101785.7 | AF44: =IF(E44="HĐTV",AC44/28/8*N44*1.5,AA44/28/8*N44*1.5) -> 340513.39 | AG44: 0 | AH44: 0 | AI44: 0 | AL44: 0 | AM44: 0 | AN44: 0 | AO44: 0 | AP44: 0 | AQ44: 0 | AS44: 0 | AT44: 0 | AU44: 0 | BA44: 0 | BB44: 0 | BC44: 0 | BD44: 0 | BE44: 0 | BF44: 0 | BG44: =SUM(T44:Z44)+SUM(AD44:AZ44)-SUM(BA44:BF44) -> 3942299.1 | BH44: =S44*17.5% -> 0 | BI44: =S44*3% -> 0 | BJ44: =S44*1% -> 0 | BL44: =SUM(BH44:BK44) -> 0 | BM44: =S44*8% -> 0 | BN44: =S44*1.5% -> 0 | BO44: =S44*1% -> 0 | BQ44: =SUM(BM44:BP44) -> 0 | BR44: =AF44 -> 340513.39 | BT44: =BG44-BS44-BR44 -> 3601785.7 | BY44: =BU44+BW44+BX44 -> 0 | BZ44: =IF(BT44-BY44>0,BT44-BY44,0) -> 3601785.7 | CA44: =IF(AND(OR($E44="HĐTV",$E44="HĐCTV"),$BZ44<2000000),0,IF(OR($E44="HĐTV",$E44="HĐCTV"),$BZ44*10%,ROUND(IF($BZ44<=10000000,$BZ44*5%,IF($BZ44<=30000000,$BZ44*10%-500000,IF($BZ44<=60000000,$BZ44*20%-3500000,IF($BZ44<=100000000,$BZ44*30%-9500000,$BZ44*35%-14500000)))),0))) -> 360178.57 | CB44: =ROUND(BG44-BQ44-CA44,0) -> 3582121 | CE44: =CB44+CC44-CD44 -> 3582121 | CF44: =CE44-CG44 -> 0 | CG44: =CE44 -> 3582121 | CI44: thuy.tran@medigoapp.com | CJ44: =VLOOKUP(D44,[1]CNT!$C$6:$AP$113,40,0) -> 0 | CK44: 10 | CY44: 3000000
F45: =SUM(F37:F92) -> 0 | G45: =SUM(G37:G92) -> 0 | I45: =SUM(I37:I92) -> 0 | J45: =SUM(J37:J92) -> 0 | L45: =SUM(L37:L44) -> 137 | M45: =SUM(M37:M44) -> 749.71 | N45: =SUM(N37:N44) -> 486.55 | O45: =SUM(O37:O44) -> 24 | P45: =SUM(P37:P44) -> 0 | Q45: =SUM(Q37:Q44) -> 0 | R45: =SUM(R37:R44) -> 0 | S45: =SUM(S37:S44) -> 15930000 | U45: =SUM(U37:U44) -> 0 | V45: =SUM(V37:V44) -> 0 | W45: =SUM(W37:W44) -> 0 | X45: =SUM(X37:X44) -> 0 | Y45: =SUM(Y37:Y44) -> 0 | Z45: =SUM(Z37:Z44) -> 0 | AA45: =SUM(AA37:AA44) -> 45500000 | AB45: =SUM(AB37:AB44) -> 36000000 | ... AI45: =SUM(AI37:AI44) -> 2946429 | AL45: =SUM(AL37:AL44) -> 3400000 | AM45: =SUM(AM37:AM44) -> 955682 | AN45: =SUM(AN37:AN44) -> 4406440 | AO45: =SUM(AO37:AO44) -> 60864 | AP45: =SUM(AP37:AP44) -> 120 | AQ45: =SUM(AQ37:AQ44) -> 0 | AR45: =SUM(AR37:AR44) -> 0 | AS45: =SUM(AS37:AS44) -> 45000 | ... DC45: =SUM(DC37:DC44) -> 0 | DF45: =VLOOKUP($D45,'[2]Med Service'!$D$11:$DI$87,110,0) -> 0
C46: Duong Thi Huynh Nhu | D46: Dương Thị Huỳnh Như | E46: =IF(OR(G46="CHT",G46="DSBC"),"HĐLĐ",IF(OR(G46="DSTV",G46="Q.CHT"),"HĐTV","HĐCTV")) -> HĐTV | F46: Nam Hòa | G46: DSTV | H46: 28/07/2026 | I46: 023704070008223 | J46: HD Bank | K46: 28 | L46: 24 | M46: 0.92 | N46: 193.57 | O46: 0 | S46: =IF(E46="HĐLĐ",5310000,0) -> 0 | T46: =IF(500000/28*L46>500000,500000,500000/28*L46) -> 428571.43 | AA46: =CY46 -> 6000000 | AB46: =AA46 -> 6000000 | AC46: 6000000 | AD46: =IF(E46="HĐTV",AC46/K46*L46,AB46/K46*L46) -> 5142857.1 | AE46: =IF(E46="HĐTV",AC46/28/8*M46,AA46/28/8*M46) -> 24642.857 | AF46: =IF(E46="HĐTV",AC46/28/8*N46*1.5,AA46/28/8*N46*1.5) -> 7777366.1 | AG46: 0 | AH46: 0 | AI46: 1285714 | AL46: 466667 | AM46: 0 | AN46: 221850 | AO46: 0 | AP46: 20 | AQ46: 0 | AS46: 0 | AT46: 0 | AU46: 0 | BA46: 0 | BB46: 0 | BC46: 0 | BD46: 0 | BE46: 0 | BF46: 0 | BG46: =SUM(T46:Z46)+SUM(AD46:AZ46)-SUM(BA46:BF46) -> 15347688 | BH46: =S46*17.5% -> 0 | BI46: =S46*3% -> 0 | BJ46: =S46*1% -> 0 | BL46: =SUM(BH46:BK46) -> 0 | BM46: =S46*8% -> 0 | BN46: =S46*1.5% -> 0 | BO46: =S46*1% -> 0 | BQ46: =SUM(BM46:BP46) -> 0 | CE46: =CB46+CC46-CD46 -> 0 | CK46: 9 | CY46: =IF(CX46>0,CX46,IF(CW46>0,CW46,6000000)) -> 6000000
A47: 40 | B47: 7 | C47: Tran Thi Anh Nguyet | D47: Trần Thị Ánh Nguyệt | E47: =IF(OR(G47="CHT",G47="DSBC"),"HĐLĐ",IF(OR(G47="DSTV",G47="Q.CHT"),"HĐTV","HĐCTV")) -> HĐLĐ | F47: Nam Hòa | G47: DSBC | H47: 13/3/2026 | I47: 19035042801010 | J47: techcombank - chi nhánh Bình Đăng | K47: 28 | L47: 29 | M47: 18.21 | N47: 234.97 | O47: 8 | S47: =IF(E47="HĐLĐ",5310000,0) -> 5310000 | T47: =IF(500000/28*L47>500000,500000,500000/28*L47) -> 500000 | AA47: =CY47 -> 6000000 | AB47: =AA47 -> 6000000 | AC47: =IF(E47="HĐTV",AB47*85%,0) -> 0 | AD47: =IF(E47="HĐTV",AC47/K47*L47,AB47/K47*L47) -> 6214285.7 | AE47: =IF(E47="HĐTV",AC47/28/8*M47,AA47/28/8*M47) -> 487767.86 | AF47: =IF(E47="HĐTV",AC47/28/8*N47*1.5,AA47/28/8*N47*1.5) -> 9440758.9 | AG47: 0 | AH47: 0 | AI47: 1500000 | AL47: 1600000 | AM47: 0 | AN47: 2444050 | AO47: 28709 | AP47: 0 | AQ47: 1080000 | AS47: 0 | AT47: 0 | AU47: 0 | BA47: 0 | BB47: 0 | BC47: 0 | BD47: 0 | BE47: 0 | BF47: 0 | BG47: =SUM(T47:Z47)+SUM(AD47:AZ47)-SUM(BA47:BF47) -> 23295572 | BH47: =S47*17.5% -> 929250 | BI47: =S47*3% -> 159300 | BJ47: =S47*1% -> 53100 | BL47: =SUM(BH47:BK47) -> 1141650 | BM47: =S47*8% -> 424800 | BN47: =S47*1.5% -> 79650 | BO47: =S47*1% -> 53100 | BQ47: =SUM(BM47:BP47) -> 557550 | BR47: =AF47 -> 9440758.9 | BS47: =T47+U47+V47+W47 -> 500000 | BT47: =BG47-BS47-BR47 -> 13354813 | BU47: =IF(E47="HĐLĐ",15500000,0) -> 15500000 | BW47: =BV47*6200000 -> 0 | BX47: =BQ47 -> 557550 | BY47: =BU47+BW47+BX47 -> 16057550 | BZ47: =IF(BT47-BY47>0,BT47-BY47,0) -> 0 | CA47: =IF(AND(OR($E47="HĐTV",$E47="HĐCTV"),$BZ47<2000000),0,IF(OR($E47="HĐTV",$E47="HĐCTV"),$BZ47*10%,ROUND(IF($BZ47<=10000000,$BZ47*5%,IF($BZ47<=30000000,$BZ47*10%-500000,IF($BZ47<=60000000,$BZ47*20%-3500000,IF($BZ47<=100000000,$BZ47*30%-9500000,$BZ47*35%-14500000)))),0))) -> 0 | CB47: =ROUND(BG47-BQ47-CA47,0) -> 22738022 | CE47: =CB47+CC47-CD47 -> 22738022 | CF47: =CE47-CG47 -> 0 | CG47: =CE47 -> 22738022 | CI47: =VLOOKUP($C47,[5]Sheet1!$C$5:$K$139,9,0) -> nguyet.tran@medigoapp.com | CJ47: =VLOOKUP(D47,[1]CNT!$C$6:$AP$113,40,0) -> 0 | CK47: 2 | CM47: 13 | CN47: 3 | CO47: 2026 | CP47: =IF((($CO$8-CO47)*12)+($CN$8-CN47)>=12,((($CO$8-CO47)*12)+($CN$8-CN47))-1,0) -> 0 | CQ47: =IF(CP47<12,(($CQ$8-CO47)*12)+($CP$8-CN47),0) -> 2 | CR47: =IF(OR(CP47>12,CP47=12),((CP47-(CS47*12))+((($CQ$8-2024)*12)+($CP$8-4)))+1,0) -> 0 | CS47: =IF(OR(CP47>12,CP47=12),ROUNDDOWN(CP47/12,0),0) -> 0 | CT47: =IF(CQ47>11,ROUNDDOWN(CQ47/12,0),0) -> 0 | CU47: =IF(CR47>11,ROUNDDOWN(CR47/12,0),0) -> 0 | CV47: =IF(CP47=0,0,6000000*1.07^CS47) -> 0 | CW47: =IF(CT47<2,0,6000000+(CT47-1)*500000) -> 0 | CX47: =IF(CU47=0,CV47,IF(CU47<1,0,CV47+CU47*500000)) -> 0 | CY47: 6000000 | DA47: =CJ47 -> 0 | DF47: =VLOOKUP($D47,'[2]Med Service'!$D$11:$DI$87,110,0) -> 0 | DG47: =VLOOKUP($D47,'[3]BẢNG LƯƠNG'!$C$3:$AH$102,32,0)
A48: 35 | B48: 7 | C48: Do Thi Kim Tien | D48: Đỗ Thị Kim Tiến | E48: =IF(OR(G48="CHT",G48="DSBC"),"HĐLĐ",IF(OR(G48="DSTV",G48="Q.CHT"),"HĐTV","HĐCTV")) -> HĐTV | F48: Nam Hòa | G48: DSTV | H48: 07/07/2026 | I48: 19039887406019 | J48: Techcombank | K48: 28 | L48: 5 | M48: 20.11 | N48: 40.07 | O48: 0 | S48: =IF(E48="HĐLĐ",5310000,0) -> 0 | T48: =IF(500000/28*L48>500000,500000,500000/28*L48) -> 89285.714 | AA48: 6000000 | AB48: =AA48 -> 6000000 | AC48: 6000000 | AD48: =IF(E48="HĐTV",AC48/K48*L48,AB48/K48*L48) -> 1071428.6 | AE48: =IF(E48="HĐTV",AC48/28/8*M48,AA48/28/8*M48) -> 538660.71 | AF48: =IF(E48="HĐTV",AC48/28/8*N48*1.5,AA48/28/8*N48*1.5) -> 1609955.4 | AG48: 0 | AH48: 0 | AI48: 267857 | AL48: 533333 | AM48: 0 | AN48: 354690 | AO48: 1690 | AP48: 0 | AQ48: 0 | AS48: 0 | AT48: 0 | AU48: 0 | BA48: 0 | BB48: 0 | BC48: 100000 | BD48: 0 | BE48: 0 | BF48: 0 | BG48: =SUM(T48:Z48)+SUM(AD48:AZ48)-SUM(BA48:BF48) -> 4366900.4 | BH48: =S48*17.5% -> 0 | BI48: =S48*3% -> 0 | BJ48: =S48*1% -> 0 | BL48: =SUM(BH48:BK48) -> 0 | BM48: =S48*8% -> 0 | BN48: =S48*1.5% -> 0 | BO48: =S48*1% -> 0 | BQ48: =SUM(BM48:BP48) -> 0 | BR48: =AF48 -> 1609955.4 | BS48: =T48+U48+V48+W48 -> 89285.714 | BT48: =BG48-BS48-BR48 -> 2667659.3 | BU48: =IF(E48="HĐLĐ",15500000,0) -> 0 | BX48: =BQ48 -> 0 | BY48: =BU48+BW48+BX48 -> 0 | BZ48: =IF(BT48-BY48>0,BT48-BY48,0) -> 2667659.3 | CA48: =IF(AND(OR($E48="HĐTV",$E48="HĐCTV"),$BZ48<2000000),0,IF(OR($E48="HĐTV",$E48="HĐCTV"),$BZ48*10%,ROUND(IF($BZ48<=10000000,$BZ48*5%,IF($BZ48<=30000000,$BZ48*10%-500000,IF($BZ48<=60000000,$BZ48*20%-3500000,IF($BZ48<=100000000,$BZ48*30%-9500000,$BZ48*35%-14500000)))),0))) -> 266765.93 | CB48: =ROUND(BG48-BQ48-CA48,0) -> 4100134 | CE48: =CB48+CC48-CD48 -> 4100134 | CF48: =CE48-CG48 -> 0 | CG48: =CE48 -> 4100134 | CI48: tien.do@medigoapp.com | CK48: 11 | CY48: =IF(CX48>0,CX48,IF(CW48>0,CW48,6000000)) -> 6000000 | DB48: Sai thao tác (Sai kênh bán HD1171985) : 100.000đ
A49: 32 | B49: 7 | C49: Bui Thi Thanh Thuy | D49: Bùi Thị Thanh Thủy | E49: =IF(OR(G49="CHT",G49="DSBC"),"HĐLĐ",IF(OR(G49="DSTV",G49="Q.CHT"),"HĐTV","HĐCTV")) -> HĐTV | F49: Nam Hòa | G49: DSTV | H49: 30/06/2026 | I49: 1014584596 | J49: Vietcombank | K49: 28 | L49: 30 | M49: 306.98 | N49: 0 | O49: 16 | S49: =IF(E49="HĐLĐ",5310000,0) -> 0 | T49: =IF(500000/28*L49>500000,500000,500000/28*L49) -> 500000 | AA49: 6000000 | AB49: =AA49 -> 6000000 | AC49: 6000000 | AD49: =IF(E49="HĐTV",AC49/K49*L49,AB49/K49*L49) -> 6428571.4 | AE49: =IF(E49="HĐTV",AC49/28/8*M49,AA49/28/8*M49) -> 8222678.6 | AF49: =IF(E49="HĐTV",AC49/28/8*N49*1.5,AA49/28/8*N49*1.5) -> 0 | AG49: 0 | AH49: 0 | AI49: 0 | AL49: 1000000 | AM49: 0 | AN49: 857800 | AO49: 46354 | AP49: 0 | AQ49: 115000 | AS49: 0 | AT49: 0 | AU49: 0 | BA49: 0 | BB49: 0 | BC49: 0 | BD49: 0 | BE49: 255000 | BF49: 0 | BG49: =SUM(T49:Z49)+SUM(AD49:AZ49)-SUM(BA49:BF49) -> 16915404 | BH49: =S49*17.5% -> 0 | BI49: =S49*3% -> 0 | BJ49: =S49*1% -> 0 | BL49: =SUM(BH49:BK49) -> 0 | BM49: =S49*8% -> 0 | BN49: =S49*1.5% -> 0 | BO49: =S49*1% -> 0 | BQ49: =SUM(BM49:BP49) -> 0 | BR49: =AF49 -> 0 | BS49: =T49+U49+V49+W49 -> 500000 | BT49: =BG49-BS49-BR49 -> 16415404 | BU49: =IF(E49="HĐLĐ",15500000,0) -> 0 | BX49: =BQ49 -> 0 | BY49: =BU49+BW49+BX49 -> 0 | BZ49: =IF(BT49-BY49>0,BT49-BY49,0) -> 16415404 | CA49: =IF(AND(OR($E49="HĐTV",$E49="HĐCTV"),$BZ49<2000000),0,IF(OR($E49="HĐTV",$E49="HĐCTV"),$BZ49*10%,ROUND(IF($BZ49<=10000000,$BZ49*5%,IF($BZ49<=30000000,$BZ49*10%-500000,IF($BZ49<=60000000,$BZ49*20%-3500000,IF($BZ49<=100000000,$BZ49*30%-9500000,$BZ49*35%-14500000)))),0))) -> 1641540.4 | CB49: =ROUND(BG49-BQ49-CA49,0) -> 15273864 | CE49: =CB49+CC49-CD49 -> 15273864 | CF49: =CE49-CG49 -> 0 | CG49: =CE49 -> 15273864 | CI49: thuy.bui@medigoapp.com | CK49: 1 | CY49: =IF(CX49>0,CX49,IF(CW49>0,CW49,6000000)) -> 6000000 | DB49: Đối soát HD1147169
A50: 36 | B50: 7 | C50: Nguyen Thi Huyen Trang | D50: Nguyễn Thị Huyền Trang | E50: =IF(OR(G50="CHT",G50="DSBC"),"HĐLĐ",IF(OR(G50="DSTV",G50="Q.CHT"),"HĐTV","HĐCTV")) -> HĐTV | F50: Nam Hòa | G50: DSTV | H50: 30/06/2026 | I50: 1033345427 | J50: Vietcombank | K50: 28 | L50: 30 | M50: 295.1 | N50: 7.75 | O50: 16 | S50: =IF(E50="HĐLĐ",5310000,0) -> 0 | T50: =IF(500000/28*L50>500000,500000,500000/28*L50) -> 500000 | AA50: 6000000 | AB50: =AA50 -> 6000000 | AC50: 6000000 | AD50: =IF(E50="HĐTV",AC50/K50*L50,AB50/K50*L50) -> 6428571.4 | AE50: =IF(E50="HĐTV",AC50/28/8*M50,AA50/28/8*M50) -> 7904464.3 | AF50: =IF(E50="HĐTV",AC50/28/8*N50*1.5,AA50/28/8*N50*1.5) -> 311383.93 | AG50: 0 | AH50: 0 | AI50: 0 | AL50: 1000000 | AM50: 0 | AN50: 751700 | AO50: 35008 | AP50: 0 | AQ50: 0 | AS50: 0 | AT50: 0 | AU50: 0 | AY50: 100000 | BA50: 0 | BB50: 0 | BC50: 0 | BD50: 0 | BE50: 89000 | BF50: 0 | BG50: =SUM(T50:Z50)+SUM(AD50:AZ50)-SUM(BA50:BF50) -> 16942128 | BH50: =S50*17.5% -> 0 | BI50: =S50*3% -> 0 | BJ50: =S50*1% -> 0 | BL50: =SUM(BH50:BK50) -> 0 | BM50: =S50*8% -> 0 | BN50: =S50*1.5% -> 0 | BO50: =S50*1% -> 0 | BQ50: =SUM(BM50:BP50) -> 0 | BR50: =AF50 -> 311383.93 | BS50: =T50+U50+V50+W50 -> 500000 | BT50: =BG50-BS50-BR50 -> 16130744 | BU50: =IF(E50="HĐLĐ",15500000,0) -> 0 | BX50: =BQ50 -> 0 | BY50: =BU50+BW50+BX50 -> 0 | BZ50: =IF(BT50-BY50>0,BT50-BY50,0) -> 16130744 | CA50: =IF(AND(OR($E50="HĐTV",$E50="HĐCTV"),$BZ50<2000000),0,IF(OR($E50="HĐTV",$E50="HĐCTV"),$BZ50*10%,ROUND(IF($BZ50<=10000000,$BZ50*5%,IF($BZ50<=30000000,$BZ50*10%-500000,IF($BZ50<=60000000,$BZ50*20%-3500000,IF($BZ50<=100000000,$BZ50*30%-9500000,$BZ50*35%-14500000)))),0))) -> 1613074.4 | CB50: =ROUND(BG50-BQ50-CA50,0) -> 15329053 | CE50: =CB50+CC50-CD50 -> 15329053 | CF50: =CE50-CG50 -> 0 | CG50: =CE50 -> 15329053 | CI50: trang.nguyen@medigoapp.com | CK50: 8 | CY50: =IF(CX50>0,CX50,IF(CW50>0,CW50,6000000)) -> 6000000 | DB50: Đối soát HD1142672
A51: 38 | B51: 7 | C51: Phan Cong Vu Tai | D51: Phan Công Vũ Tài | E51: =IF(OR(G51="CHT",G51="DSBC"),"HĐLĐ",IF(OR(G51="DSTV",G51="Q.CHT"),"HĐTV","HĐCTV")) -> HĐLĐ | F51: Nam Hòa | G51: DSBC | H51: 26/01/2026 | I51: 02446989901 | J51: Tp Bank | K51: 28 | L51: 16 | M51: 108.24 | N51: 7.08 | O51: 0 | S51: =IF(E51="HĐLĐ",5310000,0) -> 5310000 | AA51: =CY51 -> 6000000 | AB51: =AA51 -> 6000000 | AC51: =IF(E51="HĐTV",AB51*85%,0) -> 0 | AD51: =IF(E51="HĐTV",AC51/K51*L51,AB51/K51*L51) -> 3428571.4 | AE51: =IF(E51="HĐTV",AC51/28/8*M51,AA51/28/8*M51) -> 2899285.7 | AF51: =IF(E51="HĐTV",AC51/28/8*N51*1.5,AA51/28/8*N51*1.5) -> 284464.29 | AG51: 0 | AH51: 0 | AI51: 0 | AJ51: 1500000 | AK51: 2000000 | AL51: 0 | AM51: 0 | AN51: 0 | AO51: 15362 | AP51: 0 | AQ51: 0 | AS51: 0 | AT51: 0 | AU51: 0 | BA51: 0 | BB51: 0 | BC51: 0 | BD51: 0 | BE51: 0 | BF51: 0 | BG51: =SUM(T51:Z51)+SUM(AD51:AZ51)-SUM(BA51:BF51) -> 10127683 | BH51: =S51*17.5% -> 929250 | BI51: =S51*3% -> 159300 | BJ51: =S51*1% -> 53100 | BL51: =SUM(BH51:BK51) -> 1141650 | BM51: =S51*8% -> 424800 | BN51: =S51*1.5% -> 79650 | BO51: =S51*1% -> 53100 | BQ51: =SUM(BM51:BP51) -> 557550 | BR51: =AF51 -> 284464.29 | BS51: =T51+U51+V51+W51 -> 0 | BT51: =BG51-BS51-BR51 -> 9843219.1 | BU51: 4214912.9 | BW51: =BV51*6200000 -> 0 | BX51: =BQ51 -> 557550 | BY51: =BU51+BW51+BX51 -> 4772462.9 | BZ51: =IF(BT51-BY51>0,BT51-BY51,0) -> 5070756.2 | CA51: =IF(AND(OR($E51="HĐTV",$E51="HĐCTV"),$BZ51<2000000),0,IF(OR($E51="HĐTV",$E51="HĐCTV"),$BZ51*10%,ROUND(IF($BZ51<=10000000,$BZ51*5%,IF($BZ51<=30000000,$BZ51*10%-500000,IF($BZ51<=60000000,$BZ51*20%-3500000,IF($BZ51<=100000000,$BZ51*30%-9500000,$BZ51*35%-14500000)))),0))) -> 253538 | CB51: =ROUND(BG51-BQ51-CA51,0) -> 9316595 | CE51: =CB51+CC51-CD51 -> 9316595 | CF51: =CE51-CG51 -> 0 | CG51: =CE51 -> 9316595 | CI51: =VLOOKUP($C51,[5]Sheet1!$C$5:$K$139,9,0) -> tai.phan@medigoapp.com | CJ51: =VLOOKUP(D51,[1]CNT!$C$6:$AP$113,40,0) -> 0 | CK51: 4 | CL51: =VLOOKUP(D51,[1]CNT!C25:AJ29,15,0) -> 0 | CM51: 26 | CN51: 1 | CO51: 2026 | CP51: =IF((($CO$8-CO51)*12)+($CN$8-CN51)>=12,((($CO$8-CO51)*12)+($CN$8-CN51))-1,0) -> 0 | CQ51: =IF(CP51<12,(($CQ$8-CO51)*12)+($CP$8-CN51),0) -> 4 | CR51: =IF(OR(CP51>12,CP51=12),((CP51-(CS51*12))+((($CQ$8-2024)*12)+($CP$8-4)))+1,0) -> 0 | CS51: =IF(OR(CP51>12,CP51=12),ROUNDDOWN(CP51/12,0),0) -> 0 | CT51: =IF(CQ51>11,ROUNDDOWN(CQ51/12,0),0) -> 0 | CU51: =IF(CR51>11,ROUNDDOWN(CR51/12,0),0) -> 0 | CV51: =IF(CP51=0,0,6000000*1.07^CS51) -> 0 | CW51: =IF(CT51<2,0,6000000+(CT51-1)*500000) -> 0 | CX51: =IF(CU51=0,CV51,IF(CU51<1,0,CV51+CU51*500000)) -> 0 | CY51: 6000000 | DA51: =CJ51 -> 0 | DG51: =VLOOKUP($D51,'[3]BẢNG LƯƠNG'!$C$3:$AH$102,32,0)
C52: Tran Linh Khai | D52: Trần Linh Khải | E52: =IF(OR(G52="CHT",G52="DSBC"),"HĐLĐ",IF(OR(G52="DSTV",G52="Q.CHT"),"HĐTV","HĐCTV")) -> HĐCTV | F52: Nam Hòa | G52: DSHV | H52: 18/08/2026 | I52: 100006151096 | J52: Vietinbank | K52: 28 | L52: 1 | M52: 8.25 | N52: 0 | O52: 0 | S52: =IF(E52="HĐLĐ",5310000,0) -> 0 | T52: =IF(500000/28*L52>500000,500000,500000/28*L52) -> 17857.143 | AA52: 3000000 | AB52: =AA52 -> 3000000 | AC52: =IF(E52="HĐTV",AB52*85%,0) -> 0 | AD52: =IF(E52="HĐTV",AC52/K52*L52,AB52/K52*L52) -> 107142.86 | AE52: =IF(E52="HĐTV",AC52/28/8*M52,AA52/28/8*M52) -> 110491.07 | AF52: =IF(E52="HĐTV",AC52/28/8*N52*1.5,AA52/28/8*N52*1.5) -> 0 | AG52: 0 | AH52: 0 | AI52: 0 | AL52: 0 | AM52: 0 | AN52: 0 | AO52: 0 | AP52: 0 | AQ52: 0 | AS52: 0 | AT52: 0 | AU52: 0 | AY52: 100000 | BA52: 0 | BB52: 0 | BC52: 0 | BD52: 0 | BE52: 0 | BF52: 0 | BG52: =SUM(T52:Z52)+SUM(AD52:AZ52)-SUM(BA52:BF52) -> 335491.07 | BH52: =S52*17.5% -> 0 | BI52: =S52*3% -> 0 | BJ52: =S52*1% -> 0 | BL52: =SUM(BH52:BK52) -> 0 | BM52: =S52*8% -> 0 | BN52: =S52*1.5% -> 0 | BO52: =S52*1% -> 0 | BQ52: =SUM(BM52:BP52) -> 0 | CE52: =CB52+CC52-CD52 -> 0 | CK52: 8 | CY52: =IF(CX52>0,CX52,IF(CW52>0,CW52,6000000)) -> 6000000
L53: =SUM(L46:L52) -> 135 | M53: =SUM(M46:M52) -> 757.81 | N53: =SUM(N46:N52) -> 483.44 | O53: =SUM(O46:O52) -> 40 | P53: =SUM(P46:P52) -> 0 | Q53: =SUM(Q46:Q52) -> 0 | R53: =SUM(R46:R52) -> 0 | S53: =SUM(S46:S52) -> 10620000 | U53: =SUM(U46:U52) -> 0 | V53: =SUM(V46:V52) -> 0 | W53: =SUM(W46:W52) -> 0 | X53: =SUM(X46:X52) -> 0 | Y53: =SUM(Y46:Y52) -> 0 | Z53: =SUM(Z46:Z52) -> 0 | AA53: =SUM(AA46:AA52) -> 39000000 | AB53: =SUM(AB46:AB52) -> 39000000 | ... DF53: =SUM(DF46:DF52) -> 0 | DG53: =SUM(DG46:DG92) -> 0
A54: 42 | B54: 7 | C54: Le Thi Quynh Tram | D54: Lê Thị Quỳnh Trâm | E54: =IF(OR(G54="CHT",G54="DSBC"),"HĐLĐ",IF(OR(G54="DSTV",G54="Q.CHT"),"HĐTV","HĐCTV")) -> HĐLĐ | F54: Nguyễn Chí Thanh | G54: CHT | H54: 18/08/2025 | I54: 6321205302943 | J54: AGRIBANK | K54: 28 | L54: 28 | M54: 242.4 | N54: 0 | O54: 0 | S54: =IF(E54="HĐLĐ",5310000,0) -> 5310000 | T54: =IF(500000/28*L54>500000,500000,500000/28*L54) -> 500000 | AA54: =CY54 -> 6000000 | AE54: =IF(E54="HĐTV",AC54/28/8*M54,AA54/28/8*M54) -> 6492857.1 | AF54: =IF(E54="HĐTV",AC54/28/8*N54*1.5,AA54/28/8*N54*1.5) -> 0 | AG54: 500000 | AH54: 0 | AI54: 0 | AL54: 0 | AM54: 0 | AN54: 629300 | AO54: 12626 | AP54: 0 | AQ54: 0 | AS54: 0 | AT54: 0 | AU54: 0 | BA54: 0 | BB54: 0 | BC54: 0 | BD54: 0 | BE54: 0 | BF54: 0 | BG54: =SUM(T54:Z54)+SUM(AD54:AZ54)-SUM(BA54:BF54) -> 8134783.1 | BH54: =S54*17.5% -> 929250 | BI54: =S54*3% -> 159300 | BJ54: =S54*1% -> 53100 | BL54: =SUM(BH54:BK54) -> 1141650 | BM54: =S54*8% -> 424800 | BN54: =S54*1.5% -> 79650 | BO54: =S54*1% -> 53100 | BQ54: =SUM(BM54:BP54) -> 557550 | BR54: =AF54 -> 0 | BS54: =T54+U54+V54+W54 -> 500000 | BT54: =BG54-BS54-BR54 -> 7634783.1 | BU54: =IF(E54="HĐLĐ",15500000,0) -> 15500000 | BW54: =BV54*6200000 -> 0 | BX54: =BQ54 -> 557550 | BY54: =BU54+BW54+BX54 -> 16057550 | BZ54: =IF(BT54-BY54>0,BT54-BY54,0) -> 0 | CA54: =IF(AND(OR($E54="HĐTV",$E54="HĐCTV"),$BZ54<2000000),0,IF(OR($E54="HĐTV",$E54="HĐCTV"),$BZ54*10%,ROUND(IF($BZ54<=10000000,$BZ54*5%,IF($BZ54<=30000000,$BZ54*10%-500000,IF($BZ54<=60000000,$BZ54*20%-3500000,IF($BZ54<=100000000,$BZ54*30%-9500000,$BZ54*35%-14500000)))),0))) -> 0 | CB54: =ROUND(BG54-BQ54-CA54,0) -> 7577233 | CE54: =CB54+CC54-CD54 -> 7577233 | CF54: =CE54-CG54 -> 0 | CG54: =CE54 -> 7577233 | CI54: =VLOOKUP($C54,[5]Sheet1!$C$5:$K$139,9,0) -> tram.le@medigoapp.com | CJ54: =VLOOKUP(D54,[1]CNT!$C$6:$AP$113,40,0) -> 0 | CK54: 11 | CM54: 18 | CN54: 8 | CO54: 2025 | CP54: =IF((($CO$8-CO54)*12)+($CN$8-CN54)>=12,((($CO$8-CO54)*12)+($CN$8-CN54))-1,0) -> 0 | CQ54: =IF(CP54<12,(($CQ$8-CO54)*12)+($CP$8-CN54),0) -> 9 | CR54: =IF(OR(CP54>12,CP54=12),((CP54-(CS54*12))+((($CQ$8-2024)*12)+($CP$8-4)))+1,0) -> 0 | CS54: =IF(OR(CP54>12,CP54=12),ROUNDDOWN(CP54/12,0),0) -> 0 | CT54: =IF(CQ54>11,ROUNDDOWN(CQ54/12,0),0) -> 0 | CU54: =IF(CR54>11,ROUNDDOWN(CR54/12,0),0) -> 0 | CV54: =IF(CP54=0,0,6000000*1.07^CS54) -> 0 | CW54: =IF(CT54<2,0,6000000+(CT54-1)*500000) -> 0 | CX54: =IF(CU54=0,CV54,IF(CU54<1,0,CV54+CU54*500000)) -> 0 | CY54: =IF(CX54>0,CX54,IF(CW54>0,CW54,6000000)) -> 6000000 | DA54: =CJ54 -> 0 | DF54: =VLOOKUP($D54,'[2]Med Service'!$D$11:$DI$87,110,0) -> 0 | DG54: =VLOOKUP($D54,'[3]BẢNG LƯƠNG'!$C$3:$AH$102,32,0)
A55: 43 | B55: 7 | C55: Nguyen Thi Hong Hanh | D55: Nguyễn Thị Hồng Hạnh | E55: =IF(OR(G55="CHT",G55="DSBC"),"HĐLĐ",IF(OR(G55="DSTV",G55="Q.CHT"),"HĐTV","HĐCTV")) -> HĐLĐ | F55: Nguyễn Chí Thanh | G55: DSBC | H55: 45502 | I55: 19036469088011 | J55: Techcombank | K55: 28 | L55: 28 | M55: 0 | N55: 219.36 | O55: 0 | S55: =IF(E55="HĐLĐ",5310000,0) -> 5310000 | T55: =IF(500000/28*L55>500000,500000,500000/28*L55) -> 500000 | AA55: =CY55 -> 6000000 | AE55: =IF(E55="HĐTV",AC55/28/8*M55,AA55/28/8*M55) -> 0 | AF55: =IF(E55="HĐTV",AC55/28/8*N55*1.5,AA55/28/8*N55*1.5) -> 8813571.4 | AG55: 0 | AH55: 0 | AI55: 1500000 | AL55: 0 | AM55: 0 | AN55: 1651900 | AO55: 9105 | AP55: 0 | AQ55: 0 | AS55: 0 | AT55: 0 | AU55: 0 | BA55: 0 | BB55: 0 | BC55: 0 | BD55: 0 | BE55: 0 | BF55: 0 | BG55: =SUM(T55:Z55)+SUM(AD55:AZ55)-SUM(BA55:BF55) -> 12474576 | BH55: =S55*17.5% -> 929250 | BI55: =S55*3% -> 159300 | BJ55: =S55*1% -> 53100 | BL55: =SUM(BH55:BK55) -> 1141650 | BM55: =S55*8% -> 424800 | BN55: =S55*1.5% -> 79650 | BO55: =S55*1% -> 53100 | BQ55: =SUM(BM55:BP55) -> 557550 | BR55: =AF55 -> 8813571.4 | BS55: =T55+U55+V55+W55 -> 500000 | BT55: =BG55-BS55-BR55 -> 3161005 | BU55: =IF(E55="HĐLĐ",15500000,0) -> 15500000 | BW55: =BV55*6200000 -> 0 | BX55: =BQ55 -> 557550 | BY55: =BU55+BW55+BX55 -> 16057550 | BZ55: =IF(BT55-BY55>0,BT55-BY55,0) -> 0 | CA55: =IF(AND(OR($E55="HĐTV",$E55="HĐCTV"),$BZ55<2000000),0,IF(OR($E55="HĐTV",$E55="HĐCTV"),$BZ55*10%,ROUND(IF($BZ55<=10000000,$BZ55*5%,IF($BZ55<=30000000,$BZ55*10%-500000,IF($BZ55<=60000000,$BZ55*20%-3500000,IF($BZ55<=100000000,$BZ55*30%-9500000,$BZ55*35%-14500000)))),0))) -> 0 | CB55: =ROUND(BG55-BQ55-CA55,0) -> 11917026 | CE55: =CB55+CC55-CD55 -> 11917026 | CF55: =CE55-CG55 -> 0 | CG55: =CE55 -> 11917026 | CI55: hanh.nguyen@medigoapp.com | CJ55: =VLOOKUP(D55,[1]CNT!$C$6:$AP$113,40,0) -> 0 | CK55: 2 | CM55: 29 | CN55: 7 | CO55: 2024 | CP55: =IF((($CO$8-CO55)*12)+($CN$8-CN55)>=12,((($CO$8-CO55)*12)+($CN$8-CN55))-1,0) -> 0 | CQ55: =IF(CP55<12,(($CQ$8-CO55)*12)+($CP$8-CN55),0) -> 22 | CR55: =IF(OR(CP55>12,CP55=12),((CP55-(CS55*12))+((($CQ$8-2024)*12)+($CP$8-4)))+1,0) -> 0 | CS55: =IF(OR(CP55>12,CP55=12),ROUNDDOWN(CP55/12,0),0) -> 0 | CT55: =IF(CQ55>11,ROUNDDOWN(CQ55/12,0),0) -> 1 | CU55: =IF(CR55>11,ROUNDDOWN(CR55/12,0),0) -> 0 | CV55: =IF(CP55=0,0,6000000*1.07^CS55) -> 0 | CW55: =IF(CT55<2,0,6000000+(CT55-1)*500000) -> 0 | CX55: =IF(CU55=0,CV55,IF(CU55<1,0,CV55+CU55*500000)) -> 0 | CY55: =IF(CX55>0,CX55,IF(CW55>0,CW55,6000000)) -> 6000000 | DA55: =CJ55 -> 0 | DE55: =VLOOKUP($D55,'[6]Tong hop'!$B$8:$Q$45,15,0) -> 138277 | DF55: =VLOOKUP($D55,'[2]Med Service'!$D$11:$DI$87,110,0) -> 0 | DG55: =VLOOKUP($D55,'[3]BẢNG LƯƠNG'!$C$3:$AH$102,32,0)
A56: 46 | B56: 7 | C56: Tran Hoang Khanh | D56: Trần Hoàng Khánh | E56: HĐLĐ | F56: Nguyễn Chí Thanh | G56: DSBC | H56: 02/06/2025 | I56: 0985967065 | J56: Tp Bank | K56: 28 | L56: 30 | M56: 23.83 | N56: 235.5 | O56: 16 | S56: =IF(E56="HĐLĐ",5310000,0) -> 5310000 | T56: =IF(500000/28*L56>500000,500000,500000/28*L56) -> 500000 | AA56: =CY56 -> 6000000 | AE56: =IF(E56="HĐTV",AC56/28/8*M56,AA56/28/8*M56) -> 638303.57 | AF56: =IF(E56="HĐTV",AC56/28/8*N56*1.5,AA56/28/8*N56*1.5) -> 9462053.6 | AG56: 0 | AH56: 0 | AI56: 1500000 | AL56: 500000 | AM56: 0 | AN56: 2122400 | AO56: 2500 | AP56: 0 | AQ56: 0 | AS56: 0 | AT56: 0 | AU56: 0 | BA56: 0 | BB56: 0 | BC56: 0 | BD56: 0 | BE56: 38000 | BF56: 0 | BG56: =SUM(T56:Z56)+SUM(AD56:AZ56)-SUM(BA56:BF56) -> 14687257 | BH56: =S56*17.5% -> 929250 | BI56: =S56*3% -> 159300 | BJ56: =S56*1% -> 53100 | BL56: =SUM(BH56:BK56) -> 1141650 | BM56: =S56*8% -> 424800 | BN56: =S56*1.5% -> 79650 | BO56: =S56*1% -> 53100 | BQ56: =SUM(BM56:BP56) -> 557550 | BR56: =AF56 -> 9462053.6 | BS56: =T56+U56+V56+W56 -> 500000 | BT56: =BG56-BS56-BR56 -> 4725203.6 | BU56: =IF(E56="HĐLĐ",15500000,0) -> 15500000 | BW56: =BV56*6200000 -> 0 | BX56: =BQ56 -> 557550 | BY56: =BU56+BW56+BX56 -> 16057550 | BZ56: =IF(BT56-BY56>0,BT56-BY56,0) -> 0 | CA56: =IF(AND(OR($E56="HĐTV",$E56="HĐCTV"),$BZ56<2000000),0,IF(OR($E56="HĐTV",$E56="HĐCTV"),$BZ56*10%,ROUND(IF($BZ56<=10000000,$BZ56*5%,IF($BZ56<=30000000,$BZ56*10%-500000,IF($BZ56<=60000000,$BZ56*20%-3500000,IF($BZ56<=100000000,$BZ56*30%-9500000,$BZ56*35%-14500000)))),0))) -> 0 | CB56: =ROUND(BG56-BQ56-CA56,0) -> 14129707 | CE56: =CB56+CC56-CD56 -> 14129707 | CF56: =CE56-CG56 -> 0 | CG56: =CE56 -> 14129707 | CI56: khanh.tran@medigoapp.com | CJ56: =VLOOKUP(D56,[1]CNT!$C$6:$AP$113,40,0) -> 0 | CK56: 9 | CM56: 2 | CN56: 6 | CO56: 2025 | CP56: 0 | CQ56: =IF(CP56<12,(($CQ$8-CO56)*12)+($CP$8-CN56),0) -> 11 | CR56: =IF(OR(CP56>12,CP56=12),((CP56-(CS56*12))+((($CQ$8-2024)*12)+($CP$8-4)))+1,0) -> 0 | CS56: 0 | CT56: =IF(CQ56>11,ROUNDDOWN(CQ56/12,0),0) -> 0 | CU56: 0 | CV56: 0 | CW56: 0 | CX56: 0 | CY56: 6000000 | DA56: =CJ56 -> 0 | DB56: Đối soát HD1167056 | DF56: =VLOOKUP($D56,'[2]Med Service'!$D$11:$DI$87,110,0) -> 0 | DG56: =VLOOKUP($D56,'[3]BẢNG LƯƠNG'!$C$3:$AH$102,32,0)
C57: Ly Thuc Mi | D57: Lý Thục Mi | E57: =IF(OR(G57="CHT",G57="DSBC"),"HĐLĐ",IF(OR(G57="DSTV",G57="Q.CHT"),"HĐTV","HĐCTV")) -> HĐTV | F57: Nguyễn Chí Thanh | G57: DSTV | H57: 01/08/2026 | I57: 01805590901 | J57: Tiên Phong bank | K57: 28 | L57: 30 | M57: 264.12 | N57: 0 | O57: 16 | S57: =IF(E57="HĐLĐ",5310000,0) -> 0 | T57: =IF(500000/28*L57>500000,500000,500000/28*L57) -> 500000 | AA57: =CY57 -> 6000000 | AB57: =AA57 -> 6000000 | AC57: 6000000 | AD57: =IF(E57="HĐTV",AC57/K57*L57,AB57/K57*L57) -> 6428571.4 | AE57: =IF(E57="HĐTV",AC57/28/8*M57,AA57/28/8*M57) -> 7074642.9 | AF57: =IF(E57="HĐTV",AC57/28/8*N57*1.5,AA57/28/8*N57*1.5) -> 0 | AG57: 0 | AH57: 0 | AI57: 0 | AL57: 0 | AM57: 0 | AN57: 0 | AO57: 0 | AP57: 0 | AQ57: 0 | AS57: 0 | AT57: 0 | AU57: 0 | BA57: 0 | BB57: 0 | BC57: 0 | BD57: 0 | BE57: 0 | BF57: 0 | BG57: =SUM(T57:Z57)+SUM(AD57:AZ57)-SUM(BA57:BF57) -> 14003214 | BH57: =S57*17.5% -> 0 | BI57: =S57*3% -> 0 | BJ57: =S57*1% -> 0 | BL57: =SUM(BH57:BK57) -> 0 | BM57: =S57*8% -> 0 | BN57: =S57*1.5% -> 0 | BO57: =S57*1% -> 0 | BQ57: =SUM(BM57:BP57) -> 0 | CE57: =CB57+CC57-CD57 -> 0 | CK57: 4 | CY57: =IF(CX57>0,CX57,IF(CW57>0,CW57,6000000)) -> 6000000
C58: Ngo Thi Ngoc Thuy | D58: Ngô Thị Ngọc Thủy | E58: =IF(OR(G58="CHT",G58="DSBC"),"HĐLĐ",IF(OR(G58="DSTV",G58="Q.CHT"),"HĐTV","HĐCTV")) -> HĐTV | F58: Nguyễn Chí Thanh | G58: DSTV | H58: 46190 | I58: 02031125202 | J58: TP Bank | K58: 28 | L58: 1 | M58: 8 | N58: 0 | O58: 0 | S58: =IF(E58="HĐLĐ",5310000,0) -> 0 | T58: =IF(500000/28*L58>500000,500000,500000/28*L58) -> 17857.143 | AA58: =CY58 -> 6000000 | AB58: =AA58 -> 6000000 | AC58: 6000000 | AD58: =IF(E58="HĐTV",AC58/K58*L58,AB58/K58*L58) -> 214285.71 | AE58: =IF(E58="HĐTV",AC58/28/8*M58,AA58/28/8*M58) -> 214285.71 | AF58: =IF(E58="HĐTV",AC58/28/8*N58*1.5,AA58/28/8*N58*1.5) -> 0 | AG58: 0 | AH58: 0 | AI58: 0 | AL58: 0 | AM58: 0 | AN58: 0 | AO58: 0 | AP58: 0 | AQ58: 0 | AS58: 0 | AT58: 0 | AU58: 0 | BA58: 0 | BB58: 0 | BC58: 0 | BD58: 0 | BE58: 0 | BF58: 0 | BG58: =SUM(T58:Z58)+SUM(AD58:AZ58)-SUM(BA58:BF58) -> 446428.57 | BH58: =S58*17.5% -> 0 | BI58: =S58*3% -> 0 | BJ58: =S58*1% -> 0 | BL58: =SUM(BH58:BK58) -> 0 | BM58: =S58*8% -> 0 | BN58: =S58*1.5% -> 0 | BO58: =S58*1% -> 0 | BQ58: =SUM(BM58:BP58) -> 0 | CE58: =CB58+CC58-CD58 -> 0 | CK58: 1 | CY58: =IF(CX58>0,CX58,IF(CW58>0,CW58,6000000)) -> 6000000
A59: 48 | B59: 7 | C59: Do Thi Phuong Thao | D59: Đỗ Thị Phương Thảo | E59: HDLD | F59: Nguyễn Chí Thanh | G59: DSXC | H59: 19/04/2025 | I59: 0561000503731 | J59: Vietcombank | K59: 28 | L59: 31 | M59: 265.36 | N59: 8.58 | O59: 16 | S59: =IF(E59="HĐLĐ",5310000,0) -> 0 | T59: =IF(500000/28*L59>500000,500000,500000/28*L59) -> 500000 | AA59: =CY59 -> 6000000 | AE59: =IF(E59="HĐTV",AC59/28/8*M59,AA59/28/8*M59) -> 7107857.1 | AF59: =IF(E59="HĐTV",AC59/28/8*N59*1.5,AA59/28/8*N59*1.5) -> 344732.14 | AG59: 0 | AH59: 0 | AI59: 0 | AL59: 0 | AM59: 0 | AN59: 1511400 | AO59: 150484 | AP59: 0 | AQ59: 0 | AS59: 0 | AT59: 0 | AU59: 0 | AY59: 100000 | AZ59: 100000 | BA59: 0 | BB59: 0 | BC59: 0 | BD59: 0 | BE59: 0 | BF59: 0 | BG59: =SUM(T59:Z59)+SUM(AD59:AZ59)-SUM(BA59:BF59) -> 9814473.3 | BH59: =S59*17.5% -> 0 | BI59: =S59*3% -> 0 | BJ59: =S59*1% -> 0 | BL59: =SUM(BH59:BK59) -> 0 | BM59: =S59*8% -> 0 | BN59: =S59*1.5% -> 0 | BO59: =S59*1% -> 0 | BQ59: =SUM(BM59:BP59) -> 0 | BR59: =AF59 -> 344732.14 | BS59: =T59+U59+V59+W59 -> 500000 | BT59: =BG59-BS59-BR59 -> 8969741.1 | BU59: =IF(E59="HĐLĐ",15500000,0) -> 0 | BW59: =BV59*6200000 -> 0 | BX59: =BQ59 -> 0 | BY59: =BU59+BW59+BX59 -> 0 | BZ59: =IF(BT59-BY59>0,BT59-BY59,0) -> 8969741.1 | CA59: =IF(AND(OR($E59="HĐTV",$E59="HĐCTV"),$BZ59<2000000),0,IF(OR($E59="HĐTV",$E59="HĐCTV"),$BZ59*10%,ROUND(IF($BZ59<=10000000,$BZ59*5%,IF($BZ59<=30000000,$BZ59*10%-500000,IF($BZ59<=60000000,$BZ59*20%-3500000,IF($BZ59<=100000000,$BZ59*30%-9500000,$BZ59*35%-14500000)))),0))) -> 448487 | CB59: =ROUND(BG59-BQ59-CA59,0) -> 9365986 | CE59: =CB59+CC59-CD59 -> 9365986 | CF59: =CE59-CG59 -> 0 | CG59: =CE59 -> 9365986 | CI59: thao.do@medigoapp.com | CJ59: =VLOOKUP(D59,[1]CNT!$C$6:$AP$113,40,0) -> 0 | CK59: 8 | CM59: 19 | CN59: 4 | CO59: 2025 | CP59: =IF((($CO$8-CO59)*12)+($CN$8-CN59)>=12,((($CO$8-CO59)*12)+($CN$8-CN59))-1,0) -> 0 | CQ59: =IF(CP59<12,(($CQ$8-CO59)*12)+($CP$8-CN59),0) -> 13 | CR59: =IF(OR(CP59>12,CP59=12),((CP59-(CS59*12))+((($CQ$8-2024)*12)+($CP$8-4)))+1,0) -> 0 | CS59: =IF(OR(CP59>12,CP59=12),ROUNDDOWN(CP59/12,0),0) -> 0 | CT59: =IF(CQ59>11,ROUNDDOWN(CQ59/12,0),0) -> 1 | CU59: =IF(CR59>11,ROUNDDOWN(CR59/12,0),0) -> 0 | CV59: =IF(CP59=0,0,6000000*1.07^CS59) -> 0 | CW59: =IF(CT59<2,0,6000000+(CT59-1)*500000) -> 0 | CX59: =IF(CU59=0,CV59,IF(CU59<1,0,CV59+CU59*500000)) -> 0 | CY59: =IF(CX59>0,CX59,IF(CW59>0,CW59,6000000)) -> 6000000 | DA59: =CJ59 -> 0 | DF59: =VLOOKUP($D59,'[2]Med Service'!$D$11:$DI$87,110,0) -> 0 | DG59: =VLOOKUP($D59,'[3]BẢNG LƯƠNG'!$C$3:$AH$102,32,0)
L60: =SUM(L54:L59) -> 148 | M60: =SUM(M54:M59) -> 803.71 | N60: =SUM(N54:N59) -> 463.44 | O60: =SUM(O54:O59) -> 48 | P60: =SUM(P54:P59) -> 0 | Q60: =SUM(Q54:Q59) -> 0 | R60: =SUM(R54:R59) -> 0 | S60: =SUM(S54:S59) -> 15930000 | U60: =SUM(U54:U59) -> 0 | V60: =SUM(V54:V59) -> 0 | W60: =SUM(W54:W59) -> 0 | X60: =SUM(X54:X59) -> 0 | Y60: =SUM(Y54:Y59) -> 0 | Z60: =SUM(Z54:Z59) -> 0 | AA60: =SUM(AA54:AA59) -> 36000000 | AB60: =SUM(AB54:AB59) -> 12000000 | ... AI60: =SUM(AI54:AI59) -> 3000000 | AL60: =SUM(AL54:AL59) -> 500000 | AM60: =SUM(AM54:AM59) -> 0 | AN60: =SUM(AN54:AN59) -> 5915000 | AO60: =SUM(AO54:AO59) -> 174715 | AP60: =SUM(AP54:AP59) -> 0 | AQ60: =SUM(AQ54:AQ59) -> 0 | AR60: =SUM(AR54:AR59) -> 0 | AS60: =SUM(AS54:AS59) -> 0 | ... DG60: =SUM(DG54:DG59) -> 0
C61: Cu Thi Tuong Vy | D61: Cù Thị Tường Vy | E61: =IF(OR(G61="CHT",G61="DSBC"),"HĐLĐ",IF(OR(G61="DSTV",G61="Q.CHT"),"HĐTV","HĐCTV")) -> HĐLĐ | F61: Nguyễn Thị Thập | G61: CHT | H61: 16/3/2026 | I61: 0071000937911 | J61: Vietcombank | K61: 28 | L61: 1 | M61: 15.68 | N61: 0 | O61: 0 | S61: =IF(E61="HĐLĐ",5310000,0) -> 5310000 | T61: =IF(500000/28*L61>500000,500000,500000/28*L61) -> 17857.143 | AA61: =CY61 -> 6000000 | AB61: =AA61 -> 6000000 | AC61: =IF(E61="HĐTV",AB61*85%,0) -> 0 | AD61: =IF(E61="HĐTV",AC61/K61*L61,AB61/K61*L61) -> 214285.71 | AE61: =IF(E61="HĐTV",AC61/28/8*M61,AA61/28/8*M61) -> 420000 | AF61: =IF(E61="HĐTV",AC61/28/8*N61*1.5,AA61/28/8*N61*1.5) -> 0 | AG61: 0 | AH61: 0 | AI61: 0 | AL61: 0 | AM61: 0 | AN61: 0 | AO61: 0 | AP61: 0 | AQ61: 500000 | AS61: 0 | AU61: 0 | BA61: 0 | BB61: 0 | BC61: 0 | BD61: 0 | BE61: 0 | BF61: 0 | BG61: =SUM(T61:Z61)+SUM(AD61:AZ61)-SUM(BA61:BF61) -> 1152142.9 | BH61: =S61*17.5% -> 929250 | BI61: =S61*3% -> 159300 | BJ61: =S61*1% -> 53100 | BL61: =SUM(BH61:BK61) -> 1141650 | BM61: =S61*8% -> 424800 | BN61: =S61*1.5% -> 79650 | BO61: =S61*1% -> 53100 | BQ61: =SUM(BM61:BP61) -> 557550 | BR61: =AF61 -> 0 | BS61: =T61+U61+V61+W61 -> 17857.143 | BT61: =BG61-BS61-BR61 -> 1134285.7 | BU61: =IF(E61="HĐLĐ",15500000,0) -> 15500000 | BW61: =BV61*6200000 -> 0 | BX61: =BQ61 -> 557550 | BY61: =BU61+BW61+BX61 -> 16057550 | BZ61: =IF(BT61-BY61>0,BT61-BY61,0) -> 0 | CA61: =IF(AND(OR($E61="HĐTV",$E61="HĐCTV"),$BZ61<2000000),0,IF(OR($E61="HĐTV",$E61="HĐCTV"),$BZ61*10%,ROUND(IF($BZ61<=10000000,$BZ61*5%,IF($BZ61<=30000000,$BZ61*10%-500000,IF($BZ61<=60000000,$BZ61*20%-3500000,IF($BZ61<=100000000,$BZ61*30%-9500000,$BZ61*35%-14500000)))),0))) -> 0 | CB61: =ROUND(BG61-BQ61-CA61,0) -> 594593 | CE61: =CB61+CC61-CD61 -> 594593 | CF61: =CE61-CG61 -> 0 | CG61: =CE61 -> 594593 | CI61: =VLOOKUP($C61,[5]Sheet1!$C$5:$K$139,9,0) -> vy.cu@medigoapp.com | CK61: 10 | CM61: 4 | CN61: 9 | CO61: 2024 | CP61: =IF((($CO$8-CO61)*12)+($CN$8-CN61)>=12,((($CO$8-CO61)*12)+($CN$8-CN61))-1,0) -> 0 | CQ61: =IF(CP61<12,(($CQ$8-CO61)*12)+($CP$8-CN61),0) -> 20 | CR61: =IF(OR(CP61>12,CP61=12),((CP61-(CS61*12))+((($CQ$8-2024)*12)+($CP$8-4)))+1,0) -> 0 | CS61: =IF(OR(CP61>12,CP61=12),ROUNDDOWN(CP61/12,0),0) -> 0 | CT61: =IF(CQ61>11,ROUNDDOWN(CQ61/12,0),0) -> 1 | CU61: =IF(CR61>11,ROUNDDOWN(CR61/12,0),0) -> 0 | CV61: =IF(CP61=0,0,6000000*1.07^CS61) -> 0 | CW61: =IF(CT61<2,0,6000000+(CT61-1)*500000) -> 0 | CX61: =IF(CU61=0,CV61,IF(CU61<1,0,CV61+CU61*500000)) -> 0 | CY61: =IF(CX61>0,CX61,IF(CW61>0,CW61,6000000)) -> 6000000 | DA61: =CJ61 -> 0
A62: 53 | B62: 7 | C62: Trieu Thi Ngoc Ly | D62: Triệu Thị Ngọc Lý | E62: =IF(OR(G62="CHT",G62="DSBC"),"HĐLĐ",IF(OR(G62="DSTV",G62="Q.CHT"),"HĐTV","HĐCTV")) -> HĐLĐ | F62: Nguyễn Thị Thập | G62: CHT | H62: 45194 | I62: 0989442883 | J62: MB BANK | K62: 28 | L62: 31 | M62: 355.66 | N62: 42.22 | O62: 16 | S62: =IF(E62="HĐLĐ",5310000,0) -> 5310000 | T62: =IF(500000/28*L62>500000,500000,500000/28*L62) -> 500000 | AA62: =CY62 -> 6500000 | AE62: =IF(E62="HĐTV",AC62/28/8*M62,AA62/28/8*M62) -> 10320491 | AF62: =IF(E62="HĐTV",AC62/28/8*N62*1.5,AA62/28/8*N62*1.5) -> 1837700.9 | AG62: 1500000 | AH62: 0 | AI62: 0 | AL62: 0 | AM62: 0 | AN62: 1574500 | AO62: 31259 | AP62: 0 | AQ62: 0 | AS62: 170000 | AT62: 300000 | AU62: 0 | BA62: 32.,750 | BB62: 0 | BC62: 0 | BD62: 0 | BE62: 31000 | BF62: 0 | BG62: =SUM(T62:Z62)+SUM(AD62:AZ62)-SUM(BA62:BF62) -> 16202951 | BH62: =S62*17.5% -> 929250 | BI62: =S62*3% -> 159300 | BJ62: =S62*1% -> 53100 | BL62: =SUM(BH62:BK62) -> 1141650 | BM62: =S62*8% -> 424800 | BN62: =S62*1.5% -> 79650 | BO62: =S62*1% -> 53100 | BQ62: =SUM(BM62:BP62) -> 557550 | BR62: =AF62 -> 1837700.9 | BS62: =T62+U62+V62+W62 -> 500000 | BT62: =BG62-BS62-BR62 -> 13865250 | BU62: =IF(E62="HĐLĐ",15500000,0) -> 15500000 | BW62: =BV62*6200000 -> 0 | BX62: =BQ62 -> 557550 | BY62: =BU62+BW62+BX62 -> 16057550 | BZ62: =IF(BT62-BY62>0,BT62-BY62,0) -> 0 | CA62: =IF(AND(OR($E62="HĐTV",$E62="HĐCTV"),$BZ62<2000000),0,IF(OR($E62="HĐTV",$E62="HĐCTV"),$BZ62*10%,ROUND(IF($BZ62<=10000000,$BZ62*5%,IF($BZ62<=30000000,$BZ62*10%-500000,IF($BZ62<=60000000,$BZ62*20%-3500000,IF($BZ62<=100000000,$BZ62*30%-9500000,$BZ62*35%-14500000)))),0))) -> 0 | CB62: =ROUND(BG62-BQ62-CA62,0) -> 15645401 | CE62: =CB62+CC62-CD62 -> 15645401 | CF62: =CE62-CG62 -> 0 | CG62: =CE62 -> 15645401 | CI62: ly.trieu@medigoapp.com | CJ62: =VLOOKUP(D62,[1]CNT!$C$6:$AP$113,40,0) -> 0 | CK62: 5 | CM62: 25 | CN62: 9 | CO62: 2023 | CP62: =IF((($CO$8-CO62)*12)+($CN$8-CN62)>=12,((($CO$8-CO62)*12)+($CN$8-CN62))-1,0) -> 0 | CQ62: =IF(CP62<12,(($CQ$8-CO62)*12)+($CP$8-CN62),0) -> 32 | CR62: =IF(OR(CP62>12,CP62=12),((CP62-(CS62*12))+((($CQ$8-2024)*12)+($CP$8-4)))+1,0) -> 0 | CS62: =IF(OR(CP62>12,CP62=12),ROUNDDOWN(CP62/12,0),0) -> 0 | CT62: =IF(CQ62>11,ROUNDDOWN(CQ62/12,0),0) -> 2 | CU62: =IF(CR62>11,ROUNDDOWN(CR62/12,0),0) -> 0 | CV62: =IF(CP62=0,0,6000000*1.07^CS62) -> 0 | CW62: =IF(CT62<2,0,6000000+(CT62-1)*500000) -> 6500000 | CX62: =IF(CU62=0,CV62,IF(CU62<1,0,CV62+CU62*500000)) -> 0 | CY62: =IF(CX62>0,CX62,IF(CW62>0,CW62,6000000)) -> 6500000 | DA62: =CJ62 -> 0 | DB62: HD1167853 | DE62: ='[6]Tong hop'!$P$11+'[6]Tong hop'!$P$25 -> 737824 | DF62: =VLOOKUP($D62,'[2]Med Service'!$D$11:$DI$87,110,0) -> 0 | DG62: =VLOOKUP($D62,'[3]BẢNG LƯƠNG'!$C$3:$AH$102,32,0) -> Không đảm bảo vệ sinh khu vực làm việc 21/05/2026: 10.000đ Vi phạm chấm điểm checklist 27/05/2026: 10.000đ
A63: 50 | B63: 7 | C63: Cao Trong Nhan | D63: Cao Trọng Nhân | E63: =IF(OR(G63="CHT",G63="DSBC"),"HĐLĐ",IF(OR(G63="DSTV",G63="Q.CHT"),"HĐTV","HĐCTV")) -> HĐLĐ | F63: Nguyễn Thị Thập | G63: DSBC | H63: 18/12/2025 | I63: 109868265987 | J63: Vietinbank | K63: 28 | L63: 28 | M63: 40.73 | N63: 228.5 | O63: 0 | S63: =IF(E63="HĐLĐ",5310000,0) -> 5310000 | T63: =IF(500000/28*L63>500000,500000,500000/28*L63) -> 500000 | AA63: =CY63 -> 6000000 | AE63: =IF(E63="HĐTV",AC63/28/8*M63,AA63/28/8*M63) -> 1090982.1 | AF63: =IF(E63="HĐTV",AC63/28/8*N63*1.5,AA63/28/8*N63*1.5) -> 9180803.6 | AG63: 0 | AH63: 0 | AI63: 1500000 | AL63: 500000 | AM63: 1347392 | AN63: 2214100 | AO63: 130696 | AP63: 0 | AQ63: 0 | AS63: 0 | AT63: 0 | AU63: 0 | AY63: 100000 | AZ63: 100000 | BA63: 32.,750 | BB63: 0 | BC63: 0 | BD63: 0 | BE63: 0 | BF63: 0 | BG63: =SUM(T63:Z63)+SUM(AD63:AZ63)-SUM(BA63:BF63) -> 16663974 | BH63: =S63*17.5% -> 929250 | BI63: =S63*3% -> 159300 | BJ63: =S63*1% -> 53100 | BL63: =SUM(BH63:BK63) -> 1141650 | BM63: =S63*8% -> 424800 | BN63: =S63*1.5% -> 79650 | BO63: =S63*1% -> 53100 | BQ63: =SUM(BM63:BP63) -> 557550 | BR63: =AF63 -> 9180803.6 | BS63: =T63+U63+V63+W63 -> 500000 | BT63: =BG63-BS63-BR63 -> 6983170.1 | BU63: =IF(E63="HĐLĐ",15500000,0) -> 15500000 | BW63: =BV63*6200000 -> 0 | BX63: =BQ63 -> 557550 | BY63: =BU63+BW63+BX63 -> 16057550 | BZ63: =IF(BT63-BY63>0,BT63-BY63,0) -> 0 | CA63: =IF(AND(OR($E63="HĐTV",$E63="HĐCTV"),$BZ63<2000000),0,IF(OR($E63="HĐTV",$E63="HĐCTV"),$BZ63*10%,ROUND(IF($BZ63<=10000000,$BZ63*5%,IF($BZ63<=30000000,$BZ63*10%-500000,IF($BZ63<=60000000,$BZ63*20%-3500000,IF($BZ63<=100000000,$BZ63*30%-9500000,$BZ63*35%-14500000)))),0))) -> 0 | CB63: =ROUND(BG63-BQ63-CA63,0) -> 16106424 | CE63: =CB63+CC63-CD63 -> 16106424 | CF63: =CE63-CG63 -> 0 | CG63: =CE63 -> 16106424 | CI63: =VLOOKUP($C63,[5]Sheet1!$C$5:$K$139,9,0) -> nhan.cao@medigoapp.com | CJ63: =VLOOKUP(D63,[1]CNT!$C$6:$AP$113,40,0) -> 0 | CK63: 8 | CM63: 18 | CN63: 12 | CO63: 2025 | CP63: =IF((($CO$8-CO63)*12)+($CN$8-CN63)>=12,((($CO$8-CO63)*12)+($CN$8-CN63))-1,0) -> 0 | CQ63: =IF(CP63<12,(($CQ$8-CO63)*12)+($CP$8-CN63),0) -> 5 | CR63: =IF(OR(CP63>12,CP63=12),((CP63-(CS63*12))+((($CQ$8-2024)*12)+($CP$8-4)))+1,0) -> 0 | CS63: =IF(OR(CP63>12,CP63=12),ROUNDDOWN(CP63/12,0),0) -> 0 | CT63: =IF(CQ63>11,ROUNDDOWN(CQ63/12,0),0) -> 0 | CU63: =IF(CR63>11,ROUNDDOWN(CR63/12,0),0) -> 0 | CV63: =IF(CP63=0,0,6000000*1.07^CS63) -> 0 | CW63: =IF(CT63<2,0,6000000+(CT63-1)*500000) -> 0 | CX63: =IF(CU63=0,CV63,IF(CU63<1,0,CV63+CU63*500000)) -> 0 | CY63: 6000000 | DA63: =CJ63 -> 0 | DF63: =VLOOKUP($D63,'[2]Med Service'!$D$11:$DI$87,110,0) -> 0 | DG63: =VLOOKUP($D63,'[3]BẢNG LƯƠNG'!$C$3:$AH$102,32,0)
A64: 54 | B64: 7 | C64: Tran Thanh Dat | D64: Trần Thành Đạt | E64: =IF(OR(G64="CHT",G64="DSBC"),"HĐLĐ",IF(OR(G64="DSTV",G64="Q.CHT"),"HĐTV","HĐCTV")) -> HĐLĐ | F64: Nguyễn Thị Thập | G64: DSBC | H64: 21/07/2025 | I64: 0621000445313 | J64: Vietcombank | K64: 28 | L64: 28 | M64: 12.59 | N64: 258.7 | O64: 0 | S64: =IF(E64="HĐLĐ",5310000,0) -> 5310000 | T64: =IF(500000/28*L64>500000,500000,500000/28*L64) -> 500000 | AA64: =CY64 -> 6000000 | AE64: =IF(E64="HĐTV",AC64/28/8*M64,AA64/28/8*M64) -> 337232.14 | AF64: =IF(E64="HĐTV",AC64/28/8*N64*1.5,AA64/28/8*N64*1.5) -> 10394196 | AG64: 0 | AH64: 0 | AI64: 1500000 | AL64: 0 | AM64: 0 | AN64: 1922350 | AO64: 29087 | AP64: 0 | AQ64: 0 | AS64: 0 | AT64: 0 | AU64: 0 | AZ64: 2500000 | BA64: 32.,750 | BB64: 0 | BC64: 0 | BD64: 0 | BE64: 0 | BF64: 0 | BG64: =SUM(T64:Z64)+SUM(AD64:AZ64)-SUM(BA64:BF64) -> 17182866 | BH64: =S64*17.5% -> 929250 | BI64: =S64*3% -> 159300 | BJ64: =S64*1% -> 53100 | BL64: =SUM(BH64:BK64) -> 1141650 | BM64: =S64*8% -> 424800 | BN64: =S64*1.5% -> 79650 | BO64: =S64*1% -> 53100 | BQ64: =SUM(BM64:BP64) -> 557550 | BR64: =AF64 -> 10394196 | BS64: =T64+U64+V64+W64 -> 500000 | BT64: =BG64-BS64-BR64 -> 6288669.1 | BU64: =IF(E64="HĐLĐ",15500000,0) -> 15500000 | BW64: =BV64*6200000 -> 0 | BX64: =BQ64 -> 557550 | BY64: =BU64+BW64+BX64 -> 16057550 | BZ64: =IF(BT64-BY64>0,BT64-BY64,0) -> 0 | CA64: =IF(AND(OR($E64="HĐTV",$E64="HĐCTV"),$BZ64<2000000),0,IF(OR($E64="HĐTV",$E64="HĐCTV"),$BZ64*10%,ROUND(IF($BZ64<=10000000,$BZ64*5%,IF($BZ64<=30000000,$BZ64*10%-500000,IF($BZ64<=60000000,$BZ64*20%-3500000,IF($BZ64<=100000000,$BZ64*30%-9500000,$BZ64*35%-14500000)))),0))) -> 0 | CB64: =ROUND(BG64-BQ64-CA64,0) -> 16625316 | CE64: =CB64+CC64-CD64 -> 16625316 | CF64: =CE64-CG64 -> 0 | CG64: =CE64 -> 16625316 | CI64: dat.tran@medigoapp.com | CJ64: =VLOOKUP(D64,[1]CNT!$C$6:$AP$113,40,0) -> 0 | CK64: 9 | CM64: 21 | CN64: 7 | CO64: 2025 | CP64: =IF((($CO$8-CO64)*12)+($CN$8-CN64)>=12,((($CO$8-CO64)*12)+($CN$8-CN64))-1,0) -> 0 | CQ64: =IF(CP64<12,(($CQ$8-CO64)*12)+($CP$8-CN64),0) -> 10 | CR64: =IF(OR(CP64>12,CP64=12),((CP64-(CS64*12))+((($CQ$8-2024)*12)+($CP$8-4)))+1,0) -> 0 | CS64: =IF(OR(CP64>12,CP64=12),ROUNDDOWN(CP64/12,0),0) -> 0 | CT64: =IF(CQ64>11,ROUNDDOWN(CQ64/12,0),0) -> 0 | CU64: =IF(CR64>11,ROUNDDOWN(CR64/12,0),0) -> 0 | CV64: =IF(CP64=0,0,6000000*1.07^CS64) -> 0 | CW64: =IF(CT64<2,0,6000000+(CT64-1)*500000) -> 0 | CX64: =IF(CU64=0,CV64,IF(CU64<1,0,CV64+CU64*500000)) -> 0 | CY64: =IF(CX64>0,CX64,IF(CW64>0,CW64,6000000)) -> 6000000 | DA64: =CJ64 -> 0 | DF64: =VLOOKUP($D64,'[2]Med Service'!$D$11:$DI$87,110,0) -> 0 | DG64: =VLOOKUP($D64,'[3]BẢNG LƯƠNG'!$C$3:$AH$102,32,0)
C65: Hoang Lam Gia Bao | D65: Hoàng Lâm Gia Bảo | E65: =IF(OR(G65="CHT",G65="DSBC"),"HĐLĐ",IF(OR(G65="DSTV",G65="Q.CHT"),"HĐTV","HĐCTV")) -> HĐLĐ | F65: Nguyễn Thị Thập | G65: DSBC | H65: 27/5/2026 | I65: 067106916868 | J65: Sacombank | K65: 28 | L65: 7 | M65: 42.37 | N65: 0 | O65: 0 | S65: =IF(E65="HĐLĐ",5310000,0) -> 5310000 | T65: =IF(500000/28*L65>500000,500000,500000/28*L65) -> 125000 | AA65: 6000000 | AB65: =AA65 -> 6000000 | AC65: =IF(E65="HĐTV",AB65*85%,0) -> 0 | AD65: =IF(E65="HĐTV",AC65/K65*L65,AB65/K65*L65) -> 1500000 | AE65: =IF(E65="HĐTV",AC65/28/8*M65,AA65/28/8*M65) -> 1134910.7 | AF65: =IF(E65="HĐTV",AC65/28/8*N65*1.5,AA65/28/8*N65*1.5) -> 0 | AG65: 0 | AH65: 0 | AI65: 0 | AL65: 0 | AM65: 0 | AN65: 0 | AO65: 0 | AP65: 0 | AQ65: 0 | AS65: 0 | AT65: 0 | AU65: 0 | BA65: 0 | BB65: 0 | BC65: 0 | BD65: 0 | BE65: 0 | BF65: 0 | BG65: =SUM(T65:Z65)+SUM(AD65:AZ65)-SUM(BA65:BF65) -> 2759910.7 | BH65: =S65*17.5% -> 929250 | BI65: =S65*3% -> 159300 | BJ65: =S65*1% -> 53100 | BL65: =SUM(BH65:BK65) -> 1141650 | BM65: =S65*8% -> 424800 | BN65: =S65*1.5% -> 79650 | BO65: =S65*1% -> 53100 | BQ65: =SUM(BM65:BP65) -> 557550 | CE65: =CB65+CC65-CD65 -> 0 | CK65: 11 | CY65: 5100000
A66: 52 | B66: 7 | C66: Nguyen Tri Nghia | D66: Nguyễn Trí Nghĩa | E66: HĐLĐ | F66: Nguyễn Thị Thập | G66: DSBC | H66: 45439 | I66: 0251002787705 | J66: Vietcombank | K66: 28 | L66: 15 | M66: 100.03 | N66: 15.9 | O66: 0 | S66: =IF(E66="HĐLĐ",5310000,0) -> 5310000 | T66: =IF(500000/28*L66>500000,500000,500000/28*L66) -> 267857.14 | AA66: =CY66 -> 6500000 | AE66: =IF(E66="HĐTV",AC66/28/8*M66,AA66/28/8*M66) -> 2902656.2 | AF66: =IF(E66="HĐTV",AC66/28/8*N66*1.5,AA66/28/8*N66*1.5) -> 692075.89 | AG66: 0 | AH66: 0 | AI66: 0 | AL66: 0 | AM66: 0 | AN66: 609435 | AO66: 13341 | AP66: 0 | AQ66: 0 | AS66: 0 | AT66: 0 | AU66: 0 | BA66: 32.,750 | BB66: 0 | BC66: 0 | BD66: 0 | BE66: 130600 | BF66: 0 | BG66: =SUM(T66:Z66)+SUM(AD66:AZ66)-SUM(BA66:BF66) -> 4354765.3 | BH66: =S66*17.5% -> 929250 | BI66: =S66*3% -> 159300 | BJ66: =S66*1% -> 53100 | BL66: =SUM(BH66:BK66) -> 1141650 | BM66: =S66*8% -> 424800 | BN66: =S66*1.5% -> 79650 | BO66: =S66*1% -> 53100 | BQ66: =SUM(BM66:BP66) -> 557550 | BR66: =AF66 -> 692075.89 | BS66: =T66+U66+V66+W66 -> 267857.14 | BT66: =BG66-BS66-BR66 -> 3394832.2 | BU66: =IF(E66="HĐLĐ",15500000,0) -> 15500000 | BW66: =BV66*6200000 -> 0 | BX66: =BQ66 -> 557550 | BY66: =BU66+BW66+BX66 -> 16057550 | BZ66: =IF(BT66-BY66>0,BT66-BY66,0) -> 0 | CA66: =IF(AND(OR($E66="HĐTV",$E66="HĐCTV"),$BZ66<2000000),0,IF(OR($E66="HĐTV",$E66="HĐCTV"),$BZ66*10%,ROUND(IF($BZ66<=10000000,$BZ66*5%,IF($BZ66<=30000000,$BZ66*10%-500000,IF($BZ66<=60000000,$BZ66*20%-3500000,IF($BZ66<=100000000,$BZ66*30%-9500000,$BZ66*35%-14500000)))),0))) -> 0 | CB66: =ROUND(BG66-BQ66-CA66,0) -> 3797215 | CE66: =CB66+CC66-CD66 -> 3797215 | CF66: =CE66-CG66 -> 0 | CG66: =CE66 -> 3797215 | CI66: tringhia.nguyen@medigoapp.com | CJ66: =VLOOKUP(D66,[1]CNT!$C$6:$AP$113,40,0) -> 0 | CK66: 5 | CM66: 27 | CN66: 5 | CO66: 2024 | CP66: 0 | CQ66: =IF(CP66<12,(($CQ$8-CO66)*12)+($CP$8-CN66),0) -> 24 | CR66: =IF(OR(CP66>12,CP66=12),((CP66-(CS66*12))+((($CQ$8-2024)*12)+($CP$8-4)))+1,0) -> 0 | CS66: 0 | CT66: =IF(CQ66>11,ROUNDDOWN(CQ66/12,0),0) -> 2 | CU66: 0 | CV66: 0 | CW66: =IF(CT66<2,0,6000000+(CT66-1)*500000) -> 6500000 | CX66: 0 | CY66: =IF(CX66>0,CX66,IF(CW66>0,CW66,6000000)) -> 6500000 | DA66: =CJ66 -> 0 | DB66: Đối soát HD1144176,HD1163287 | DF66: =VLOOKUP($D66,'[2]Med Service'!$D$11:$DI$87,110,0) -> 0 | DG66: =VLOOKUP($D66,'[3]BẢNG LƯƠNG'!$C$3:$AH$102,32,0)
C67: Phan Cong Vu Tai | D67: Phan Công Vũ Tài | E67: =IF(OR(G67="CHT",G67="DSBC"),"HĐLĐ",IF(OR(G67="DSTV",G67="Q.CHT"),"HĐTV","HĐCTV")) -> HĐLĐ | F67: Nguyễn Thị Thập | G67: DSBC | H67: 26/01/2026 | I67: 02446989901 | J67: Tp Bank | K67: 28 | L67: 2 | M67: 11.42 | N67: 0 | O67: 0 | S67: =IF(E67="HĐLĐ",5310000,0) -> 5310000 | AA67: 6000000 | AB67: =AA67 -> 6000000 | AC67: =IF(E67="HĐTV",AB67*85%,0) -> 0 | AD67: =IF(E67="HĐTV",AC67/K67*L67,AB67/K67*L67) -> 428571.43 | AE67: =IF(E67="HĐTV",AC67/28/8*M67,AA67/28/8*M67) -> 305892.86 | AF67: =IF(E67="HĐTV",AC67/28/8*N67*1.5,AA67/28/8*N67*1.5) -> 0 | AG67: 0 | AH67: 0 | AI67: 0 | AL67: 0 | AM67: 0 | AN67: 0 | AO67: 15362 | AP67: 0 | AQ67: 0 | AS67: 0 | AT67: 0 | AU67: 0 | BA67: 0 | BB67: 0 | BC67: 0 | BD67: 0 | BE67: 0 | BF67: 0 | BG67: =SUM(T67:Z67)+SUM(AD67:AZ67)-SUM(BA67:BF67) -> 749826.29 | BH67: =S67*17.5% -> 929250 | BI67: =S67*3% -> 159300 | BJ67: =S67*1% -> 53100 | BL67: =SUM(BH67:BK67) -> 1141650 | BM67: =S67*8% -> 424800 | BN67: =S67*1.5% -> 79650 | BO67: =S67*1% -> 53100 | BQ67: =SUM(BM67:BP67) -> 557550 | CE67: =CB67+CC67-CD67 -> 0 | CK67: 4 | CY67: =IF(CX67>0,CX67,IF(CW67>0,CW67,6000000)) -> 6000000
A68: 49 | C68: Bui Thi Bich Tram | D68: Bùi Thị Bích Trâm | E68: =IF(OR(G68="CHT",G68="DSBC"),"HĐLĐ",IF(OR(G68="DSTV",G68="Q.CHT"),"HĐTV","HĐCTV")) -> HĐCTV | F68: Nguyễn Thị Thập | G68: DSHV | H68: 06/07/2026 | I68: 1016922539 | J68: Vietcombank | K68: 28 | L68: 15 | M68: 178.17 | N68: 0 | O68: 0 | S68: =IF(E68="HĐLĐ",5310000,0) -> 0 | T68: =IF(500000/28*L68>500000,500000,500000/28*L68) -> 267857.14 | AA68: =CY68 -> 3000000 | AE68: =IF(E68="HĐTV",AC68/28/8*M68,AA68/28/8*M68) -> 2386205.4 | AF68: =IF(E68="HĐTV",AC68/28/8*N68*1.5,AA68/28/8*N68*1.5) -> 0 | AG68: 0 | AH68: 0 | AI68: 0 | AL68: 0 | AM68: 0 | AN68: 0 | AO68: 0 | AP68: 0 | AQ68: 1500000 | AS68: 0 | AT68: 0 | AU68: 0 | BA68: 0 | BB68: 0 | BC68: 0 | BD68: 0 | BE68: 0 | BF68: 0 | BG68: =SUM(T68:Z68)+SUM(AD68:AZ68)-SUM(BA68:BF68) -> 4154062.5 | BH68: =S68*17.5% -> 0 | BI68: =S68*3% -> 0 | BJ68: =S68*1% -> 0 | BL68: =SUM(BH68:BK68) -> 0 | BM68: =S68*8% -> 0 | BN68: =S68*1.5% -> 0 | BO68: =S68*1% -> 0 | BQ68: =SUM(BM68:BP68) -> 0 | BR68: =AF68 -> 0 | BT68: =BG68-BS68-BR68 -> 4154062.5 | BY68: =BU68+BW68+BX68 -> 0 | BZ68: =IF(BT68-BY68>0,BT68-BY68,0) -> 4154062.5 | CA68: =IF(AND(OR($E68="HĐTV",$E68="HĐCTV"),$BZ68<2000000),0,IF(OR($E68="HĐTV",$E68="HĐCTV"),$BZ68*10%,ROUND(IF($BZ68<=10000000,$BZ68*5%,IF($BZ68<=30000000,$BZ68*10%-500000,IF($BZ68<=60000000,$BZ68*20%-3500000,IF($BZ68<=100000000,$BZ68*30%-9500000,$BZ68*35%-14500000)))),0))) -> 415406.25 | CB68: =ROUND(BG68-BQ68-CA68,0) -> 3738656 | CE68: =CB68+CC68-CD68 -> 3738656 | CF68: =CE68-CG68 -> 0 | CG68: =CE68 -> 3738656 | CI68: tram.bui@medigoapp.com | CJ68: =VLOOKUP(D68,[1]CNT!$C$6:$AP$113,40,0) -> 0 | CK68: 6 | CY68: 3000000
K69: =SUM(K61:K68) -> 224 | L69: =SUM(L68:L68) -> 15 | M69: =SUM(M68:M68) -> 178.17 | N69: =SUM(N68:N68) -> 0 | O69: =SUM(O68:O68) -> 0 | P69: =SUM(P68:P68) -> 0 | Q69: =SUM(Q68:Q68) -> 0 | R69: =SUM(R68:R68) -> 0 | S69: =SUM(S68:S68) -> 0 | ... AP69: =SUM(AP68:AP68) -> 0 | AQ69: =SUM(AQ61:AQ68) -> 2000000 | AR69: =SUM(AR68:AR68) -> 0 | AS69: =SUM(AS68:AS68) -> 0 | AT69: =SUM(AT68:AT68) -> 0 | AU69: =SUM(AU68:AU68) -> 0 | AV69: =SUM(AV68:AV68) -> 0 | AW69: =SUM(AW68:AW68) -> 0 | AX69: =SUM(AX68:AX68) -> 0 | AY69: =SUM(AY68:AY68) -> 0 | ... DG69: =SUM(DG68:DG68) -> 0
A70: 59 | B70: 7 | C70: Vo Ngoc Giau Sang | D70: Võ Ngọc Giàu Sang | E70: =IF(OR(G70="CHT",G70="DSBC"),"HĐLĐ",IF(OR(G70="DSTV",G70="Q.CHT"),"HĐTV","HĐCTV")) -> HĐLĐ | F70: Nguyễn Văn Quá | G70: CHT | H70: 08/07/2024 | I70: 04015933001 | J70: TP bank | K70: 28 | L70: 24 | M70: 187.86 | N70: 0 | O70: 0 | S70: =IF(E70="HĐLĐ",5310000,0) -> 5310000 | T70: =IF(500000/28*L70>500000,500000,500000/28*L70) -> 428571.43 | AA70: =CY70 -> 6000000 | AE70: =IF(E70="HĐTV",AC70/28/8*M70,AA70/28/8*M70) -> 5031964.3 | AF70: =IF(E70="HĐTV",AC70/28/8*N70*1.5,AA70/28/8*N70*1.5) -> 0 | AG70: 1500000 | AH70: 0 | AI70: 0 | AL70: 0 | AM70: 0 | AN70: 1313900 | AO70: 7827 | AP70: 0 | AQ70: 1108000 | AS70: 0 | AT70: 0 | AU70: 0 | BA70: 0 | BB70: 0 | BC70: 0 | BD70: 0 | BE70: 0 | BF70: 0 | BG70: =SUM(T70:Z70)+SUM(AD70:AZ70)-SUM(BA70:BF70) -> 9390262.7 | BH70: =S70*17.5% -> 929250 | BI70: =S70*3% -> 159300 | BJ70: =S70*1% -> 53100 | BL70: =SUM(BH70:BK70) -> 1141650 | BM70: =S70*8% -> 424800 | BN70: =S70*1.5% -> 79650 | BO70: =S70*1% -> 53100 | BQ70: =SUM(BM70:BP70) -> 557550 | BR70: =AF70 -> 0 | BS70: =T70+U70+V70+W70 -> 428571.43 | BT70: =BG70-BS70-BR70 -> 8961691.3 | BU70: =IF(E70="HĐLĐ",15500000,0) -> 15500000 | BW70: =BV70*6200000 -> 0 | BX70: =BQ70 -> 557550 | BY70: =BU70+BW70+BX70 -> 16057550 | BZ70: =IF(BT70-BY70>0,BT70-BY70,0) -> 0 | CA70: =IF(AND(OR($E70="HĐTV",$E70="HĐCTV"),$BZ70<2000000),0,IF(OR($E70="HĐTV",$E70="HĐCTV"),$BZ70*10%,ROUND(IF($BZ70<=10000000,$BZ70*5%,IF($BZ70<=30000000,$BZ70*10%-500000,IF($BZ70<=60000000,$BZ70*20%-3500000,IF($BZ70<=100000000,$BZ70*30%-9500000,$BZ70*35%-14500000)))),0))) -> 0 | CB70: =ROUND(BG70-BQ70-CA70,0) -> 8832713 | CE70: =CB70+CC70-CD70 -> 8832713 | CF70: =CE70-CG70 -> 0 | CG70: =CE70 -> 8832713 | CI70: sang.vo@medigoapp.com | CJ70: =VLOOKUP(D70,[1]CNT!$C$6:$AP$113,40,0) -> 0 | CK70: 11 | CM70: 8 | CN70: 7 | CO70: 2024 | CP70: =IF((($CO$8-CO70)*12)+($CN$8-CN70)>=12,((($CO$8-CO70)*12)+($CN$8-CN70))-1,0) -> 0 | CQ70: =IF(CP70<12,(($CQ$8-CO70)*12)+($CP$8-CN70),0) -> 22 | CR70: =IF(OR(CP70>12,CP70=12),((CP70-(CS70*12))+((($CQ$8-2024)*12)+($CP$8-4)))+1,0) -> 0 | CS70: =IF(OR(CP70>12,CP70=12),ROUNDDOWN(CP70/12,0),0) -> 0 | CT70: =IF(CQ70>11,ROUNDDOWN(CQ70/12,0),0) -> 1 | CU70: =IF(CR70>11,ROUNDDOWN(CR70/12,0),0) -> 0 | CV70: =IF(CP70=0,0,6000000*1.07^CS70) -> 0 | CW70: =IF(CT70<2,0,6000000+(CT70-1)*500000) -> 0 | CX70: =IF(CU70=0,CV70,IF(CU70<1,0,CV70+CU70*500000)) -> 0 | CY70: =IF(CX70>0,CX70,IF(CW70>0,CW70,6000000)) -> 6000000 | DA70: =CJ70 -> 0 | DE70: =VLOOKUP($D70,'[6]Tong hop'!$B$8:$Q$45,15,0) -> 190014 | DF70: =VLOOKUP($D70,'[2]Med Service'!$D$11:$DI$87,110,0) -> 0 | DG70: =VLOOKUP($D70,'[3]BẢNG LƯƠNG'!$C$3:$AH$102,32,0) -> Vi phạm chấm điểm checklist 25/05/2026: 10.000đ
A71: 55 | B71: 7 | C71: Ho Ngoc Ly | D71: Hồ Ngọc Lý | E71: =IF(OR(G71="CHT",G71="DSBC"),"HĐLĐ",IF(OR(G71="DSTV",G71="Q.CHT"),"HĐTV","HĐCTV")) -> HĐLĐ | F71: Nguyễn Văn Quá | G71: DSBC | H71: 08/07/2024 | I71: 0081765868686 | J71: MB bank | K71: 28 | L71: 27 | M71: 8.93 | N71: 205.99 | O71: 0 | S71: =IF(E71="HĐLĐ",5310000,0) -> 5310000 | T71: =IF(500000/28*L71>500000,500000,500000/28*L71) -> 482142.86 | AA71: =CY71 -> 6000000 | AE71: =IF(E71="HĐTV",AC71/28/8*M71,AA71/28/8*M71) -> 239196.43 | AF71: =IF(E71="HĐTV",AC71/28/8*N71*1.5,AA71/28/8*N71*1.5) -> 8276383.9 | AG71: 0 | AH71: 0 | AI71: 1392857 | AL71: 1000000 | AM71: 0 | AN71: 2337900 | AO71: 6740 | AP71: 0 | AQ71: 1062400 | AS71: 0 | AT71: 0 | AU71: 0 | BA71: 0 | BB71: 0 | BC71: 0 | BD71: 0 | BE71: 109000 | BF71: 0 | BG71: =SUM(T71:Z71)+SUM(AD71:AZ71)-SUM(BA71:BF71) -> 14688620 | BH71: =S71*17.5% -> 929250 | BI71: =S71*3% -> 159300 | BJ71: =S71*1% -> 53100 | BL71: =SUM(BH71:BK71) -> 1141650 | BM71: =S71*8% -> 424800 | BN71: =S71*1.5% -> 79650 | BO71: =S71*1% -> 53100 | BQ71: =SUM(BM71:BP71) -> 557550 | BR71: =AF71 -> 8276383.9 | BS71: =T71+U71+V71+W71 -> 482142.86 | BT71: =BG71-BS71-BR71 -> 5930093.4 | BU71: =IF(E71="HĐLĐ",15500000,0) -> 15500000 | BW71: =BV71*6200000 -> 0 | BX71: =BQ71 -> 557550 | BY71: =BU71+BW71+BX71 -> 16057550 | BZ71: =IF(BT71-BY71>0,BT71-BY71,0) -> 0 | CA71: =IF(AND(OR($E71="HĐTV",$E71="HĐCTV"),$BZ71<2000000),0,IF(OR($E71="HĐTV",$E71="HĐCTV"),$BZ71*10%,ROUND(IF($BZ71<=10000000,$BZ71*5%,IF($BZ71<=30000000,$BZ71*10%-500000,IF($BZ71<=60000000,$BZ71*20%-3500000,IF($BZ71<=100000000,$BZ71*30%-9500000,$BZ71*35%-14500000)))),0))) -> 0 | CB71: =ROUND(BG71-BQ71-CA71,0) -> 14131070 | CE71: =CB71+CC71-CD71 -> 14131070 | CF71: =CE71-CG71 -> 0 | CG71: =CE71 -> 14131070 | CI71: ly.ho@medigoapp.com | CJ71: =VLOOKUP(D71,[1]CNT!$C$6:$AP$113,40,0) -> 0 | CK71: 12 | CM71: 8 | CN71: 7 | CO71: 2024 | CP71: =IF((($CO$8-CO71)*12)+($CN$8-CN71)>=12,((($CO$8-CO71)*12)+($CN$8-CN71))-1,0) -> 0 | CQ71: =IF(CP71<12,(($CQ$8-CO71)*12)+($CP$8-CN71),0) -> 22 | CR71: =IF(OR(CP71>12,CP71=12),((CP71-(CS71*12))+((($CQ$8-2024)*12)+($CP$8-4)))+1,0) -> 0 | CS71: =IF(OR(CP71>12,CP71=12),ROUNDDOWN(CP71/12,0),0) -> 0 | CT71: =IF(CQ71>11,ROUNDDOWN(CQ71/12,0),0) -> 1 | CU71: =IF(CR71>11,ROUNDDOWN(CR71/12,0),0) -> 0 | CV71: =IF(CP71=0,0,6000000*1.07^CS71) -> 0 | CW71: =IF(CT71<2,0,6000000+(CT71-1)*500000) -> 0 | CX71: =IF(CU71=0,CV71,IF(CU71<1,0,CV71+CU71*500000)) -> 0 | CY71: =IF(CX71>0,CX71,IF(CW71>0,CW71,6000000)) -> 6000000 | DA71: =CJ71 -> 0 | DB71: Đối soát HD1133420, HD1139361 | DF71: =VLOOKUP($D71,'[2]Med Service'!$D$11:$DI$87,110,0) -> 0 | DG71: =VLOOKUP($D71,'[3]BẢNG LƯƠNG'!$C$3:$AH$102,32,0) -> Vào ca trễ 28/05/2026: 10.000đ
A72: 57 | B72: 7 | C72: Nguyen Thi Thu Huyen | D72: Nguyễn Thị Thu Huyền | E72: =IF(OR(G72="CHT",G72="DSBC"),"HĐLĐ",IF(OR(G72="DSTV",G72="Q.CHT"),"HĐTV","HĐCTV")) -> HĐLĐ | F72: Nguyễn Văn Quá | G72: DSBC | H72: 24/06/2025 | I72: 0964455650 | J72: Sacombank | K72: 28 | L72: 27 | M72: 76.74 | N72: 214.29 | O72: 0 | S72: =IF(E72="HĐLĐ",5310000,0) -> 5310000 | T72: =IF(500000/28*L72>500000,500000,500000/28*L72) -> 482142.86 | AA72: =CY72 -> 6000000 | AE72: =IF(E72="HĐTV",AC72/28/8*M72,AA72/28/8*M72) -> 2055535.7 | AF72: =IF(E72="HĐTV",AC72/28/8*N72*1.5,AA72/28/8*N72*1.5) -> 8609866.1 | AG72: 0 | AH72: 0 | AI72: 1339286 | AL72: 1000000 | AM72: 0 | AN72: 2493200 | AO72: 7545 | AP72: 0 | AQ72: 1150800 | AS72: 0 | AT72: 0 | AU72: 0 | BA72: 0 | BB72: 0 | BC72: 0 | BD72: 0 | BE72: 34000 | BF72: 0 | BG72: =SUM(T72:Z72)+SUM(AD72:AZ72)-SUM(BA72:BF72) -> 17104376 | BH72: =S72*17.5% -> 929250 | BI72: =S72*3% -> 159300 | BJ72: =S72*1% -> 53100 | BL72: =SUM(BH72:BK72) -> 1141650 | BM72: =S72*8% -> 424800 | BN72: =S72*1.5% -> 79650 | BO72: =S72*1% -> 53100 | BQ72: =SUM(BM72:BP72) -> 557550 | BR72: =AF72 -> 8609866.1 | BS72: =T72+U72+V72+W72 -> 482142.86 | BT72: =BG72-BS72-BR72 -> 8012366.7 | BU72: =IF(E72="HĐLĐ",15500000,0) -> 15500000 | BW72: =BV72*6200000 -> 0 | BX72: =BQ72 -> 557550 | BY72: =BU72+BW72+BX72 -> 16057550 | BZ72: =IF(BT72-BY72>0,BT72-BY72,0) -> 0 | CA72: =IF(AND(OR($E72="HĐTV",$E72="HĐCTV"),$BZ72<2000000),0,IF(OR($E72="HĐTV",$E72="HĐCTV"),$BZ72*10%,ROUND(IF($BZ72<=10000000,$BZ72*5%,IF($BZ72<=30000000,$BZ72*10%-500000,IF($BZ72<=60000000,$BZ72*20%-3500000,IF($BZ72<=100000000,$BZ72*30%-9500000,$BZ72*35%-14500000)))),0))) -> 0 | CB72: =ROUND(BG72-BQ72-CA72,0) -> 16546826 | CE72: =CB72+CC72-CD72 -> 16546826 | CF72: =CE72-CG72 -> 0 | CG72: =CE72 -> 16546826 | CI72: huyen.nguyen@medigoapp.com | CJ72: =VLOOKUP(D72,[1]CNT!$C$6:$AP$113,40,0) -> 0 | CK72: 6 | CM72: 24 | CN72: 6 | CO72: 2025 | CP72: =IF((($CO$8-CO72)*12)+($CN$8-CN72)>=12,((($CO$8-CO72)*12)+($CN$8-CN72))-1,0) -> 0 | CQ72: =IF(CP72<12,(($CQ$8-CO72)*12)+($CP$8-CN72),0) -> 11 | CR72: =IF(OR(CP72>12,CP72=12),((CP72-(CS72*12))+((($CQ$8-2024)*12)+($CP$8-4)))+1,0) -> 0 | CS72: =IF(OR(CP72>12,CP72=12),ROUNDDOWN(CP72/12,0),0) -> 0 | CT72: =IF(CQ72>11,ROUNDDOWN(CQ72/12,0),0) -> 0 | CU72: =IF(CR72>11,ROUNDDOWN(CR72/12,0),0) -> 0 | CV72: =IF(CP72=0,0,6000000*1.07^CS72) -> 0 | CW72: =IF(CT72<2,0,6000000+(CT72-1)*500000) -> 0 | CX72: =IF(CU72=0,CV72,IF(CU72<1,0,CV72+CU72*500000)) -> 0 | CY72: =IF(CX72>0,CX72,IF(CW72>0,CW72,6000000)) -> 6000000 | DA72: =CJ72 -> 0 | DB72: Đối soát HD1176334 | DF72: =VLOOKUP($D72,'[2]Med Service'!$D$11:$DI$87,110,0) -> 0 | DG72: =VLOOKUP($D72,'[3]BẢNG LƯƠNG'!$C$3:$AH$102,32,0)
A73: 56 | B73: 7 | C73: Nguyen Thi Huong Giang | D73: Nguyễn Thị Hương Giang | E73: =IF(OR(G73="CHT",G73="DSBC"),"HĐLĐ",IF(OR(G73="DSTV",G73="Q.CHT"),"HĐTV","HĐCTV")) -> HĐLĐ | F73: Nguyễn Văn Quá | G73: DSBC | H73: 45544 | I73: 1028255437 | J73: Vietcombank | K73: 28 | L73: 28 | M73: 216.52 | N73: 0 | O73: 0 | S73: =IF(E73="HĐLĐ",5310000,0) -> 5310000 | T73: =IF(500000/28*L73>500000,500000,500000/28*L73) -> 500000 | AA73: =CY73 -> 6000000 | AE73: =IF(E73="HĐTV",AC73/28/8*M73,AA73/28/8*M73) -> 5799642.9 | AF73: =IF(E73="HĐTV",AC73/28/8*N73*1.5,AA73/28/8*N73*1.5) -> 0 | AG73: 0 | AH73: 0 | AI73: 0 | AL73: 500000 | AM73: 0 | AN73: 1875900 | AO73: 24405 | AP73: 0 | AQ73: 1135200 | AS73: 0 | AT73: 0 | AU73: 0 | BA73: 0 | BB73: 0 | BC73: 0 | BD73: 0 | BE73: 0 | BF73: 0 | BG73: =SUM(T73:Z73)+SUM(AD73:AZ73)-SUM(BA73:BF73) -> 9835147.9 | BH73: =S73*17.5% -> 929250 | BI73: =S73*3% -> 159300 | BJ73: =S73*1% -> 53100 | BL73: =SUM(BH73:BK73) -> 1141650 | BM73: =S73*8% -> 424800 | BN73: =S73*1.5% -> 79650 | BO73: =S73*1% -> 53100 | BQ73: =SUM(BM73:BP73) -> 557550 | BR73: =AF73 -> 0 | BS73: =T73+U73+V73+W73 -> 500000 | BT73: =BG73-BS73-BR73 -> 9335147.9 | BU73: =IF(E73="HĐLĐ",15500000,0) -> 15500000 | BW73: =BV73*6200000 -> 0 | BX73: =BQ73 -> 557550 | BY73: =BU73+BW73+BX73 -> 16057550 | BZ73: =IF(BT73-BY73>0,BT73-BY73,0) -> 0 | CA73: =IF(AND(OR($E73="HĐTV",$E73="HĐCTV"),$BZ73<2000000),0,IF(OR($E73="HĐTV",$E73="HĐCTV"),$BZ73*10%,ROUND(IF($BZ73<=10000000,$BZ73*5%,IF($BZ73<=30000000,$BZ73*10%-500000,IF($BZ73<=60000000,$BZ73*20%-3500000,IF($BZ73<=100000000,$BZ73*30%-9500000,$BZ73*35%-14500000)))),0))) -> 0 | CB73: =ROUND(BG73-BQ73-CA73,0) -> 9277598 | CE73: =CB73+CC73-CD73 -> 9277598 | CF73: =CE73-CG73 -> 0 | CG73: =CE73 -> 9277598 | CI73: giang.nguyen@medigoapp.com | CJ73: =VLOOKUP(D73,[1]CNT!$C$6:$AP$113,40,0) -> 0 | CK73: 11 | CM73: 9 | CN73: 9 | CO73: 2024 | CP73: =IF((($CO$8-CO73)*12)+($CN$8-CN73)>=12,((($CO$8-CO73)*12)+($CN$8-CN73))-1,0) -> 0 | CQ73: =IF(CP73<12,(($CQ$8-CO73)*12)+($CP$8-CN73),0) -> 20 | CR73: =IF(OR(CP73>12,CP73=12),((CP73-(CS73*12))+((($CQ$8-2024)*12)+($CP$8-4)))+1,0) -> 0 | CS73: =IF(OR(CP73>12,CP73=12),ROUNDDOWN(CP73/12,0),0) -> 0 | CT73: =IF(CQ73>11,ROUNDDOWN(CQ73/12,0),0) -> 1 | CU73: =IF(CR73>11,ROUNDDOWN(CR73/12,0),0) -> 0 | CV73: =IF(CP73=0,0,6000000*1.07^CS73) -> 0 | CW73: =IF(CT73<2,0,6000000+(CT73-1)*500000) -> 0 | CX73: =IF(CU73=0,CV73,IF(CU73<1,0,CV73+CU73*500000)) -> 0 | CY73: =IF(CX73>0,CX73,IF(CW73>0,CW73,6000000)) -> 6000000 | DA73: =CJ73 -> 0 | DF73: =VLOOKUP($D73,'[2]Med Service'!$D$11:$DI$87,110,0) -> 0 | DG73: =VLOOKUP($D73,'[3]BẢNG LƯƠNG'!$C$3:$AH$102,32,0)
J74: =SUM(J71:J73) -> 0 | K74: =SUM(K70:K73) -> 112 | L74: =SUM(L70:L73) -> 106 | M74: =SUM(M70:M73) -> 490.05 | N74: =SUM(N70:N73) -> 420.28 | O74: =SUM(O70:O73) -> 0 | P74: =SUM(P70:P73) -> 0 | Q74: =SUM(Q70:Q73) -> 0 | R74: =SUM(R70:R73) -> 0 | S74: =SUM(S70:S73) -> 21240000 | U74: =SUM(U70:U73) -> 0 | V74: =SUM(V70:V73) -> 0 | W74: =SUM(W70:W73) -> 0 | X74: =SUM(X70:X73) -> 0 | Y74: =SUM(Y70:Y73) -> 0 | Z74: =SUM(Z70:Z73) -> 0 | AA74: =SUM(AA70:AA73) -> 24000000 | AB74: =SUM(AB70:AB73) -> 0 | ... AI74: =SUM(AI70:AI73) -> 2732143 | AL74: =SUM(AL70:AL73) -> 2500000 | AM74: =SUM(AM70:AM73) -> 0 | AN74: =SUM(AN70:AN73) -> 8020900 | AO74: =SUM(AO70:AO73) -> 46517 | AP74: =SUM(AP70:AP73) -> 0 | AQ74: =SUM(AQ70:AQ73) -> 4456400 | AR74: =SUM(AR70:AR73) -> 0 | AS74: =SUM(AS70:AS73) -> 0 | ... DC74: =SUM(DC70:DC73) -> 0 | DE74: =SUM(DE71:DE73) -> 0 | DF74: =SUM(DF71:DF73) -> 0 | DG74: =SUM(DG71:DG73) -> 0
A75: 60 | B75: 7 | C75: Cu Thi Tuong Vy | D75: Cù Thị Tường Vy | E75: =IF(OR(G75="CHT",G75="DSBC"),"HĐLĐ",IF(OR(G75="DSTV",G75="Q.CHT"),"HĐTV","HĐCTV")) -> HĐLĐ | F75: Rạch Bùng Binh | G75: CHT | H75: 16/3/2026 | I75: 0071000937911 | J75: Vietcombank | K75: 28 | L75: 23 | M75: 258.01 | N75: 4.31 | O75: 0 | S75: =IF(E75="HĐLĐ",5310000,0) -> 5310000 | T75: =IF(500000/28*L75>500000,500000,500000/28*L75) -> 410714.29 | AA75: =CY75 -> 6000000 | AE75: =IF(E75="HĐTV",AC75/28/8*M75,AA75/28/8*M75) -> 6910982.1 | AF75: =IF(E75="HĐTV",AC75/28/8*N75*1.5,AA75/28/8*N75*1.5) -> 173169.64 | AG75: 2000000 | AH75: 0 | AI75: 0 | AL75: 0 | AM75: 1186872 | AN75: 1776600 | AO75: 0 | AP75: 100 | AQ75: 0 | AS75: 0 | AT75: 150000 | AU75: 0 | BA75: 88500 | BB75: 0 | BC75: 0 | BD75: 0 | BE75: 0 | BF75: 0 | BG75: =SUM(T75:Z75)+SUM(AD75:AZ75)-SUM(BA75:BF75) -> 12519938 | BH75: =S75*17.5% -> 929250 | BI75: =S75*3% -> 159300 | BJ75: =S75*1% -> 53100 | BL75: =SUM(BH75:BK75) -> 1141650 | BM75: =S75*8% -> 424800 | BN75: =S75*1.5% -> 79650 | BO75: =S75*1% -> 53100 | BQ75: =SUM(BM75:BP75) -> 557550 | BR75: =AF75 -> 173169.64 | BS75: =T75+U75+V75+W75 -> 410714.29 | BT75: =BG75-BS75-BR75 -> 11936054 | BU75: =IF(E75="HĐLĐ",15500000,0) -> 15500000 | BW75: =BV75*6200000 -> 0 | BX75: =BQ75 -> 557550 | BY75: =BU75+BW75+BX75 -> 16057550 | BZ75: =IF(BT75-BY75>0,BT75-BY75,0) -> 0 | CA75: =IF(AND(OR($E75="HĐTV",$E75="HĐCTV"),$BZ75<2000000),0,IF(OR($E75="HĐTV",$E75="HĐCTV"),$BZ75*10%,ROUND(IF($BZ75<=10000000,$BZ75*5%,IF($BZ75<=30000000,$BZ75*10%-500000,IF($BZ75<=60000000,$BZ75*20%-3500000,IF($BZ75<=100000000,$BZ75*30%-9500000,$BZ75*35%-14500000)))),0))) -> 0 | CB75: =ROUND(BG75-BQ75-CA75,0) -> 11962388 | CE75: =CB75+CC75-CD75 -> 11962388 | CF75: =CE75-CG75 -> 0 | CG75: =CE75 -> 11962388 | CI75: =VLOOKUP($C75,[5]Sheet1!$C$5:$K$139,9,0) -> vy.cu@medigoapp.com | CJ75: =VLOOKUP(D75,[1]CNT!$C$6:$AP$113,40,0) -> Cộng 8h/ 1 ngày do tháng 6/2026 bị treo 1 ngày phép | CK75: 10 | CM75: 4 | CN75: 9 | CO75: 2024 | CP75: =IF((($CO$8-CO75)*12)+($CN$8-CN75)>=12,((($CO$8-CO75)*12)+($CN$8-CN75))-1,0) -> 0 | CQ75: =IF(CP75<12,(($CQ$8-CO75)*12)+($CP$8-CN75),0) -> 20 | CR75: =IF(OR(CP75>12,CP75=12),((CP75-(CS75*12))+((($CQ$8-2024)*12)+($CP$8-4)))+1,0) -> 0 | CS75: =IF(OR(CP75>12,CP75=12),ROUNDDOWN(CP75/12,0),0) -> 0 | CT75: =IF(CQ75>11,ROUNDDOWN(CQ75/12,0),0) -> 1 | CU75: =IF(CR75>11,ROUNDDOWN(CR75/12,0),0) -> 0 | CV75: =IF(CP75=0,0,6000000*1.07^CS75) -> 0 | CW75: =IF(CT75<2,0,6000000+(CT75-1)*500000) -> 0 | CX75: =IF(CU75=0,CV75,IF(CU75<1,0,CV75+CU75*500000)) -> 0 | CY75: =IF(CX75>0,CX75,IF(CW75>0,CW75,6000000)) -> 6000000 | DF75: =VLOOKUP($D75,'[2]Med Service'!$D$11:$DI$87,110,0) -> 0 | DG75: =VLOOKUP($D75,'[3]BẢNG LƯƠNG'!$C$3:$AH$102,32,0) -> Vi phạm chấm điểm checklist 28/05/2026: 10.000đ
A76: 61 | B76: 7 | C76: Huynh Thi Hue Hien | D76: Huỳnh Thị Huệ Hiền | E76: HĐLĐ | F76: Rạch Bùng Binh | G76: DSBC | H76: 01/11/2024 | I76: 0421000443270 | J76: VietComBank | K76: 28 | L76: 26 | M76: 8.96 | N76: 206.47 | O76: 0 | S76: =IF(E76="HĐLĐ",5310000,0) -> 5310000 | T76: =IF(500000/28*L76>500000,500000,500000/28*L76) -> 464285.71 | AA76: =CY76 -> 6000000 | AE76: =IF(E76="HĐTV",AC76/28/8*M76,AA76/28/8*M76) -> 240000 | AF76: =IF(E76="HĐTV",AC76/28/8*N76*1.5,AA76/28/8*N76*1.5) -> 8295669.6 | AG76: 0 | AH76: 0 | AI76: 1392857 | AL76: 500000 | AM76: 0 | AN76: 2191150 | AO76: 9675 | AP76: 0 | AQ76: 0 | AS76: 0 | AT76: 0 | AU76: 0 | BA76: 88500 | BB76: 0 | BC76: 0 | BD76: 0 | BE76: 46000 | BF76: 0 | BG76: =SUM(T76:Z76)+SUM(AD76:AZ76)-SUM(BA76:BF76) -> 12959137 | BH76: =S76*17.5% -> 929250 | BI76: =S76*3% -> 159300 | BJ76: =S76*1% -> 53100 | BL76: =SUM(BH76:BK76) -> 1141650 | BM76: =S76*8% -> 424800 | BN76: =S76*1.5% -> 79650 | BO76: =S76*1% -> 53100 | BQ76: =SUM(BM76:BP76) -> 557550 | BR76: =AF76 -> 8295669.6 | BS76: =T76+U76+V76+W76 -> 464285.71 | BT76: =BG76-BS76-BR76 -> 4199182 | BU76: =IF(E76="HĐLĐ",15500000,0) -> 15500000 | BW76: =BV76*6200000 -> 0 | BX76: =BQ76 -> 557550 | BY76: =BU76+BW76+BX76 -> 16057550 | BZ76: =IF(BT76-BY76>0,BT76-BY76,0) -> 0 | CA76: =IF(AND(OR($E76="HĐTV",$E76="HĐCTV"),$BZ76<2000000),0,IF(OR($E76="HĐTV",$E76="HĐCTV"),$BZ76*10%,ROUND(IF($BZ76<=10000000,$BZ76*5%,IF($BZ76<=30000000,$BZ76*10%-500000,IF($BZ76<=60000000,$BZ76*20%-3500000,IF($BZ76<=100000000,$BZ76*30%-9500000,$BZ76*35%-14500000)))),0))) -> 0 | CB76: =ROUND(BG76-BQ76-CA76,0) -> 12401587 | CE76: =CB76+CC76-CD76 -> 12401587 | CF76: =CE76-CG76 -> 0 | CG76: =CE76 -> 12401587 | CI76: hien.huynh@medigoapp.com | CJ76: =VLOOKUP(D76,[1]CNT!$C$6:$AP$113,40,0) -> 0 | CK76: 5 | CM76: 1 | CN76: 11 | CO76: 2024 | CP76: 0 | CQ76: =IF(CP76<12,(($CQ$8-CO76)*12)+($CP$8-CN76),0) -> 18 | CR76: =IF(OR(CP76>12,CP76=12),((CP76-(CS76*12))+((($CQ$8-2024)*12)+($CP$8-4)))+1,0) -> 0 | CS76: 0 | CT76: 1 | CU76: 0 | CV76: 0 | CW76: 0 | CX76: 0 | CY76: 6000000 | DA76: =CJ76 -> 0 | DB76: Đối soát HD1169832 | DE76: =VLOOKUP($D76,'[6]Tong hop'!$B$8:$Q$45,15,0) -> 463873 | DF76: =VLOOKUP($D76,'[2]Med Service'!$D$11:$DI$87,110,0) -> 0 | DG76: =VLOOKUP($D76,'[3]BẢNG LƯƠNG'!$C$3:$AH$102,32,0)
A77: 64 | C77: Nguyen Thi Phuc Loc | D77: Nguyễn Thị Phúc Lộc | E77: =IF(OR(G77="CHT",G77="DSBC"),"HĐLĐ",IF(OR(G77="DSTV",G77="Q.CHT"),"HĐTV","HĐCTV")) -> HĐTV | F77: Rạch Bùng Binh | G77: DSTV | H77: 22/07/2026 | I77: 2158791 | J77: Á Châu ( ACB) | K77: 28 | L77: 25 | M77: 1.9 | N77: 202.37 | O77: 0 | S77: =IF(E77="HĐLĐ",5310000,0) -> 0 | T77: =IF(500000/28*L77>500000,500000,500000/28*L77) -> 446428.57 | AA77: 6000000 | AB77: =AA77 -> 6000000 | AC77: 6000000 | AD77: =IF(E77="HĐTV",AC77/K77*L77,AB77/K77*L77) -> 5357142.9 | AE77: =IF(E77="HĐTV",AC77/28/8*M77,AA77/28/8*M77) -> 50892.857 | AF77: =IF(E77="HĐTV",AC77/28/8*N77*1.5,AA77/28/8*N77*1.5) -> 8130937.5 | AG77: 0 | AH77: 0 | AI77: 1339286 | AL77: 233333 | AM77: 0 | AN77: 0 | AO77: 0 | AP77: 0 | AQ77: 0 | AS77: 0 | AT77: 0 | AU77: 0 | BA77: 0 | BB77: 0 | BC77: 0 | BD77: 0 | BE77: 0 | BF77: 500000 | BG77: =SUM(T77:Z77)+SUM(AD77:AZ77)-SUM(BA77:BF77) -> 15058021 | BH77: =S77*17.5% -> 0 | BI77: =S77*3% -> 0 | BJ77: =S77*1% -> 0 | BL77: =SUM(BH77:BK77) -> 0 | BM77: =S77*8% -> 0 | BN77: =S77*1.5% -> 0 | BO77: =S77*1% -> 0 | BQ77: =SUM(BM77:BP77) -> 0 | BR77: =AF77 -> 8130937.5 | BS77: =T77+U77+V77+W77 -> 446428.57 | BT77: =BG77-BS77-BR77 -> 6480654.7 | BU77: =IF(E77="HĐLĐ",15500000,0) -> 0 | BX77: =BQ77 -> 0 | BY77: =BU77+BW77+BX77 -> 0 | BZ77: =IF(BT77-BY77>0,BT77-BY77,0) -> 6480654.7 | CA77: =IF(AND(OR($E77="HĐTV",$E77="HĐCTV"),$BZ77<2000000),0,IF(OR($E77="HĐTV",$E77="HĐCTV"),$BZ77*10%,ROUND(IF($BZ77<=10000000,$BZ77*5%,IF($BZ77<=30000000,$BZ77*10%-500000,IF($BZ77<=60000000,$BZ77*20%-3500000,IF($BZ77<=100000000,$BZ77*30%-9500000,$BZ77*35%-14500000)))),0))) -> 648065.47 | CB77: =ROUND(BG77-BQ77-CA77,0) -> 14409955 | CE77: =CB77+CC77-CD77 -> 14409955 | CF77: =CE77-CG77 -> 0 | CG77: =CE77 -> 14409955 | CI77: loc.nguyen@medigoapp.com | CK77: 9 | CY77: =IF(CX77>0,CX77,IF(CW77>0,CW77,6000000)) -> 6000000
A78: 65 | C78: Ngo Thi Ngoc Thuy | D78: Ngô Thị Ngọc Thủy | E78: =IF(OR(G78="CHT",G78="DSBC"),"HĐLĐ",IF(OR(G78="DSTV",G78="Q.CHT"),"HĐTV","HĐCTV")) -> HĐTV | F78: Rạch Bùng Binh | G78: DSTV | H78: 46190 | I78: 02031125202 | J78: TP Bank | K78: 28 | L78: 27 | M78: 169.61 | N78: 56.18 | O78: 0 | S78: =IF(E78="HĐLĐ",5310000,0) -> 0 | T78: =IF(500000/28*L78>500000,500000,500000/28*L78) -> 482142.86 | AA78: 6000000 | AB78: =AA78 -> 6000000 | AC78: 6000000 | AD78: =IF(E78="HĐTV",AC78/K78*L78,AB78/K78*L78) -> 5785714.3 | AE78: =IF(E78="HĐTV",AC78/28/8*M78,AA78/28/8*M78) -> 4543125 | AF78: =IF(E78="HĐTV",AC78/28/8*N78*1.5,AA78/28/8*N78*1.5) -> 2257232.1 | AG78: 0 | AH78: 0 | AI78: 0 | AL78: 1000000 | AM78: 0 | AN78: 1590500 | AO78: 0 | AP78: 140 | AQ78: 0 | AS78: 0 | AT78: 0 | AU78: 0 | BA78: 0 | BB78: 0 | BC78: 0 | BD78: 0 | BE78: 614000 | BF78: 0 | BG78: =SUM(T78:Z78)+SUM(AD78:AZ78)-SUM(BA78:BF78) -> 15044854 | BH78: =S78*17.5% -> 0 | BI78: =S78*3% -> 0 | BJ78: =S78*1% -> 0 | BL78: =SUM(BH78:BK78) -> 0 | BM78: =S78*8% -> 0 | BN78: =S78*1.5% -> 0 | BO78: =S78*1% -> 0 | BQ78: =SUM(BM78:BP78) -> 0 | BR78: =AF78 -> 2257232.1 | BS78: =T78+U78+V78+W78 -> 482142.86 | BT78: =BG78-BS78-BR78 -> 12305479 | BU78: =IF(E78="HĐLĐ",15500000,0) -> 0 | BX78: =BQ78 -> 0 | BY78: =BU78+BW78+BX78 -> 0 | BZ78: =IF(BT78-BY78>0,BT78-BY78,0) -> 12305479 | CA78: =IF(AND(OR($E78="HĐTV",$E78="HĐCTV"),$BZ78<2000000),0,IF(OR($E78="HĐTV",$E78="HĐCTV"),$BZ78*10%,ROUND(IF($BZ78<=10000000,$BZ78*5%,IF($BZ78<=30000000,$BZ78*10%-500000,IF($BZ78<=60000000,$BZ78*20%-3500000,IF($BZ78<=100000000,$BZ78*30%-9500000,$BZ78*35%-14500000)))),0))) -> 1230547.9 | CB78: =ROUND(BG78-BQ78-CA78,0) -> 13814306 | CE78: =CB78+CC78-CD78 -> 13814306 | CF78: =CE78-CG78 -> 0 | CG78: =CE78 -> 13814306 | CI78: thuy.ngo@medigoapp.com | CK78: 1 | CY78: =IF(CX78>0,CX78,IF(CW78>0,CW78,6000000)) -> 6000000 | DB78: Đối soát 1157386, HD 1152876, HD1176087,HD1176039, HD1152936
C79: Phan Cong Vu Tai | D79: Phan Công Vũ Tài | E79: =IF(OR(G79="CHT",G79="DSBC"),"HĐLĐ",IF(OR(G79="DSTV",G79="Q.CHT"),"HĐTV","HĐCTV")) -> HĐLĐ | F79: Rạch Bùng Binh | G79: DSBC | H79: 26/01/2026 | I79: 02446989901 | J79: Tp Bank | K79: 28 | L79: 4 | M79: 32.7 | N79: 0 | O79: 0 | S79: =IF(E79="HĐLĐ",5310000,0) -> 5310000 | AA79: 6000000 | AB79: =AA79 -> 6000000 | AC79: =IF(E79="HĐTV",AB79*85%,0) -> 0 | AD79: =IF(E79="HĐTV",AC79/K79*L79,AB79/K79*L79) -> 857142.86 | AE79: =IF(E79="HĐTV",AC79/28/8*M79,AA79/28/8*M79) -> 875892.86 | AF79: =IF(E79="HĐTV",AC79/28/8*N79*1.5,AA79/28/8*N79*1.5) -> 0 | AG79: 0 | AH79: 0 | AI79: 0 | AL79: 0 | AM79: 0 | AN79: 0 | AO79: 15362 | AP79: 0 | AQ79: 0 | AS79: 0 | AT79: 0 | AU79: 0 | BA79: 0 | BB79: 0 | BC79: 0 | BD79: 0 | BE79: 0 | BF79: 0 | BG79: =SUM(T79:Z79)+SUM(AD79:AZ79)-SUM(BA79:BF79) -> 1748397.7 | BH79: =S79*17.5% -> 929250 | BI79: =S79*3% -> 159300 | BJ79: =S79*1% -> 53100 | BL79: =SUM(BH79:BK79) -> 1141650 | BM79: =S79*8% -> 424800 | BN79: =S79*1.5% -> 79650 | BO79: =S79*1% -> 53100 | BQ79: =SUM(BM79:BP79) -> 557550 | BT79: =BG79-BS79-BR79 -> 1748397.7 | BU79: =IF(E79="HĐLĐ",15500000,0) -> 15500000 | BX79: =BQ79 -> 557550 | BY79: =BU79+BW79+BX79 -> 16057550 | CE79: =CB79+CC79-CD79 -> 0 | CK79: 4 | CY79: =IF(CX79>0,CX79,IF(CW79>0,CW79,6000000)) -> 6000000
A80: 66 | B80: 7 | C80: Pham Nguyen Ngoc Quyen Tran | D80: Phạm Nguyễn Ngọc Quyền Trân | E80: =IF(OR(G80="CHT",G80="DSBC"),"HĐLĐ",IF(OR(G80="DSTV",G80="Q.CHT"),"HĐTV","HĐCTV")) -> HĐLĐ | F80: Rạch Bùng Binh | G80: DSBC | H80: 25/05/2026 | I80: 0933512397 | J80: MB bank | K80: 28 | L80: 27 | M80: 251.72 | N80: 10.23 | O80: 0 | S80: =IF(E80="HĐLĐ",5310000,0) -> 5310000 | T80: =IF(500000/28*L80>500000,500000,500000/28*L80) -> 482142.86 | AA80: 6000000 | AB80: =AA80 -> 6000000 | AC80: =IF(E80="HĐTV",AB80*85%,0) -> 0 | AD80: =IF(E80="HĐTV",AC80/K80*L80,AB80/K80*L80) -> 5785714.3 | AE80: =IF(E80="HĐTV",AC80/28/8*M80,AA80/28/8*M80) -> 6742500 | AF80: =IF(E80="HĐTV",AC80/28/8*N80*1.5,AA80/28/8*N80*1.5) -> 411026.79 | AG80: 0 | AH80: 0 | AI80: 0 | AL80: 0 | AM80: 0 | AN80: 1392300 | AO80: 223268 | AP80: 0 | AQ80: 0 | AS80: 0 | AT80: 0 | AU80: 0 | BA80: 0 | BB80: 0 | BC80: 0 | BD80: 0 | BE80: 76900 | BF80: 0 | BG80: =SUM(T80:Z80)+SUM(AD80:AZ80)-SUM(BA80:BF80) -> 14960052 | BH80: =S80*17.5% -> 929250 | BI80: =S80*3% -> 159300 | BJ80: =S80*1% -> 53100 | BL80: =SUM(BH80:BK80) -> 1141650 | BM80: =S80*8% -> 424800 | BN80: =S80*1.5% -> 79650 | BO80: =S80*1% -> 53100 | BQ80: =SUM(BM80:BP80) -> 557550 | BR80: =AF80 -> 411026.79 | BS80: =T80+U80+V80+W80 -> 482142.86 | BT80: =BG80-BS80-BR80 -> 14066882 | BU80: =IF(E80="HĐLĐ",15500000,0) -> 15500000 | BW80: =BV80*6200000 -> 0 | BX80: =BQ80 -> 557550 | BY80: =BU80+BW80+BX80 -> 16057550 | BZ80: =IF(BT80-BY80>0,BT80-BY80,0) -> 0 | CA80: =IF(AND(OR($E80="HĐTV",$E80="HĐCTV"),$BZ80<2000000),0,IF(OR($E80="HĐTV",$E80="HĐCTV"),$BZ80*10%,ROUND(IF($BZ80<=10000000,$BZ80*5%,IF($BZ80<=30000000,$BZ80*10%-500000,IF($BZ80<=60000000,$BZ80*20%-3500000,IF($BZ80<=100000000,$BZ80*30%-9500000,$BZ80*35%-14500000)))),0))) -> 0 | CB80: =ROUND(BG80-BQ80-CA80,0) -> 14402502 | CE80: =CB80+CC80-CD80 -> 14402502 | CF80: =CE80-CG80 -> 0 | CG80: =CE80 -> 14402502 | CI80: tran.pham@medigoapp.com | CK80: 1 | CM80: 25 | CN80: 5 | CO80: 2026 | CP80: =IF((($CO$8-CO80)*12)+($CN$8-CN80)>=12,((($CO$8-CO80)*12)+($CN$8-CN80))-1,0) -> 0 | CQ80: =IF(CP80<12,(($CQ$8-CO80)*12)+($CP$8-CN80),0) -> 0 | CR80: =IF(OR(CP80>12,CP80=12),((CP80-(CS80*12))+((($CQ$8-2024)*12)+($CP$8-4)))+1,0) -> 0 | CS80: =IF(OR(CP80>12,CP80=12),ROUNDDOWN(CP80/12,0),0) -> 0 | CT80: =IF(CQ80>11,ROUNDDOWN(CQ80/12,0),0) -> 0 | CU80: =IF(CR80>11,ROUNDDOWN(CR80/12,0),0) -> 0 | CV80: =IF(CP80=0,0,6000000*1.07^CS80) -> 0 | CW80: =IF(CT80<2,0,6000000+(CT80-1)*500000) -> 0 | CX80: =IF(CU80=0,CV80,IF(CU80<1,0,CV80+CU80*500000)) -> 0 | CY80: 5100000 | DB80: Đối soát HD1135328, HD1168963 | DF80: =VLOOKUP($D80,'[2]Med Service'!$D$11:$DI$87,110,0) -> #N/A | DG80: =VLOOKUP($D80,'[3]BẢNG LƯƠNG'!$C$3:$AH$102,32,0)
K81: =SUM(K75:K80) -> 168 | L81: =SUM(L75:L80) -> 132 | M81: =SUM(M75:M80) -> 722.9 | N81: =SUM(N75:N80) -> 479.56 | O81: =SUM(O75:O80) -> 0 | P81: =SUM(P75:P80) -> 0 | Q81: =SUM(Q75:Q80) -> 0 | R81: =SUM(R75:R80) -> 0 | S81: =SUM(S75:S80) -> 21240000 | U81: =SUM(U75:U80) -> 0 | V81: =SUM(V75:V80) -> 0 | W81: =SUM(W75:W80) -> 0 | X81: =SUM(X75:X80) -> 0 | Y81: =SUM(Y75:Y80) -> 0 | Z81: =SUM(Z75:Z80) -> 0 | AA81: =SUM(AA75:AA80) -> 36000000 | AB81: =SUM(AB75:AB80) -> 24000000 | ... AI81: =SUM(AI75:AI80) -> 2732143 | AL81: =SUM(AL75:AL80) -> 1733333 | AM81: =SUM(AM75:AM80) -> 1186872 | AN81: =SUM(AN75:AN80) -> 6950550 | AO81: =SUM(AO75:AO80) -> 248305 | AP81: =SUM(AP75:AP80) -> 240 | AQ81: =SUM(AQ75:AQ80) -> 0 | AR81: =SUM(AR75:AR80) -> 0 | AS81: =SUM(AS75:AS80) -> 0 | ... BQ81: =SUM(BQ75:BQ80) -> 2230200 | BR81: =AF81 -> 19268036 | BS81: =SUM(BS75:BS80) -> 2285714.3 | BT81: =BG81-BS81-BR81 -> 50736650 | BU81: =SUM(BU75:BU80) -> 62000000 | BV81: =SUM(BV75:BV80) -> 0 | BW81: =SUM(BW75:BW80) -> 0 | BX81: =SUM(BX75:BX80) -> 2230200 | BY81: =SUM(BY75:BY80) -> 64230200 | BZ81: =SUM(BZ75:BZ80) -> 18786134 | CA81: =SUM(CA75:CA80) -> 1878613.4 | CB81: =SUM(CB75:CB80) -> 66990738 | ... CI81: =SUM(CI75:CI80) -> 0 | CJ81: =SUM(CJ77:CJ80) -> 0 | CM81: =SUM(CM75:CM80) -> 30 | CN81: =SUM(CN75:CN80) -> 25 | CO81: =SUM(CO75:CO80) -> 6074 | CP81: =SUM(CP75:CP80) -> 0 | CQ81: =SUM(CQ75:CQ80) -> 38 | CR81: =SUM(CR75:CR80) -> 0 | CS81: =SUM(CS75:CS80) -> 0 | CT81: =SUM(CT75:CT80) -> 2 | ... DC81: =SUM(DC75:DC80) -> 0 | DE81: =SUM(DE75:DE80) -> 463873 | DF81: =SUM(DF75:DF80) -> #N/A | DG81: =SUM(DG75:DG80) -> 0
A82: 69 | B82: 7 | C82: Hua Thi Kim Thoa | D82: Hứa Thị Kim Thoa | E82: =IF(OR(G82="CHT",G82="DSBC"),"HĐLĐ",IF(OR(G82="DSTV",G82="Q.CHT"),"HĐTV","HĐCTV")) -> HĐLĐ | F82: Đường Láng | G82: CHT | H82: 45008 | I82: 30961328046 | J82: TPbank | K82: 28 | L82: 23 | M82: 170.92 | N82: 47.16 | O82: 0 | S82: =IF(E82="HĐLĐ",5310000,0) -> 5310000 | T82: =IF(500000/28*L82>500000,500000,500000/28*L82) -> 410714.29 | AA82: =CY82 -> 6920000 | AE82: =IF(E82="HĐTV",AC82/28/8*M82,AA82/28/8*M82) -> 5280207.1 | AF82: =IF(E82="HĐTV",AC82/28/8*N82*1.5,AA82/28/8*N82*1.5) -> 2185360.7 | AG82: 2000000 | AH82: 0 | AI82: 0 | AL82: 0 | AM82: 2751929 | AN82: 472750 | AO82: 14636 | AP82: 0 | AQ82: 0 | AS82: 0 | AT82: 0 | AU82: 0 | BA82: 0 | BB82: 0 | BC82: 0 | BD82: 0 | BE82: 296052 | BF82: 0 | BG82: =SUM(T82:Z82)+SUM(AD82:AZ82)-SUM(BA82:BF82) -> 12819545 | BH82: =S82*17.5% -> 929250 | BI82: =S82*3% -> 159300 | BJ82: =S82*1% -> 53100 | BL82: =SUM(BH82:BK82) -> 1141650 | BM82: =S82*8% -> 424800 | BN82: =S82*1.5% -> 79650 | BO82: =S82*1% -> 53100 | BQ82: =SUM(BM82:BP82) -> 557550 | BR82: =AF82 -> 2185360.7 | BS82: =T82+U82+V82+W82 -> 410714.29 | BT82: =BG82-BS82-BR82 -> 10223470 | BU82: =IF(E82="HĐLĐ",15500000,0) -> 15500000 | BW82: =BV82*6200000 -> 0 | BX82: =BQ82 -> 557550 | BY82: =BU82+BW82+BX82 -> 16057550 | BZ82: =IF(BT82-BY82>0,BT82-BY82,0) -> 0 | CA82: =IF(AND(OR($E82="HĐTV",$E82="HĐCTV"),$BZ82<2000000),0,IF(OR($E82="HĐTV",$E82="HĐCTV"),$BZ82*10%,ROUND(IF($BZ82<=10000000,$BZ82*5%,IF($BZ82<=30000000,$BZ82*10%-500000,IF($BZ82<=60000000,$BZ82*20%-3500000,IF($BZ82<=100000000,$BZ82*30%-9500000,$BZ82*35%-14500000)))),0))) -> 0 | CB82: =ROUND(BG82-BQ82-CA82,0) -> 12261995 | CE82: =CB82+CC82-CD82 -> 12261995 | CF82: =CE82-CG82 -> 0 | CG82: =CE82 -> 12261995 | CI82: thoa.hua@medigoapp.com | CJ82: =VLOOKUP(D82,[1]CNT!$C$6:$AP$113,40,0) -> 0 | CK82: 3 | CM82: 23 | CN82: 3 | CO82: 2023 | CP82: =IF((($CO$8-CO82)*12)+($CN$8-CN82)>=12,((($CO$8-CO82)*12)+($CN$8-CN82))-1,0) -> 12 | CQ82: =IF(CP82<12,(($CQ$8-CO82)*12)+($CP$8-CN82),0) -> 0 | CR82: =IF(OR(CP82>12,CP82=12),((CP82-(CS82*12))+((($CQ$8-2024)*12)+($CP$8-4)))+1,0) -> 26 | CS82: =IF(OR(CP82>12,CP82=12),ROUNDDOWN(CP82/12,0),0) -> 1 | CT82: =IF(CQ82>11,ROUNDDOWN(CQ82/12,0),0) -> 0 | CU82: =IF(CR82>11,ROUNDDOWN(CR82/12,0),0) -> 2 | CV82: =IF(CP82=0,0,6000000*1.07^CS82) -> 6420000 | CW82: =IF(CT82<2,0,6000000+(CT82-1)*500000) -> 0 | CX82: =IF(CU82=0,CV82,IF(CU82<1,0,CV82+CU82*500000)) -> 7420000 | CY82: 6920000 | DA82: =CJ82 -> 0 | DB82: Đối soát HD1131659, HD1140403, HD1157179 | DE82: =VLOOKUP($D82,'[6]Tong hop'!$B$8:$Q$45,15,0) -> 257279 | DF82: =VLOOKUP($D82,'[2]Med Service'!$D$11:$DI$87,110,0) -> 0 | DG82: =VLOOKUP($D82,'[3]BẢNG LƯƠNG'!$C$3:$AH$102,32,0) -> Vào ca trễ 08/05/2026: 10.000đ Vi phạm chấm điểm checklist 29/05/2026: 10.000đ
A83: 70 | B83: 7 | C83: Le Thi Soan | D83: Lê Thị Soạn | E83: =IF(OR(G83="CHT",G83="DSBC"),"HĐLĐ",IF(OR(G83="DSTV",G83="Q.CHT"),"HĐTV","HĐCTV")) -> HĐLĐ | F83: Đường Láng | G83: DSBC | H83: 44562 | I83: 0987524738 | J83: Vietinbank | K83: 28 | L83: 31 | M83: 21 | N83: 247.77 | O83: 16 | S83: =IF(E83="HĐLĐ",5310000,0) -> 5310000 | T83: =IF(500000/28*L83>500000,500000,500000/28*L83) -> 500000 | AA83: =CY83 -> 7869400 | AE83: =IF(E83="HĐTV",AC83/28/8*M83,AA83/28/8*M83) -> 737756.25 | AF83: =IF(E83="HĐTV",AC83/28/8*N83*1.5,AA83/28/8*N83*1.5) -> 13056705 | AG83: 0 | AH83: 0 | AI83: 1500000 | AL83: 1650000 | AM83: 0 | AN83: 6729100 | AO83: 36876 | AP83: 0 | AQ83: 0 | AS83: 324000 | AT83: 0 | AU83: 0 | BA83: 0 | BB83: 0 | BC83: 0 | BD83: 0 | BE83: 617016 | BF83: 0 | BG83: =SUM(T83:Z83)+SUM(AD83:AZ83)-SUM(BA83:BF83) -> 23917421 | BH83: =S83*17.5% -> 929250 | BI83: =S83*3% -> 159300 | BJ83: =S83*1% -> 53100 | BL83: =SUM(BH83:BK83) -> 1141650 | BM83: =S83*8% -> 424800 | BN83: =S83*1.5% -> 79650 | BO83: =S83*1% -> 53100 | BQ83: =SUM(BM83:BP83) -> 557550 | BR83: =AF83 -> 13056705 | BS83: =T83+U83+V83+W83 -> 500000 | BT83: =BG83-BS83-BR83 -> 10360716 | BU83: =IF(E83="HĐLĐ",15500000,0) -> 15500000 | BW83: =BV83*6200000 -> 0 | BX83: =BQ83 -> 557550 | BY83: =BU83+BW83+BX83 -> 16057550 | BZ83: =IF(BT83-BY83>0,BT83-BY83,0) -> 0 | CA83: =IF(AND(OR($E83="HĐTV",$E83="HĐCTV"),$BZ83<2000000),0,IF(OR($E83="HĐTV",$E83="HĐCTV"),$BZ83*10%,ROUND(IF($BZ83<=10000000,$BZ83*5%,IF($BZ83<=30000000,$BZ83*10%-500000,IF($BZ83<=60000000,$BZ83*20%-3500000,IF($BZ83<=100000000,$BZ83*30%-9500000,$BZ83*35%-14500000)))),0))) -> 0 | CB83: =ROUND(BG83-BQ83-CA83,0) -> 23359871 | CE83: =CB83+CC83-CD83 -> 23359871 | CF83: =CE83-CG83 -> 0 | CG83: =CE83 -> 23359871 | CI83: soan.le@medigoapp.com | CJ83: =VLOOKUP(D83,[1]CNT!$C$6:$AP$113,40,0) -> Sai doanh thu HD.7X6WNOMV : 137.000đ | CK83: 2 | CM83: 25 | CN83: 3 | CO83: 2022 | CP83: =IF((($CO$8-CO83)*12)+($CN$8-CN83)>=12,((($CO$8-CO83)*12)+($CN$8-CN83))-1,0) -> 24 | CQ83: =IF(CP83<12,(($CQ$8-CO83)*12)+($CP$8-CN83),0) -> 0 | CR83: =IF(OR(CP83>12,CP83=12),((CP83-(CS83*12))+((($CQ$8-2024)*12)+($CP$8-4)))+1,0) -> 26 | CS83: =IF(OR(CP83>12,CP83=12),ROUNDDOWN(CP83/12,0),0) -> 2 | CT83: =IF(CQ83>11,ROUNDDOWN(CQ83/12,0),0) -> 0 | CU83: =IF(CR83>11,ROUNDDOWN(CR83/12,0),0) -> 2 | CV83: =IF(CP83=0,0,6000000*1.07^CS83) -> 6869400 | CW83: =IF(CT83<2,0,6000000+(CT83-1)*500000) -> 0 | CX83: =IF(CU83=0,CV83,IF(CU83<1,0,CV83+CU83*500000)) -> 7869400 | CY83: =IF(CX83>0,CX83,IF(CW83>0,CW83,6000000)) -> 7869400 | DA83: =CJ83 -> Sai doanh thu HD.7X6WNOMV : 137.000đ | DB83: Đối soát HD1133571, HD1142074, HD1132281, HD1164962, HD1152215, HD1149076, HD1164912, HD1154922, HD1158019, HD1164551, HD1167363, HD1169357, HD1176958, HD1166028 | DF83: =VLOOKUP($D83,'[2]Med Service'!$D$11:$DI$87,110,0) -> 0 | DG83: =VLOOKUP($D83,'[3]BẢNG LƯƠNG'!$C$3:$AH$102,32,0)
A84: 71 | B84: 7 | C84: Nguyen Thi Mai Duyen | D84: Nguyễn Thị Mai Duyên | E84: =IF(OR(G84="CHT",G84="DSBC"),"HĐLĐ",IF(OR(G84="DSTV",G84="Q.CHT"),"HĐTV","HĐCTV")) -> HĐLĐ | F84: Đường Láng | G84: DSBC | H84: 21/03/2025 | I84: 51016102001 | J84: VP Bank | K84: 28 | L84: 28 | M84: 216.41 | N84: 77.34 | O84: 0 | S84: =IF(E84="HĐLĐ",5310000,0) -> 5310000 | T84: =IF(500000/28*L84>500000,500000,500000/28*L84) -> 500000 | AA84: =CY84 -> 6000000 | AE84: =IF(E84="HĐTV",AC84/28/8*M84,AA84/28/8*M84) -> 5796696.4 | AF84: =IF(E84="HĐTV",AC84/28/8*N84*1.5,AA84/28/8*N84*1.5) -> 3107410.7 | AG84: 0 | AH84: 0 | AI84: 0 | AL84: 1350000 | AM84: 0 | AN84: 4105900 | AO84: 124767 | AP84: 0 | AQ84: 0 | AS84: 0 | AT84: 0 | AU84: 0 | BA84: 0 | BB84: 0 | BC84: 0 | BD84: 0 | BE84: 778511 | BF84: 0 | BG84: =SUM(T84:Z84)+SUM(AD84:AZ84)-SUM(BA84:BF84) -> 14206263 | BH84: =S84*17.5% -> 929250 | BI84: =S84*3% -> 159300 | BJ84: =S84*1% -> 53100 | BL84: =SUM(BH84:BK84) -> 1141650 | BM84: =S84*8% -> 424800 | BN84: =S84*1.5% -> 79650 | BO84: =S84*1% -> 53100 | BQ84: =SUM(BM84:BP84) -> 557550 | BR84: =AF84 -> 3107410.7 | BS84: =T84+U84+V84+W84 -> 500000 | BT84: =BG84-BS84-BR84 -> 10598852 | BU84: =IF(E84="HĐLĐ",15500000,0) -> 15500000 | BW84: =BV84*6200000 -> 0 | BX84: =BQ84 -> 557550 | BY84: =BU84+BW84+BX84 -> 16057550 | BZ84: =IF(BT84-BY84>0,BT84-BY84,0) -> 0 | CA84: =IF(AND(OR($E84="HĐTV",$E84="HĐCTV"),$BZ84<2000000),0,IF(OR($E84="HĐTV",$E84="HĐCTV"),$BZ84*10%,ROUND(IF($BZ84<=10000000,$BZ84*5%,IF($BZ84<=30000000,$BZ84*10%-500000,IF($BZ84<=60000000,$BZ84*20%-3500000,IF($BZ84<=100000000,$BZ84*30%-9500000,$BZ84*35%-14500000)))),0))) -> 0 | CB84: =ROUND(BG84-BQ84-CA84,0) -> 13648713 | CE84: =CB84+CC84-CD84 -> 13648713 | CF84: =CE84-CG84 -> 0 | CG84: =CE84 -> 13648713 | CI84: duyen.nguyen@medigoapp.com | CJ84: =VLOOKUP(D84,[1]CNT!$C$6:$AP$113,40,0) -> 0 | CK84: 10 | CM84: 21 | CN84: 3 | CO84: 2025 | CP84: =IF((($CO$8-CO84)*12)+($CN$8-CN84)>=12,((($CO$8-CO84)*12)+($CN$8-CN84))-1,0) -> 0 | CQ84: =IF(CP84<12,(($CQ$8-CO84)*12)+($CP$8-CN84),0) -> 14 | CR84: =IF(OR(CP84>12,CP84=12),((CP84-(CS84*12))+((($CQ$8-2024)*12)+($CP$8-4)))+1,0) -> 0 | CS84: =IF(OR(CP84>12,CP84=12),ROUNDDOWN(CP84/12,0),0) -> 0 | CT84: =IF(CQ84>11,ROUNDDOWN(CQ84/12,0),0) -> 1 | CU84: =IF(CR84>11,ROUNDDOWN(CR84/12,0),0) -> 0 | CV84: =IF(CP84=0,0,6000000*1.07^CS84) -> 0 | CW84: =IF(CT84<2,0,6000000+(CT84-1)*500000) -> 0 | CX84: =IF(CU84=0,CV84,IF(CU84<1,0,CV84+CU84*500000)) -> 0 | CY84: =IF(CX84>0,CX84,IF(CW84>0,CW84,6000000)) -> 6000000 | DA84: =CJ84 -> 0 | DB84: Đối soát HD1131905, HD1140362, HD1133521, HD1153161, HD1152999, HD1167344, HD1179737, HD1178453 | DF84: =VLOOKUP($D84,'[2]Med Service'!$D$11:$DI$87,110,0) -> 0 | DG84: =VLOOKUP($D84,'[3]BẢNG LƯƠNG'!$C$3:$AH$102,32,0)
A85: 72 | B85: 7 | C85: Nguyen Thi Tam | D85: Nguyễn Thị Tâm | E85: =IF(OR(G85="CHT",G85="DSBC"),"HĐLĐ",IF(OR(G85="DSTV",G85="Q.CHT"),"HĐTV","HĐCTV")) -> HĐLĐ | F85: Đường Láng | G85: DSBC | H85: 45062 | I85: 0924479717 | J85: Vietinbank | K85: 28 | L85: 28 | M85: 117.18 | N85: 176.26 | O85: 0 | S85: =IF(E85="HĐLĐ",5310000,0) -> 5310000 | T85: =IF(500000/28*L85>500000,500000,500000/28*L85) -> 500000 | AA85: =CY85 -> 7000000 | AE85: =IF(E85="HĐTV",AC85/28/8*M85,AA85/28/8*M85) -> 3661875 | AF85: =IF(E85="HĐTV",AC85/28/8*N85*1.5,AA85/28/8*N85*1.5) -> 8262187.5 | AG85: 0 | AH85: 0 | AI85: 0 | AL85: 1150000 | AM85: 0 | AN85: 5186750 | AO85: 23664 | AP85: 0 | AQ85: 0 | AS85: 184000 | AT85: 0 | AU85: 0 | BA85: 0 | BB85: 0 | BC85: 0 | BD85: 0 | BE85: 280701 | BF85: 0 | BG85: =SUM(T85:Z85)+SUM(AD85:AZ85)-SUM(BA85:BF85) -> 18687776 | BH85: =S85*17.5% -> 929250 | BI85: =S85*3% -> 159300 | BJ85: =S85*1% -> 53100 | BL85: =SUM(BH85:BK85) -> 1141650 | BM85: =S85*8% -> 424800 | BN85: =S85*1.5% -> 79650 | BO85: =S85*1% -> 53100 | BQ85: =SUM(BM85:BP85) -> 557550 | BR85: =AF85 -> 8262187.5 | BS85: =T85+U85+V85+W85 -> 500000 | BT85: =BG85-BS85-BR85 -> 9925588 | BU85: =IF(E85="HĐLĐ",15500000,0) -> 15500000 | BW85: =BV85*6200000 -> 0 | BX85: =BQ85 -> 557550 | BY85: =BU85+BW85+BX85 -> 16057550 | BZ85: =IF(BT85-BY85>0,BT85-BY85,0) -> 0 | CA85: =IF(AND(OR($E85="HĐTV",$E85="HĐCTV"),$BZ85<2000000),0,IF(OR($E85="HĐTV",$E85="HĐCTV"),$BZ85*10%,ROUND(IF($BZ85<=10000000,$BZ85*5%,IF($BZ85<=30000000,$BZ85*10%-500000,IF($BZ85<=60000000,$BZ85*20%-3500000,IF($BZ85<=100000000,$BZ85*30%-9500000,$BZ85*35%-14500000)))),0))) -> 0 | CB85: =ROUND(BG85-BQ85-CA85,0) -> 18130226 | CE85: =CB85+CC85-CD85 -> 18130226 | CF85: =CE85-CG85 -> 0 | CG85: =CE85 -> 18130226 | CI85: tam.nguyen@medigoapp.com | CJ85: =VLOOKUP(D85,[1]CNT!$C$6:$AP$113,40,0) -> 0 | CK85: 4 | CM85: 16 | CN85: 5 | CO85: 2023 | CP85: =IF((($CO$8-CO85)*12)+($CN$8-CN85)>=12,((($CO$8-CO85)*12)+($CN$8-CN85))-1,0) -> 0 | CQ85: =IF(CP85<12,(($CQ$8-CO85)*12)+($CP$8-CN85),0) -> 36 | CR85: =IF(OR(CP85>12,CP85=12),((CP85-(CS85*12))+((($CQ$8-2024)*12)+($CP$8-4)))+1,0) -> 0 | CS85: =IF(OR(CP85>12,CP85=12),ROUNDDOWN(CP85/12,0),0) -> 0 | CT85: =IF(CQ85>11,ROUNDDOWN(CQ85/12,0),0) -> 3 | CU85: =IF(CR85>11,ROUNDDOWN(CR85/12,0),0) -> 0 | CV85: =IF(CP85=0,0,6000000*1.07^CS85) -> 0 | CW85: =IF(CT85<2,0,6000000+(CT85-1)*500000) -> 7000000 | CX85: =IF(CU85=0,CV85,IF(CU85<1,0,CV85+CU85*500000)) -> 0 | CY85: =IF(CX85>0,CX85,IF(CW85>0,CW85,6000000)) -> 7000000 | DA85: =CJ85 -> 0 | DB85: Đối soát HD1141553, HD1144912, HD1149586, HD1154529, HD1150500, HD1165062, HD1178247, HD1166873, HD1175496 | DE85: =VLOOKUP($D85,'[6]Tong hop'!$B$8:$Q$45,15,0) -> 909431 | DF85: =VLOOKUP($D85,'[2]Med Service'!$D$11:$DI$87,110,0) -> 0 | DG85: =VLOOKUP($D85,'[3]BẢNG LƯƠNG'!$C$3:$AH$102,32,0)
A86: 73 | B86: 7 | C86: Tran Ngoc Dung | D86: Trần Ngọc Dung | E86: =IF(OR(G86="CHT",G86="DSBC"),"HĐLĐ",IF(OR(G86="DSTV",G86="Q.CHT"),"HĐTV","HĐCTV")) -> HĐLĐ | F86: Đường Láng | G86: DSBC | H86: 10/3/2026 | I86: 19036814716010 | J86: Techcombank | K86: 28 | L86: 26 | M86: 216.68 | N86: 41.13 | O86: 0 | S86: =IF(E86="HĐLĐ",5310000,0) -> 5310000 | T86: =IF(500000/28*L86>500000,500000,500000/28*L86) -> 464285.71 | AA86: =CY86 -> 6000000 | AE86: =IF(E86="HĐTV",AC86/28/8*M86,AA86/28/8*M86) -> 5803928.6 | AF86: =IF(E86="HĐTV",AC86/28/8*N86*1.5,AA86/28/8*N86*1.5) -> 1652544.6 | AG86: 0 | AH86: 0 | AI86: 0 | AL86: 0 | AM86: 0 | AN86: 1520650 | AO86: 170114 | AP86: 0 | AQ86: 500000 | AS86: 0 | AT86: 0 | AU86: 0 | BA86: 0 | BB86: 0 | BC86: 0 | BD86: 0 | BE86: 540631 | BF86: 0 | BG86: =SUM(T86:Z86)+SUM(AD86:AZ86)-SUM(BA86:BF86) -> 9570891.9 | BH86: =S86*17.5% -> 929250 | BI86: =S86*3% -> 159300 | BJ86: =S86*1% -> 53100 | BL86: =SUM(BH86:BK86) -> 1141650 | BM86: =S86*8% -> 424800 | BN86: =S86*1.5% -> 79650 | BO86: =S86*1% -> 53100 | BQ86: =SUM(BM86:BP86) -> 557550 | BR86: =AF86 -> 1652544.6 | BS86: =T86+U86+V86+W86 -> 464285.71 | BT86: =BG86-BS86-BR86 -> 7454061.6 | BU86: =IF(E86="HĐLĐ",15500000,0) -> 15500000 | BW86: =BV86*6200000 -> 0 | BX86: =BQ86 -> 557550 | BY86: =BU86+BW86+BX86 -> 16057550 | BZ86: =IF(BT86-BY86>0,BT86-BY86,0) -> 0 | CA86: =IF(AND(OR($E86="HĐTV",$E86="HĐCTV"),$BZ86<2000000),0,IF(OR($E86="HĐTV",$E86="HĐCTV"),$BZ86*10%,ROUND(IF($BZ86<=10000000,$BZ86*5%,IF($BZ86<=30000000,$BZ86*10%-500000,IF($BZ86<=60000000,$BZ86*20%-3500000,IF($BZ86<=100000000,$BZ86*30%-9500000,$BZ86*35%-14500000)))),0))) -> 0 | CB86: =ROUND(BG86-BQ86-CA86,0) -> 9013342 | CE86: =CB86+CC86-CD86 -> 9013342 | CF86: =CE86-CG86 -> 0 | CG86: =CE86 -> 9013342 | CI86: =VLOOKUP($C86,[5]Sheet1!$C$5:$K$139,9,0) -> dung.tran@medigoapp.com | CJ86: =VLOOKUP(D86,[1]CNT!$C$6:$AP$113,40,0) -> Sai doanh thu HD.VQWXD95V : 119.000Đ | CK86: 10 | CM86: 10 | CN86: 3 | CO86: 2026 | CP86: =IF((($CO$8-CO86)*12)+($CN$8-CN86)>=12,((($CO$8-CO86)*12)+($CN$8-CN86))-1,0) -> 0 | CQ86: =IF(CP86<12,(($CQ$8-CO86)*12)+($CP$8-CN86),0) -> 2 | CR86: =IF(OR(CP86>12,CP86=12),((CP86-(CS86*12))+((($CQ$8-2024)*12)+($CP$8-4)))+1,0) -> 0 | CS86: =IF(OR(CP86>12,CP86=12),ROUNDDOWN(CP86/12,0),0) -> 0 | CT86: =IF(CQ86>11,ROUNDDOWN(CQ86/12,0),0) -> 0 | CU86: =IF(CR86>11,ROUNDDOWN(CR86/12,0),0) -> 0 | CV86: =IF(CP86=0,0,6000000*1.07^CS86) -> 0 | CW86: =IF(CT86<2,0,6000000+(CT86-1)*500000) -> 0 | CX86: =IF(CU86=0,CV86,IF(CU86<1,0,CV86+CU86*500000)) -> 0 | CY86: =IF(CX86>0,CX86,IF(CW86>0,CW86,6000000)) -> 6000000 | DA86: =CJ86 -> Sai doanh thu HD.VQWXD95V : 119.000Đ | DB86: Đối soát HD1139700, HD1134931, HD1130696, HD1144058, HD1154996, HD1161144, HD1160702 | DF86: =VLOOKUP($D86,'[2]Med Service'!$D$11:$DI$87,110,0) -> 0 | DG86: =VLOOKUP($D86,'[3]BẢNG LƯƠNG'!$C$3:$AH$102,32,0) -> Không chốt tiền theo ca 02/05/2026: 100.000đ Không dọn dẹp vệ sinh nơi làm việc 23/05/2026: 10.000đ
I87: =SUM(I82:I86) -> 0 | J87: =SUM(J82:J86) -> 0 | L87: =SUM(L82:L86) -> 136 | M87: =SUM(M82:M86) -> 742.19 | N87: =SUM(N82:N86) -> 589.66 | O87: =SUM(O82:O86) -> 16 | P87: =SUM(P82:P86) -> 0 | Q87: =SUM(Q82:Q86) -> 0 | R87: =SUM(R82:R86) -> 0 | S87: =SUM(S82:S86) -> 26550000 | U87: =SUM(U82:U86) -> 0 | V87: =SUM(V82:V86) -> 0 | W87: =SUM(W82:W86) -> 0 | X87: =SUM(X82:X86) -> 0 | Y87: =SUM(Y82:Y86) -> 0 | Z87: =SUM(Z82:Z86) -> 0 | AA87: =SUM(AA82:AA86) -> 33789400 | AB87: =SUM(AB82:AB86) -> 0 | ... AI87: =SUM(AI82:AI86) -> 1500000 | AL87: =SUM(AL82:AL86) -> 4150000 | AM87: =SUM(AM82:AM86) -> 2751929 | AN87: =SUM(AN82:AN86) -> 18015150 | AO87: =SUM(AO82:AO86) -> 370057 | AP87: =SUM(AP82:AP86) -> 0 | AQ87: =SUM(AQ82:AQ86) -> 500000 | AR87: =SUM(AR82:AR86) -> 0 | AS87: =SUM(AS82:AS86) -> 508000 | ... BF87: =SUM(BF82:BF86) -> 0 | BH87: =SUM(BH82:BH86) -> 4646250 | BI87: =SUM(BI82:BI86) -> 796500 | BJ87: =SUM(BJ82:BJ86) -> 265500 | BK87: =SUM(BK82:BK86) -> 0 | BL87: =SUM(BL82:BL86) -> 5708250 | BM87: =SUM(BM82:BM86) -> 2124000 | BN87: =SUM(BN82:BN86) -> 398250 | BO87: =SUM(BO82:BO86) -> 265500 | ... BQ87: =SUM(BQ82:BQ86) -> 2787750 | BR87: =AF87 -> 28264208 | BS87: =SUM(BS82:BS86) -> 2375000 | BT87: =BG87-BS87-BR87 -> -30639208 | BU87: =SUM(BU82:BU86) -> 77500000 | BV87: =SUM(BV82:BV86) -> 0 | BW87: =SUM(BW82:BW86) -> 0 | BX87: =SUM(BX82:BX86) -> 2787750 | BY87: =SUM(BY82:BY86) -> 80287750 | BZ87: =SUM(BZ82:BZ86) -> 0 | CA87: =SUM(CA82:CA86) -> 0 | CB87: =SUM(CB82:CB86) -> 76414147 | ... CJ87: =SUM(CJ82:CJ86) -> 0 | CM87: =SUM(CM82:CM86) -> 95 | CN87: =SUM(CN82:CN86) -> 17 | CO87: =SUM(CO82:CO86) -> 10119 | CP87: =SUM(CP82:CP86) -> 36 | CQ87: =SUM(CQ82:CQ86) -> 52 | CR87: =SUM(CR82:CR86) -> 52 | CS87: =SUM(CS82:CS86) -> 3 | CT87: =SUM(CT82:CT86) -> 4 | ... DC87: =SUM(DC82:DC86) -> 0 | DE87: =SUM(DE82:DE86) -> 1166710 | DF87: =SUM(DF82:DF86) -> 0 | DG87: =SUM(DG82:DG86) -> 0
A88: 78 | B88: 6 | C88: Dinh Thi Lan Anh | D88: Đinh Thị Lan Anh | E88: =IF(OR(G88="CHT",G88="DSBC"),"HĐLĐ",IF(OR(G88="DSTV",G88="Q.CHT"),"HĐTV","HĐCTV")) -> HĐLĐ | F88: Hàng Bông | G88: CHT | H88: 44674 | I88: 16010000495222 | J88: BIDV | K88: 28 | L88: 30 | M88: 262.85 | N88: 12.98 | O88: 16 | S88: =IF(E88="HĐLĐ",5310000,0) -> 5310000 | T88: =IF(500000/28*L88>500000,500000,500000/28*L88) -> 500000 | AA88: =CY88 -> 7920000 | AE88: =IF(E88="HĐTV",AC88/28/8*M88,AA88/28/8*M88) -> 9293625 | AF88: =IF(E88="HĐTV",AC88/28/8*N88*1.5,AA88/28/8*N88*1.5) -> 688403.57 | AG88: 2000000 | AH88: 0 | AI88: 0 | AL88: 650000 | AM88: 3556950 | AN88: 5423800 | AO88: 23983 | AP88: 0 | AQ88: 0 | AS88: 0 | AT88: 0 | AU88: 0 | BA88: 0 | BB88: 0 | BC88: 0 | BD88: 0 | BE88: 0 | BF88: 0 | BG88: =SUM(T88:Z88)+SUM(AD88:AZ88)-SUM(BA88:BF88) -> 22136762 | BH88: =S88*17.5% -> 929250 | BI88: =S88*3% -> 159300 | BJ88: =S88*1% -> 53100 | BL88: =SUM(BH88:BK88) -> 1141650 | BM88: =S88*8% -> 424800 | BN88: =S88*1.5% -> 79650 | BO88: =S88*1% -> 53100 | BQ88: =SUM(BM88:BP88) -> 557550 | BR88: =AF88 -> 688403.57 | BS88: =T88+U88+V88+W88 -> 500000 | BT88: =BG88-BS88-BR88 -> 20948358 | BU88: =IF(E88="HĐLĐ",15500000,0) -> 15500000 | BW88: =BV88*6200000 -> 0 | BX88: =BQ88 -> 557550 | BY88: =BU88+BW88+BX88 -> 16057550 | BZ88: =IF(BT88-BY88>0,BT88-BY88,0) -> 4890808 | CA88: =IF(AND(OR($E88="HĐTV",$E88="HĐCTV"),$BZ88<2000000),0,IF(OR($E88="HĐTV",$E88="HĐCTV"),$BZ88*10%,ROUND(IF($BZ88<=10000000,$BZ88*5%,IF($BZ88<=30000000,$BZ88*10%-500000,IF($BZ88<=60000000,$BZ88*20%-3500000,IF($BZ88<=100000000,$BZ88*30%-9500000,$BZ88*35%-14500000)))),0))) -> 244540 | CB88: =ROUND(BG88-BQ88-CA88,0) -> 21334672 | CE88: =CB88+CC88-CD88 -> 21334672 | CF88: =CE88-CG88 -> 0 | CG88: =CE88 -> 21334672 | CI88: anh.dinh@medigoapp.com | CJ88: =VLOOKUP(D88,[1]CNT!$C$6:$AP$113,40,0) -> 0 | CK88: 4 | CM88: 23 | CN88: 4 | CO88: 2022 | CP88: =IF((($CO$8-CO88)*12)+($CN$8-CN88)>=12,((($CO$8-CO88)*12)+($CN$8-CN88))-1,0) -> 23 | CQ88: =IF(CP88<12,(($CQ$8-CO88)*12)+($CP$8-CN88),0) -> 0 | CR88: =IF(OR(CP88>12,CP88=12),((CP88-(CS88*12))+((($CQ$8-2024)*12)+($CP$8-4)))+1,0) -> 37 | CS88: =IF(OR(CP88>12,CP88=12),ROUNDDOWN(CP88/12,0),0) -> 1 | CT88: =IF(CQ88>11,ROUNDDOWN(CQ88/12,0),0) -> 0 | CU88: =IF(CR88>11,ROUNDDOWN(CR88/12,0),0) -> 3 | CV88: =IF(CP88=0,0,6000000*1.07^CS88) -> 6420000 | CW88: =IF(CT88<2,0,6000000+(CT88-1)*500000) -> 0 | CX88: =IF(CU88=0,CV88,IF(CU88<1,0,CV88+CU88*500000)) -> 7920000 | CY88: =IF(CX88>0,CX88,IF(CW88>0,CW88,6000000)) -> 7920000 | DA88: =CJ88 -> 0 | DE88: =VLOOKUP($D88,'[6]Tong hop'!$B$8:$Q$45,15,0) -> 1149740 | DF88: =VLOOKUP($D88,'[2]Med Service'!$D$11:$DI$87,110,0) -> 0 | DG88: =VLOOKUP($D88,'[3]BẢNG LƯƠNG'!$C$3:$AH$102,32,0) -> Không thực hiện quy trình bán hàng 11/05/2026: 10.000đ
A89: 74 | B89: 6 | C89: Nguyen Manh Tuan | D89: Nguyễn Mạnh Tuấn | E89: =IF(OR(G89="CHT",G89="DSBC"),"HĐLĐ",IF(OR(G89="DSTV",G89="Q.CHT"),"HĐTV","HĐCTV")) -> HĐLĐ | F89: Hàng Bông | G89: DSBC | H89: 29/09/2025 | I89: 00834502302 | J89: TP bank | K89: 28 | L89: 26 | M89: 29.45 | N89: 195.06 | O89: 0 | S89: =IF(E89="HĐLĐ",5310000,0) -> 5310000 | T89: =IF(500000/28*L89>500000,500000,500000/28*L89) -> 464285.71 | AA89: =CY89 -> 6000000 | AE89: =IF(E89="HĐTV",AC89/28/8*M89,AA89/28/8*M89) -> 788839.29 | AF89: =IF(E89="HĐTV",AC89/28/8*N89*1.5,AA89/28/8*N89*1.5) -> 7837232.1 | AG89: 0 | AH89: 0 | AI89: 1285714 | AL89: 100000 | AM89: 0 | AN89: 4697300 | AO89: 78869 | AP89: 0 | AQ89: 0 | AS89: 0 | AT89: 0 | AU89: 0 | BA89: 0 | BB89: 0 | BC89: 0 | BD89: 0 | BE89: 88900 | BF89: 0 | BG89: =SUM(T89:Z89)+SUM(AD89:AZ89)-SUM(BA89:BF89) -> 15163340 | BH89: =S89*17.5% -> 929250 | BI89: =S89*3% -> 159300 | BJ89: =S89*1% -> 53100 | BL89: =SUM(BH89:BK89) -> 1141650 | BM89: =S89*8% -> 424800 | BN89: =S89*1.5% -> 79650 | BO89: =S89*1% -> 53100 | BQ89: =SUM(BM89:BP89) -> 557550 | BR89: =AF89 -> 7837232.1 | BS89: =T89+U89+V89+W89 -> 464285.71 | BT89: =BG89-BS89-BR89 -> 6861822.3 | BU89: =IF(E89="HĐLĐ",15500000,0) -> 15500000 | BW89: =BV89*6200000 -> 0 | BX89: =BQ89 -> 557550 | BY89: =BU89+BW89+BX89 -> 16057550 | BZ89: =IF(BT89-BY89>0,BT89-BY89,0) -> 0 | CA89: =IF(AND(OR($E89="HĐTV",$E89="HĐCTV"),$BZ89<2000000),0,IF(OR($E89="HĐTV",$E89="HĐCTV"),$BZ89*10%,ROUND(IF($BZ89<=10000000,$BZ89*5%,IF($BZ89<=30000000,$BZ89*10%-500000,IF($BZ89<=60000000,$BZ89*20%-3500000,IF($BZ89<=100000000,$BZ89*30%-9500000,$BZ89*35%-14500000)))),0))) -> 0 | CB89: =ROUND(BG89-BQ89-CA89,0) -> 14605790 | CE89: =CB89+CC89-CD89 -> 14605790 | CF89: =CE89-CG89 -> 0 | CG89: =CE89 -> 14605790 | CI89: =VLOOKUP($C89,[5]Sheet1!$C$5:$K$139,9,0) -> tuan.nguyen@medigoapp.com | CJ89: =VLOOKUP(D89,[1]CNT!$C$6:$AP$113,40,0) -> 0 | CK89: 12 | CM89: 29 | CN89: 9 | CO89: 2025 | CP89: =IF((($CO$8-CO89)*12)+($CN$8-CN89)>=12,((($CO$8-CO89)*12)+($CN$8-CN89))-1,0) -> 0 | CQ89: =IF(CP89<12,(($CQ$8-CO89)*12)+($CP$8-CN89),0) -> 8 | CR89: =IF(OR(CP89>12,CP89=12),((CP89-(CS89*12))+((($CQ$8-2024)*12)+($CP$8-4)))+1,0) -> 0 | CS89: =IF(OR(CP89>12,CP89=12),ROUNDDOWN(CP89/12,0),0) -> 0 | CT89: =IF(CQ89>11,ROUNDDOWN(CQ89/12,0),0) -> 0 | CU89: =IF(CR89>11,ROUNDDOWN(CR89/12,0),0) -> 0 | CV89: =IF(CP89=0,0,6000000*1.07^CS89) -> 0 | CW89: =IF(CT89<2,0,6000000+(CT89-1)*500000) -> 0 | CX89: =IF(CU89=0,CV89,IF(CU89<1,0,CV89+CU89*500000)) -> 0 | CY89: =IF(CX89>0,CX89,IF(CW89>0,CW89,6000000)) -> 6000000 | DA89: =CJ89 -> 0 | DB89: Đối soát HD1181233, HD1172143 | DF89: =VLOOKUP($D89,'[2]Med Service'!$D$11:$DI$87,110,0) -> 0 | DG89: =VLOOKUP($D89,'[3]BẢNG LƯƠNG'!$C$3:$AH$102,32,0) -> Lệch doanh thu HD.BJ41DRW7: 87.000đ
A90: 76 | B90: 6 | C90: Vu Thanh Hang | D90: Vũ Thanh Hằng | E90: =IF(OR(G90="CHT",G90="DSBC"),"HĐLĐ",IF(OR(G90="DSTV",G90="Q.CHT"),"HĐTV","HĐCTV")) -> HĐLĐ | F90: Hàng Bông | G90: DSBC | H90: 22/9/2025 | I90: 9993886688 | J90: Techcombank | K90: 28 | L90: 28 | M90: 207.67 | N90: 29.92 | O90: 0 | S90: =IF(E90="HĐLĐ",5310000,0) -> 5310000 | T90: =IF(500000/28*L90>500000,500000,500000/28*L90) -> 500000 | AA90: =CY90 -> 6000000 | AE90: =IF(E90="HĐTV",AC90/28/8*M90,AA90/28/8*M90) -> 5562589.3 | AF90: =IF(E90="HĐTV",AC90/28/8*N90*1.5,AA90/28/8*N90*1.5) -> 1202142.9 | AG90: 0 | AH90: 0 | AI90: 0 | AL90: 2150000 | AM90: 4119839 | AN90: 6838500 | AO90: 27571 | AP90: 0 | AQ90: 0 | AS90: 0 | AT90: 0 | AU90: 0 | BA90: 0 | BB90: 0 | BC90: 0 | BD90: 0 | BE90: 101200 | BF90: 0 | BG90: =SUM(T90:Z90)+SUM(AD90:AZ90)-SUM(BA90:BF90) -> 20299442 | BH90: =S90*17.5% -> 929250 | BI90: =S90*3% -> 159300 | BJ90: =S90*1% -> 53100 | BL90: =SUM(BH90:BK90) -> 1141650 | BM90: =S90*8% -> 424800 | BN90: =S90*1.5% -> 79650 | BO90: =S90*1% -> 53100 | BQ90: =SUM(BM90:BP90) -> 557550 | BR90: =AF90 -> 1202142.9 | BS90: =T90+U90+V90+W90 -> 500000 | BT90: =BG90-BS90-BR90 -> 18597299 | BU90: =IF(E90="HĐLĐ",15500000,0) -> 15500000 | BW90: =BV90*6200000 -> 0 | BX90: =BQ90 -> 557550 | BY90: =BU90+BW90+BX90 -> 16057550 | BZ90: =IF(BT90-BY90>0,BT90-BY90,0) -> 2539749.3 | CA90: =IF(AND(OR($E90="HĐTV",$E90="HĐCTV"),$BZ90<2000000),0,IF(OR($E90="HĐTV",$E90="HĐCTV"),$BZ90*10%,ROUND(IF($BZ90<=10000000,$BZ90*5%,IF($BZ90<=30000000,$BZ90*10%-500000,IF($BZ90<=60000000,$BZ90*20%-3500000,IF($BZ90<=100000000,$BZ90*30%-9500000,$BZ90*35%-14500000)))),0))) -> 126987 | CB90: =ROUND(BG90-BQ90-CA90,0) -> 19614905 | CE90: =CB90+CC90-CD90 -> 19614905 | CF90: =CE90-CG90 -> 0 | CG90: =CE90 -> 19614905 | CI90: =VLOOKUP($C90,[5]Sheet1!$C$5:$K$139,9,0) -> hang.vu@medigoapp.com | CJ90: =VLOOKUP(D90,[1]CNT!$C$6:$AP$113,40,0) -> 0 | CK90: 9 | CM90: 22 | CN90: 9 | CO90: 2025 | CP90: =IF((($CO$8-CO90)*12)+($CN$8-CN90)>=12,((($CO$8-CO90)*12)+($CN$8-CN90))-1,0) -> 0 | CQ90: =IF(CP90<12,(($CQ$8-CO90)*12)+($CP$8-CN90),0) -> 8 | CR90: =IF(OR(CP90>12,CP90=12),((CP90-(CS90*12))+((($CQ$8-2024)*12)+($CP$8-4)))+1,0) -> 0 | CS90: =IF(OR(CP90>12,CP90=12),ROUNDDOWN(CP90/12,0),0) -> 0 | CT90: =IF(CQ90>11,ROUNDDOWN(CQ90/12,0),0) -> 0 | CU90: =IF(CR90>11,ROUNDDOWN(CR90/12,0),0) -> 0 | CV90: =IF(CP90=0,0,6000000*1.07^CS90) -> 0 | CW90: =IF(CT90<2,0,6000000+(CT90-1)*500000) -> 0 | CX90: =IF(CU90=0,CV90,IF(CU90<1,0,CV90+CU90*500000)) -> 0 | CY90: =IF(CX90>0,CX90,IF(CW90>0,CW90,6000000)) -> 6000000 | DA90: =CJ90 -> 0 | DB90: Đối soát HD1155478 | DF90: =VLOOKUP($D90,'[2]Med Service'!$D$11:$DI$87,110,0) -> 0 | DG90: =VLOOKUP($D90,'[3]BẢNG LƯƠNG'!$C$3:$AH$102,32,0) -> Lệch doanh thu HD:B2G9ZKJB: 187.300đ
A91: 77 | B91: 6 | C91: Dinh Thi Khanh Ly | D91: Đinh Thị Khánh Ly | E91: =IF(OR(G91="CHT",G91="DSBC"),"HĐLĐ",IF(OR(G91="DSTV",G91="Q.CHT"),"HĐTV","HĐCTV")) -> HĐLĐ | F91: Hàng Bông | G91: DSBC | H91: 03/11/2025 | I91: 0021000423384 | J91: Vietcombank | K91: 28 | L91: 27 | M91: 172.93 | N91: 72.39 | O91: 0 | S91: =IF(E91="HĐLĐ",5310000,0) -> 5310000 | T91: =IF(500000/28*L91>500000,500000,500000/28*L91) -> 482142.86 | AA91: =CY91 -> 6000000 | AE91: =IF(E91="HĐTV",AC91/28/8*M91,AA91/28/8*M91) -> 4632053.6 | AF91: =IF(E91="HĐTV",AC91/28/8*N91*1.5,AA91/28/8*N91*1.5) -> 2908526.8 | AG91: 0 | AH91: 0 | AI91: 0 | AL91: 950000 | AM91: 3917023 | AN91: 7370500 | AO91: 104556 | AP91: 120 | AQ91: 0 | AS91: 0 | AT91: 0 | AU91: 292335 | BA91: 0 | BB91: 0 | BC91: 0 | BD91: 0 | BE91: 358000 | BF91: 0 | BG91: =SUM(T91:Z91)+SUM(AD91:AZ91)-SUM(BA91:BF91) -> 20299257 | BH91: =S91*17.5% -> 929250 | BI91: =S91*3% -> 159300 | BJ91: =S91*1% -> 53100 | BL91: =SUM(BH91:BK91) -> 1141650 | BM91: =S91*8% -> 424800 | BN91: =S91*1.5% -> 79650 | BO91: =S91*1% -> 53100 | BQ91: =SUM(BM91:BP91) -> 557550 | BR91: =AF91 -> 2908526.8 | BS91: =T91+U91+V91+W91 -> 482142.86 | BT91: =BG91-BS91-BR91 -> 16908588 | BU91: =IF(E91="HĐLĐ",15500000,0) -> 15500000 | BW91: =BV91*6200000 -> 0 | BX91: =BQ91 -> 557550 | BY91: =BU91+BW91+BX91 -> 16057550 | BZ91: =IF(BT91-BY91>0,BT91-BY91,0) -> 851037.57 | CA91: =IF(AND(OR($E91="HĐTV",$E91="HĐCTV"),$BZ91<2000000),0,IF(OR($E91="HĐTV",$E91="HĐCTV"),$BZ91*10%,ROUND(IF($BZ91<=10000000,$BZ91*5%,IF($BZ91<=30000000,$BZ91*10%-500000,IF($BZ91<=60000000,$BZ91*20%-3500000,IF($BZ91<=100000000,$BZ91*30%-9500000,$BZ91*35%-14500000)))),0))) -> 42552 | CB91: =ROUND(BG91-BQ91-CA91,0) -> 19699155 | CE91: =CB91+CC91-CD91 -> 19699155 | CF91: =CE91-CG91 -> 0 | CG91: =CE91 -> 19699155 | CI91: =VLOOKUP($C91,[5]Sheet1!$C$5:$K$139,9,0) -> ly.dinh@medigoapp.com | CJ91: =VLOOKUP(D91,[1]CNT!$C$6:$AP$113,40,0) -> 0 | CK91: 12 | CM91: 3 | CN91: 11 | CO91: 2025 | CP91: =IF((($CO$8-CO91)*12)+($CN$8-CN91)>=12,((($CO$8-CO91)*12)+($CN$8-CN91))-1,0) -> 0 | CQ91: =IF(CP91<12,(($CQ$8-CO91)*12)+($CP$8-CN91),0) -> 6 | CR91: =IF(OR(CP91>12,CP91=12),((CP91-(CS91*12))+((($CQ$8-2024)*12)+($CP$8-4)))+1,0) -> 0 | CS91: =IF(OR(CP91>12,CP91=12),ROUNDDOWN(CP91/12,0),0) -> 0 | CT91: =IF(CQ91>11,ROUNDDOWN(CQ91/12,0),0) -> 0 | CU91: =IF(CR91>11,ROUNDDOWN(CR91/12,0),0) -> 0 | CV91: =IF(CP91=0,0,6000000*1.07^CS91) -> 0 | CW91: =IF(CT91<2,0,6000000+(CT91-1)*500000) -> 0 | CX91: =IF(CU91=0,CV91,IF(CU91<1,0,CV91+CU91*500000)) -> 0 | CY91: =IF(CX91>0,CX91,IF(CW91>0,CW91,6000000)) -> 6000000 | DA91: =CJ91 -> 0 | DB91: Đối soát HD1159992, HD1169265 | DF91: =VLOOKUP($D91,'[2]Med Service'!$D$11:$DI$87,110,0) -> 0 | DG91: =VLOOKUP($D91,'[3]BẢNG LƯƠNG'!$C$3:$AH$102,32,0)
D92: Đỗ Thu Huệ | E92: =IF(OR(G92="CHT",G92="DSBC"),"HĐLĐ",IF(OR(G92="DSTV",G92="Q.CHT"),"HĐTV","HĐCTV")) -> HĐTV | F92: Hàng Bông | G92: DSTV | H92: 46250 | I92: 19038804011011 | J92: Techcombank | K92: 28 | L92: 14 | M92: 124.53 | N92: 0 | O92: 0 | S92: =IF(E92="HĐLĐ",5310000,0) -> 0 | T92: =IF(500000/28*L92>500000,500000,500000/28*L92) -> 250000 | AA92: 6000000 | AB92: =AA92 -> 6000000 | AC92: 6000000 | AD92: =IF(E92="HĐTV",AC92/K92*L92,AB92/K92*L92) -> 3000000 | AE92: =IF(E92="HĐTV",AC92/28/8*M92,AA92/28/8*M92) -> 3335625 | AF92: =IF(E92="HĐTV",AC92/28/8*N92*1.5,AA92/28/8*N92*1.5) -> 0 | AG92: 0 | AH92: 0 | AI92: 0 | AL92: 0 | AM92: 0 | AN92: 0 | AO92: 0 | AP92: 0 | AQ92: 0 | AS92: 0 | AT92: 0 | AU92: 0 | BA92: 0 | BB92: 0 | BC92: 0 | BD92: 0 | BE92: 0 | BF92: 0 | BG92: =SUM(T92:Z92)+SUM(AD92:AZ92)-SUM(BA92:BF92) -> 6585625 | BH92: =S92*17.5% -> 0 | BI92: =S92*3% -> 0 | BJ92: =S92*1% -> 0 | BL92: =SUM(BH92:BK92) -> 0 | BM92: =S92*8% -> 0 | BN92: =S92*1.5% -> 0 | BO92: =S92*1% -> 0 | BQ92: =SUM(BM92:BP92) -> 0 | BR92: =AF92 -> 0 | BS92: =T92+U92+V92+W92 -> 250000 | BT92: =BG92-BS92-BR92 -> 6335625 | BU92: =IF(E92="HĐLĐ",15500000,0) -> 0 | BX92: =BQ92 -> 0 | BY92: =BU92+BW92+BX92 -> 0 | CK92: 11 | CY92: =IF(CX92>0,CX92,IF(CW92>0,CW92,6000000)) -> 6000000
K93: =SUM(K89:K92) -> 112 | L93: =SUM(L89:L92) -> 95 | M93: =SUM(M89:M92) -> 534.58 | N93: =SUM(N89:N92) -> 297.37 | O93: =SUM(O89:O92) -> 0 | P93: =SUM(P89:P92) -> 0 | Q93: =SUM(Q89:Q92) -> 0 | R93: =SUM(R89:R92) -> 0 | ... AD93: =SUM(AD89:AD92) -> 3000000 | AE93: =SUM(AE88:AE92) -> 23612732 | AF93: =SUM(AF88:AF92) -> 12636305 | AG93: =SUM(AG88:AG92) -> 2000000 | AH93: =SUM(AH88:AH92) -> 0 | AI93: =SUM(AI88:AI92) -> 1285714 | AJ93: =SUM(AJ88:AJ92) -> 0 | AK93: =SUM(AK88:AK92) -> 0 | AL93: =SUM(AL88:AL92) -> 3850000 | ... AQ93: =SUM(AQ88:AQ92) -> 0 | AR93: =SUM(AR89:AR92) -> 0 | AS93: =SUM(AS89:AS92) -> 0 | AT93: =SUM(AT89:AT92) -> 0 | AU93: =SUM(AU89:AU92) -> 292335 | AV93: =SUM(AV89:AV92) -> 0 | AW93: =SUM(AW89:AW92) -> 0 | AX93: =SUM(AX89:AX92) -> 0 | AY93: =SUM(AY89:AY92) -> 0 | ... BQ93: =SUM(BQ89:BQ92) -> 1672650 | BR93: =AF93 -> 12636305 | BS93: =SUM(BS89:BS92) -> 1696428.6 | BT93: =SUM(BT89:BT92) -> 48703334 | BU93: =SUM(BU89:BU92) -> 46500000 | BV93: =SUM(BV89:BV92) -> 0 | BW93: =SUM(BW89:BW92) -> 0 | BX93: =SUM(BX89:BX92) -> 1672650 | BY93: =SUM(BY89:BY92) -> 48172650 | BZ93: =SUM(BZ89:BZ92) -> 3390786.9 | ... CJ93: =SUM(CJ89:CJ92) -> 0 | CM93: =SUM(CM89:CM92) -> 54 | CN93: =SUM(CN89:CN92) -> 29 | CO93: =SUM(CO89:CO92) -> 6075 | CP93: =SUM(CP89:CP92) -> 0 | CQ93: =SUM(CQ89:CQ92) -> 22 | CR93: =SUM(CR89:CR92) -> 0 | CS93: =SUM(CS89:CS92) -> 0 | CT93: =SUM(CT89:CT92) -> 0 | ... DC93: =SUM(DC89:DC92) -> 0 | DE93: =SUM(DE89:DE92) -> 0 | DF93: =SUM(DF89:DF92) -> 0 | DG93: =SUM(DG89:DG92) -> 0
L94: =SUM(L15:L92) -> 2677 | M94: =SUM(M15:M92) -> 14852.47 | N94: =SUM(N15:N92) -> 9391.11 | O94: =SUM(O15:O92) -> 560 | P94: =SUM(P15:P92) -> 0 | Q94: =SUM(Q15:Q92) -> 0 | R94: =SUM(R15:R92) -> 0 | S94: =SUM(S15:S92) -> 440730000 | ... AH94: =SUM(AH15:AH92) -> 0 | AL94: =SUM(AL16:AL91) -> 63983332 | AM94: =SUM(AM15:AM92) -> 34568776 | AN94: =SUM(AN15:AN92) -> 179893025 | AO94: =SUM(AO15:AO92) -> 3303816 | AP94: =SUM(AP15:AP92) -> 1200 | AQ94: =SUM(AQ15:AQ92) -> 19302800 | AR94: =SUM(AR15:AR92) -> 0 | AS94: =SUM(AS15:AS92) -> 1276000 | AU94: =SUM(AU15:AU92) -> 19187479 | AV94: =SUM(AV15:AV92) -> 0 | AW94: =SUM(AW15:AW92) -> 0 | AX94: =SUM(AX15:AX92) -> 0 | AY94: =SUM(AY15:AY92) -> 900000 | AZ94: =SUM(AZ15:AZ92) -> 7035626 | BA94: =SUM(BA15:BA92) -> 354000 | BB94: =SUM(BB15:BB92) -> 0 | ... CG94: =SUM(CG15:CG92) -> 1144423277
L95: =#REF! -> #REF! | M95: =#REF! -> #REF! | N95: =#REF! -> #REF! | O95: =#REF! -> #REF! | P95: =#REF! -> #REF! | Q95: =#REF! -> #REF! | R95: =#REF! -> #REF! | S95: =#REF! -> #REF! | ... AH95: =#REF! -> #REF! | AL95: =#REF! -> #REF! | AM95: =#REF! -> #REF! | AN95: =#REF! -> #REF! | AO95: =#REF! -> #REF! | AP95: =#REF! -> #REF! | AQ95: =#REF! -> #REF! | AR95: =#REF! -> #REF! | AV95: =#REF! -> #REF! | AW95: =#REF! -> #REF! | AX95: =#REF! -> #REF! | AY95: =#REF! -> #REF! | AZ95: =#REF! -> #REF! | BA95: =#REF! -> #REF! | BB95: =#REF! -> #REF! | BC95: =#REF! -> #REF! | ... BQ95: =#REF! -> #REF! | BR95: =AF95 -> #REF! | BS95: =#REF! -> #REF! | BT95: =#REF! -> #REF! | BU95: =#REF! -> #REF! | BV95: =#REF! -> #REF! | BW95: =#REF! -> #REF! | BX95: =#REF! -> #REF! | BY95: =#REF! -> #REF! | BZ95: =#REF! -> #REF! | ... CG95: =#REF! -> #REF!
L96: =L95-#REF! -> #REF! | M96: =M95-#REF! -> #REF! | N96: =N95-#REF! -> #REF! | O96: =O95-#REF! -> #REF! | P96: =P95-#REF! -> #REF! | Q96: =Q95-#REF! -> #REF! | R96: =R95-#REF! -> #REF! | S96: =S95-#REF! -> #REF! | ... AH96: =AH95-#REF! -> #REF! | AL96: =AL95-#REF! -> #REF! | AM96: =AM95-#REF! -> #REF! | AN96: =AN95-#REF! -> #REF! | AO96: =AO95-#REF! -> #REF! | AP96: =AP95-#REF! -> #REF! | AQ96: =AQ95-#REF! -> #REF! | AR96: =AR95-#REF! -> #REF! | AV96: =AV95-#REF! -> #REF! | AW96: =AW95-#REF! -> #REF! | AX96: =AX95-#REF! -> #REF! | AY96: =AY95-#REF! -> #REF! | AZ96: =AZ95-#REF! -> #REF! | BA96: =BA95-#REF! -> #REF! | BB96: =BB95-#REF! -> #REF! | BC96: =BC95-#REF! -> #REF! | ... BQ96: =BQ95-#REF! -> #REF! | BR96: =AF96 -> #REF! | BS96: =BS95-#REF! -> #REF! | BT96: =BT95-#REF! -> #REF! | BU96: =BU95-#REF! -> #REF! | BV96: =BV95-#REF! -> #REF! | BW96: =BW95-#REF! -> #REF! | BX96: =BX95-#REF! -> #REF! | BY96: =BY95-#REF! -> #REF! | BZ96: =BZ95-#REF! -> #REF! | ... CG96: =CG95-#REF! -> #REF!
BR97: =AF97 -> 0 | CJ97: =#REF!+#REF!+#REF!+#REF!+#REF!+CJ33+CJ31+CJ40+#REF! -> #REF!
AZ101: 696428
AZ102: 214286
CG109: 910714
CG111: =CG103+CG104-CG109 -> -910714
K676: =SUBTOTAL(9,K22:K675) -> 2322 | L676: =SUBTOTAL(9,L22:L675) -> #REF! | M676: =SUBTOTAL(9,M22:M675) -> #REF! | N676: =SUBTOTAL(9,N22:N675) -> #REF! | O676: =SUBTOTAL(9,O22:O675) -> #REF! | P676: =SUBTOTAL(9,P22:P675) -> #REF! | Q676: =SUBTOTAL(9,Q22:Q675) -> #REF! | R676: =SUBTOTAL(9,R22:R675) -> #REF! | ... AH676: =SUBTOTAL(9,AH22:AH675) -> #REF! | AL676: =SUBTOTAL(9,AL22:AL675) -> #REF! | AM676: =SUBTOTAL(9,AM22:AM675) -> #REF! | AN676: =SUBTOTAL(9,AN22:AN675) -> #REF! | AO676: =SUBTOTAL(9,AO22:AO675) -> #REF! | AP676: =SUBTOTAL(9,AP22:AP675) -> #REF! | AQ676: =SUBTOTAL(9,AQ22:AQ675) -> #REF! | AR676: =SUBTOTAL(9,AR22:AR675) -> #REF! | AV676: =SUBTOTAL(9,AV22:AV675) -> #REF! | AW676: =SUBTOTAL(9,AW22:AW675) -> #REF! | AX676: =SUBTOTAL(9,AX22:AX675) -> #REF! | AY676: =SUBTOTAL(9,AY22:AY675) -> #REF! | AZ676: =SUBTOTAL(9,AZ22:AZ675) -> #REF! | BA676: =SUBTOTAL(9,BA22:BA675) -> #REF! | BB676: =SUBTOTAL(9,BB22:BB675) -> #REF! | BC676: =SUBTOTAL(9,BC22:BC675) -> #REF! | ... BQ676: =SUBTOTAL(9,BQ22:BQ675) -> #REF! | BS676: =SUBTOTAL(9,BS22:BS675) -> #REF! | BT676: =SUBTOTAL(9,BT22:BT675) -> #REF! | BU676: =SUBTOTAL(9,BU22:BU675) -> #REF! | BV676: =SUBTOTAL(9,BV22:BV675) -> #REF! | BW676: =SUBTOTAL(9,BW22:BW675) -> #REF! | BX676: =SUBTOTAL(9,BX22:BX675) -> #REF! | BY676: =SUBTOTAL(9,BY22:BY675) -> #REF! | BZ676: =SUBTOTAL(9,BZ22:BZ675) -> #REF! | ... CK676: =SUBTOTAL(9,CK22:CK675) -> 691 | CM676: =SUBTOTAL(9,CM22:CM675) -> 1189 | CN676: =SUBTOTAL(9,CN22:CN675) -> 448 | CO676: =SUBTOTAL(9,CO22:CO675) -> 145756 | CP676: =SUBTOTAL(9,CP22:CP675) -> 180 | CQ676: =SUBTOTAL(9,CQ22:CQ675) -> 912 | CR676: =SUBTOTAL(9,CR22:CR675) -> 220 | CS676: =SUBTOTAL(9,CS22:CS675) -> 14 | CT676: =SUBTOTAL(9,CT22:CT675) -> 44 | ... CY676: =SUBTOTAL(9,CY22:CY675) -> 722587858

Sheet CNT
C2: 1 | D2: 2 | E2: 3 | F2: 4 | G2: 5 | H2: 6 | I2: 7 | J2: 8 | K2: 9 | L2: 10 | M2: 11 | N2: 12 | O2: 13 | P2: 14 | Q2: 15 | R2: 16 | S2: 17 | T2: 18 | U2: 19 | V2: 20 | W2: 21 | X2: 22 | Y2: 23 | Z2: 24 | AA2: 25 | AB2: 26 | AC2: 27 | AD2: 28 | AE2: 29 | AF2: 30 | AG2: 31 | AH2: 32 | AI2: 33 | AJ2: 34 | AK2: 35 | AL2: 36 | AM2: 37 | AN2: 38 | AO2: 39 | AP2: 40 | AQ2: 41 | AR2: 42 | AS2: 43 | AT2: 44 | AU2: 45 | AV2: 46
E3: Tổng thời gian làm việc | G3: Quản lý và cửa hàng trưởng ghi nhận vào đây - công thức tổng tự động không cần chỉnh | R3: Quản lý ghi nhận | AK3: KPI trừ
A4: STT | B4: Chi nhánh | C4: Tên | D4: Hình thức | E4: Số giờ ca ngày | F4: Số giờ ca đêm | G4: Số giờ ca ngày | H4: Số giờ ca đêm ( chưa x 1.5 ) | I4: Số giờ tăng ca ngày (x1) | J4: Số ngày thực làm | K4: Số ngày làm đêm | L4: Ngày lễ hưởng lương ( x 1 ) | M4: Ghi ngày cụ thể | N4: Số ngày lễ vẫn đi làm | O4: Số giờ lễ ca ngày ( Đã x 3 ) | P4: Số giờ lễ ca đêm ( Đã x 3 ) | Q4: Ngày lễ vẫn đi làm (ghi ngày cụ thể) | R4: Số ngày công thực tế | S4: Số giờ tham gia đào tạo | T4: Số giờ nghỉ phép năm | U4: Ngày phép năm (ghi ngày cụ thể) | V4: Phụ cấp trách nhiệm (áp dụng CHT) | W4: Phụ cấp cửa hàng mới | X4: Phụ cấp sức khỏe ca đêm | Y4: Phụ cấp lưu động | Z4: Phụ cấp tăng cường vận hành | AA4: Thưởng dự án Mini KAT (Dược sĩ) | AB4: Thưởng dự án Mini KAT (Đại diện CHT nhận) | AC4: Thường Whatsapp | AD4: Phụ cấp quy trình/dự án | AE4: Thưởng KPI | AF4: Thưởng hàng điểm + Cắt liều | AG4: Thưởng hàng cận date | AH4: Thưởng chương trình Maps | AI4: Thưởng khác | AJ4: Total | AK4: Hàng hết date | AL4: Quy chế quy trình | AM4: HD App - Kiot | AN4: Ecom | AO4: Đối soát | AP4: Khác | AQ4: Ghi chú
A5: 1 | B5: Trường Sa | C5: Hồ Thị Minh Hòa | D5: CHT | E5: 31.69 | F5: 0.00 | G5: 15.69 | H5: 0.00 | I5: 16 | K5: 3 | N5: 0 | O5: 0 | P5: 0 | R5: 2 | S5: 0.00 | T5: 0 | AB5: 300 | AC5: 0 | AE5: 0 | AF5: 0 | AG5: 0 | AH5: 0 | AJ5: 0 | AK5: 0 | AL5: 0 | AM5: 0 | AN5: 0 | AO5: 0 | AP5: 0 | AR5: 16.13 | AS5: =VLOOKUP(C5,#REF!,16,0) -> #REF! | AT5: =R5-AS5 -> #REF!
A6: 2 | B6: Trường Sa | C6: Nguyễn Trần Ngọc Phương | D6: Q.CHT | E6: 186.64 | F6: 28.38 | G6: 186.64 | H6: 28.38 | K6: 27 | N6: 0 | O6: 0 | P6: 0 | R6: 26 | S6: 0.00 | T6: 0 | V6: 1,500,000 | AA6: 0 | AB6: 300 | AC6: 0 | AD6: 1,000,000 | AE6: 0 | AF6: 1,280,200 | AG6: 6.601 | AH6: 0 | AJ6: 0 | AK6: 0 | AL6: 0 | AM6: 0 | AN6: 0 | AO6: 0 | AP6: 0 | AR6: 11.23 | AS6: =VLOOKUP(C6,#REF!,16,0) -> #REF! | AT6: =R6-AS6 -> #REF!
A7: 3 | B7: Trường Sa | C7: Nguyễn Ngọc Anh Thư | D7: DSCD (TV) | E7: 26.98 | F7: 219.50 | G7: 18.98 | H7: 219.50 | I7: 8 | K7: 21 | N7: 0 | O7: 0 | P7: 0 | R7: 29 | S7: 0.00 | T7: 0 | X7: 1,446,429 | AA7: 0 | AB7: 0 | AC7: 0 | AD7: 933.333 | AE7: 0 | AF7: 579.96 | AG7: 7.7 | AH7: 0 | AJ7: 0 | AK7: 0 | AL7: 0 | AM7: 0 | AN7: 0 | AO7: 0 | AP7: 0 | AR7: 11.85 | AS7: =VLOOKUP(C7,#REF!,16,0) -> #REF! | AT7: =R7-AS7 -> #REF!
A8: 4 | B8: Trường Sa | C8: Trịnh Thị Phượng | D8: DSCD | E8: 0.38 | F8: 164.21 | G8: 0.38 | H8: 164.21 | K8: 3 | N8: 0 | O8: 0 | P8: 0 | R8: 21 | S8: 0.00 | T8: 0 | X8: 1,125,000 | AB8: 0 | AC8: 0 | AD8: 2,200,000 | AE8: 0 | AF8: 3,537,750 | AG8: 11.205 | AH8: 0 | AJ8: 0 | AK8: 0 | AL8: 0 | AM8: 0 | AN8: 0 | AO8: 0 | AP8: 0 | AR8: 15.93 | AS8: =VLOOKUP(C8,#REF!,16,0) -> #REF! | AT8: =R8-AS8 -> #REF!
A9: 5 | B9: Trường Sa | C9: Ngô Trần Tuyết Vy | D9: DSXC | E9: 66.26 | F9: 23.12 | G9: 66.26 | H9: 23.12 | K9: 3 | N9: 0 | O9: 0 | P9: 0 | R9: 11 | S9: 0.00 | T9: 0 | AA9: 0 | AB9: 0 | AC9: 0 | AD9: 0 | AE9: 0 | AF9: 1,011,600 | AG9: 0 | AH9: 0 | AJ9: 0 | AK9: 0 | AL9: 0 | AM9: 0 | AN9: 0 | AO9: 0 | AP9: 0 | AR9: 10.48 | AS9: =VLOOKUP(C9,#REF!,16,0) -> #REF! | AT9: =R9-AS9 -> #REF!
A10: 6 | B10: Trường Sa | C10: Phạm Nguyễn Ngọc Quý | D10: DSXC | E10: 164.33 | F10: 24.07 | G10: 164.33 | H10: 24.07 | K10: 4 | N10: 0 | O10: 0 | P10: 0 | R10: 23 | S10: 0.00 | T10: 0 | AA10: 0 | AB10: 0 | AC10: 0 | AD10: 0 | AE10: 0 | AF10: 1,686,900 | AG10: 18.3 | AH10: 0 | AJ10: 0 | AK10: 0 | AL10: 0 | AM10: 0 | AN10: 0 | AO10: 0 | AP10: 0 | AR10: 11.17 | AS10: =VLOOKUP(C10,#REF!,16,0) -> #REF! | AT10: =R10-AS10 -> #REF!
A11: 7 | B11: Trường Sa | C11: Trần Thị Kim Khánh | D11: DSXC | E11: 253.43 | F11: 31.43 | G11: 245.43 | H11: 31.43 | I11: 8 | K11: 0 | N11: 0 | O11: 0 | P11: 0 | R11: 29 | S11: 0.00 | T11: 0 | AA11: 0 | AB11: 0 | AC11: 0 | AD11: 2,800,000 | AE11: 2,472,797 | AF11: 3,808,150 | AG11: 46.851 | AH11: 0 | AJ11: 0 | AK11: 0 | AL11: 0 | AM11: 0 | AN11: 0 | AO11: 0 | AP11: 0 | AR11: 18.97 | AS11: =VLOOKUP(C11,#REF!,16,0) -> #REF! | AT11: =R11-AS11 -> #REF!
A12: 8 | B12: Đỗ Quang Đẩu | C12: Ngô Thị Thanh Thắm | D12: CHT | E12: 183.01 | F12: 0.00 | G12: 183.01 | H12: 0.00 | K12: 0 | N12: 0 | O12: 0 | P12: 0 | R12: 23 | S12: 0.00 | T12: 0 | V12: 2,000,000 | AA12: 0 | AB12: 0 | AC12: 2,681,852 | AD12: 0 | AE12: 0 | AF12: 688.4 | AG12: 14.067 | AH12: 0 | AI12: 1,000,000 | AJ12: 0 | AK12: 0 | AL12: 0 | AM12: 0 | AN12: 0 | AO12: 0 | AP12: 0 | AR12: 9.03 | AS12: =VLOOKUP(C12,#REF!,16,0) -> #REF! | AT12: =R12-AS12 -> #REF!
A13: 9 | B13: Đỗ Quang Đẩu | C13: Dương Thị Huỳnh Như | D13: DSCD (TV) | E13: 32.49 | F13: 0.00 | G13: 32.49 | H13: 0.00 | K13: 29 | N13: 0 | O13: 0 | P13: 0 | R13: 4 | S13: 0.00 | T13: 0 | AB13: 0 | AC13: 0 | AE13: 0 | AF13: 0 | AG13: 0 | AH13: 0 | AJ13: 0 | AK13: 0 | AL13: 0 | AM13: 0 | AN13: 0 | AO13: 0 | AP13: 0 | AR13: 1646333333 | AS13: =VLOOKUP(C13,#REF!,16,0) -> #REF! | AT13: =R13-AS13 -> #REF!
A14: 10 | B14: Đỗ Quang Đẩu | C14: Phạm Thị Nghĩa Hương | D14: DSCD | E14: 11.02 | F14: 230.26 | G14: 3.02 | H14: 230.26 | I14: 8 | K14: 31 | N14: 0 | O14: 0 | P14: 0 | R14: 29 | S14: 0.00 | T14: 0 | X14: 1,500,000 | AA14: 0 | AB14: 0 | AC14: 340.044 | AD14: 0 | AE14: 0 | AF14: 629.1 | AG14: 7.55 | AH14: 0 | AJ14: 100 | AK14: 0 | AL14: 0 | AM14: 100 | AN14: 0 | AO14: 0 | AP14: 0 | AQ14: Sai thao tác (Sai kênh bán HD1180427): 100.000đ | AR14: 10.95 | AS14: =VLOOKUP(C14,#REF!,16,0) -> #REF! | AT14: =R14-AS14 -> #REF!
A15: 11 | B15: Đỗ Quang Đẩu | C15: Trần Thiên Phát | D15: DSCD | E15: 16.00 | F15: 245.44 | G15: 0.00 | H15: 245.44 | I15: 16 | K15: 0 | N15: 0 | O15: 0 | P15: 0 | R15: 31 | S15: 0.00 | T15: 0 | X15: 1,500,000 | AA15: 0 | AB15: 0 | AC15: 375.112 | AD15: 0 | AE15: 0 | AF15: 867.6 | AG15: 4.035 | AH15: 0 | AJ15: 0 | AK15: 0 | AL15: 0 | AM15: 0 | AN15: 0 | AO15: 0 | AP15: 0 | AR15: 8.1 | AS15: =VLOOKUP(C15,#REF!,16,0) -> #REF! | AT15: =R15-AS15 -> #REF!
A16: 12 | B16: Đỗ Quang Đẩu | C16: Hoàng Lâm Gia Bảo | D16: DSXC | E16: 44.77 | F16: 0.50 | G16: 28.77 | H16: 0.50 | I16: 16 | K16: 0 | N16: 0 | O16: 0 | P16: 0 | R16: 4 | S16: 0.00 | T16: 0 | AB16: 0 | AC16: 0 | AE16: 0 | AF16: 0 | AG16: 0 | AH16: 0 | AJ16: 0 | AK16: 0 | AL16: 0 | AM16: 0 | AN16: 0 | AO16: 0 | AP16: 0 | AR16: 16.93 | AS16: =VLOOKUP(C16,#REF!,16,0) -> #REF! | AT16: =R16-AS16 -> #REF!
A17: 13 | B17: Đỗ Quang Đẩu | C17: Hoàng Thanh Thủy | D17: DSXC | E17: 262.37 | F17: 1.10 | G17: 246.37 | H17: 1.10 | I17: 16 | K17: 1 | N17: 0 | O17: 0 | P17: 0 | R17: 30 | S17: 0.00 | T17: 0 | AA17: 0 | AB17: 0 | AC17: 3,697,588 | AD17: 0 | AE17: 0 | AF17: 1,723,400 | AG17: 40.23 | AH17: 0 | AJ17: 100 | AK17: 0 | AL17: 0 | AM17: 100 | AN17: 0 | AO17: 0 | AP17: 0 | AQ17: Sai thao tác (Sai kênh bán HD1180947): 100.000đ | AR17: 17.9 | AS17: =VLOOKUP(C17,#REF!,16,0) -> #REF! | AT17: =R17-AS17 -> #REF!
A18: 14 | B18: Đỗ Quang Đẩu | C18: Lê Thị Huyền Trân | D18: DSXC | E18: 252.16 | F18: 8.08 | G18: 236.16 | H18: 8.08 | I18: 16 | K18: 6 | N18: 0 | O18: 0 | P18: 0 | R18: 30 | S18: 0.00 | T18: 0 | AA18: 0 | AB18: 0 | AC18: 2,352,976 | AD18: 0 | AE18: 0 | AF18: 1,139,700 | AG18: 37.807 | AH18: 160 | AJ18: 0 | AK18: 0 | AL18: 0 | AM18: 0 | AN18: 0 | AO18: 0 | AP18: 0 | AR18: 17.1 | AS18: =VLOOKUP(C18,#REF!,16,0) -> #REF! | AT18: =R18-AS18 -> #REF!
A19: 15 | B19: Minh Châu | C19: Thái Thùy Linh | D19: CHT | E19: 202.49 | F19: 49.04 | G19: 197.49 | H19: 49.04 | K19: 6 | N19: 0 | O19: 0 | P19: 0 | R19: 27 | S19: 5.00 | T19: 0 | V19: 1,500,000 | AA19: 0 | AB19: 300 | AC19: 0 | AD19: 0 | AE19: 0 | AF19: 1,446,150 | AG19: 107.427 | AH19: 0 | AI19: 500 | AJ19: 0 | AK19: 0 | AL19: 0 | AM19: 0 | AN19: 0 | AO19: 0 | AP19: 0 | AR19: 16.1 | AS19: =VLOOKUP(C19,#REF!,16,0) -> #REF! | AT19: =R19-AS19 -> #REF!
A20: 16 | B20: Minh Châu | C20: Trịnh Thị Phượng | D20: DSCD | E20: 0.00 | F20: 46.45 | G20: 0.00 | H20: 46.45 | K20: 24 | N20: 0 | O20: 0 | P20: 0 | R20: 6 | S20: 0.00 | T20: 0 | X20: 321.439 | AA20: 0 | AB20: 0 | AC20: 0 | AE20: 1,301,447 | AF20: 0 | AG20: 11.205 | AH20: 0 | AJ20: 0 | AK20: 0 | AL20: 0 | AM20: 0 | AN20: 0 | AO20: 0 | AP20: 0 | AR20: 15.93 | AS20: =VLOOKUP(C20,#REF!,16,0) -> #REF! | AT20: =R20-AS20 -> #REF!
A21: 17 | B21: Minh Châu | C21: Phan Công Vũ Tài | D21: DSXC | E21: 69.75 | F21: 185.25 | G21: 53.75 | H21: 185.25 | I21: 16 | K21: 7 | N21: 0 | O21: 0 | P21: 0 | R21: 28 | S21: 0.00 | T21: 0 | X21: 1,285,714 | AA21: 0 | AB21: 0 | AC21: 0 | AD21: 4,000,000 | AE21: 2,145,059 | AF21: 4,854,450 | AG21: 15.362 | AH21: 0 | AJ21: 190 | AK21: 0 | AL21: 0 | AM21: 100 | AN21: 0 | AO21: 90 | AP21: 0 | AQ21: Sai thao tác - xuất nhầm 2 HD chéo với nhau (HD1194853): 100.000đ Đối soát HD1133288 | AR21: 24 | AS21: =VLOOKUP(C21,#REF!,16,0) -> #REF! | AT21: =R21-AS21 -> #REF!
A22: 18 | B22: Minh Châu | C22: Đoàn Quốc Tâm | D22: DSXC | E22: 283.54 | F22: 55.74 | G22: 265.04 | H22: 55.74 | I22: 16 | K22: 4 | N22: 0 | O22: 0 | P22: 0 | R22: 30 | S22: 2.50 | T22: 0 | AA22: 0 | AB22: 0 | AC22: 0 | AD22: 1,000,000 | AE22: 0 | AF22: 3,048,900 | AG22: 68.625 | AH22: 0 | AJ22: 0 | AK22: 0 | AL22: 0 | AM22: 0 | AN22: 0 | AO22: 0 | AP22: 0 | AR22: 16.41 | AS22: =VLOOKUP(C22,#REF!,16,0) -> #REF! | AT22: =R22-AS22 -> #REF!
A23: 19 | B23: Minh Châu | C23: Nguyễn Ngọc Thùy | D23: DSXC (TV) | E23: 206.43 | F23: 32.22 | G23: 198.93 | H23: 32.22 | K23: 24 | N23: 0 | O23: 0 | P23: 0 | R23: 28 | S23: 7.50 | T23: 0 | AA23: 0 | AB23: 0 | AC23: 0 | AD23: 1,000,000 | AE23: 0 | AF23: 380.88 | AG23: 0 | AH23: 0 | AJ23: 500 | AK23: 0 | AL23: 0 | AM23: 0 | AN23: 0 | AO23: 0 | AP23: 500 | AQ23: Khấu hao đồng phục | AR23: 16.13 | AS23: =VLOOKUP(C23,#REF!,16,0) -> #REF! | AT23: =R23-AS23 -> #REF!
A24: 20 | B24: Nam Hòa | C24: Dương Thị Huỳnh Như | D24: DSCD (TV) | E24: 0.92 | F24: 193.57 | G24: 0.92 | H24: 193.57 | K24: 29 | N24: 0 | O24: 0 | P24: 0 | R24: 24 | S24: 0.00 | T24: 0 | X24: 1,285,714 | AA24: 0 | AB24: 0 | AC24: 0 | AD24: 466.667 | AE24: 0 | AF24: 221.85 | AG24: 0 | AH24: 20 | AJ24: 0 | AK24: 0 | AL24: 0 | AM24: 0 | AN24: 0 | AO24: 0 | AP24: 0 | AR24: 1646333333 | AS24: =VLOOKUP(C24,#REF!,16,0) -> #REF! | AT24: =R24-AS24 -> #REF!
A25: 21 | B25: Nam Hòa | C25: Trần Thị Ánh Nguyệt | D25: DSCD | E25: 18.21 | F25: 234.97 | G25: 10.21 | H25: 234.97 | I25: 8 | K25: 5 | N25: 0 | O25: 0 | P25: 0 | R25: 29 | S25: 0.00 | T25: 0 | X25: 1,500,000 | AA25: 0 | AB25: 0 | AC25: 0 | AD25: 1,600,000 | AE25: 0 | AF25: 2,444,050 | AG25: 28.709 | AH25: 0 | AI25: 500 | AJ25: 0 | AK25: 0 | AL25: 0 | AM25: 0 | AN25: 0 | AO25: 0 | AP25: 0 | AR25: 11.45 | AS25: =VLOOKUP(C25,#REF!,16,0) -> #REF! | AT25: =R25-AS25 -> #REF!
A26: 22 | B26: Nam Hòa | C26: Đỗ Thị Kim Tiến | D26: DSCD (TV) | E26: 20.11 | F26: 40.07 | G26: 20.11 | H26: 40.07 | K26: 0 | N26: 0 | O26: 0 | P26: 0 | R26: 5 | S26: 0.00 | T26: 0 | X26: 267.857 | AA26: 0 | AB26: 0 | AC26: 0 | AD26: 533.333 | AE26: 0 | AF26: 354.69 | AG26: 1.69 | AH26: 0 | AJ26: 100 | AK26: 0 | AL26: 0 | AM26: 100 | AN26: 0 | AO26: 0 | AP26: 0 | AQ26: Sai thao tác (Sai kênh bán HD1171985) : 100.000đ | AR26: 12.12 | AS26: =VLOOKUP(C26,#REF!,16,0) -> #REF! | AT26: =R26-AS26 -> #REF!
A27: 23 | B27: Nam Hòa | C27: Bùi Thị Thanh Thủy | D27: DSXC (TV) | E27: 306.98 | F27: 0.00 | G27: 290.98 | H27: 0.00 | I27: 16 | K27: 0 | N27: 0 | O27: 0 | P27: 0 | R27: 30 | S27: 0.00 | T27: 0 | AA27: 0 | AB27: 0 | AC27: 0 | AD27: 1,000,000 | AE27: 0 | AF27: 857.8 | AG27: 46.354 | AH27: 0 | AJ27: 255 | AK27: 0 | AL27: 0 | AM27: 0 | AN27: 0 | AO27: 255 | AP27: 0 | AQ27: Đối soát HD1147169 | AR27: 14.17 | AS27: =VLOOKUP(C27,#REF!,16,0) -> #REF! | AT27: =R27-AS27 -> #REF!
A28: 0 | B28: Nam Hòa | C28: Hoàng Lâm Gia Bảo | D28: DSXC | E28: 0.00 | F28: 0.00 | G28: 0.00 | H28: 0.00 | K28: 1 | N28: 0 | O28: 0 | P28: 0 | R28: 0 | S28: 0.00 | T28: 0 | AB28: 0 | AC28: 0 | AE28: 0 | AF28: 0 | AG28: 0 | AH28: 0 | AJ28: 0 | AK28: 0 | AL28: 0 | AM28: 0 | AN28: 0 | AO28: 0 | AP28: 0 | AR28: 16.93 | AS28: =VLOOKUP(C28,#REF!,16,0) -> #REF! | AT28: =R28-AS28 -> #REF!
A29: 0 | B29: Nam Hòa | C29: Nguyễn Thị Huyền Trang | D29: DSXC (TV) | E29: 295.10 | F29: 7.75 | G29: 279.10 | H29: 7.75 | I29: 16 | K29: 1 | N29: 0 | O29: 0 | P29: 0 | R29: 30 | S29: 0.00 | T29: 0 | AA29: 0 | AB29: 0 | AD29: 1,000,000 | AE29: 0 | AF29: 751.7 | AG29: 35.008 | AH29: 0 | AJ29: 89 | AK29: 0 | AL29: 0 | AM29: 0 | AN29: 0 | AO29: 89 | AP29: 0 | AQ29: Đối soát HD1142672 | AR29: 14.13 | AS29: =VLOOKUP(C29,#REF!,16,0) -> #REF! | AT29: =R29-AS29 -> #REF!
A30: 0 | B30: Nam Hòa | C30: Phan Công Vũ Tài | D30: DSXC | E30: 108.24 | F30: 7.08 | G30: 108.24 | H30: 7.08 | K30: 0 | N30: 0 | O30: 0 | P30: 0 | R30: 16 | S30: 0.00 | T30: 0 | Y30: 1,500,000 | Z30: 2,000,000 | AB30: 0 | AE30: 0 | AF30: 0 | AG30: 15.362 | AH30: 0 | AJ30: 0 | AK30: 0 | AL30: 0 | AM30: 0 | AN30: 0 | AO30: 0 | AP30: 0 | AR30: 24 | AS30: =VLOOKUP(C30,#REF!,16,0) -> #REF! | AT30: =R30-AS30 -> #REF!
A31: 0 | B31: Nam Hòa | C31: Trần Linh Khải | D31: DSXC (TV) | E31: 8.25 | F31: 0.00 | G31: 8.25 | H31: 0.00 | K31: 0 | N31: 0 | O31: 0 | P31: 0 | R31: 1 | S31: 0.00 | T31: 0 | AB31: 0 | AE31: 0 | AF31: 0 | AG31: 0 | AH31: 0 | AJ31: 0 | AK31: 0 | AL31: 0 | AM31: 0 | AN31: 0 | AO31: 0 | AP31: 0 | AR31: 8.25 | AS31: =VLOOKUP(C31,#REF!,16,0) -> #REF! | AT31: =R31-AS31 -> #REF!
A32: 0 | B32: Nguyễn Chí Thanh | C32: Lê Thị Quỳnh Trâm | D32: Q.CHT | E32: 242.40 | F32: 0.00 | G32: 242.40 | H32: 0.00 | K32: 28 | N32: 0 | O32: 0 | P32: 0 | R32: 28 | S32: 0.00 | T32: 0 | V32: 500 | AA32: 0 | AB32: 0 | AE32: 0 | AF32: 629.3 | AG32: 12.626 | AH32: 0 | AJ32: 0 | AK32: 0 | AL32: 0 | AM32: 0 | AN32: 0 | AO32: 0 | AP32: 0 | AR32: 14.17 | AS32: =VLOOKUP(C32,#REF!,16,0) -> #REF! | AT32: =R32-AS32 -> #REF!
A33: 0 | B33: Nguyễn Chí Thanh | C33: Nguyễn Thị Hồng Hạnh | D33: DSCD | E33: 0.00 | F33: 219.36 | G33: 0.00 | H33: 219.36 | K33: 30 | N33: 0 | O33: 0 | P33: 0 | R33: 28 | S33: 0.00 | T33: 0 | X33: 1,500,000 | AA33: 0 | AB33: 0 | AE33: 0 | AF33: 1,651,900 | AG33: 9.105 | AH33: 0 | AJ33: 0 | AK33: 0 | AL33: 0 | AM33: 0 | AN33: 0 | AO33: 0 | AP33: 0 | AR33: 8.1 | AS33: =VLOOKUP(C33,#REF!,16,0) -> #REF! | AT33: =R33-AS33 -> #REF!
A34: 30 | B34: Nguyễn Chí Thanh | C34: Trần Hoàng Khánh | D34: DSCD | E34: 23.83 | F34: 235.50 | G34: 7.83 | H34: 235.50 | I34: 16 | K34: 0 | N34: 0 | O34: 0 | P34: 0 | R34: 30 | S34: 0.00 | T34: 0 | X34: 1,500,000 | AA34: 0 | AB34: 0 | AD34: 500 | AE34: 0 | AF34: 2,122,400 | AG34: 2.5 | AH34: 0 | AJ34: 38 | AK34: 0 | AL34: 0 | AM34: 0 | AN34: 0 | AO34: 38 | AP34: 0 | AQ34: Đối soát HD1167056 | AR34: 11.96 | AS34: =VLOOKUP(C34,#REF!,16,0) -> #REF! | AT34: =R34-AS34 -> #REF!
A35: 31 | B35: Nguyễn Chí Thanh | C35: Lý Thục Mi | D35: DSXC (TV) | E35: 264.12 | F35: 0.00 | G35: 248.12 | H35: 0.00 | I35: 16 | K35: 0 | N35: 0 | O35: 0 | P35: 0 | R35: 30 | S35: 0.00 | T35: 0 | AA35: 0 | AB35: 0 | AE35: 0 | AF35: 0 | AG35: 0 | AH35: 0 | AJ35: 0 | AK35: 0 | AL35: 0 | AM35: 0 | AN35: 0 | AO35: 0 | AP35: 0 | AR35: 8.67 | AS35: =VLOOKUP(C35,#REF!,16,0) -> #REF! | AT35: =R35-AS35 -> #REF!
A36: 32 | B36: Nguyễn Chí Thanh | C36: Ngô Thị Ngọc Thủy | D36: DSXC (TV) | E36: 8.00 | F36: 0.00 | G36: 8.00 | H36: 0.00 | K36: 1 | N36: 0 | O36: 0 | P36: 0 | R36: 1 | S36: 0.00 | T36: 0 | AB36: 0 | AE36: 0 | AF36: 0 | AG36: 0 | AH36: 0 | AJ36: 0 | AK36: 0 | AL36: 0 | AM36: 0 | AN36: 0 | AO36: 0 | AP36: 0 | AR36: 10.03 | AS36: =VLOOKUP(C36,#REF!,16,0) -> #REF! | AT36: =R36-AS36 -> #REF!
A37: 33 | B37: Nguyễn Chí Thanh | C37: Đỗ Thị Phương Thảo | D37: DSXC | E37: 265.36 | F37: 8.58 | G37: 249.36 | H37: 8.58 | I37: 16 | K37: 0 | N37: 0 | O37: 0 | P37: 0 | R37: 31 | S37: 0.00 | T37: 0 | AA37: 0 | AB37: 0 | AE37: 0 | AF37: 1,511,400 | AG37: 150.484 | AH37: 0 | AJ37: 0 | AK37: 0 | AL37: 0 | AM37: 0 | AN37: 0 | AO37: 0 | AP37: 0 | AR37: 12.23 | AS37: =VLOOKUP(C37,#REF!,16,0) -> #REF! | AT37: =R37-AS37 -> #REF!
A38: 34 | B38: Nguyễn Thị Thập | C38: Cù Thị Tường Vy | D38: CHT | E38: 15.68 | F38: 0.00 | G38: 15.68 | H38: 0.00 | K38: 5 | N38: 0 | O38: 0 | P38: 0 | R38: 1 | S38: 0.00 | T38: 0 | AB38: 300 | AE38: 0 | AF38: 0 | AG38: 0 | AH38: 0 | AI38: 500 | AJ38: 0 | AK38: 0 | AL38: 0 | AM38: 0 | AN38: 0 | AO38: 0 | AP38: 0 | AR38: 25.21 | AS38: =VLOOKUP(C38,#REF!,16,0) -> #REF! | AT38: =R38-AS38 -> #REF!
A39: 35 | B39: Nguyễn Thị Thập | C39: Triệu Thị Ngọc Lý | D39: CHT | E39: 355.66 | F39: 42.22 | G39: 339.66 | H39: 42.22 | I39: 16 | K39: 28 | N39: 0 | O39: 0 | P39: 0 | R39: 31 | S39: 0.00 | T39: 0 | V39: 1,500,000 | AA39: 170 | AB39: 300 | AE39: 0 | AF39: 1,574,500 | AG39: 31.259 | AH39: 0 | AJ39: 63.75 | AK39: 32.75 | AL39: 0 | AM39: 0 | AN39: 0 | AO39: 31 | AP39: 0 | AQ39: HD1167853 | AR39: 20.15 | AS39: =VLOOKUP(C39,#REF!,16,0) -> #REF! | AT39: =R39-AS39 -> #REF!
A40: 36 | B40: Nguyễn Thị Thập | C40: Cao Trọng Nhân | D40: DSCD | E40: 40.73 | F40: 228.50 | G40: 40.73 | H40: 228.50 | K40: 28 | N40: 0 | O40: 0 | P40: 0 | R40: 28 | S40: 0.00 | T40: 0 | X40: 1,500,000 | AA40: 0 | AB40: 0 | AD40: 500 | AE40: 1,347,392 | AF40: 2,214,100 | AG40: 130.696 | AH40: 0 | AJ40: 32.75 | AK40: 32.75 | AL40: 0 | AM40: 0 | AN40: 0 | AO40: 0 | AP40: 0 | AR40: 23.99 | AS40: =VLOOKUP(C40,#REF!,16,0) -> #REF! | AT40: =R40-AS40 -> #REF!
A41: 37 | B41: Nguyễn Thị Thập | C41: Trần Thành Đạt | D41: DSCD | E41: 12.59 | F41: 258.70 | G41: 12.59 | H41: 258.70 | K41: 0 | N41: 0 | O41: 0 | P41: 0 | R41: 28 | S41: 0.00 | T41: 0 | X41: 1,500,000 | AA41: 0 | AB41: 0 | AE41: 0 | AF41: 1,922,350 | AG41: 29.087 | AH41: 0 | AJ41: 32.75 | AK41: 32.75 | AL41: 0 | AM41: 0 | AN41: 0 | AO41: 0 | AP41: 0 | AR41: 11.47 | AS41: =VLOOKUP(C41,#REF!,16,0) -> #REF! | AT41: =R41-AS41 -> #REF!
A42: 38 | B42: Nguyễn Thị Thập | C42: Hoàng Lâm Gia Bảo | D42: DSXC | E42: 42.37 | F42: 0.00 | G42: 42.37 | H42: 0.00 | K42: 2 | N42: 0 | O42: 0 | P42: 0 | R42: 7 | S42: 0.00 | T42: 0 | AB42: 0 | AE42: 0 | AF42: 0 | AG42: 0 | AH42: 0 | AJ42: 0 | AK42: 0 | AL42: 0 | AM42: 0 | AN42: 0 | AO42: 0 | AP42: 0 | AR42: 16.93 | AS42: =VLOOKUP(C42,#REF!,16,0) -> #REF! | AT42: =R42-AS42 -> #REF!
A43: 39 | B43: Nguyễn Thị Thập | C43: Nguyễn Trí Nghĩa | D43: DSXC | E43: 100.03 | F43: 15.90 | G43: 100.03 | H43: 15.90 | K43: 0 | N43: 0 | O43: 0 | P43: 0 | R43: 15 | S43: 0.00 | T43: 0 | AA43: 0 | AB43: 0 | AE43: 0 | AF43: 609.435 | AG43: 13.341 | AH43: 0 | AJ43: 163.35 | AK43: 32.75 | AL43: 0 | AM43: 0 | AN43: 0 | AO43: 130.6 | AP43: 0 | AQ43: Đối soát HD1144176,HD1163287 | AR43: 15.56 | AS43: =VLOOKUP(C43,#REF!,16,0) -> #REF! | AT43: =R43-AS43 -> #REF!
A44: 40 | B44: Nguyễn Thị Thập | C44: Phan Công Vũ Tài | D44: DSXC | E44: 11.42 | F44: 0.00 | G44: 11.42 | H44: 0.00 | K44: 0 | N44: 0 | O44: 0 | P44: 0 | R44: 2 | S44: 0.00 | T44: 0 | AB44: 0 | AE44: 0 | AF44: 0 | AG44: 15.362 | AH44: 0 | AJ44: 0 | AK44: 0 | AL44: 0 | AM44: 0 | AN44: 0 | AO44: 0 | AP44: 0 | AR44: 24 | AS44: =VLOOKUP(C44,#REF!,16,0) -> #REF! | AT44: =R44-AS44 -> #REF!
A45: 41 | B45: Nguyễn Thị Thập | C45: Bùi Thị Bích Trâm | D45: DSHV | E45: 178.17 | F45: 0.00 | G45: 178.17 | H45: 0.00 | K45: 0 | N45: 0 | O45: 0 | P45: 0 | R45: 15 | S45: 0.00 | T45: 0 | AA45: 0 | AB45: 0 | AC45: 0 | AE45: 0 | AF45: 0 | AG45: 0 | AH45: 0 | AI45: 1,200,000 | AJ45: 0 | AK45: 0 | AL45: 0 | AM45: 0 | AN45: 0 | AO45: 0 | AP45: 0 | AR45: 8.28 | AS45: =VLOOKUP(C45,#REF!,16,0) -> #REF! | AT45: =R45-AS45 -> #REF!
A46: 42 | B46: Nguyễn Văn Quá | C46: Võ Ngọc Giàu Sang | D46: CHT | E46: 187.86 | F46: 0.00 | G46: 187.86 | H46: 0.00 | K46: 26 | N46: 0 | O46: 0 | P46: 0 | R46: 24 | S46: 0.00 | T46: 0 | V46: 1,500,000 | AA46: 0 | AB46: 0 | AC46: 0 | AD46: 0 | AE46: 0 | AF46: 1,313,900 | AG46: 7.827 | AH46: 0 | AI46: 1,108,000 | AJ46: 0 | AK46: 0 | AL46: 0 | AM46: 0 | AN46: 0 | AO46: 0 | AP46: 0 | AR46: 14 | AS46: =VLOOKUP(C46,#REF!,16,0) -> #REF! | AT46: =R46-AS46 -> #REF!
A47: 43 | B47: Nguyễn Văn Quá | C47: Hồ Ngọc Lý | D47: DSCD | E47: 8.93 | F47: 205.99 | G47: 8.93 | H47: 205.99 | K47: 28 | N47: 0 | O47: 0 | P47: 0 | R47: 27 | S47: 0.00 | T47: 0 | X47: 1,392,857 | AA47: 0 | AB47: 0 | AC47: 0 | AD47: 1,000,000 | AE47: 0 | AF47: 2,337,900 | AG47: 6.74 | AH47: 0 | AI47: 1,062,400 | AJ47: 109 | AK47: 0 | AL47: 0 | AM47: 0 | AN47: 0 | AO47: 109 | AP47: 0 | AQ47: Đối soát HD1133420, HD1139361 | AR47: 10.29 | AS47: =VLOOKUP(C47,#REF!,16,0) -> #REF! | AT47: =R47-AS47 -> #REF!
A48: 44 | B48: Nguyễn Văn Quá | C48: Nguyễn Thị Thu Huyền | D48: DSCD | E48: 76.74 | F48: 214.29 | G48: 76.74 | H48: 214.29 | K48: 0 | N48: 0 | O48: 0 | P48: 0 | R48: 27 | S48: 0.00 | T48: 0 | X48: 1,339,286 | AA48: 0 | AB48: 0 | AC48: 0 | AD48: 1,000,000 | AE48: 0 | AF48: 2,493,200 | AG48: 7.545 | AH48: 0 | AI48: 1,150,800 | AJ48: 34 | AK48: 0 | AL48: 0 | AM48: 0 | AN48: 0 | AO48: 34 | AP48: 0 | AQ48: Đối soát HD1176334 | AR48: 16.62 | AS48: =VLOOKUP(C48,#REF!,16,0) -> #REF! | AT48: =R48-AS48 -> #REF!
A49: 45 | B49: Nguyễn Văn Quá | C49: Nguyễn Thị Hương Giang | D49: DSXC | E49: 216.52 | F49: 0.00 | G49: 216.52 | H49: 0.00 | K49: 0 | N49: 0 | O49: 0 | P49: 0 | R49: 28 | S49: 0.00 | T49: 0 | AA49: 0 | AB49: 0 | AC49: 0 | AD49: 500 | AE49: 0 | AF49: 1,875,900 | AG49: 24.405 | AH49: 0 | AI49: 1,135,200 | AJ49: 0 | AK49: 0 | AL49: 0 | AM49: 0 | AN49: 0 | AO49: 0 | AP49: 0 | AR49: 8.27 | AS49: =VLOOKUP(C49,#REF!,16,0) -> #REF! | AT49: =R49-AS49 -> #REF!
A50: 46 | B50: Rạch Bùng Binh | C50: Cù Thị Tường Vy | D50: CHT | E50: 258.01 | F50: 4.31 | G50: 258.01 | H50: 4.31 | K50: 26 | N50: 0 | O50: 0 | P50: 0 | R50: 23 | S50: 0.00 | T50: 0 | V50: 2,000,000 | AA50: 0 | AB50: 150 | AC50: 0 | AD50: 0 | AE50: 1,186,872 | AF50: 1,776,600 | AG50: 0 | AH50: 100 | AJ50: 88.5 | AK50: 88.5 | AL50: 0 | AM50: 0 | AN50: 0 | AO50: 0 | AP50: 0 | AR50: 25.21 | AS50: =VLOOKUP(C50,#REF!,16,0) -> #REF! | AT50: =R50-AS50 -> #REF!
A51: 47 | B51: Rạch Bùng Binh | C51: Huỳnh Thị Huệ Hiền | D51: DSCD | E51: 8.96 | F51: 206.47 | G51: 8.96 | H51: 206.47 | K51: 25 | N51: 0 | O51: 0 | P51: 0 | R51: 26 | S51: 0.00 | T51: 0 | X51: 1,392,857 | AA51: 0 | AB51: 0 | AC51: 0 | AD51: 500 | AE51: 0 | AF51: 2,191,150 | AG51: 9.675 | AH51: 0 | AJ51: 134.5 | AK51: 88.5 | AL51: 0 | AM51: 0 | AN51: 0 | AO51: 46 | AP51: 0 | AQ51: Đối soát HD1169832 | AR51: 9.55 | AS51: =VLOOKUP(C51,#REF!,16,0) -> #REF! | AT51: =R51-AS51 -> #REF!
