Workbook

Sheet data
A1: Nhà thuốc | B1: Tên nhân viên | C1: Số giao dịch off | D1: Doanh thu off | E1: Số giao dịch onl | F1: Doanh thu onl | G1: Tổng giao dịch | H1: Doanh thu tổng | J1: 46295
A2: Trường Sa | B2: Nguyễn Trần Ngọc Phương | C2: 0 | D2: 0 | E2: 0 | F2: 0 | G2: =C2+E2 | H2: =D2+F2
A3: Trường Sa | B3: Phạm Nguyễn Ngọc Quý | C3: 0 | D3: 0 | E3: 0 | F3: 0 | G3: =C3+E3 | H3: =D3+F3
A4: Trường Sa | B4: Nguyễn Ngọc Anh Thư | C4: 0 | D4: 0 | E4: 0 | F4: 0 | G4: =C4+E4 | H4: =D4+F4
A5: Trường Sa | B5: Trần Thị Kim Khánh | C5: 0 | D5: 0 | E5: 0 | F5: 0 | G5: =C5+E5 | H5: =D5+F5
A6: Trường Sa | B6: Trịnh Thị Phượng | C6: 0 | D6: 0 | E6: 0 | F6: 0 | G6: =C6+E6 | H6: =D6+F6
A7: Đỗ Quang Đẩu | B7: Phạm Thị Nghĩa Hương | C7: 0 | D7: 0 | E7: 0 | F7: 0 | G7: =C7+E7 | H7: =D7+F7
A8: Đỗ Quang Đẩu | B8: Trần Thiên Phát | C8: 0 | D8: 0 | E8: 0 | F8: 0 | G8: =C8+E8 | H8: =D8+F8
A9: Đỗ Quang Đẩu | B9: Ngô Thị Thanh Thắm | C9: 0 | D9: 0 | E9: 0 | F9: 0 | G9: =C9+E9 | H9: =D9+F9
A10: Đỗ Quang Đẩu | B10: Hoàng Thanh Thủy | C10: 0 | D10: 0 | E10: 0 | F10: 0 | G10: =C10+E10 | H10: =D10+F10
A11: Đỗ Quang Đẩu | B11: Lê Thị Huyền Trân | C11: 0 | D11: 0 | E11: 0 | F11: 0 | G11: =C11+E11 | H11: =D11+F11
A12: Minh Châu | B12: Thái Thùy Linh | C12: 0 | D12: 0 | E12: 0 | F12: 0 | G12: =C12+E12 | H12: =D12+F12
A13: Minh Châu | B13: Đoàn Quốc Tâm | C13: 0 | D13: 0 | E13: 0 | F13: 0 | G13: =C13+E13 | H13: =D13+F13
... A52: Đường Láng | B52: Trần Ngọc Dung | C52: 0 | D52: 0 | E52: 0 | F52: 0 | G52: =C52+E52 | H52: =D52+F52

Sheet kpi dược sĩ
A1: Dữ liệu cập nhật đến ngày | C1: =data!J1 | O1: Mức hoành thành KPI | R1: Mức hoành thành KPI
A2: Nhà thuốc | B2: Nhân viên | C2: Chức danh | D2: KPI trung bình bill | E2: Trung bình bill | F2: KPI doanh thu CK+Combo+NY3/ngày | G2: CK + Combo + NY3/ngày | H2: KPI Doanh thu/ngày (100%) | I2: Doanh thu thực/ngày | J2: % Hoàn thành KPI | K2: Thưởng KPI | L2: Hệ số * Dự án | M2: Thưởng Dự án | N2: Thưởng Dự án + KPI + HH | O2: 0.8 | P2: 0.9 | Q2: 1 | R2: 0.8 | S2: 0.9 | T2: 1 | U2: KPIs Doanh thu/ngày | V2: KPIs Doanh thu/tháng | W2: Số giao dịch off | X2: Doanh thu off | Y2: Trung bình bill off | Z2: Số giao dịch onl | AA2: Doanh thu onl | AB2: Trung bình bill onl | AC2: Tổng giao dịch | AD2: Doanh thu tổng | AE2: Trung bình Bill
A3: Trường Sa | B3: Nguyễn Trần Ngọc Phương | C3: Q.CHT | D3: 150000 | E3: =AE3 | F3: =IFERROR(ROUND(_xludf.LET(nt,$A3,nv,$B3,songay,DAY(EOMONTH($C$1,0)),doanhthungay,$I3,duan_nv,SUMIFS('Dự án T9'!$D:$D,'Dự án T9'!$A:$A,nt,'Dự án T9'!$B:$B,nv),duan_nt,SUMIFS('Dự án T9'!$D:$D,'Dự án T9'!$A:$A,nt),tyle,duan_nv/duan_nt,muc2_ngay,_xlfn.XLOOKUP(nt,'kpi nhà thuốc'!$B:$B,'kpi nhà thuốc'!$P:$P),muc3_ngay,_xlfn.XLOOKUP(nt,'kpi nhà thuốc'!$B:$B,'kpi nhà thuốc'!$T:$T),hangdiem1,_xlfn.XLOOKUP(nt,'kpi nhà thuốc'!$B:$B,'kpi nhà thuốc'!$I:$I),hangdiem2,_xlfn.XLOOKUP(nt,'kpi nhà thuốc'!$B:$B,'kpi nhà thuốc'!$N:$N),hangdiem3,_xlfn.XLOOKUP(nt,'kpi nhà thuốc'!$B:$B,'kpi nhà thuốc'!$R:$R),_xludf.SWITCH(TRUE,doanhthungay>=muc3_ngay,hangdiem3,doanhthungay>=muc2_ngay,hangdiem2,TRUE,hangdiem1)/songay*tyle),-3),0) | G3: =IFERROR(SUMIF('Dự án T9'!$B:$B, $B3, 'Dự án T9'!$D:$D), 0) | H3: =Q3 | I3: =(AD3/DAY($C$1)) | J3: =_xlfn.XLOOKUP(B3, 'kpi nhà thuốc'!A:A, 'kpi nhà thuốc'!F:F, (AD3/DAY($C$1))/U3) | K3: =_xlfn.XLOOKUP(B3, 'kpi nhà thuốc'!$A:$A, 'kpi nhà thuốc'!$G:$G, IF(AND(OR(C3="DSXC", C3="DSCD", C3="DSBC", C3="DSTV", C3="Q.CHT", C3="BC"), G3>=F3), AD3 * _xlfn.IFS(AND(I3>=T3, E3>=D3), 0.015, I3>=T3, 0.013, AND(I3>=S3, E3>=D3), 0.013, I3>=S3, 0.011, AND(I3>=R3, E3>=D3), 0.012, I3>=R3, 0.010, TRUE, 0), 0)) | L3: =IF(C3="DSTV","", IF(J3<0.6, 0.8, 1)) | M3: =IFERROR(SUMIF('Dự án T9'!$B:$B, $B3, 'Dự án T9'!$M:$M)*$L3, 0) | N3: =N(K3)+M3 | O3: =CEILING(R3, 100000) | P3: =CEILING(S3, 100000) | Q3: =CEILING(T3, 100000) | R3: =U3*$R$2 | S3: =U3*$S$2 | T3: =U3*$T$2 | U3: =V3/DAY($C$1) | V3: 128000000 | W3: =IFERROR(SUMIFS(data!$C:$C, data!$A:$A, $A3, data!$B:$B, $B3), 0) | X3: =IFERROR(SUMIF(data!$B:$B, $B3, data!$D:$D), 0) | Y3: =IF(W3>0, X3/W3, 0) | Z3: =IFERROR(SUMIFS(data!$E:$E, data!$A:$A, $A3, data!$B:$B, $B3), 0) | AA3: =IFERROR(SUMIF(data!$B:$B, $B3, data!$F:$F), 0) | AB3: =IF(Z3>0, AA3/Z3, 0) | AC3: =W3+Z3 | AD3: =X3+AA3 | AE3: =IF(AC3>0, AD3/AC3, 0)
A4: Trường Sa | B4: Phạm Nguyễn Ngọc Quý | C4: DSXC | D4: 130000 | E4: =AE4 | F4: =IFERROR(ROUND(_xludf.LET(nt,$A4,nv,$B4,songay,DAY(EOMONTH($C$1,0)),doanhthungay,$I4,duan_nv,SUMIFS('Dự án T9'!$D:$D,'Dự án T9'!$A:$A,nt,'Dự án T9'!$B:$B,nv),duan_nt,SUMIFS('Dự án T9'!$D:$D,'Dự án T9'!$A:$A,nt),tyle,duan_nv/duan_nt,muc2_ngay,_xlfn.XLOOKUP(nt,'kpi nhà thuốc'!$B:$B,'kpi nhà thuốc'!$P:$P),muc3_ngay,_xlfn.XLOOKUP(nt,'kpi nhà thuốc'!$B:$B,'kpi nhà thuốc'!$T:$T),hangdiem1,_xlfn.XLOOKUP(nt,'kpi nhà thuốc'!$B:$B,'kpi nhà thuốc'!$I:$I),hangdiem2,_xlfn.XLOOKUP(nt,'kpi nhà thuốc'!$B:$B,'kpi nhà thuốc'!$N:$N),hangdiem3,_xlfn.XLOOKUP(nt,'kpi nhà thuốc'!$B:$B,'kpi nhà thuốc'!$R:$R),_xludf.SWITCH(TRUE,doanhthungay>=muc3_ngay,hangdiem3,doanhthungay>=muc2_ngay,hangdiem2,TRUE,hangdiem1)/songay*tyle),-3),0) | G4: =IFERROR(SUMIF('Dự án T9'!$B:$B, $B4, 'Dự án T9'!$D:$D), 0) | H4: =Q4 | I4: =(AD4/DAY($C$1)) | J4: =_xlfn.XLOOKUP(B4, 'kpi nhà thuốc'!A:A, 'kpi nhà thuốc'!F:F, (AD4/DAY($C$1))/U4) | K4: =_xlfn.XLOOKUP(B4, 'kpi nhà thuốc'!$A:$A, 'kpi nhà thuốc'!$G:$G, IF(AND(OR(C4="DSXC", C4="DSCD", C4="DSBC", C4="DSTV", C4="Q.CHT", C4="BC"), G4>=F4), AD4 * _xlfn.IFS(AND(I4>=T4, E4>=D4), 0.015, I4>=T4, 0.013, AND(I4>=S4, E4>=D4), 0.013, I4>=S4, 0.011, AND(I4>=R4, E4>=D4), 0.012, I4>=R4, 0.010, TRUE, 0), 0)) | L4: =IF(C4="DSTV","", IF(J4<0.6, 0.8, 1)) | M4: =IFERROR(SUMIF('Dự án T9'!$B:$B, $B4, 'Dự án T9'!$M:$M)*$L4, 0) | N4: =N(K4)+M4 | O4: =CEILING(R4, 100000) | P4: =CEILING(S4, 100000) | Q4: =CEILING(T4, 100000) | R4: =U4*$R$2 | S4: =U4*$S$2 | T4: =U4*$T$2 | U4: =V4/DAY($C$1) | V4: 128000000 | W4: =IFERROR(SUMIFS(data!$C:$C, data!$A:$A, $A4, data!$B:$B, $B4), 0) | X4: =IFERROR(SUMIF(data!$B:$B, $B4, data!$D:$D), 0) | Y4: =IF(W4>0, X4/W4, 0) | Z4: =IFERROR(SUMIFS(data!$E:$E, data!$A:$A, $A4, data!$B:$B, $B4), 0) | AA4: =IFERROR(SUMIF(data!$B:$B, $B4, data!$F:$F), 0) | AB4: =IF(Z4>0, AA4/Z4, 0) | AC4: =W4+Z4 | AD4: =X4+AA4 | AE4: =IF(AC4>0, AD4/AC4, 0)
A5: Trường Sa | B5: Nguyễn Ngọc Anh Thư | C5: DSHV | D5: 100000 | E5: =AE5 | F5: =IFERROR(ROUND(_xludf.LET(nt,$A5,nv,$B5,songay,DAY(EOMONTH($C$1,0)),doanhthungay,$I5,duan_nv,SUMIFS('Dự án T9'!$D:$D,'Dự án T9'!$A:$A,nt,'Dự án T9'!$B:$B,nv),duan_nt,SUMIFS('Dự án T9'!$D:$D,'Dự án T9'!$A:$A,nt),tyle,duan_nv/duan_nt,muc2_ngay,_xlfn.XLOOKUP(nt,'kpi nhà thuốc'!$B:$B,'kpi nhà thuốc'!$P:$P),muc3_ngay,_xlfn.XLOOKUP(nt,'kpi nhà thuốc'!$B:$B,'kpi nhà thuốc'!$T:$T),hangdiem1,_xlfn.XLOOKUP(nt,'kpi nhà thuốc'!$B:$B,'kpi nhà thuốc'!$I:$I),hangdiem2,_xlfn.XLOOKUP(nt,'kpi nhà thuốc'!$B:$B,'kpi nhà thuốc'!$N:$N),hangdiem3,_xlfn.XLOOKUP(nt,'kpi nhà thuốc'!$B:$B,'kpi nhà thuốc'!$R:$R),_xludf.SWITCH(TRUE,doanhthungay>=muc3_ngay,hangdiem3,doanhthungay>=muc2_ngay,hangdiem2,TRUE,hangdiem1)/songay*tyle),-3),0) | G5: =IFERROR(SUMIF('Dự án T9'!$B:$B, $B5, 'Dự án T9'!$D:$D), 0) | H5: =Q5 | I5: =(AD5/DAY($C$1)) | J5: =_xlfn.XLOOKUP(B5, 'kpi nhà thuốc'!A:A, 'kpi nhà thuốc'!F:F, (AD5/DAY($C$1))/U5) | K5: =_xlfn.XLOOKUP(B5, 'kpi nhà thuốc'!$A:$A, 'kpi nhà thuốc'!$G:$G, IF(AND(OR(C5="DSXC", C5="DSCD", C5="DSBC", C5="DSTV", C5="Q.CHT", C5="BC"), G5>=F5), AD5 * _xlfn.IFS(AND(I5>=T5, E5>=D5), 0.015, I5>=T5, 0.013, AND(I5>=S5, E5>=D5), 0.013, I5>=S5, 0.011, AND(I5>=R5, E5>=D5), 0.012, I5>=R5, 0.010, TRUE, 0), 0)) | L5: =IF(C5="DSTV","", IF(J5<0.6, 0.8, 1)) | M5: =IFERROR(SUMIF('Dự án T9'!$B:$B, $B5, 'Dự án T9'!$M:$M)*$L5, 0) | N5: =N(K5)+M5 | O5: =CEILING(R5, 100000) | P5: =CEILING(S5, 100000) | Q5: =CEILING(T5, 100000) | R5: =U5*$R$2 | S5: =U5*$S$2 | T5: =U5*$T$2 | U5: =V5/DAY($C$1) | V5: 128000000 | W5: =IFERROR(SUMIFS(data!$C:$C, data!$A:$A, $A5, data!$B:$B, $B5), 0) | X5: =IFERROR(SUMIF(data!$B:$B, $B5, data!$D:$D), 0) | Y5: =IF(W5>0, X5/W5, 0) | Z5: =IFERROR(SUMIFS(data!$E:$E, data!$A:$A, $A5, data!$B:$B, $B5), 0) | AA5: =IFERROR(SUMIF(data!$B:$B, $B5, data!$F:$F), 0) | AB5: =IF(Z5>0, AA5/Z5, 0) | AC5: =W5+Z5 | AD5: =X5+AA5 | AE5: =IF(AC5>0, AD5/AC5, 0)
A6: Trường Sa | B6: Trần Thị Kim Khánh | C6: DSCD | D6: 175000 | E6: =AE6 | F6: =IFERROR(ROUND(_xludf.LET(nt,$A6,nv,$B6,songay,DAY(EOMONTH($C$1,0)),doanhthungay,$I6,duan_nv,SUMIFS('Dự án T9'!$D:$D,'Dự án T9'!$A:$A,nt,'Dự án T9'!$B:$B,nv),duan_nt,SUMIFS('Dự án T9'!$D:$D,'Dự án T9'!$A:$A,nt),tyle,duan_nv/duan_nt,muc2_ngay,_xlfn.XLOOKUP(nt,'kpi nhà thuốc'!$B:$B,'kpi nhà thuốc'!$P:$P),muc3_ngay,_xlfn.XLOOKUP(nt,'kpi nhà thuốc'!$B:$B,'kpi nhà thuốc'!$T:$T),hangdiem1,_xlfn.XLOOKUP(nt,'kpi nhà thuốc'!$B:$B,'kpi nhà thuốc'!$I:$I),hangdiem2,_xlfn.XLOOKUP(nt,'kpi nhà thuốc'!$B:$B,'kpi nhà thuốc'!$N:$N),hangdiem3,_xlfn.XLOOKUP(nt,'kpi nhà thuốc'!$B:$B,'kpi nhà thuốc'!$R:$R),_xludf.SWITCH(TRUE,doanhthungay>=muc3_ngay,hangdiem3,doanhthungay>=muc2_ngay,hangdiem2,TRUE,hangdiem1)/songay*tyle),-3),0) | G6: =IFERROR(SUMIF('Dự án T9'!$B:$B, $B6, 'Dự án T9'!$D:$D), 0) | H6: =Q6 | I6: =(AD6/DAY($C$1)) | J6: =_xlfn.XLOOKUP(B6, 'kpi nhà thuốc'!A:A, 'kpi nhà thuốc'!F:F, (AD6/DAY($C$1))/U6) | K6: =_xlfn.XLOOKUP(B6, 'kpi nhà thuốc'!$A:$A, 'kpi nhà thuốc'!$G:$G, IF(AND(OR(C6="DSXC", C6="DSCD", C6="DSBC", C6="DSTV", C6="Q.CHT", C6="BC"), G6>=F6), AD6 * _xlfn.IFS(AND(I6>=T6, E6>=D6), 0.015, I6>=T6, 0.013, AND(I6>=S6, E6>=D6), 0.013, I6>=S6, 0.011, AND(I6>=R6, E6>=D6), 0.012, I6>=R6, 0.010, TRUE, 0), 0)) | L6: =IF(C6="DSTV","", IF(J6<0.6, 0.8, 1)) | M6: =IFERROR(SUMIF('Dự án T9'!$B:$B, $B6, 'Dự án T9'!$M:$M)*$L6, 0) | N6: =N(K6)+M6 | O6: =CEILING(R6, 100000) | P6: =CEILING(S6, 100000) | Q6: =CEILING(T6, 100000) | R6: =U6*$R$2 | S6: =U6*$S$2 | T6: =U6*$T$2 | U6: =V6/DAY($C$1) | V6: 128000000 | W6: =IFERROR(SUMIFS(data!$C:$C, data!$A:$A, $A6, data!$B:$B, $B6), 0) | X6: =IFERROR(SUMIF(data!$B:$B, $B6, data!$D:$D), 0) | Y6: =IF(W6>0, X6/W6, 0) | Z6: =IFERROR(SUMIFS(data!$E:$E, data!$A:$A, $A6, data!$B:$B, $B6), 0) | AA6: =IFERROR(SUMIF(data!$B:$B, $B6, data!$F:$F), 0) | AB6: =IF(Z6>0, AA6/Z6, 0) | AC6: =W6+Z6 | AD6: =X6+AA6 | AE6: =IF(AC6>0, AD6/AC6, 0)
A7: Trường Sa | B7: Trịnh Thị Phượng | C7: DSCD | D7: 175000 | E7: =AE7 | F7: =IFERROR(ROUND(_xludf.LET(nt,$A7,nv,$B7,songay,DAY(EOMONTH($C$1,0)),doanhthungay,$I7,duan_nv,SUMIFS('Dự án T9'!$D:$D,'Dự án T9'!$A:$A,nt,'Dự án T9'!$B:$B,nv),duan_nt,SUMIFS('Dự án T9'!$D:$D,'Dự án T9'!$A:$A,nt),tyle,duan_nv/duan_nt,muc2_ngay,_xlfn.XLOOKUP(nt,'kpi nhà thuốc'!$B:$B,'kpi nhà thuốc'!$P:$P),muc3_ngay,_xlfn.XLOOKUP(nt,'kpi nhà thuốc'!$B:$B,'kpi nhà thuốc'!$T:$T),hangdiem1,_xlfn.XLOOKUP(nt,'kpi nhà thuốc'!$B:$B,'kpi nhà thuốc'!$I:$I),hangdiem2,_xlfn.XLOOKUP(nt,'kpi nhà thuốc'!$B:$B,'kpi nhà thuốc'!$N:$N),hangdiem3,_xlfn.XLOOKUP(nt,'kpi nhà thuốc'!$B:$B,'kpi nhà thuốc'!$R:$R),_xludf.SWITCH(TRUE,doanhthungay>=muc3_ngay,hangdiem3,doanhthungay>=muc2_ngay,hangdiem2,TRUE,hangdiem1)/songay*tyle),-3),0) | G7: =IFERROR(SUMIF('Dự án T9'!$B:$B, $B7, 'Dự án T9'!$D:$D), 0) | H7: =Q7 | I7: =(AD7/DAY($C$1)) | J7: =_xlfn.XLOOKUP(B7, 'kpi nhà thuốc'!A:A, 'kpi nhà thuốc'!F:F, (AD7/DAY($C$1))/U7) | K7: =_xlfn.XLOOKUP(B7, 'kpi nhà thuốc'!$A:$A, 'kpi nhà thuốc'!$G:$G, IF(AND(OR(C7="DSXC", C7="DSCD", C7="DSBC", C7="DSTV", C7="Q.CHT", C7="BC"), G7>=F7), AD7 * _xlfn.IFS(AND(I7>=T7, E7>=D7), 0.015, I7>=T7, 0.013, AND(I7>=S7, E7>=D7), 0.013, I7>=S7, 0.011, AND(I7>=R7, E7>=D7), 0.012, I7>=R7, 0.010, TRUE, 0), 0)) | L7: =IF(C7="DSTV","", IF(J7<0.6, 0.8, 1)) | M7: =IFERROR(SUMIF('Dự án T9'!$B:$B, $B7, 'Dự án T9'!$M:$M)*$L7, 0) | N7: =N(K7)+M7 | O7: =CEILING(R7, 100000) | P7: =CEILING(S7, 100000) | Q7: =CEILING(T7, 100000) | R7: =U7*$R$2 | S7: =U7*$S$2 | T7: =U7*$T$2 | U7: =V7/DAY($C$1) | V7: 128000000 | W7: =IFERROR(SUMIFS(data!$C:$C, data!$A:$A, $A7, data!$B:$B, $B7), 0) | X7: =IFERROR(SUMIF(data!$B:$B, $B7, data!$D:$D), 0) | Y7: =IF(W7>0, X7/W7, 0) | Z7: =IFERROR(SUMIFS(data!$E:$E, data!$A:$A, $A7, data!$B:$B, $B7), 0) | AA7: =IFERROR(SUMIF(data!$B:$B, $B7, data!$F:$F), 0) | AB7: =IF(Z7>0, AA7/Z7, 0) | AC7: =W7+Z7 | AD7: =X7+AA7 | AE7: =IF(AC7>0, AD7/AC7, 0)
A8: Đỗ Quang Đẩu | B8: Phạm Thị Nghĩa Hương | C8: DSCD | D8: 187974 | E8: =AE8 | F8: =IFERROR(ROUND(_xludf.LET(nt,$A8,nv,$B8,songay,DAY(EOMONTH($C$1,0)),doanhthungay,$I8,duan_nv,SUMIFS('Dự án T9'!$D:$D,'Dự án T9'!$A:$A,nt,'Dự án T9'!$B:$B,nv),duan_nt,SUMIFS('Dự án T9'!$D:$D,'Dự án T9'!$A:$A,nt),tyle,duan_nv/duan_nt,muc2_ngay,_xlfn.XLOOKUP(nt,'kpi nhà thuốc'!$B:$B,'kpi nhà thuốc'!$P:$P),muc3_ngay,_xlfn.XLOOKUP(nt,'kpi nhà thuốc'!$B:$B,'kpi nhà thuốc'!$T:$T),hangdiem1,_xlfn.XLOOKUP(nt,'kpi nhà thuốc'!$B:$B,'kpi nhà thuốc'!$I:$I),hangdiem2,_xlfn.XLOOKUP(nt,'kpi nhà thuốc'!$B:$B,'kpi nhà thuốc'!$N:$N),hangdiem3,_xlfn.XLOOKUP(nt,'kpi nhà thuốc'!$B:$B,'kpi nhà thuốc'!$R:$R),_xludf.SWITCH(TRUE,doanhthungay>=muc3_ngay,hangdiem3,doanhthungay>=muc2_ngay,hangdiem2,TRUE,hangdiem1)/songay*tyle),-3),0) | G8: =IFERROR(SUMIF('Dự án T9'!$B:$B, $B8, 'Dự án T9'!$D:$D), 0) | H8: =Q8 | I8: =(AD8/DAY($C$1)) | J8: =_xlfn.XLOOKUP(B8, 'kpi nhà thuốc'!A:A, 'kpi nhà thuốc'!F:F, (AD8/DAY($C$1))/U8) | K8: =_xlfn.XLOOKUP(B8, 'kpi nhà thuốc'!$A:$A, 'kpi nhà thuốc'!$G:$G, IF(AND(OR(C8="DSXC", C8="DSCD", C8="DSBC", C8="DSTV", C8="Q.CHT", C8="BC"), G8>=F8), AD8 * _xlfn.IFS(AND(I8>=T8, E8>=D8), 0.015, I8>=T8, 0.013, AND(I8>=S8, E8>=D8), 0.013, I8>=S8, 0.011, AND(I8>=R8, E8>=D8), 0.012, I8>=R8, 0.010, TRUE, 0), 0)) | L8: =IF(C8="DSTV","", IF(J8<0.6, 0.8, 1)) | M8: =IFERROR(SUMIF('Dự án T9'!$B:$B, $B8, 'Dự án T9'!$M:$M)*$L8, 0) | N8: =N(K8)+M8 | O8: =CEILING(R8, 100000) | P8: =CEILING(S8, 100000) | Q8: =CEILING(T8, 100000) | R8: =U8*$R$2 | S8: =U8*$S$2 | T8: =U8*$T$2 | U8: =V8/DAY($C$1) | V8: 240000000 | W8: =IFERROR(SUMIFS(data!$C:$C, data!$A:$A, $A8, data!$B:$B, $B8), 0) | X8: =IFERROR(SUMIF(data!$B:$B, $B8, data!$D:$D), 0) | Y8: =IF(W8>0, X8/W8, 0) | Z8: =IFERROR(SUMIFS(data!$E:$E, data!$A:$A, $A8, data!$B:$B, $B8), 0) | AA8: =IFERROR(SUMIF(data!$B:$B, $B8, data!$F:$F), 0) | AB8: =IF(Z8>0, AA8/Z8, 0) | AC8: =W8+Z8 | AD8: =X8+AA8 | AE8: =IF(AC8>0, AD8/AC8, 0)
A9: Đỗ Quang Đẩu | B9: Trần Thiên Phát | C9: DSXC | D9: 204503 | E9: =AE9 | F9: =IFERROR(ROUND(_xludf.LET(nt,$A9,nv,$B9,songay,DAY(EOMONTH($C$1,0)),doanhthungay,$I9,duan_nv,SUMIFS('Dự án T9'!$D:$D,'Dự án T9'!$A:$A,nt,'Dự án T9'!$B:$B,nv),duan_nt,SUMIFS('Dự án T9'!$D:$D,'Dự án T9'!$A:$A,nt),tyle,duan_nv/duan_nt,muc2_ngay,_xlfn.XLOOKUP(nt,'kpi nhà thuốc'!$B:$B,'kpi nhà thuốc'!$P:$P),muc3_ngay,_xlfn.XLOOKUP(nt,'kpi nhà thuốc'!$B:$B,'kpi nhà thuốc'!$T:$T),hangdiem1,_xlfn.XLOOKUP(nt,'kpi nhà thuốc'!$B:$B,'kpi nhà thuốc'!$I:$I),hangdiem2,_xlfn.XLOOKUP(nt,'kpi nhà thuốc'!$B:$B,'kpi nhà thuốc'!$N:$N),hangdiem3,_xlfn.XLOOKUP(nt,'kpi nhà thuốc'!$B:$B,'kpi nhà thuốc'!$R:$R),_xludf.SWITCH(TRUE,doanhthungay>=muc3_ngay,hangdiem3,doanhthungay>=muc2_ngay,hangdiem2,TRUE,hangdiem1)/songay*tyle),-3),0) | G9: =IFERROR(SUMIF('Dự án T9'!$B:$B, $B9, 'Dự án T9'!$D:$D), 0) | H9: =Q9 | I9: =(AD9/DAY($C$1)) | J9: =_xlfn.XLOOKUP(B9, 'kpi nhà thuốc'!A:A, 'kpi nhà thuốc'!F:F, (AD9/DAY($C$1))/U9) | K9: =_xlfn.XLOOKUP(B9, 'kpi nhà thuốc'!$A:$A, 'kpi nhà thuốc'!$G:$G, IF(AND(OR(C9="DSXC", C9="DSCD", C9="DSBC", C9="DSTV", C9="Q.CHT", C9="BC"), G9>=F9), AD9 * _xlfn.IFS(AND(I9>=T9, E9>=D9), 0.015, I9>=T9, 0.013, AND(I9>=S9, E9>=D9), 0.013, I9>=S9, 0.011, AND(I9>=R9, E9>=D9), 0.012, I9>=R9, 0.010, TRUE, 0), 0)) | L9: =IF(C9="DSTV","", IF(J9<0.6, 0.8, 1)) | M9: =IFERROR(SUMIF('Dự án T9'!$B:$B, $B9, 'Dự án T9'!$M:$M)*$L9, 0) | N9: =N(K9)+M9 | O9: =CEILING(R9, 100000) | P9: =CEILING(S9, 100000) | Q9: =CEILING(T9, 100000) | R9: =U9*$R$2 | S9: =U9*$S$2 | T9: =U9*$T$2 | U9: =V9/DAY($C$1) | V9: 240000000 | W9: =IFERROR(SUMIFS(data!$C:$C, data!$A:$A, $A9, data!$B:$B, $B9), 0) | X9: =IFERROR(SUMIF(data!$B:$B, $B9, data!$D:$D), 0) | Y9: =IF(W9>0, X9/W9, 0) | Z9: =IFERROR(SUMIFS(data!$E:$E, data!$A:$A, $A9, data!$B:$B, $B9), 0) | AA9: =IFERROR(SUMIF(data!$B:$B, $B9, data!$F:$F), 0) | AB9: =IF(Z9>0, AA9/Z9, 0) | AC9: =W9+Z9 | AD9: =X9+AA9 | AE9: =IF(AC9>0, AD9/AC9, 0)
A10: Đỗ Quang Đẩu | B10: Ngô Thị Thanh Thắm | C10: CHT | D10: 346495 | E10: =AE10 | F10: =IFERROR(ROUND(_xludf.LET(nt,$A10,nv,$B10,songay,DAY(EOMONTH($C$1,0)),doanhthungay,$I10,duan_nv,SUMIFS('Dự án T9'!$D:$D,'Dự án T9'!$A:$A,nt,'Dự án T9'!$B:$B,nv),duan_nt,SUMIFS('Dự án T9'!$D:$D,'Dự án T9'!$A:$A,nt),tyle,duan_nv/duan_nt,muc2_ngay,_xlfn.XLOOKUP(nt,'kpi nhà thuốc'!$B:$B,'kpi nhà thuốc'!$P:$P),muc3_ngay,_xlfn.XLOOKUP(nt,'kpi nhà thuốc'!$B:$B,'kpi nhà thuốc'!$T:$T),hangdiem1,_xlfn.XLOOKUP(nt,'kpi nhà thuốc'!$B:$B,'kpi nhà thuốc'!$I:$I),hangdiem2,_xlfn.XLOOKUP(nt,'kpi nhà thuốc'!$B:$B,'kpi nhà thuốc'!$N:$N),hangdiem3,_xlfn.XLOOKUP(nt,'kpi nhà thuốc'!$B:$B,'kpi nhà thuốc'!$R:$R),_xludf.SWITCH(TRUE,doanhthungay>=muc3_ngay,hangdiem3,doanhthungay>=muc2_ngay,hangdiem2,TRUE,hangdiem1)/songay*tyle),-3),0) | G10: =IFERROR(SUMIF('Dự án T9'!$B:$B, $B10, 'Dự án T9'!$D:$D), 0) | H10: =Q10 | I10: =(AD10/DAY($C$1)) | J10: =_xlfn.XLOOKUP(B10, 'kpi nhà thuốc'!A:A, 'kpi nhà thuốc'!F:F, (AD10/DAY($C$1))/U10) | K10: =_xlfn.XLOOKUP(B10, 'kpi nhà thuốc'!$A:$A, 'kpi nhà thuốc'!$G:$G, IF(AND(OR(C10="DSXC", C10="DSCD", C10="DSBC", C10="DSTV", C10="Q.CHT", C10="BC"), G10>=F10), AD10 * _xlfn.IFS(AND(I10>=T10, E10>=D10), 0.015, I10>=T10, 0.013, AND(I10>=S10, E10>=D10), 0.013, I10>=S10, 0.011, AND(I10>=R10, E10>=D10), 0.012, I10>=R10, 0.010, TRUE, 0), 0)) | L10: =IF(C10="DSTV","", IF(J10<0.6, 0.8, 1)) | M10: =IFERROR(SUMIF('Dự án T9'!$B:$B, $B10, 'Dự án T9'!$M:$M)*$L10, 0) | N10: =N(K10)+M10 | O10: =CEILING(R10, 100000) | P10: =CEILING(S10, 100000) | Q10: =CEILING(T10, 100000) | R10: =U10*$R$2 | S10: =U10*$S$2 | T10: =U10*$T$2 | U10: =V10/DAY($C$1) | V10: 240000000 | W10: =IFERROR(SUMIFS(data!$C:$C, data!$A:$A, $A10, data!$B:$B, $B10), 0) | X10: =IFERROR(SUMIF(data!$B:$B, $B10, data!$D:$D), 0) | Y10: =IF(W10>0, X10/W10, 0) | Z10: =IFERROR(SUMIFS(data!$E:$E, data!$A:$A, $A10, data!$B:$B, $B10), 0) | AA10: =IFERROR(SUMIF(data!$B:$B, $B10, data!$F:$F), 0) | AB10: =IF(Z10>0, AA10/Z10, 0) | AC10: =W10+Z10 | AD10: =X10+AA10 | AE10: =IF(AC10>0, AD10/AC10, 0)
A11: Đỗ Quang Đẩu | B11: Hoàng Thanh Thủy | C11: DSXC | D11: 335470 | E11: =AE11 | F11: =IFERROR(ROUND(_xludf.LET(nt,$A11,nv,$B11,songay,DAY(EOMONTH($C$1,0)),doanhthungay,$I11,duan_nv,SUMIFS('Dự án T9'!$D:$D,'Dự án T9'!$A:$A,nt,'Dự án T9'!$B:$B,nv),duan_nt,SUMIFS('Dự án T9'!$D:$D,'Dự án T9'!$A:$A,nt),tyle,duan_nv/duan_nt,muc2_ngay,_xlfn.XLOOKUP(nt,'kpi nhà thuốc'!$B:$B,'kpi nhà thuốc'!$P:$P),muc3_ngay,_xlfn.XLOOKUP(nt,'kpi nhà thuốc'!$B:$B,'kpi nhà thuốc'!$T:$T),hangdiem1,_xlfn.XLOOKUP(nt,'kpi nhà thuốc'!$B:$B,'kpi nhà thuốc'!$I:$I),hangdiem2,_xlfn.XLOOKUP(nt,'kpi nhà thuốc'!$B:$B,'kpi nhà thuốc'!$N:$N),hangdiem3,_xlfn.XLOOKUP(nt,'kpi nhà thuốc'!$B:$B,'kpi nhà thuốc'!$R:$R),_xludf.SWITCH(TRUE,doanhthungay>=muc3_ngay,hangdiem3,doanhthungay>=muc2_ngay,hangdiem2,TRUE,hangdiem1)/songay*tyle),-3),0) | G11: =IFERROR(SUMIF('Dự án T9'!$B:$B, $B11, 'Dự án T9'!$D:$D), 0) | H11: =Q11 | I11: =(AD11/DAY($C$1)) | J11: =_xlfn.XLOOKUP(B11, 'kpi nhà thuốc'!A:A, 'kpi nhà thuốc'!F:F, (AD11/DAY($C$1))/U11) | K11: =_xlfn.XLOOKUP(B11, 'kpi nhà thuốc'!$A:$A, 'kpi nhà thuốc'!$G:$G, IF(AND(OR(C11="DSXC", C11="DSCD", C11="DSBC", C11="DSTV", C11="Q.CHT", C11="BC"), G11>=F11), AD11 * _xlfn.IFS(AND(I11>=T11, E11>=D11), 0.015, I11>=T11, 0.013, AND(I11>=S11, E11>=D11), 0.013, I11>=S11, 0.011, AND(I11>=R11, E11>=D11), 0.012, I11>=R11, 0.010, TRUE, 0), 0)) | L11: =IF(C11="DSTV","", IF(J11<0.6, 0.8, 1)) | M11: =IFERROR(SUMIF('Dự án T9'!$B:$B, $B11, 'Dự án T9'!$M:$M)*$L11, 0) | N11: =N(K11)+M11 | O11: =CEILING(R11, 100000) | P11: =CEILING(S11, 100000) | Q11: =CEILING(T11, 100000) | R11: =U11*$R$2 | S11: =U11*$S$2 | T11: =U11*$T$2 | U11: =V11/DAY($C$1) | V11: 240000000 | W11: =IFERROR(SUMIFS(data!$C:$C, data!$A:$A, $A11, data!$B:$B, $B11), 0) | X11: =IFERROR(SUMIF(data!$B:$B, $B11, data!$D:$D), 0) | Y11: =IF(W11>0, X11/W11, 0) | Z11: =IFERROR(SUMIFS(data!$E:$E, data!$A:$A, $A11, data!$B:$B, $B11), 0) | AA11: =IFERROR(SUMIF(data!$B:$B, $B11, data!$F:$F), 0) | AB11: =IF(Z11>0, AA11/Z11, 0) | AC11: =W11+Z11 | AD11: =X11+AA11 | AE11: =IF(AC11>0, AD11/AC11, 0)
A12: Đỗ Quang Đẩu | B12: Lê Thị Huyền Trân | C12: DSXC | D12: 187847 | E12: =AE12 | F12: =IFERROR(ROUND(_xludf.LET(nt,$A12,nv,$B12,songay,DAY(EOMONTH($C$1,0)),doanhthungay,$I12,duan_nv,SUMIFS('Dự án T9'!$D:$D,'Dự án T9'!$A:$A,nt,'Dự án T9'!$B:$B,nv),duan_nt,SUMIFS('Dự án T9'!$D:$D,'Dự án T9'!$A:$A,nt),tyle,duan_nv/duan_nt,muc2_ngay,_xlfn.XLOOKUP(nt,'kpi nhà thuốc'!$B:$B,'kpi nhà thuốc'!$P:$P),muc3_ngay,_xlfn.XLOOKUP(nt,'kpi nhà thuốc'!$B:$B,'kpi nhà thuốc'!$T:$T),hangdiem1,_xlfn.XLOOKUP(nt,'kpi nhà thuốc'!$B:$B,'kpi nhà thuốc'!$I:$I),hangdiem2,_xlfn.XLOOKUP(nt,'kpi nhà thuốc'!$B:$B,'kpi nhà thuốc'!$N:$N),hangdiem3,_xlfn.XLOOKUP(nt,'kpi nhà thuốc'!$B:$B,'kpi nhà thuốc'!$R:$R),_xludf.SWITCH(TRUE,doanhthungay>=muc3_ngay,hangdiem3,doanhthungay>=muc2_ngay,hangdiem2,TRUE,hangdiem1)/songay*tyle),-3),0) | G12: =IFERROR(SUMIF('Dự án T9'!$B:$B, $B12, 'Dự án T9'!$D:$D), 0) | H12: =Q12 | I12: =(AD12/DAY($C$1)) | J12: =_xlfn.XLOOKUP(B12, 'kpi nhà thuốc'!A:A, 'kpi nhà thuốc'!F:F, (AD12/DAY($C$1))/U12) | K12: =_xlfn.XLOOKUP(B12, 'kpi nhà thuốc'!$A:$A, 'kpi nhà thuốc'!$G:$G, IF(AND(OR(C12="DSXC", C12="DSCD", C12="DSBC", C12="DSTV", C12="Q.CHT", C12="BC"), G12>=F12), AD12 * _xlfn.IFS(AND(I12>=T12, E12>=D12), 0.015, I12>=T12, 0.013, AND(I12>=S12, E12>=D12), 0.013, I12>=S12, 0.011, AND(I12>=R12, E12>=D12), 0.012, I12>=R12, 0.010, TRUE, 0), 0)) | L12: =IF(C12="DSTV","", IF(J12<0.6, 0.8, 1)) | M12: =IFERROR(SUMIF('Dự án T9'!$B:$B, $B12, 'Dự án T9'!$M:$M)*$L12, 0) | N12: =N(K12)+M12 | O12: =CEILING(R12, 100000) | P12: =CEILING(S12, 100000) | Q12: =CEILING(T12, 100000) | R12: =U12*$R$2 | S12: =U12*$S$2 | T12: =U12*$T$2 | U12: =V12/DAY($C$1) | V12: 240000000 | W12: =IFERROR(SUMIFS(data!$C:$C, data!$A:$A, $A12, data!$B:$B, $B12), 0) | X12: =IFERROR(SUMIF(data!$B:$B, $B12, data!$D:$D), 0) | Y12: =IF(W12>0, X12/W12, 0) | Z12: =IFERROR(SUMIFS(data!$E:$E, data!$A:$A, $A12, data!$B:$B, $B12), 0) | AA12: =IFERROR(SUMIF(data!$B:$B, $B12, data!$F:$F), 0) | AB12: =IF(Z12>0, AA12/Z12, 0) | AC12: =W12+Z12 | AD12: =X12+AA12 | AE12: =IF(AC12>0, AD12/AC12, 0)
A13: Minh Châu | B13: Thái Thùy Linh | C13: CHT | D13: 100080 | E13: =AE13 | F13: =IFERROR(ROUND(_xludf.LET(nt,$A13,nv,$B13,songay,DAY(EOMONTH($C$1,0)),doanhthungay,$I13,duan_nv,SUMIFS('Dự án T9'!$D:$D,'Dự án T9'!$A:$A,nt,'Dự án T9'!$B:$B,nv),duan_nt,SUMIFS('Dự án T9'!$D:$D,'Dự án T9'!$A:$A,nt),tyle,duan_nv/duan_nt,muc2_ngay,_xlfn.XLOOKUP(nt,'kpi nhà thuốc'!$B:$B,'kpi nhà thuốc'!$P:$P),muc3_ngay,_xlfn.XLOOKUP(nt,'kpi nhà thuốc'!$B:$B,'kpi nhà thuốc'!$T:$T),hangdiem1,_xlfn.XLOOKUP(nt,'kpi nhà thuốc'!$B:$B,'kpi nhà thuốc'!$I:$I),hangdiem2,_xlfn.XLOOKUP(nt,'kpi nhà thuốc'!$B:$B,'kpi nhà thuốc'!$N:$N),hangdiem3,_xlfn.XLOOKUP(nt,'kpi nhà thuốc'!$B:$B,'kpi nhà thuốc'!$R:$R),_xludf.SWITCH(TRUE,doanhthungay>=muc3_ngay,hangdiem3,doanhthungay>=muc2_ngay,hangdiem2,TRUE,hangdiem1)/songay*tyle),-3),0) | G13: =IFERROR(SUMIF('Dự án T9'!$B:$B, $B13, 'Dự án T9'!$D:$D), 0) | H13: =Q13 | I13: =(AD13/DAY($C$1)) | J13: =_xlfn.XLOOKUP(B13, 'kpi nhà thuốc'!A:A, 'kpi nhà thuốc'!F:F, (AD13/DAY($C$1))/U13) | K13: =_xlfn.XLOOKUP(B13, 'kpi nhà thuốc'!$A:$A, 'kpi nhà thuốc'!$G:$G, IF(AND(OR(C13="DSXC", C13="DSCD", C13="DSBC", C13="DSTV", C13="Q.CHT", C13="BC"), G13>=F13), AD13 * _xlfn.IFS(AND(I13>=T13, E13>=D13), 0.015, I13>=T13, 0.013, AND(I13>=S13, E13>=D13), 0.013, I13>=S13, 0.011, AND(I13>=R13, E13>=D13), 0.012, I13>=R13, 0.010, TRUE, 0), 0)) | L13: =IF(C13="DSTV","", IF(J13<0.6, 0.8, 1)) | M13: =IFERROR(SUMIF('Dự án T9'!$B:$B, $B13, 'Dự án T9'!$M:$M)*$L13, 0) | N13: =N(K13)+M13 | O13: =CEILING(R13, 100000) | P13: =CEILING(S13, 100000) | Q13: =CEILING(T13, 100000) | R13: =U13*$R$2 | S13: =U13*$S$2 | T13: =U13*$T$2 | U13: =V13/DAY($C$1) | V13: 120000000 | W13: =IFERROR(SUMIFS(data!$C:$C, data!$A:$A, $A13, data!$B:$B, $B13), 0) | X13: =IFERROR(SUMIF(data!$B:$B, $B13, data!$D:$D), 0) | Y13: =IF(W13>0, X13/W13, 0) | Z13: =IFERROR(SUMIFS(data!$E:$E, data!$A:$A, $A13, data!$B:$B, $B13), 0) | AA13: =IFERROR(SUMIF(data!$B:$B, $B13, data!$F:$F), 0) | AB13: =IF(Z13>0, AA13/Z13, 0) | AC13: =W13+Z13 | AD13: =X13+AA13 | AE13: =IF(AC13>0, AD13/AC13, 0)
A14: Minh Châu | B14: Đoàn Quốc Tâm | C14: DSXC | D14: 99702 | E14: =AE14 | F14: =IFERROR(ROUND(_xludf.LET(nt,$A14,nv,$B14,songay,DAY(EOMONTH($C$1,0)),doanhthungay,$I14,duan_nv,SUMIFS('Dự án T9'!$D:$D,'Dự án T9'!$A:$A,nt,'Dự án T9'!$B:$B,nv),duan_nt,SUMIFS('Dự án T9'!$D:$D,'Dự án T9'!$A:$A,nt),tyle,duan_nv/duan_nt,muc2_ngay,_xlfn.XLOOKUP(nt,'kpi nhà thuốc'!$B:$B,'kpi nhà thuốc'!$P:$P),muc3_ngay,_xlfn.XLOOKUP(nt,'kpi nhà thuốc'!$B:$B,'kpi nhà thuốc'!$T:$T),hangdiem1,_xlfn.XLOOKUP(nt,'kpi nhà thuốc'!$B:$B,'kpi nhà thuốc'!$I:$I),hangdiem2,_xlfn.XLOOKUP(nt,'kpi nhà thuốc'!$B:$B,'kpi nhà thuốc'!$N:$N),hangdiem3,_xlfn.XLOOKUP(nt,'kpi nhà thuốc'!$B:$B,'kpi nhà thuốc'!$R:$R),_xludf.SWITCH(TRUE,doanhthungay>=muc3_ngay,hangdiem3,doanhthungay>=muc2_ngay,hangdiem2,TRUE,hangdiem1)/songay*tyle),-3),0) | G14: =IFERROR(SUMIF('Dự án T9'!$B:$B, $B14, 'Dự án T9'!$D:$D), 0) | H14: =Q14 | I14: =(AD14/DAY($C$1)) | J14: =_xlfn.XLOOKUP(B14, 'kpi nhà thuốc'!A:A, 'kpi nhà thuốc'!F:F, (AD14/DAY($C$1))/U14) | K14: =_xlfn.XLOOKUP(B14, 'kpi nhà thuốc'!$A:$A, 'kpi nhà thuốc'!$G:$G, IF(AND(OR(C14="DSXC", C14="DSCD", C14="DSBC", C14="DSTV", C14="Q.CHT", C14="BC"), G14>=F14), AD14 * _xlfn.IFS(AND(I14>=T14, E14>=D14), 0.015, I14>=T14, 0.013, AND(I14>=S14, E14>=D14), 0.013, I14>=S14, 0.011, AND(I14>=R14, E14>=D14), 0.012, I14>=R14, 0.010, TRUE, 0), 0)) | L14: =IF(C14="DSTV","", IF(J14<0.6, 0.8, 1)) | M14: =IFERROR(SUMIF('Dự án T9'!$B:$B, $B14, 'Dự án T9'!$M:$M)*$L14, 0) | N14: =N(K14)+M14 | O14: =CEILING(R14, 100000) | P14: =CEILING(S14, 100000) | Q14: =CEILING(T14, 100000) | R14: =U14*$R$2 | S14: =U14*$S$2 | T14: =U14*$T$2 | U14: =V14/DAY($C$1) | V14: 120000000 | W14: =IFERROR(SUMIFS(data!$C:$C, data!$A:$A, $A14, data!$B:$B, $B14), 0) | X14: =IFERROR(SUMIF(data!$B:$B, $B14, data!$D:$D), 0) | Y14: =IF(W14>0, X14/W14, 0) | Z14: =IFERROR(SUMIFS(data!$E:$E, data!$A:$A, $A14, data!$B:$B, $B14), 0) | AA14: =IFERROR(SUMIF(data!$B:$B, $B14, data!$F:$F), 0) | AB14: =IF(Z14>0, AA14/Z14, 0) | AC14: =W14+Z14 | AD14: =X14+AA14 | AE14: =IF(AC14>0, AD14/AC14, 0)
... A53: Đường Láng | B53: Trần Ngọc Dung | C53: BC | D53: 217055 | E53: =AE53 | F53: =IFERROR(ROUND(_xludf.LET(nt,$A53,nv,$B53,songay,DAY(EOMONTH($C$1,0)),doanhthungay,$I53,duan_nv,SUMIFS('Dự án T9'!$D:$D,'Dự án T9'!$A:$A,nt,'Dự án T9'!$B:$B,nv),duan_nt,SUMIFS('Dự án T9'!$D:$D,'Dự án T9'!$A:$A,nt),tyle,duan_nv/duan_nt,muc2_ngay,_xlfn.XLOOKUP(nt,'kpi nhà thuốc'!$B:$B,'kpi nhà thuốc'!$P:$P),muc3_ngay,_xlfn.XLOOKUP(nt,'kpi nhà thuốc'!$B:$B,'kpi nhà thuốc'!$T:$T),hangdiem1,_xlfn.XLOOKUP(nt,'kpi nhà thuốc'!$B:$B,'kpi nhà thuốc'!$I:$I),hangdiem2,_xlfn.XLOOKUP(nt,'kpi nhà thuốc'!$B:$B,'kpi nhà thuốc'!$N:$N),hangdiem3,_xlfn.XLOOKUP(nt,'kpi nhà thuốc'!$B:$B,'kpi nhà thuốc'!$R:$R),_xludf.SWITCH(TRUE,doanhthungay>=muc3_ngay,hangdiem3,doanhthungay>=muc2_ngay,hangdiem2,TRUE,hangdiem1)/songay*tyle),-3),0) | G53: =IFERROR(SUMIF('Dự án T9'!$B:$B, $B53, 'Dự án T9'!$D:$D), 0) | H53: =Q53 | I53: =(AD53/DAY($C$1)) | J53: =_xlfn.XLOOKUP(B53, 'kpi nhà thuốc'!A:A, 'kpi nhà thuốc'!F:F, (AD53/DAY($C$1))/U53) | K53: =_xlfn.XLOOKUP(B53, 'kpi nhà thuốc'!$A:$A, 'kpi nhà thuốc'!$G:$G, IF(AND(OR(C53="DSXC", C53="DSCD", C53="DSBC", C53="DSTV", C53="Q.CHT", C53="BC"), G53>=F53), AD53 * _xlfn.IFS(AND(I53>=T53, E53>=D53), 0.015, I53>=T53, 0.013, AND(I53>=S53, E53>=D53), 0.013, I53>=S53, 0.011, AND(I53>=R53, E53>=D53), 0.012, I53>=R53, 0.010, TRUE, 0), 0)) | L53: =IF(C53="DSTV","", IF(J53<0.6, 0.8, 1)) | M53: =IFERROR(SUMIF('Dự án T9'!$B:$B, $B53, 'Dự án T9'!$M:$M)*$L53, 0) | N53: =N(K53)+M53 | O53: =CEILING(R53, 100000) | P53: =CEILING(S53, 100000) | Q53: =CEILING(T53, 100000) | R53: =U53*$R$2 | S53: =U53*$S$2 | T53: =U53*$T$2 | U53: =V53/DAY($C$1) | V53: 240000000 | W53: =IFERROR(SUMIFS(data!$C:$C, data!$A:$A, $A53, data!$B:$B, $B53), 0) | X53: =IFERROR(SUMIF(data!$B:$B, $B53, data!$D:$D), 0) | Y53: =IF(W53>0, X53/W53, 0) | Z53: =IFERROR(SUMIFS(data!$E:$E, data!$A:$A, $A53, data!$B:$B, $B53), 0) | AA53: =IFERROR(SUMIF(data!$B:$B, $B53, data!$F:$F), 0) | AB53: =IF(Z53>0, AA53/Z53, 0) | AC53: =W53+Z53 | AD53: =X53+AA53 | AE53: =IF(AC53>0, AD53/AC53, 0)

Sheet kpi nhà thuốc
D1: Dữ liệu cập nhật đến ngày | F1: ='kpi dược sĩ'!$C$1 | T1: ='kpi dược sĩ'!$C$1
A2: Cửa hàng trưởng | B2: Nhà thuốc | C2: KPI doanh thu (tháng) | D2: Doanh thu thực tế (tháng) | E2: Doanh thu thực tế (ngày) | F2: Tỷ lệ đạt KPIs | G2: Thưởng CHT | H2: KPIs mức 1 | I2: KPIs hàng điểm mức 1 | J2: KPIs mức 1/tháng | K2: KPIs mức 1/ngày | L2: KPIs mức 1/ngày | M2: KPIs mức 2 | N2: KPIs hàng điểm mức 2 | O2: KPIs mức 2/tháng | P2: KPIs mức 2/ngày | Q2: KPIs mức 3 | R2: KPIs hàng điểm mức 3 | S2: KPIs mức 3/tháng | T2: KPIs mức 3/ngày | U2: Doanh thu hàng điểm | V2: Hàng điểm/ Doanh thu tổng | W2: Xét Đạt KPI | X2: Số giao dịch off | Y2: Doanh thu off | Z2: Tbbill off | AA2: Số giao dịch onl | AB2: Doanh thu onl | AC2: Tbbill onl | AD2: Tổng giao dịch | AE2: Doanh thu tổng | AF2: Trung bình Bill
A3: Nguyễn Trần Ngọc Phương | B3: Trường Sa | C3: 640000000 | D3: =AE3 | E3: =D3/DAY('kpi dược sĩ'!$C$1) | F3: =E3/T3 | G3: =IF(W3<>"Đạt", 0, IF(E3>=T3, D3*0.5%+1000000, IF(E3>=P3, D3*0.4%+700000, IF(E3>=K3, D3*0.35%+500000, 0)))) | H3: 0.8 | I3: =J3*0.25 | J3: =C3*H3 | K3: =T3*H3 | L3: =CEILING(K3, 100000) | M3: 0.9 | N3: =O3*0.25 | O3: =C3*M3 | P3: =T3*M3 | Q3: 1 | R3: =S3*0.25 | S3: =C3*Q3 | T3: =C3/DAY($T$1) | U3: =SUMIF('Dự án T9'!$A:$A, B3, 'Dự án T9'!D:D)*DAY($F$1) | V3: =U3/D3 | W3: =IF(OR(F3="", V3=""), "", IF(AND(F3>=80%, V3>=25%), "Đạt", "Không đạt")) | X3: =SUMIF(data!$A:$A, B3, data!$C:$C) | Y3: =SUMIF(data!$A:$A, B3, data!$D:$D) | Z3: =IF(X3>0, Y3/X3, 0) | AA3: =SUMIF(data!$A:$A, B3, data!$E:$E) | AB3: =SUMIF(data!$A:$A, B3, data!$F:$F) | AC3: =IF(AA3>0, AB3/AA3, 0) | AD3: =X3+AA3 | AE3: =Y3+AB3 | AF3: =IF(AD3>0, AE3/AD3, 0)
A4: Ngô Thị Thanh Thắm | B4: Đỗ Quang Đẩu | C4: 1200000000 | D4: =AE4 | E4: =D4/DAY('kpi dược sĩ'!$C$1) | F4: =E4/T4 | G4: =IF(W4<>"Đạt", 0, IF(E4>=T4, D4*0.5%+1000000, IF(E4>=P4, D4*0.4%+700000, IF(E4>=K4, D4*0.35%+500000, 0)))) | H4: 0.8 | I4: =J4*0.25 | J4: =C4*H4 | K4: =T4*H4 | L4: =CEILING(K4, 100000) | M4: 0.9 | N4: =O4*0.25 | O4: =C4*M4 | P4: =T4*M4 | Q4: 1 | R4: =S4*0.25 | S4: =C4*Q4 | T4: =C4/DAY($T$1) | U4: =SUMIF('Dự án T9'!$A:$A, B4, 'Dự án T9'!D:D)*DAY($F$1) | V4: =U4/D4 | W4: =IF(OR(F4="", V4=""), "", IF(AND(F4>=80%, V4>=25%), "Đạt", "Không đạt")) | X4: =SUMIF(data!$A:$A, B4, data!$C:$C) | Y4: =SUMIF(data!$A:$A, B4, data!$D:$D) | Z4: =IF(X4>0, Y4/X4, 0) | AA4: =SUMIF(data!$A:$A, B4, data!$E:$E) | AB4: =SUMIF(data!$A:$A, B4, data!$F:$F) | AC4: =IF(AA4>0, AB4/AA4, 0) | AD4: =X4+AA4 | AE4: =Y4+AB4 | AF4: =IF(AD4>0, AE4/AD4, 0)
A5: Thái Thùy Linh | B5: Minh Châu | C5: 460000000 | D5: =AE5 | E5: =D5/DAY('kpi dược sĩ'!$C$1) | F5: =E5/T5 | G5: =IF(W5<>"Đạt", 0, IF(E5>=T5, D5*0.5%+1000000, IF(E5>=P5, D5*0.4%+700000, IF(E5>=K5, D5*0.35%+500000, 0)))) | H5: 0.8 | I5: =J5*0.25 | J5: =C5*H5 | K5: =T5*H5 | L5: =CEILING(K5, 100000) | M5: 0.9 | N5: =O5*0.25 | O5: =C5*M5 | P5: =T5*M5 | Q5: 1 | R5: =S5*0.25 | S5: =C5*Q5 | T5: =C5/DAY($T$1) | U5: =SUMIF('Dự án T9'!$A:$A, B5, 'Dự án T9'!D:D)*DAY($F$1) | V5: =U5/D5 | W5: =IF(OR(F5="", V5=""), "", IF(AND(F5>=80%, V5>=25%), "Đạt", "Không đạt")) | X5: =SUMIF(data!$A:$A, B5, data!$C:$C) | Y5: =SUMIF(data!$A:$A, B5, data!$D:$D) | Z5: =IF(X5>0, Y5/X5, 0) | AA5: =SUMIF(data!$A:$A, B5, data!$E:$E) | AB5: =SUMIF(data!$A:$A, B5, data!$F:$F) | AC5: =IF(AA5>0, AB5/AA5, 0) | AD5: =X5+AA5 | AE5: =Y5+AB5 | AF5: =IF(AD5>0, AE5/AD5, 0)
A6: Vũ Ngọc Thanh Thảo | B6: Nam Hòa | C6: 300000000 | D6: =AE6 | E6: =D6/DAY('kpi dược sĩ'!$C$1) | F6: =E6/T6 | G6: =IF(W6<>"Đạt", 0, IF(E6>=T6, D6*0.5%+1000000, IF(E6>=P6, D6*0.4%+700000, IF(E6>=K6, D6*0.35%+500000, 0)))) | H6: 0.8 | I6: =J6*0.25 | J6: =C6*H6 | K6: =T6*H6 | L6: =CEILING(K6, 100000) | M6: 0.9 | N6: =O6*0.25 | O6: =C6*M6 | P6: =T6*M6 | Q6: 1 | R6: =S6*0.25 | S6: =C6*Q6 | T6: =C6/DAY($T$1) | U6: =SUMIF('Dự án T9'!$A:$A, B6, 'Dự án T9'!D:D)*DAY($F$1) | V6: =U6/D6 | W6: =IF(OR(F6="", V6=""), "", IF(AND(F6>=80%, V6>=25%), "Đạt", "Không đạt")) | X6: =SUMIF(data!$A:$A, B6, data!$C:$C) | Y6: =SUMIF(data!$A:$A, B6, data!$D:$D) | Z6: =IF(X6>0, Y6/X6, 0) | AA6: =SUMIF(data!$A:$A, B6, data!$E:$E) | AB6: =SUMIF(data!$A:$A, B6, data!$F:$F) | AC6: =IF(AA6>0, AB6/AA6, 0) | AD6: =X6+AA6 | AE6: =Y6+AB6 | AF6: =IF(AD6>0, AE6/AD6, 0)
A7: Lê Thị Quỳnh Trâm | B7: Nguyễn Chí Thanh | C7: 520000000 | D7: =AE7 | E7: =D7/DAY('kpi dược sĩ'!$C$1) | F7: =E7/T7 | G7: =IF(W7<>"Đạt", 0, IF(E7>=T7, D7*0.5%+1000000, IF(E7>=P7, D7*0.4%+700000, IF(E7>=K7, D7*0.35%+500000, 0)))) | H7: 0.8 | I7: =J7*0.25 | J7: =C7*H7 | K7: =T7*H7 | L7: =CEILING(K7, 100000) | M7: 0.9 | N7: =O7*0.25 | O7: =C7*M7 | P7: =T7*M7 | Q7: 1 | R7: =S7*0.25 | S7: =C7*Q7 | T7: =C7/DAY($T$1) | U7: =SUMIF('Dự án T9'!$A:$A, B7, 'Dự án T9'!D:D)*DAY($F$1) | V7: =U7/D7 | W7: =IF(OR(F7="", V7=""), "", IF(AND(F7>=80%, V7>=25%), "Đạt", "Không đạt")) | X7: =SUMIF(data!$A:$A, B7, data!$C:$C) | Y7: =SUMIF(data!$A:$A, B7, data!$D:$D) | Z7: =IF(X7>0, Y7/X7, 0) | AA7: =SUMIF(data!$A:$A, B7, data!$E:$E) | AB7: =SUMIF(data!$A:$A, B7, data!$F:$F) | AC7: =IF(AA7>0, AB7/AA7, 0) | AD7: =X7+AA7 | AE7: =Y7+AB7 | AF7: =IF(AD7>0, AE7/AD7, 0)
A8: Triệu Thị Ngọc Lý | B8: Nguyễn Thị Thập | C8: 545000000 | D8: =AE8 | E8: =D8/DAY('kpi dược sĩ'!$C$1) | F8: =E8/T8 | G8: =IF(W8<>"Đạt", 0, IF(E8>=T8, D8*0.5%+1000000, IF(E8>=P8, D8*0.4%+700000, IF(E8>=K8, D8*0.35%+500000, 0)))) | H8: 0.8 | I8: =J8*0.25 | J8: =C8*H8 | K8: =T8*H8 | L8: =CEILING(K8, 100000) | M8: 0.9 | N8: =O8*0.25 | O8: =C8*M8 | P8: =T8*M8 | Q8: 1 | R8: =S8*0.25 | S8: =C8*Q8 | T8: =C8/DAY($T$1) | U8: =SUMIF('Dự án T9'!$A:$A, B8, 'Dự án T9'!D:D)*DAY($F$1) | V8: =U8/D8 | W8: =IF(OR(F8="", V8=""), "", IF(AND(F8>=80%, V8>=25%), "Đạt", "Không đạt")) | X8: =SUMIF(data!$A:$A, B8, data!$C:$C) | Y8: =SUMIF(data!$A:$A, B8, data!$D:$D) | Z8: =IF(X8>0, Y8/X8, 0) | AA8: =SUMIF(data!$A:$A, B8, data!$E:$E) | AB8: =SUMIF(data!$A:$A, B8, data!$F:$F) | AC8: =IF(AA8>0, AB8/AA8, 0) | AD8: =X8+AA8 | AE8: =Y8+AB8 | AF8: =IF(AD8>0, AE8/AD8, 0)
A9: Nguyễn Thị Hương Giang | B9: Nguyễn Văn Quá | C9: 350000000 | D9: =AE9 | E9: =D9/DAY('kpi dược sĩ'!$C$1) | F9: =E9/T9 | G9: =IF(W9<>"Đạt", 0, IF(E9>=T9, D9*0.5%+1000000, IF(E9>=P9, D9*0.4%+700000, IF(E9>=K9, D9*0.35%+500000, 0)))) | H9: 0.8 | I9: =J9*0.25 | J9: =C9*H9 | K9: =T9*H9 | L9: =CEILING(K9, 100000) | M9: 0.9 | N9: =O9*0.25 | O9: =C9*M9 | P9: =T9*M9 | Q9: 1 | R9: =S9*0.25 | S9: =C9*Q9 | T9: =C9/DAY($T$1) | U9: =SUMIF('Dự án T9'!$A:$A, B9, 'Dự án T9'!D:D)*DAY($F$1) | V9: =U9/D9 | W9: =IF(OR(F9="", V9=""), "", IF(AND(F9>=80%, V9>=25%), "Đạt", "Không đạt")) | X9: =SUMIF(data!$A:$A, B9, data!$C:$C) | Y9: =SUMIF(data!$A:$A, B9, data!$D:$D) | Z9: =IF(X9>0, Y9/X9, 0) | AA9: =SUMIF(data!$A:$A, B9, data!$E:$E) | AB9: =SUMIF(data!$A:$A, B9, data!$F:$F) | AC9: =IF(AA9>0, AB9/AA9, 0) | AD9: =X9+AA9 | AE9: =Y9+AB9 | AF9: =IF(AD9>0, AE9/AD9, 0)
A10: Ngô Thị Ngọc Thủy | B10: Rạch Bùng Binh | C10: 430000000 | D10: =AE10 | E10: =D10/DAY('kpi dược sĩ'!$C$1) | F10: =E10/T10 | G10: =IF(W10<>"Đạt", 0, IF(E10>=T10, D10*0.5%+1000000, IF(E10>=P10, D10*0.4%+700000, IF(E10>=K10, D10*0.35%+500000, 0)))) | H10: 0.8 | I10: =J10*0.25 | J10: =C10*H10 | K10: =T10*H10 | L10: =CEILING(K10, 100000) | M10: 0.9 | N10: =O10*0.25 | O10: =C10*M10 | P10: =T10*M10 | Q10: 1 | R10: =S10*0.25 | S10: =C10*Q10 | T10: =C10/DAY($T$1) | U10: =SUMIF('Dự án T9'!$A:$A, B10, 'Dự án T9'!D:D)*DAY($F$1) | V10: =U10/D10 | W10: =IF(OR(F10="", V10=""), "", IF(AND(F10>=80%, V10>=25%), "Đạt", "Không đạt")) | X10: =SUMIF(data!$A:$A, B10, data!$C:$C) | Y10: =SUMIF(data!$A:$A, B10, data!$D:$D) | Z10: =IF(X10>0, Y10/X10, 0) | AA10: =SUMIF(data!$A:$A, B10, data!$E:$E) | AB10: =SUMIF(data!$A:$A, B10, data!$F:$F) | AC10: =IF(AA10>0, AB10/AA10, 0) | AD10: =X10+AA10 | AE10: =Y10+AB10 | AF10: =IF(AD10>0, AE10/AD10, 0)
A11: Hồ Thị Minh Hòa | B11: Lê Bình | C11: 325500000 | D11: =AE11 | E11: =D11/DAY('kpi dược sĩ'!$C$1) | F11: =E11/T11 | G11: =IF(W11<>"Đạt", 0, IF(E11>=T11, D11*0.5%+1000000, IF(E11>=P11, D11*0.4%+700000, IF(E11>=K11, D11*0.35%+500000, 0)))) | H11: 0.8 | I11: =J11*0.25 | J11: =C11*H11 | K11: =T11*H11 | L11: =CEILING(K11, 100000) | M11: 0.9 | N11: =O11*0.25 | O11: =C11*M11 | P11: =T11*M11 | Q11: 1 | R11: =S11*0.25 | S11: =C11*Q11 | T11: =C11/DAY($T$1) | U11: =SUMIF('Dự án T9'!$A:$A, B11, 'Dự án T9'!D:D)*DAY($F$1) | V11: =U11/D11 | W11: =IF(OR(F11="", V11=""), "", IF(AND(F11>=80%, V11>=25%), "Đạt", "Không đạt")) | X11: =SUMIF(data!$A:$A, B11, data!$C:$C) | Y11: =SUMIF(data!$A:$A, B11, data!$D:$D) | Z11: =IF(X11>0, Y11/X11, 0) | AA11: =SUMIF(data!$A:$A, B11, data!$E:$E) | AB11: =SUMIF(data!$A:$A, B11, data!$F:$F) | AC11: =IF(AA11>0, AB11/AA11, 0) | AD11: =X11+AA11 | AE11: =Y11+AB11 | AF11: =IF(AD11>0, AE11/AD11, 0)
A12: Đinh Thị Lan Anh | B12: Hàng Bông | C12: 1350000000 | D12: =AE12 | E12: =D12/DAY('kpi dược sĩ'!$C$1) | F12: =E12/T12 | G12: =IF(W12<>"Đạt", 0, IF(E12>=T12, D12*0.5%+1000000, IF(E12>=P12, D12*0.4%+700000, IF(E12>=K12, D12*0.35%+500000, 0)))) | H12: 0.8 | I12: =J12*0.25 | J12: =C12*H12 | K12: =T12*H12 | L12: =CEILING(K12, 100000) | M12: 0.9 | N12: =O12*0.25 | O12: =C12*M12 | P12: =T12*M12 | Q12: 1 | R12: =S12*0.25 | S12: =C12*Q12 | T12: =C12/DAY($T$1) | U12: =SUMIF('Dự án T9'!$A:$A, B12, 'Dự án T9'!D:D)*DAY($F$1) | V12: =U12/D12 | W12: =IF(OR(F12="", V12=""), "", IF(AND(F12>=80%, V12>=25%), "Đạt", "Không đạt")) | X12: =SUMIF(data!$A:$A, B12, data!$C:$C) | Y12: =SUMIF(data!$A:$A, B12, data!$D:$D) | Z12: =IF(X12>0, Y12/X12, 0) | AA12: =SUMIF(data!$A:$A, B12, data!$E:$E) | AB12: =SUMIF(data!$A:$A, B12, data!$F:$F) | AC12: =IF(AA12>0, AB12/AA12, 0) | AD12: =X12+AA12 | AE12: =Y12+AB12 | AF12: =IF(AD12>0, AE12/AD12, 0)
A13: Hứa Thị Kim Thoa | B13: Đường Láng | C13: 1100000000 | D13: =AE13 | E13: =D13/DAY('kpi dược sĩ'!$C$1) | F13: =E13/T13 | G13: =IF(W13<>"Đạt", 0, IF(E13>=T13, D13*0.5%+1000000, IF(E13>=P13, D13*0.4%+700000, IF(E13>=K13, D13*0.35%+500000, 0)))) | H13: 0.8 | I13: =J13*0.25 | J13: =C13*H13 | K13: =T13*H13 | L13: =CEILING(K13, 100000) | M13: 0.9 | N13: =O13*0.25 | O13: =C13*M13 | P13: =T13*M13 | Q13: 1 | R13: =S13*0.25 | S13: =C13*Q13 | T13: =C13/DAY($T$1) | U13: =SUMIF('Dự án T9'!$A:$A, B13, 'Dự án T9'!D:D)*DAY($F$1) | V13: =U13/D13 | W13: =IF(OR(F13="", V13=""), "", IF(AND(F13>=80%, V13>=25%), "Đạt", "Không đạt")) | X13: =SUMIF(data!$A:$A, B13, data!$C:$C) | Y13: =SUMIF(data!$A:$A, B13, data!$D:$D) | Z13: =IF(X13>0, Y13/X13, 0) | AA13: =SUMIF(data!$A:$A, B13, data!$E:$E) | AB13: =SUMIF(data!$A:$A, B13, data!$F:$F) | AC13: =IF(AA13>0, AB13/AA13, 0) | AD13: =X13+AA13 | AE13: =Y13+AB13 | AF13: =IF(AD13>0, AE13/AD13, 0)

Sheet Dự án T9
A1: ='kpi dược sĩ'!$C$1
A2: Nhà thuốc | B2: Nhân viên | C2: Chức danh | D2: CK + Combo + NY3/ngày | E2: NY3 | F2: Chiết khấu | G2: Combo Liều | H2: Chiết khấu/ngày | I2: Combo Liều/ngày | J2: Thưởng dự án | K2: Thưởng thêm | L2: Thưởng dự án Hot Bill HN | M2: Total dự án
A3: Trường Sa | B3: Nguyễn Trần Ngọc Phương | C3: Q.CHT | D3: =SUM(E3:G3)/DAY($A$1) | E3: 0 | F3: 0 | G3: 0 | H3: =F3/DAY($A$1) | I3: =G3/DAY($A$1) | J3: =IF(OR($A3="Hàng Bông",$A3="Đường Láng"),IF(AND($H3>=3400000,$I3>=800000),4000000,IF(AND($H3>=3000000,$I3>=700000),2800000,IF(AND($H3>=2600000,$I3>=550000),2000000,IF(AND($H3>=2200000,$I3>=450000),1200000,0)))),IF(AND($H3>=1500000,$I3>=700000),4000000,IF(AND($H3>=1200000,$I3>=650000),2800000,IF(AND($H3>=1000000,$I3>=580000),2200000,IF(AND($H3>=850000,$I3>=480000),1600000,IF(AND($H3>=630000,$I3>=350000),1000000,0)))))) | K3: =IF(AND($J3=0, IF(OR($A3="Hàng Bông",$A3="Đường Láng"),$D3>=2000000,$D3>=950000)), 500000, 0) | L3: =IFERROR(SUMIF('Hot Bill HN'!$D:$D, $B3, 'Hot Bill HN'!$G:$G), 0) | M3: =$J3+$K3+$L3
A4: Trường Sa | B4: Phạm Nguyễn Ngọc Quý | C4: DSXC | D4: =SUM(E4:G4)/DAY($A$1) | E4: 0 | F4: 0 | G4: 0 | H4: =F4/DAY($A$1) | I4: =G4/DAY($A$1) | J4: =IF(OR($A4="Hàng Bông",$A4="Đường Láng"),IF(AND($H4>=3400000,$I4>=800000),4000000,IF(AND($H4>=3000000,$I4>=700000),2800000,IF(AND($H4>=2600000,$I4>=550000),2000000,IF(AND($H4>=2200000,$I4>=450000),1200000,0)))),IF(AND($H4>=1500000,$I4>=700000),4000000,IF(AND($H4>=1200000,$I4>=650000),2800000,IF(AND($H4>=1000000,$I4>=580000),2200000,IF(AND($H4>=850000,$I4>=480000),1600000,IF(AND($H4>=630000,$I4>=350000),1000000,0)))))) | K4: =IF(AND($J4=0, IF(OR($A4="Hàng Bông",$A4="Đường Láng"),$D4>=2000000,$D4>=950000)), 500000, 0) | L4: =IFERROR(SUMIF('Hot Bill HN'!$D:$D, $B4, 'Hot Bill HN'!$G:$G), 0) | M4: =$J4+$K4+$L4
A5: Trường Sa | B5: Nguyễn Ngọc Anh Thư | C5: DSHV | D5: =SUM(E5:G5)/DAY($A$1) | E5: 0 | F5: 0 | G5: 0 | H5: =F5/DAY($A$1) | I5: =G5/DAY($A$1) | J5: =IF(OR($A5="Hàng Bông",$A5="Đường Láng"),IF(AND($H5>=3400000,$I5>=800000),4000000,IF(AND($H5>=3000000,$I5>=700000),2800000,IF(AND($H5>=2600000,$I5>=550000),2000000,IF(AND($H5>=2200000,$I5>=450000),1200000,0)))),IF(AND($H5>=1500000,$I5>=700000),4000000,IF(AND($H5>=1200000,$I5>=650000),2800000,IF(AND($H5>=1000000,$I5>=580000),2200000,IF(AND($H5>=850000,$I5>=480000),1600000,IF(AND($H5>=630000,$I5>=350000),1000000,0)))))) | K5: =IF(AND($J5=0, IF(OR($A5="Hàng Bông",$A5="Đường Láng"),$D5>=2000000,$D5>=950000)), 500000, 0) | L5: =IFERROR(SUMIF('Hot Bill HN'!$D:$D, $B5, 'Hot Bill HN'!$G:$G), 0) | M5: =$J5+$K5+$L5
A6: Trường Sa | B6: Trần Thị Kim Khánh | C6: DSCD | D6: =SUM(E6:G6)/DAY($A$1) | E6: 0 | F6: 0 | G6: 0 | H6: =F6/DAY($A$1) | I6: =G6/DAY($A$1) | J6: =IF(OR($A6="Hàng Bông",$A6="Đường Láng"),IF(AND($H6>=3400000,$I6>=800000),4000000,IF(AND($H6>=3000000,$I6>=700000),2800000,IF(AND($H6>=2600000,$I6>=550000),2000000,IF(AND($H6>=2200000,$I6>=450000),1200000,0)))),IF(AND($H6>=1500000,$I6>=700000),4000000,IF(AND($H6>=1200000,$I6>=650000),2800000,IF(AND($H6>=1000000,$I6>=580000),2200000,IF(AND($H6>=850000,$I6>=480000),1600000,IF(AND($H6>=630000,$I6>=350000),1000000,0)))))) | K6: =IF(AND($J6=0, IF(OR($A6="Hàng Bông",$A6="Đường Láng"),$D6>=2000000,$D6>=950000)), 500000, 0) | L6: =IFERROR(SUMIF('Hot Bill HN'!$D:$D, $B6, 'Hot Bill HN'!$G:$G), 0) | M6: =$J6+$K6+$L6
A7: Trường Sa | B7: Trịnh Thị Phượng | C7: DSCD | D7: =SUM(E7:G7)/DAY($A$1) | E7: 0 | F7: 0 | G7: 0 | H7: =F7/DAY($A$1) | I7: =G7/DAY($A$1) | J7: =IF(OR($A7="Hàng Bông",$A7="Đường Láng"),IF(AND($H7>=3400000,$I7>=800000),4000000,IF(AND($H7>=3000000,$I7>=700000),2800000,IF(AND($H7>=2600000,$I7>=550000),2000000,IF(AND($H7>=2200000,$I7>=450000),1200000,0)))),IF(AND($H7>=1500000,$I7>=700000),4000000,IF(AND($H7>=1200000,$I7>=650000),2800000,IF(AND($H7>=1000000,$I7>=580000),2200000,IF(AND($H7>=850000,$I7>=480000),1600000,IF(AND($H7>=630000,$I7>=350000),1000000,0)))))) | K7: =IF(AND($J7=0, IF(OR($A7="Hàng Bông",$A7="Đường Láng"),$D7>=2000000,$D7>=950000)), 500000, 0) | L7: =IFERROR(SUMIF('Hot Bill HN'!$D:$D, $B7, 'Hot Bill HN'!$G:$G), 0) | M7: =$J7+$K7+$L7
A8: Đỗ Quang Đẩu | B8: Phạm Thị Nghĩa Hương | C8: DSCD | D8: =SUM(E8:G8)/DAY($A$1) | E8: 0 | F8: 0 | G8: 0 | H8: =F8/DAY($A$1) | I8: =G8/DAY($A$1) | J8: =IF(OR($A8="Hàng Bông",$A8="Đường Láng"),IF(AND($H8>=3400000,$I8>=800000),4000000,IF(AND($H8>=3000000,$I8>=700000),2800000,IF(AND($H8>=2600000,$I8>=550000),2000000,IF(AND($H8>=2200000,$I8>=450000),1200000,0)))),IF(AND($H8>=1500000,$I8>=700000),4000000,IF(AND($H8>=1200000,$I8>=650000),2800000,IF(AND($H8>=1000000,$I8>=580000),2200000,IF(AND($H8>=850000,$I8>=480000),1600000,IF(AND($H8>=630000,$I8>=350000),1000000,0)))))) | K8: =IF(AND($J8=0, IF(OR($A8="Hàng Bông",$A8="Đường Láng"),$D8>=2000000,$D8>=950000)), 500000, 0) | L8: =IFERROR(SUMIF('Hot Bill HN'!$D:$D, $B8, 'Hot Bill HN'!$G:$G), 0) | M8: =$J8+$K8+$L8
A9: Đỗ Quang Đẩu | B9: Trần Thiên Phát | C9: DSXC | D9: =SUM(E9:G9)/DAY($A$1) | E9: 0 | F9: 0 | G9: 0 | H9: =F9/DAY($A$1) | I9: =G9/DAY($A$1) | J9: =IF(OR($A9="Hàng Bông",$A9="Đường Láng"),IF(AND($H9>=3400000,$I9>=800000),4000000,IF(AND($H9>=3000000,$I9>=700000),2800000,IF(AND($H9>=2600000,$I9>=550000),2000000,IF(AND($H9>=2200000,$I9>=450000),1200000,0)))),IF(AND($H9>=1500000,$I9>=700000),4000000,IF(AND($H9>=1200000,$I9>=650000),2800000,IF(AND($H9>=1000000,$I9>=580000),2200000,IF(AND($H9>=850000,$I9>=480000),1600000,IF(AND($H9>=630000,$I9>=350000),1000000,0)))))) | K9: =IF(AND($J9=0, IF(OR($A9="Hàng Bông",$A9="Đường Láng"),$D9>=2000000,$D9>=950000)), 500000, 0) | L9: =IFERROR(SUMIF('Hot Bill HN'!$D:$D, $B9, 'Hot Bill HN'!$G:$G), 0) | M9: =$J9+$K9+$L9
A10: Đỗ Quang Đẩu | B10: Ngô Thị Thanh Thắm | C10: CHT | D10: =SUM(E10:G10)/DAY($A$1) | E10: 0 | F10: 0 | G10: 0 | H10: =F10/DAY($A$1) | I10: =G10/DAY($A$1) | J10: =IF(OR($A10="Hàng Bông",$A10="Đường Láng"),IF(AND($H10>=3400000,$I10>=800000),4000000,IF(AND($H10>=3000000,$I10>=700000),2800000,IF(AND($H10>=2600000,$I10>=550000),2000000,IF(AND($H10>=2200000,$I10>=450000),1200000,0)))),IF(AND($H10>=1500000,$I10>=700000),4000000,IF(AND($H10>=1200000,$I10>=650000),2800000,IF(AND($H10>=1000000,$I10>=580000),2200000,IF(AND($H10>=850000,$I10>=480000),1600000,IF(AND($H10>=630000,$I10>=350000),1000000,0)))))) | K10: =IF(AND($J10=0, IF(OR($A10="Hàng Bông",$A10="Đường Láng"),$D10>=2000000,$D10>=950000)), 500000, 0) | L10: =IFERROR(SUMIF('Hot Bill HN'!$D:$D, $B10, 'Hot Bill HN'!$G:$G), 0) | M10: =$J10+$K10+$L10
A11: Đỗ Quang Đẩu | B11: Hoàng Thanh Thủy | C11: DSXC | D11: =SUM(E11:G11)/DAY($A$1) | E11: 0 | F11: 0 | G11: 0 | H11: =F11/DAY($A$1) | I11: =G11/DAY($A$1) | J11: =IF(OR($A11="Hàng Bông",$A11="Đường Láng"),IF(AND($H11>=3400000,$I11>=800000),4000000,IF(AND($H11>=3000000,$I11>=700000),2800000,IF(AND($H11>=2600000,$I11>=550000),2000000,IF(AND($H11>=2200000,$I11>=450000),1200000,0)))),IF(AND($H11>=1500000,$I11>=700000),4000000,IF(AND($H11>=1200000,$I11>=650000),2800000,IF(AND($H11>=1000000,$I11>=580000),2200000,IF(AND($H11>=850000,$I11>=480000),1600000,IF(AND($H11>=630000,$I11>=350000),1000000,0)))))) | K11: =IF(AND($J11=0, IF(OR($A11="Hàng Bông",$A11="Đường Láng"),$D11>=2000000,$D11>=950000)), 500000, 0) | L11: =IFERROR(SUMIF('Hot Bill HN'!$D:$D, $B11, 'Hot Bill HN'!$G:$G), 0) | M11: =$J11+$K11+$L11
A12: Đỗ Quang Đẩu | B12: Lê Thị Huyền Trân | C12: DSXC | D12: =SUM(E12:G12)/DAY($A$1) | E12: 0 | F12: 0 | G12: 0 | H12: =F12/DAY($A$1) | I12: =G12/DAY($A$1) | J12: =IF(OR($A12="Hàng Bông",$A12="Đường Láng"),IF(AND($H12>=3400000,$I12>=800000),4000000,IF(AND($H12>=3000000,$I12>=700000),2800000,IF(AND($H12>=2600000,$I12>=550000),2000000,IF(AND($H12>=2200000,$I12>=450000),1200000,0)))),IF(AND($H12>=1500000,$I12>=700000),4000000,IF(AND($H12>=1200000,$I12>=650000),2800000,IF(AND($H12>=1000000,$I12>=580000),2200000,IF(AND($H12>=850000,$I12>=480000),1600000,IF(AND($H12>=630000,$I12>=350000),1000000,0)))))) | K12: =IF(AND($J12=0, IF(OR($A12="Hàng Bông",$A12="Đường Láng"),$D12>=2000000,$D12>=950000)), 500000, 0) | L12: =IFERROR(SUMIF('Hot Bill HN'!$D:$D, $B12, 'Hot Bill HN'!$G:$G), 0) | M12: =$J12+$K12+$L12
A13: Minh Châu | B13: Thái Thùy Linh | C13: CHT | D13: =SUM(E13:G13)/DAY($A$1) | E13: 0 | F13: 0 | G13: 0 | H13: =F13/DAY($A$1) | I13: =G13/DAY($A$1) | J13: =IF(OR($A13="Hàng Bông",$A13="Đường Láng"),IF(AND($H13>=3400000,$I13>=800000),4000000,IF(AND($H13>=3000000,$I13>=700000),2800000,IF(AND($H13>=2600000,$I13>=550000),2000000,IF(AND($H13>=2200000,$I13>=450000),1200000,0)))),IF(AND($H13>=1500000,$I13>=700000),4000000,IF(AND($H13>=1200000,$I13>=650000),2800000,IF(AND($H13>=1000000,$I13>=580000),2200000,IF(AND($H13>=850000,$I13>=480000),1600000,IF(AND($H13>=630000,$I13>=350000),1000000,0)))))) | K13: =IF(AND($J13=0, IF(OR($A13="Hàng Bông",$A13="Đường Láng"),$D13>=2000000,$D13>=950000)), 500000, 0) | L13: =IFERROR(SUMIF('Hot Bill HN'!$D:$D, $B13, 'Hot Bill HN'!$G:$G), 0) | M13: =$J13+$K13+$L13
A14: Minh Châu | B14: Đoàn Quốc Tâm | C14: DSXC | D14: =SUM(E14:G14)/DAY($A$1) | E14: 0 | F14: 0 | G14: 0 | H14: =F14/DAY($A$1) | I14: =G14/DAY($A$1) | J14: =IF(OR($A14="Hàng Bông",$A14="Đường Láng"),IF(AND($H14>=3400000,$I14>=800000),4000000,IF(AND($H14>=3000000,$I14>=700000),2800000,IF(AND($H14>=2600000,$I14>=550000),2000000,IF(AND($H14>=2200000,$I14>=450000),1200000,0)))),IF(AND($H14>=1500000,$I14>=700000),4000000,IF(AND($H14>=1200000,$I14>=650000),2800000,IF(AND($H14>=1000000,$I14>=580000),2200000,IF(AND($H14>=850000,$I14>=480000),1600000,IF(AND($H14>=630000,$I14>=350000),1000000,0)))))) | K14: =IF(AND($J14=0, IF(OR($A14="Hàng Bông",$A14="Đường Láng"),$D14>=2000000,$D14>=950000)), 500000, 0) | L14: =IFERROR(SUMIF('Hot Bill HN'!$D:$D, $B14, 'Hot Bill HN'!$G:$G), 0) | M14: =$J14+$K14+$L14
... A53: Đường Láng | B53: Trần Ngọc Dung | C53: BC | D53: =SUM(E53:G53)/DAY($A$1) | E53: 0 | F53: 0 | G53: 0 | H53: =F53/DAY($A$1) | I53: =G53/DAY($A$1) | J53: =IF(OR($A53="Hàng Bông",$A53="Đường Láng"),IF(AND($H53>=3400000,$I53>=800000),4000000,IF(AND($H53>=3000000,$I53>=700000),2800000,IF(AND($H53>=2600000,$I53>=550000),2000000,IF(AND($H53>=2200000,$I53>=450000),1200000,0)))),IF(AND($H53>=1500000,$I53>=700000),4000000,IF(AND($H53>=1200000,$I53>=650000),2800000,IF(AND($H53>=1000000,$I53>=580000),2200000,IF(AND($H53>=850000,$I53>=480000),1600000,IF(AND($H53>=630000,$I53>=350000),1000000,0)))))) | K53: =IF(AND($J53=0, IF(OR($A53="Hàng Bông",$A53="Đường Láng"),$D53>=2000000,$D53>=950000)), 500000, 0) | L53: =IFERROR(SUMIF('Hot Bill HN'!$D:$D, $B53, 'Hot Bill HN'!$G:$G), 0) | M53: =$J53+$K53+$L53

Sheet Hot Bill HN
A1: Mã hóa đơn | B1: Thời gian | C1: Chi nhánh | D1: Tên Dược Sĩ | E1: Số lượng SP CK | F1: Doanh thu nhóm CK+CKHN | G1: Tiền Thưởng (VNĐ) | H1: Chi tiết sản phẩm
