Workbook

Sheet Bảng đánh giá
A1: Chi nhánh | B1: Doanh thu | C1: Chi phí | D1: Lợi nhuận | F1: Thành tích | G1: Lương | H1: Mặt bằng | I1: Ds chuyên môn | J1: Điện + nước | K1: Linh tinh | L1: SL đơn ONl | M1: Platform software (8k/1hd) | N1: Ebitda | O1: Ebitda - Team CNT (160M) | P1: Ebitda - Comp (300M)
A2: Trường Sa | D2: =B2-C2 -> 0 | E2: =IF(B2>0, D2/B2, 0) -> 0 | F2: Không đạt
A3: Đỗ Quang Đẩu | D3: =B3-C3 -> 0 | E3: =IF(B3>0, D3/B3, 0) -> 0 | F3: Không đạt
A4: Minh Châu | D4: =B4-C4 -> 0 | E4: =IF(B4>0, D4/B4, 0) -> 0 | F4: Không đạt
A5: Nam Hòa | D5: =B5-C5 -> 0 | E5: =IF(B5>0, D5/B5, 0) -> 0 | F5: Không đạt
A6: Nguyễn Chí Thanh | D6: =B6-C6 -> 0 | E6: =IF(B6>0, D6/B6, 0) -> 0 | F6: Không đạt
A7: Nguyễn Thị Thập | D7: =B7-C7 -> 0 | E7: =IF(B7>0, D7/B7, 0) -> 0 | F7: Không đạt
A8: Nguyễn Văn Quá | D8: =B8-C8 -> 0 | E8: =IF(B8>0, D8/B8, 0) -> 0 | F8: Không đạt
A9: Rạch Bùng Binh | D9: =B9-C9 -> 0 | E9: =IF(B9>0, D9/B9, 0) -> 0 | F9: Không đạt
A10: Lê Bình | D10: =B10-C10 -> 0 | E10: =IF(B10>0, D10/B10, 0) -> 0 | F10: Không đạt
A11: Đường Láng | D11: =B11-C11 -> 0 | E11: =IF(B11>0, D11/B11, 0) -> 0 | F11: Không đạt
A12: Hàng Bông | D12: =B12-C12 -> 0 | E12: =IF(B12>0, D12/B12, 0) -> 0 | F12: Không đạt
B13: =SUM(B2:B12) -> 0 | D13: =SUM(D2:D12) -> 0 | E13: =IF(B13>0, D13/B13, 0) -> 0

Sheet BẢNG LƯƠNG
E1: Tổng thời gian làm việc | G1: Quản lý và cửa hàng trưởng ghi nhận vào đây - công thức tổng tự động không cần chỉnh | R1: Quản lý ghi nhận | AK1: KPI trừ
A2: STT | B2: Chi nhánh | C2: Tên | D2: Hình thức | E2: Số giờ ca ngày | F2: Số giờ ca đêm | G2: Số giờ ca ngày | H2: Số giờ ca đêm ( chưa x 1.5 ) | I2: Số giờ tăng ca ngày ( x 1 ) | J2: Số ngày làm ngày | K2: Số ca làm đêm | L2: Ngày lễ hưởng lương ( x 1 ) | M2: Ghi ngày cụ thể | N2: Số ngày lễ vẫn đi làm | O2: Số giờ lễ ca ngày ( Đã x 3 ) | P2: Số giờ lễ ca đêm ( Đã x 3 ) | Q2: Ngày lễ vẫn đi làm (ghi ngày cụ thể) | R2: Số ngày công thực tế | S2: Số giờ tham gia đào tạo | T2: Số giờ nghỉ phép năm | U2: Ngày phép năm (ghi ngày cụ thể) | V2: Phụ cấp trách nhiệm (áp dụng CHT) | W2: Phụ cấp cửa hàng mới | X2: Phụ cấp sức khỏe ca đêm | Y2: Phụ cấp lưu động | Z2: Phụ cấp tăng cường vận hành | AA2: Thưởng dự án Mini KAT (Dược sĩ) | AB2: Thưởng dự án Mini KAT (Đại diện CHT nhận) | AC2: Thường Whatsapp | AD2: Phụ cấp quy trình/dự án | AE2: Thưởng KPI | AF2: Thưởng hàng điểm + Cắt liều | AG2: Thưởng hàng cận date | AH2: Thưởng chương trình Maps | AI2: Thưởng khác | AJ2: Total | AK2: Hàng hết date | AL2: Quy chế quy trình | AM2: HD App - Kiot | AN2: Ecom | AO2: Khác | AP2: Ghi chú
A3: 1 | B3: Trường Sa | C3: Nguyễn Trần Ngọc Phương | D3: Q.CHT | E3: =SUM(G3, I3, L3, O3, S3, T3) -> 196.63333 | F3: =SUM(H3, P3) -> 28.383333 | G3: =SUMIFS('Giờ công'!I:I, 'Giờ công'!H:H, C3) -> 196.63333 | H3: =SUMIFS('Giờ công'!J:J, 'Giờ công'!H:H, C3) -> 28.383333 | I3: =IF(R3>=30, 16, IF(R3=29, 8, "")) | J3: =MIN(ROUND(G3/24, 0), MAX(0, 31-K3)) -> 8 | K3: =SUMIFS('Ngày công'!I:I, 'Ngày công'!B:B, C3) -> 3 | N3: =SUMIFS('Tăng ca lễ'!M:M, 'Tăng ca lễ'!L:L, C3) -> 0 | O3: =IF(OR(D3="PT", D3="DSHV"), SUMIFS('Tăng ca lễ'!O:O, 'Tăng ca lễ'!L:L, C3)*2, SUMIFS('Tăng ca lễ'!O:O, 'Tăng ca lễ'!L:L, C3)*3) -> 0 | P3: =IF(OR(D3="PT", D3="DSHV"), SUMIFS('Tăng ca lễ'!P:P, 'Tăng ca lễ'!L:L, C3)*2, SUMIFS('Tăng ca lễ'!P:P, 'Tăng ca lễ'!L:L, C3)*3) -> 0 | R3: =MIN(31, SUMIFS('Ngày công'!H:H, 'Ngày công'!B:B, C3)) -> 28 | S3: =SUMIFS('Công Đào tạo'!G:G, 'Công Đào tạo'!F:F, C3) -> 0 | T3: 0 | V3: =IF(OR(TRIM(D3)="CHT", TRIM(D3)="Q.CHT"), 500000/31*R3, 0) -> 451612.9 | X3: =IF(ISNUMBER(SEARCH("DSCD", D3)), MIN(1500000, ROUND(1500000/28*K3, 0)), IF(K3>20, MIN(1500000, ROUND(1500000/28*K3, 0)), 0)) -> 0 | AA3: =IFERROR(VLOOKUP(C3, 'MiniKat - HN'!$A:$L, 12, FALSE), 0) + IFERROR(VLOOKUP(C3, 'MiniKat - HCM'!$A:$J, 10, FALSE), 0) -> 0 | AB3: =IF(OR(TRIM(D3)="CHT", TRIM(D3)="Q.CHT"), SUMIFS('MiniKat - HN'!$Y:$Y, 'MiniKat - HN'!$N:$N, B3) + SUMIFS('MiniKat - HCM'!$U:$U, 'MiniKat - HCM'!$M:$M, B3), 0) -> 300000 | AC3: =SUMIFS(whatsapp!$D:$D, whatsapp!$A:$A, C3) -> 0 | AD3: =SUMIFS('Dự án'!$C:$C, 'Dự án'!$B:$B, C3) -> 0 | AE3: =SUMIFS(KPI!$C:$C, KPI!$B:$B, C3) -> 0 | AF3: =SUMIFS('Thưởng CK'!$C:$C, 'Thưởng CK'!$B:$B, C3) -> 1280200 | AG3: =SUMIFS('Cận date'!$C:$C, 'Cận date'!$B:$B, C3) -> 13202 | AH3: =SUMIFS(Map!$D:$D, Map!$A:$A, C3) -> 0 | AI3: 0 | AJ3: =SUM(AK3:AO3) -> 1000000 | AK3: =SUMIFS('KPI trừ'!$C:$C, 'KPI trừ'!$B:$B, C3) -> 0 | AL3: =SUMIFS('KPI trừ'!$D:$D, 'KPI trừ'!$B:$B, C3) -> 0 | AM3: =SUMIFS('KPI trừ'!$E:$E, 'KPI trừ'!$B:$B, C3) -> 0 | AN3: =SUMIFS('KPI trừ'!$F:$F, 'KPI trừ'!$B:$B, C3) -> 0 | AO3: =SUMIFS('KPI trừ'!$G:$G, 'KPI trừ'!$B:$B, C3) -> 1000000 | AP3: =IFERROR(INDEX('KPI trừ'!$H:$H, MATCH(C3, 'KPI trừ'!$B:$B, 0)), "") -> Cấn trừ chi phí đồng phục
A4: 2 | B4: Trường Sa | C4: Nguyễn Ngọc Anh Thư | D4: DSCD (TV) | E4: =SUM(G4, I4, L4, O4, S4, T4) -> 26.983333 | F4: =SUM(H4, P4) -> 219.5 | G4: =SUMIFS('Giờ công'!I:I, 'Giờ công'!H:H, C4) -> 18.983333 | H4: =SUMIFS('Giờ công'!J:J, 'Giờ công'!H:H, C4) -> 219.5 | I4: =IF(R4>=30, 16, IF(R4=29, 8, "")) -> 8 | J4: =MIN(ROUND(G4/24, 0), MAX(0, 31-K4)) -> 1 | K4: =SUMIFS('Ngày công'!I:I, 'Ngày công'!B:B, C4) -> 27 | N4: =SUMIFS('Tăng ca lễ'!M:M, 'Tăng ca lễ'!L:L, C4) -> 0 | O4: =IF(OR(D4="PT", D4="DSHV"), SUMIFS('Tăng ca lễ'!O:O, 'Tăng ca lễ'!L:L, C4)*2, SUMIFS('Tăng ca lễ'!O:O, 'Tăng ca lễ'!L:L, C4)*3) -> 0 | P4: =IF(OR(D4="PT", D4="DSHV"), SUMIFS('Tăng ca lễ'!P:P, 'Tăng ca lễ'!L:L, C4)*2, SUMIFS('Tăng ca lễ'!P:P, 'Tăng ca lễ'!L:L, C4)*3) -> 0 | R4: =MIN(31, SUMIFS('Ngày công'!H:H, 'Ngày công'!B:B, C4)) -> 29 | S4: =SUMIFS('Công Đào tạo'!G:G, 'Công Đào tạo'!F:F, C4) -> 0 | T4: 0 | V4: =IF(OR(TRIM(D4)="CHT", TRIM(D4)="Q.CHT"), 500000/31*R4, 0) -> 0 | X4: =IF(ISNUMBER(SEARCH("DSCD", D4)), MIN(1500000, ROUND(1500000/28*K4, 0)), IF(K4>20, MIN(1500000, ROUND(1500000/28*K4, 0)), 0)) -> 1446429 | AA4: =IFERROR(VLOOKUP(C4, 'MiniKat - HN'!$A:$L, 12, FALSE), 0) + IFERROR(VLOOKUP(C4, 'MiniKat - HCM'!$A:$J, 10, FALSE), 0) -> 0 | AB4: =IF(OR(TRIM(D4)="CHT", TRIM(D4)="Q.CHT"), SUMIFS('MiniKat - HN'!$Y:$Y, 'MiniKat - HN'!$N:$N, B4) + SUMIFS('MiniKat - HCM'!$U:$U, 'MiniKat - HCM'!$M:$M, B4), 0) -> 0 | AC4: =SUMIFS(whatsapp!$D:$D, whatsapp!$A:$A, C4) -> 0 | AD4: =SUMIFS('Dự án'!$C:$C, 'Dự án'!$B:$B, C4) -> 0 | AE4: =SUMIFS(KPI!$C:$C, KPI!$B:$B, C4) -> 0 | AF4: =SUMIFS('Thưởng CK'!$C:$C, 'Thưởng CK'!$B:$B, C4) -> 579960 | AG4: =SUMIFS('Cận date'!$C:$C, 'Cận date'!$B:$B, C4) -> 7700 | AH4: =SUMIFS(Map!$D:$D, Map!$A:$A, C4) -> 0 | AI4: 0 | AJ4: =SUM(AK4:AO4) -> 0 | AK4: =SUMIFS('KPI trừ'!$C:$C, 'KPI trừ'!$B:$B, C4) -> 0 | AL4: =SUMIFS('KPI trừ'!$D:$D, 'KPI trừ'!$B:$B, C4) -> 0 | AM4: =SUMIFS('KPI trừ'!$E:$E, 'KPI trừ'!$B:$B, C4) -> 0 | AN4: =SUMIFS('KPI trừ'!$F:$F, 'KPI trừ'!$B:$B, C4) -> 0 | AO4: =SUMIFS('KPI trừ'!$G:$G, 'KPI trừ'!$B:$B, C4) -> 0 | AP4: =IFERROR(INDEX('KPI trừ'!$H:$H, MATCH(C4, 'KPI trừ'!$B:$B, 0)), "") -> 0
A5: 3 | B5: Trường Sa | C5: Ngô Trần Tuyết Vy | D5: DSXC | E5: =SUM(G5, I5, L5, O5, S5, T5) -> 66.25 | F5: =SUM(H5, P5) -> 23.116667 | G5: =SUMIFS('Giờ công'!I:I, 'Giờ công'!H:H, C5) -> 66.25 | H5: =SUMIFS('Giờ công'!J:J, 'Giờ công'!H:H, C5) -> 23.116667 | I5: =IF(R5>=30, 16, IF(R5=29, 8, "")) | J5: =MIN(ROUND(G5/24, 0), MAX(0, 31-K5)) -> 3 | K5: =SUMIFS('Ngày công'!I:I, 'Ngày công'!B:B, C5) -> 3 | N5: =SUMIFS('Tăng ca lễ'!M:M, 'Tăng ca lễ'!L:L, C5) -> 0 | O5: =IF(OR(D5="PT", D5="DSHV"), SUMIFS('Tăng ca lễ'!O:O, 'Tăng ca lễ'!L:L, C5)*2, SUMIFS('Tăng ca lễ'!O:O, 'Tăng ca lễ'!L:L, C5)*3) -> 0 | P5: =IF(OR(D5="PT", D5="DSHV"), SUMIFS('Tăng ca lễ'!P:P, 'Tăng ca lễ'!L:L, C5)*2, SUMIFS('Tăng ca lễ'!P:P, 'Tăng ca lễ'!L:L, C5)*3) -> 0 | R5: =MIN(31, SUMIFS('Ngày công'!H:H, 'Ngày công'!B:B, C5)) -> 11 | S5: =SUMIFS('Công Đào tạo'!G:G, 'Công Đào tạo'!F:F, C5) -> 0 | T5: 0 | V5: =IF(OR(TRIM(D5)="CHT", TRIM(D5)="Q.CHT"), 500000/31*R5, 0) -> 0 | X5: =IF(ISNUMBER(SEARCH("DSCD", D5)), MIN(1500000, ROUND(1500000/28*K5, 0)), IF(K5>20, MIN(1500000, ROUND(1500000/28*K5, 0)), 0)) -> 0 | AA5: =IFERROR(VLOOKUP(C5, 'MiniKat - HN'!$A:$L, 12, FALSE), 0) + IFERROR(VLOOKUP(C5, 'MiniKat - HCM'!$A:$J, 10, FALSE), 0) -> 0 | AB5: =IF(OR(TRIM(D5)="CHT", TRIM(D5)="Q.CHT"), SUMIFS('MiniKat - HN'!$Y:$Y, 'MiniKat - HN'!$N:$N, B5) + SUMIFS('MiniKat - HCM'!$U:$U, 'MiniKat - HCM'!$M:$M, B5), 0) -> 0 | AC5: =SUMIFS(whatsapp!$D:$D, whatsapp!$A:$A, C5) -> 0 | AD5: =SUMIFS('Dự án'!$C:$C, 'Dự án'!$B:$B, C5) -> 0 | AE5: =SUMIFS(KPI!$C:$C, KPI!$B:$B, C5) -> 0 | AF5: =SUMIFS('Thưởng CK'!$C:$C, 'Thưởng CK'!$B:$B, C5) -> 1011600 | AG5: =SUMIFS('Cận date'!$C:$C, 'Cận date'!$B:$B, C5) -> 0 | AH5: =SUMIFS(Map!$D:$D, Map!$A:$A, C5) -> 0 | AI5: 0 | AJ5: =SUM(AK5:AO5) -> 0 | AK5: =SUMIFS('KPI trừ'!$C:$C, 'KPI trừ'!$B:$B, C5) -> 0 | AL5: =SUMIFS('KPI trừ'!$D:$D, 'KPI trừ'!$B:$B, C5) -> 0 | AM5: =SUMIFS('KPI trừ'!$E:$E, 'KPI trừ'!$B:$B, C5) -> 0 | AN5: =SUMIFS('KPI trừ'!$F:$F, 'KPI trừ'!$B:$B, C5) -> 0 | AO5: =SUMIFS('KPI trừ'!$G:$G, 'KPI trừ'!$B:$B, C5) -> 0 | AP5: =IFERROR(INDEX('KPI trừ'!$H:$H, MATCH(C5, 'KPI trừ'!$B:$B, 0)), "") -> 0
A6: 4 | B6: Trường Sa | C6: Phạm Nguyễn Ngọc Quý | D6: DSXC | E6: =SUM(G6, I6, L6, O6, S6, T6) -> 172.95 | F6: =SUM(H6, P6) -> 24.066667 | G6: =SUMIFS('Giờ công'!I:I, 'Giờ công'!H:H, C6) -> 172.95 | H6: =SUMIFS('Giờ công'!J:J, 'Giờ công'!H:H, C6) -> 24.066667 | I6: =IF(R6>=30, 16, IF(R6=29, 8, "")) | J6: =MIN(ROUND(G6/24, 0), MAX(0, 31-K6)) -> 7 | K6: =SUMIFS('Ngày công'!I:I, 'Ngày công'!B:B, C6) -> 3 | N6: =SUMIFS('Tăng ca lễ'!M:M, 'Tăng ca lễ'!L:L, C6) -> 0 | O6: =IF(OR(D6="PT", D6="DSHV"), SUMIFS('Tăng ca lễ'!O:O, 'Tăng ca lễ'!L:L, C6)*2, SUMIFS('Tăng ca lễ'!O:O, 'Tăng ca lễ'!L:L, C6)*3) -> 0 | P6: =IF(OR(D6="PT", D6="DSHV"), SUMIFS('Tăng ca lễ'!P:P, 'Tăng ca lễ'!L:L, C6)*2, SUMIFS('Tăng ca lễ'!P:P, 'Tăng ca lễ'!L:L, C6)*3) -> 0 | R6: =MIN(31, SUMIFS('Ngày công'!H:H, 'Ngày công'!B:B, C6)) -> 24 | S6: =SUMIFS('Công Đào tạo'!G:G, 'Công Đào tạo'!F:F, C6) -> 0 | T6: 0 | V6: =IF(OR(TRIM(D6)="CHT", TRIM(D6)="Q.CHT"), 500000/31*R6, 0) -> 0 | X6: =IF(ISNUMBER(SEARCH("DSCD", D6)), MIN(1500000, ROUND(1500000/28*K6, 0)), IF(K6>20, MIN(1500000, ROUND(1500000/28*K6, 0)), 0)) -> 0 | AA6: =IFERROR(VLOOKUP(C6, 'MiniKat - HN'!$A:$L, 12, FALSE), 0) + IFERROR(VLOOKUP(C6, 'MiniKat - HCM'!$A:$J, 10, FALSE), 0) -> 0 | AB6: =IF(OR(TRIM(D6)="CHT", TRIM(D6)="Q.CHT"), SUMIFS('MiniKat - HN'!$Y:$Y, 'MiniKat - HN'!$N:$N, B6) + SUMIFS('MiniKat - HCM'!$U:$U, 'MiniKat - HCM'!$M:$M, B6), 0) -> 0 | AC6: =SUMIFS(whatsapp!$D:$D, whatsapp!$A:$A, C6) -> 0 | AD6: =SUMIFS('Dự án'!$C:$C, 'Dự án'!$B:$B, C6) -> 0 | AE6: =SUMIFS(KPI!$C:$C, KPI!$B:$B, C6) -> 0 | AF6: =SUMIFS('Thưởng CK'!$C:$C, 'Thưởng CK'!$B:$B, C6) -> 1686900 | AG6: =SUMIFS('Cận date'!$C:$C, 'Cận date'!$B:$B, C6) -> 36600 | AH6: =SUMIFS(Map!$D:$D, Map!$A:$A, C6) -> 0 | AI6: 0 | AJ6: =SUM(AK6:AO6) -> 0 | AK6: =SUMIFS('KPI trừ'!$C:$C, 'KPI trừ'!$B:$B, C6) -> 0 | AL6: =SUMIFS('KPI trừ'!$D:$D, 'KPI trừ'!$B:$B, C6) -> 0 | AM6: =SUMIFS('KPI trừ'!$E:$E, 'KPI trừ'!$B:$B, C6) -> 0 | AN6: =SUMIFS('KPI trừ'!$F:$F, 'KPI trừ'!$B:$B, C6) -> 0 | AO6: =SUMIFS('KPI trừ'!$G:$G, 'KPI trừ'!$B:$B, C6) -> 0 | AP6: =IFERROR(INDEX('KPI trừ'!$H:$H, MATCH(C6, 'KPI trừ'!$B:$B, 0)), "") -> 0
A7: 5 | B7: Trường Sa | C7: Trần Thị Kim Khánh | D7: DSXC | E7: =SUM(G7, I7, L7, O7, S7, T7) -> 253.45 | F7: =SUM(H7, P7) -> 31.433333 | G7: =SUMIFS('Giờ công'!I:I, 'Giờ công'!H:H, C7) -> 245.45 | H7: =SUMIFS('Giờ công'!J:J, 'Giờ công'!H:H, C7) -> 31.433333 | I7: =IF(R7>=30, 16, IF(R7=29, 8, "")) -> 8 | J7: =MIN(ROUND(G7/24, 0), MAX(0, 31-K7)) -> 10 | K7: =SUMIFS('Ngày công'!I:I, 'Ngày công'!B:B, C7) -> 4 | N7: =SUMIFS('Tăng ca lễ'!M:M, 'Tăng ca lễ'!L:L, C7) -> 0 | O7: =IF(OR(D7="PT", D7="DSHV"), SUMIFS('Tăng ca lễ'!O:O, 'Tăng ca lễ'!L:L, C7)*2, SUMIFS('Tăng ca lễ'!O:O, 'Tăng ca lễ'!L:L, C7)*3) -> 0 | P7: =IF(OR(D7="PT", D7="DSHV"), SUMIFS('Tăng ca lễ'!P:P, 'Tăng ca lễ'!L:L, C7)*2, SUMIFS('Tăng ca lễ'!P:P, 'Tăng ca lễ'!L:L, C7)*3) -> 0 | R7: =MIN(31, SUMIFS('Ngày công'!H:H, 'Ngày công'!B:B, C7)) -> 29 | S7: =SUMIFS('Công Đào tạo'!G:G, 'Công Đào tạo'!F:F, C7) -> 0 | T7: 0 | V7: =IF(OR(TRIM(D7)="CHT", TRIM(D7)="Q.CHT"), 500000/31*R7, 0) -> 0 | X7: =IF(ISNUMBER(SEARCH("DSCD", D7)), MIN(1500000, ROUND(1500000/28*K7, 0)), IF(K7>20, MIN(1500000, ROUND(1500000/28*K7, 0)), 0)) -> 0 | AA7: =IFERROR(VLOOKUP(C7, 'MiniKat - HN'!$A:$L, 12, FALSE), 0) + IFERROR(VLOOKUP(C7, 'MiniKat - HCM'!$A:$J, 10, FALSE), 0) -> 0 | AB7: =IF(OR(TRIM(D7)="CHT", TRIM(D7)="Q.CHT"), SUMIFS('MiniKat - HN'!$Y:$Y, 'MiniKat - HN'!$N:$N, B7) + SUMIFS('MiniKat - HCM'!$U:$U, 'MiniKat - HCM'!$M:$M, B7), 0) -> 0 | AC7: =SUMIFS(whatsapp!$D:$D, whatsapp!$A:$A, C7) -> 0 | AD7: =SUMIFS('Dự án'!$C:$C, 'Dự án'!$B:$B, C7) -> 2800000 | AE7: =SUMIFS(KPI!$C:$C, KPI!$B:$B, C7) -> 2472796 | AF7: =SUMIFS('Thưởng CK'!$C:$C, 'Thưởng CK'!$B:$B, C7) -> 3808150 | AG7: =SUMIFS('Cận date'!$C:$C, 'Cận date'!$B:$B, C7) -> 46851 | AH7: =SUMIFS(Map!$D:$D, Map!$A:$A, C7) -> 0 | AI7: 0 | AJ7: =SUM(AK7:AO7) -> 0 | AK7: =SUMIFS('KPI trừ'!$C:$C, 'KPI trừ'!$B:$B, C7) -> 0 | AL7: =SUMIFS('KPI trừ'!$D:$D, 'KPI trừ'!$B:$B, C7) -> 0 | AM7: =SUMIFS('KPI trừ'!$E:$E, 'KPI trừ'!$B:$B, C7) -> 0 | AN7: =SUMIFS('KPI trừ'!$F:$F, 'KPI trừ'!$B:$B, C7) -> 0 | AO7: =SUMIFS('KPI trừ'!$G:$G, 'KPI trừ'!$B:$B, C7) -> 0 | AP7: =IFERROR(INDEX('KPI trừ'!$H:$H, MATCH(C7, 'KPI trừ'!$B:$B, 0)), "") -> 0
A8: 6 | B8: Đỗ Quang Đẩu | C8: Ngô Thị Thanh Thắm | D8: CHT | E8: =SUM(G8, I8, L8, O8, S8, T8) -> 183.01667 | F8: =SUM(H8, P8) -> 0 | G8: =SUMIFS('Giờ công'!I:I, 'Giờ công'!H:H, C8) -> 183.01667 | H8: =SUMIFS('Giờ công'!J:J, 'Giờ công'!H:H, C8) -> 0 | I8: =IF(R8>=30, 16, IF(R8=29, 8, "")) | J8: =MIN(ROUND(G8/24, 0), MAX(0, 31-K8)) -> 8 | K8: =SUMIFS('Ngày công'!I:I, 'Ngày công'!B:B, C8) -> 0 | N8: =SUMIFS('Tăng ca lễ'!M:M, 'Tăng ca lễ'!L:L, C8) -> 0 | O8: =IF(OR(D8="PT", D8="DSHV"), SUMIFS('Tăng ca lễ'!O:O, 'Tăng ca lễ'!L:L, C8)*2, SUMIFS('Tăng ca lễ'!O:O, 'Tăng ca lễ'!L:L, C8)*3) -> 0 | P8: =IF(OR(D8="PT", D8="DSHV"), SUMIFS('Tăng ca lễ'!P:P, 'Tăng ca lễ'!L:L, C8)*2, SUMIFS('Tăng ca lễ'!P:P, 'Tăng ca lễ'!L:L, C8)*3) -> 0 | R8: =MIN(31, SUMIFS('Ngày công'!H:H, 'Ngày công'!B:B, C8)) -> 23 | S8: =SUMIFS('Công Đào tạo'!G:G, 'Công Đào tạo'!F:F, C8) -> 0 | T8: 0 | V8: =IF(OR(TRIM(D8)="CHT", TRIM(D8)="Q.CHT"), 500000/31*R8, 0) -> 370967.74 | X8: =IF(ISNUMBER(SEARCH("DSCD", D8)), MIN(1500000, ROUND(1500000/28*K8, 0)), IF(K8>20, MIN(1500000, ROUND(1500000/28*K8, 0)), 0)) -> 0 | AA8: =IFERROR(VLOOKUP(C8, 'MiniKat - HN'!$A:$L, 12, FALSE), 0) + IFERROR(VLOOKUP(C8, 'MiniKat - HCM'!$A:$J, 10, FALSE), 0) -> 0 | AB8: =IF(OR(TRIM(D8)="CHT", TRIM(D8)="Q.CHT"), SUMIFS('MiniKat - HN'!$Y:$Y, 'MiniKat - HN'!$N:$N, B8) + SUMIFS('MiniKat - HCM'!$U:$U, 'MiniKat - HCM'!$M:$M, B8), 0) -> 0 | AC8: =SUMIFS(whatsapp!$D:$D, whatsapp!$A:$A, C8) -> 2681852 | AD8: =SUMIFS('Dự án'!$C:$C, 'Dự án'!$B:$B, C8) -> 0 | AE8: =SUMIFS(KPI!$C:$C, KPI!$B:$B, C8) -> 0 | AF8: =SUMIFS('Thưởng CK'!$C:$C, 'Thưởng CK'!$B:$B, C8) -> 688400 | AG8: =SUMIFS('Cận date'!$C:$C, 'Cận date'!$B:$B, C8) -> 14067 | AH8: =SUMIFS(Map!$D:$D, Map!$A:$A, C8) -> 0 | AI8: 0 | AJ8: =SUM(AK8:AO8) -> 0 | AK8: =SUMIFS('KPI trừ'!$C:$C, 'KPI trừ'!$B:$B, C8) -> 0 | AL8: =SUMIFS('KPI trừ'!$D:$D, 'KPI trừ'!$B:$B, C8) -> 0 | AM8: =SUMIFS('KPI trừ'!$E:$E, 'KPI trừ'!$B:$B, C8) -> 0 | AN8: =SUMIFS('KPI trừ'!$F:$F, 'KPI trừ'!$B:$B, C8) -> 0 | AO8: =SUMIFS('KPI trừ'!$G:$G, 'KPI trừ'!$B:$B, C8) -> 0 | AP8: =IFERROR(INDEX('KPI trừ'!$H:$H, MATCH(C8, 'KPI trừ'!$B:$B, 0)), "") -> 0
A9: 7 | B9: Đỗ Quang Đẩu | C9: Phạm Thị Nghĩa Hương | D9: DSCD | E9: =SUM(G9, I9, L9, O9, S9, T9) -> 11.016667 | F9: =SUM(H9, P9) -> 230.26667 | G9: =SUMIFS('Giờ công'!I:I, 'Giờ công'!H:H, C9) -> 3.0166667 | H9: =SUMIFS('Giờ công'!J:J, 'Giờ công'!H:H, C9) -> 230.26667 | I9: =IF(R9>=30, 16, IF(R9=29, 8, "")) -> 8 | J9: =MIN(ROUND(G9/24, 0), MAX(0, 31-K9)) -> 0 | K9: =SUMIFS('Ngày công'!I:I, 'Ngày công'!B:B, C9) -> 29 | N9: =SUMIFS('Tăng ca lễ'!M:M, 'Tăng ca lễ'!L:L, C9) -> 0 | O9: =IF(OR(D9="PT", D9="DSHV"), SUMIFS('Tăng ca lễ'!O:O, 'Tăng ca lễ'!L:L, C9)*2, SUMIFS('Tăng ca lễ'!O:O, 'Tăng ca lễ'!L:L, C9)*3) -> 0 | P9: =IF(OR(D9="PT", D9="DSHV"), SUMIFS('Tăng ca lễ'!P:P, 'Tăng ca lễ'!L:L, C9)*2, SUMIFS('Tăng ca lễ'!P:P, 'Tăng ca lễ'!L:L, C9)*3) -> 0 | R9: =MIN(31, SUMIFS('Ngày công'!H:H, 'Ngày công'!B:B, C9)) -> 29 | S9: =SUMIFS('Công Đào tạo'!G:G, 'Công Đào tạo'!F:F, C9) -> 0 | T9: 0 | V9: =IF(OR(TRIM(D9)="CHT", TRIM(D9)="Q.CHT"), 500000/31*R9, 0) -> 0 | X9: =IF(ISNUMBER(SEARCH("DSCD", D9)), MIN(1500000, ROUND(1500000/28*K9, 0)), IF(K9>20, MIN(1500000, ROUND(1500000/28*K9, 0)), 0)) -> 1500000 | AA9: =IFERROR(VLOOKUP(C9, 'MiniKat - HN'!$A:$L, 12, FALSE), 0) + IFERROR(VLOOKUP(C9, 'MiniKat - HCM'!$A:$J, 10, FALSE), 0) -> 0 | AB9: =IF(OR(TRIM(D9)="CHT", TRIM(D9)="Q.CHT"), SUMIFS('MiniKat - HN'!$Y:$Y, 'MiniKat - HN'!$N:$N, B9) + SUMIFS('MiniKat - HCM'!$U:$U, 'MiniKat - HCM'!$M:$M, B9), 0) -> 0 | AC9: =SUMIFS(whatsapp!$D:$D, whatsapp!$A:$A, C9) -> 340044 | AD9: =SUMIFS('Dự án'!$C:$C, 'Dự án'!$B:$B, C9) -> 0 | AE9: =SUMIFS(KPI!$C:$C, KPI!$B:$B, C9) -> 0 | AF9: =SUMIFS('Thưởng CK'!$C:$C, 'Thưởng CK'!$B:$B, C9) -> 629100 | AG9: =SUMIFS('Cận date'!$C:$C, 'Cận date'!$B:$B, C9) -> 7550 | AH9: =SUMIFS(Map!$D:$D, Map!$A:$A, C9) -> 0 | AI9: 0 | AJ9: =SUM(AK9:AO9) -> 0 | AK9: =SUMIFS('KPI trừ'!$C:$C, 'KPI trừ'!$B:$B, C9) -> 0 | AL9: =SUMIFS('KPI trừ'!$D:$D, 'KPI trừ'!$B:$B, C9) -> 0 | AM9: =SUMIFS('KPI trừ'!$E:$E, 'KPI trừ'!$B:$B, C9) -> 0 | AN9: =SUMIFS('KPI trừ'!$F:$F, 'KPI trừ'!$B:$B, C9) -> 0 | AO9: =SUMIFS('KPI trừ'!$G:$G, 'KPI trừ'!$B:$B, C9) -> 0 | AP9: =IFERROR(INDEX('KPI trừ'!$H:$H, MATCH(C9, 'KPI trừ'!$B:$B, 0)), "") -> 0
A10: 8 | B10: Đỗ Quang Đẩu | C10: Trần Thiên Phát | D10: DSCD | E10: =SUM(G10, I10, L10, O10, S10, T10) -> 16 | F10: =SUM(H10, P10) -> 245.43333 | G10: =SUMIFS('Giờ công'!I:I, 'Giờ công'!H:H, C10) -> 0 | H10: =SUMIFS('Giờ công'!J:J, 'Giờ công'!H:H, C10) -> 245.43333 | I10: =IF(R10>=30, 16, IF(R10=29, 8, "")) -> 16 | J10: =MIN(ROUND(G10/24, 0), MAX(0, 31-K10)) -> 0 | K10: =SUMIFS('Ngày công'!I:I, 'Ngày công'!B:B, C10) -> 31 | N10: =SUMIFS('Tăng ca lễ'!M:M, 'Tăng ca lễ'!L:L, C10) -> 0 | O10: =IF(OR(D10="PT", D10="DSHV"), SUMIFS('Tăng ca lễ'!O:O, 'Tăng ca lễ'!L:L, C10)*2, SUMIFS('Tăng ca lễ'!O:O, 'Tăng ca lễ'!L:L, C10)*3) -> 0 | P10: =IF(OR(D10="PT", D10="DSHV"), SUMIFS('Tăng ca lễ'!P:P, 'Tăng ca lễ'!L:L, C10)*2, SUMIFS('Tăng ca lễ'!P:P, 'Tăng ca lễ'!L:L, C10)*3) -> 0 | R10: =MIN(31, SUMIFS('Ngày công'!H:H, 'Ngày công'!B:B, C10)) -> 31 | S10: =SUMIFS('Công Đào tạo'!G:G, 'Công Đào tạo'!F:F, C10) -> 0 | T10: 0 | V10: =IF(OR(TRIM(D10)="CHT", TRIM(D10)="Q.CHT"), 500000/31*R10, 0) -> 0 | X10: =IF(ISNUMBER(SEARCH("DSCD", D10)), MIN(1500000, ROUND(1500000/28*K10, 0)), IF(K10>20, MIN(1500000, ROUND(1500000/28*K10, 0)), 0)) -> 1500000 | AA10: =IFERROR(VLOOKUP(C10, 'MiniKat - HN'!$A:$L, 12, FALSE), 0) + IFERROR(VLOOKUP(C10, 'MiniKat - HCM'!$A:$J, 10, FALSE), 0) -> 0 | AB10: =IF(OR(TRIM(D10)="CHT", TRIM(D10)="Q.CHT"), SUMIFS('MiniKat - HN'!$Y:$Y, 'MiniKat - HN'!$N:$N, B10) + SUMIFS('MiniKat - HCM'!$U:$U, 'MiniKat - HCM'!$M:$M, B10), 0) -> 0 | AC10: =SUMIFS(whatsapp!$D:$D, whatsapp!$A:$A, C10) -> 375112 | AD10: =SUMIFS('Dự án'!$C:$C, 'Dự án'!$B:$B, C10) -> 0 | AE10: =SUMIFS(KPI!$C:$C, KPI!$B:$B, C10) -> 0 | AF10: =SUMIFS('Thưởng CK'!$C:$C, 'Thưởng CK'!$B:$B, C10) -> 867600 | AG10: =SUMIFS('Cận date'!$C:$C, 'Cận date'!$B:$B, C10) -> 4035 | AH10: =SUMIFS(Map!$D:$D, Map!$A:$A, C10) -> 0 | AI10: 0 | AJ10: =SUM(AK10:AO10) -> 0 | AK10: =SUMIFS('KPI trừ'!$C:$C, 'KPI trừ'!$B:$B, C10) -> 0 | AL10: =SUMIFS('KPI trừ'!$D:$D, 'KPI trừ'!$B:$B, C10) -> 0 | AM10: =SUMIFS('KPI trừ'!$E:$E, 'KPI trừ'!$B:$B, C10) -> 0 | AN10: =SUMIFS('KPI trừ'!$F:$F, 'KPI trừ'!$B:$B, C10) -> 0 | AO10: =SUMIFS('KPI trừ'!$G:$G, 'KPI trừ'!$B:$B, C10) -> 0 | AP10: =IFERROR(INDEX('KPI trừ'!$H:$H, MATCH(C10, 'KPI trừ'!$B:$B, 0)), "") -> 0
A11: 9 | B11: Đỗ Quang Đẩu | C11: Hoàng Thanh Thủy | D11: DSXC | E11: =SUM(G11, I11, L11, O11, S11, T11) -> 262.36667 | F11: =SUM(H11, P11) -> 1.1 | G11: =SUMIFS('Giờ công'!I:I, 'Giờ công'!H:H, C11) -> 246.36667 | H11: =SUMIFS('Giờ công'!J:J, 'Giờ công'!H:H, C11) -> 1.1 | I11: =IF(R11>=30, 16, IF(R11=29, 8, "")) -> 16 | J11: =MIN(ROUND(G11/24, 0), MAX(0, 31-K11)) -> 10 | K11: =SUMIFS('Ngày công'!I:I, 'Ngày công'!B:B, C11) -> 0 | N11: =SUMIFS('Tăng ca lễ'!M:M, 'Tăng ca lễ'!L:L, C11) -> 0 | O11: =IF(OR(D11="PT", D11="DSHV"), SUMIFS('Tăng ca lễ'!O:O, 'Tăng ca lễ'!L:L, C11)*2, SUMIFS('Tăng ca lễ'!O:O, 'Tăng ca lễ'!L:L, C11)*3) -> 0 | P11: =IF(OR(D11="PT", D11="DSHV"), SUMIFS('Tăng ca lễ'!P:P, 'Tăng ca lễ'!L:L, C11)*2, SUMIFS('Tăng ca lễ'!P:P, 'Tăng ca lễ'!L:L, C11)*3) -> 0 | R11: =MIN(31, SUMIFS('Ngày công'!H:H, 'Ngày công'!B:B, C11)) -> 30 | S11: =SUMIFS('Công Đào tạo'!G:G, 'Công Đào tạo'!F:F, C11) -> 0 | T11: 0 | V11: =IF(OR(TRIM(D11)="CHT", TRIM(D11)="Q.CHT"), 500000/31*R11, 0) -> 0 | X11: =IF(ISNUMBER(SEARCH("DSCD", D11)), MIN(1500000, ROUND(1500000/28*K11, 0)), IF(K11>20, MIN(1500000, ROUND(1500000/28*K11, 0)), 0)) -> 0 | AA11: =IFERROR(VLOOKUP(C11, 'MiniKat - HN'!$A:$L, 12, FALSE), 0) + IFERROR(VLOOKUP(C11, 'MiniKat - HCM'!$A:$J, 10, FALSE), 0) -> 0 | AB11: =IF(OR(TRIM(D11)="CHT", TRIM(D11)="Q.CHT"), SUMIFS('MiniKat - HN'!$Y:$Y, 'MiniKat - HN'!$N:$N, B11) + SUMIFS('MiniKat - HCM'!$U:$U, 'MiniKat - HCM'!$M:$M, B11), 0) -> 0 | AC11: =SUMIFS(whatsapp!$D:$D, whatsapp!$A:$A, C11) -> 3697588 | AD11: =SUMIFS('Dự án'!$C:$C, 'Dự án'!$B:$B, C11) -> 0 | AE11: =SUMIFS(KPI!$C:$C, KPI!$B:$B, C11) -> 4372855 | AF11: =SUMIFS('Thưởng CK'!$C:$C, 'Thưởng CK'!$B:$B, C11) -> 1723400 | AG11: =SUMIFS('Cận date'!$C:$C, 'Cận date'!$B:$B, C11) -> 40230 | AH11: =SUMIFS(Map!$D:$D, Map!$A:$A, C11) -> 0 | AI11: 0 | AJ11: =SUM(AK11:AO11) -> 0 | AK11: =SUMIFS('KPI trừ'!$C:$C, 'KPI trừ'!$B:$B, C11) -> 0 | AL11: =SUMIFS('KPI trừ'!$D:$D, 'KPI trừ'!$B:$B, C11) -> 0 | AM11: =SUMIFS('KPI trừ'!$E:$E, 'KPI trừ'!$B:$B, C11) -> 0 | AN11: =SUMIFS('KPI trừ'!$F:$F, 'KPI trừ'!$B:$B, C11) -> 0 | AO11: =SUMIFS('KPI trừ'!$G:$G, 'KPI trừ'!$B:$B, C11) -> 0 | AP11: =IFERROR(INDEX('KPI trừ'!$H:$H, MATCH(C11, 'KPI trừ'!$B:$B, 0)), "") -> 0
A12: 10 | B12: Đỗ Quang Đẩu | C12: Lê Thị Huyền Trân | D12: DSXC | E12: =SUM(G12, I12, L12, O12, S12, T12) -> 252.15 | F12: =SUM(H12, P12) -> 8.0833333 | G12: =SUMIFS('Giờ công'!I:I, 'Giờ công'!H:H, C12) -> 236.15 | H12: =SUMIFS('Giờ công'!J:J, 'Giờ công'!H:H, C12) -> 8.0833333 | I12: =IF(R12>=30, 16, IF(R12=29, 8, "")) -> 16 | J12: =MIN(ROUND(G12/24, 0), MAX(0, 31-K12)) -> 10 | K12: =SUMIFS('Ngày công'!I:I, 'Ngày công'!B:B, C12) -> 1 | N12: =SUMIFS('Tăng ca lễ'!M:M, 'Tăng ca lễ'!L:L, C12) -> 0 | O12: =IF(OR(D12="PT", D12="DSHV"), SUMIFS('Tăng ca lễ'!O:O, 'Tăng ca lễ'!L:L, C12)*2, SUMIFS('Tăng ca lễ'!O:O, 'Tăng ca lễ'!L:L, C12)*3) -> 0 | P12: =IF(OR(D12="PT", D12="DSHV"), SUMIFS('Tăng ca lễ'!P:P, 'Tăng ca lễ'!L:L, C12)*2, SUMIFS('Tăng ca lễ'!P:P, 'Tăng ca lễ'!L:L, C12)*3) -> 0 | R12: =MIN(31, SUMIFS('Ngày công'!H:H, 'Ngày công'!B:B, C12)) -> 30 | S12: =SUMIFS('Công Đào tạo'!G:G, 'Công Đào tạo'!F:F, C12) -> 0 | T12: 0 | V12: =IF(OR(TRIM(D12)="CHT", TRIM(D12)="Q.CHT"), 500000/31*R12, 0) -> 0 | X12: =IF(ISNUMBER(SEARCH("DSCD", D12)), MIN(1500000, ROUND(1500000/28*K12, 0)), IF(K12>20, MIN(1500000, ROUND(1500000/28*K12, 0)), 0)) -> 0 | AA12: =IFERROR(VLOOKUP(C12, 'MiniKat - HN'!$A:$L, 12, FALSE), 0) + IFERROR(VLOOKUP(C12, 'MiniKat - HCM'!$A:$J, 10, FALSE), 0) -> 0 | AB12: =IF(OR(TRIM(D12)="CHT", TRIM(D12)="Q.CHT"), SUMIFS('MiniKat - HN'!$Y:$Y, 'MiniKat - HN'!$N:$N, B12) + SUMIFS('MiniKat - HCM'!$U:$U, 'MiniKat - HCM'!$M:$M, B12), 0) -> 0 | AC12: =SUMIFS(whatsapp!$D:$D, whatsapp!$A:$A, C12) -> 2352976 | AD12: =SUMIFS('Dự án'!$C:$C, 'Dự án'!$B:$B, C12) -> 0 | AE12: =SUMIFS(KPI!$C:$C, KPI!$B:$B, C12) -> 0 | AF12: =SUMIFS('Thưởng CK'!$C:$C, 'Thưởng CK'!$B:$B, C12) -> 1139700 | AG12: =SUMIFS('Cận date'!$C:$C, 'Cận date'!$B:$B, C12) -> 37807 | AH12: =SUMIFS(Map!$D:$D, Map!$A:$A, C12) -> 0 | AI12: 0 | AJ12: =SUM(AK12:AO12) -> 0 | AK12: =SUMIFS('KPI trừ'!$C:$C, 'KPI trừ'!$B:$B, C12) -> 0 | AL12: =SUMIFS('KPI trừ'!$D:$D, 'KPI trừ'!$B:$B, C12) -> 0 | AM12: =SUMIFS('KPI trừ'!$E:$E, 'KPI trừ'!$B:$B, C12) -> 0 | AN12: =SUMIFS('KPI trừ'!$F:$F, 'KPI trừ'!$B:$B, C12) -> 0 | AO12: =SUMIFS('KPI trừ'!$G:$G, 'KPI trừ'!$B:$B, C12) -> 0 | AP12: =IFERROR(INDEX('KPI trừ'!$H:$H, MATCH(C12, 'KPI trừ'!$B:$B, 0)), "") -> 0
A13: 11 | B13: Minh Châu | C13: Thái Thùy Linh | D13: CHT | E13: =SUM(G13, I13, L13, O13, S13, T13) -> 197.48333 | F13: =SUM(H13, P13) -> 49.033333 | G13: =SUMIFS('Giờ công'!I:I, 'Giờ công'!H:H, C13) -> 197.48333 | H13: =SUMIFS('Giờ công'!J:J, 'Giờ công'!H:H, C13) -> 49.033333 | I13: =IF(R13>=30, 16, IF(R13=29, 8, "")) | J13: =MIN(ROUND(G13/24, 0), MAX(0, 31-K13)) -> 8 | K13: =SUMIFS('Ngày công'!I:I, 'Ngày công'!B:B, C13) -> 6 | N13: =SUMIFS('Tăng ca lễ'!M:M, 'Tăng ca lễ'!L:L, C13) -> 0 | O13: =IF(OR(D13="PT", D13="DSHV"), SUMIFS('Tăng ca lễ'!O:O, 'Tăng ca lễ'!L:L, C13)*2, SUMIFS('Tăng ca lễ'!O:O, 'Tăng ca lễ'!L:L, C13)*3) -> 0 | P13: =IF(OR(D13="PT", D13="DSHV"), SUMIFS('Tăng ca lễ'!P:P, 'Tăng ca lễ'!L:L, C13)*2, SUMIFS('Tăng ca lễ'!P:P, 'Tăng ca lễ'!L:L, C13)*3) -> 0 | R13: =MIN(31, SUMIFS('Ngày công'!H:H, 'Ngày công'!B:B, C13)) -> 27 | S13: =SUMIFS('Công Đào tạo'!G:G, 'Công Đào tạo'!F:F, C13) -> 0 | T13: 0 | V13: =IF(OR(TRIM(D13)="CHT", TRIM(D13)="Q.CHT"), 500000/31*R13, 0) -> 435483.87 | X13: =IF(ISNUMBER(SEARCH("DSCD", D13)), MIN(1500000, ROUND(1500000/28*K13, 0)), IF(K13>20, MIN(1500000, ROUND(1500000/28*K13, 0)), 0)) -> 0 | AA13: =IFERROR(VLOOKUP(C13, 'MiniKat - HN'!$A:$L, 12, FALSE), 0) + IFERROR(VLOOKUP(C13, 'MiniKat - HCM'!$A:$J, 10, FALSE), 0) -> 0 | AB13: =IF(OR(TRIM(D13)="CHT", TRIM(D13)="Q.CHT"), SUMIFS('MiniKat - HN'!$Y:$Y, 'MiniKat - HN'!$N:$N, B13) + SUMIFS('MiniKat - HCM'!$U:$U, 'MiniKat - HCM'!$M:$M, B13), 0) -> 300000 | AC13: =SUMIFS(whatsapp!$D:$D, whatsapp!$A:$A, C13) -> 0 | AD13: =SUMIFS('Dự án'!$C:$C, 'Dự án'!$B:$B, C13) -> 0 | AE13: =SUMIFS(KPI!$C:$C, KPI!$B:$B, C13) -> 0 | AF13: =SUMIFS('Thưởng CK'!$C:$C, 'Thưởng CK'!$B:$B, C13) -> 1446150 | AG13: =SUMIFS('Cận date'!$C:$C, 'Cận date'!$B:$B, C13) -> 107427 | AH13: =SUMIFS(Map!$D:$D, Map!$A:$A, C13) -> 0 | AI13: 0 | AJ13: =SUM(AK13:AO13) -> 0 | AK13: =SUMIFS('KPI trừ'!$C:$C, 'KPI trừ'!$B:$B, C13) -> 0 | AL13: =SUMIFS('KPI trừ'!$D:$D, 'KPI trừ'!$B:$B, C13) -> 0 | AM13: =SUMIFS('KPI trừ'!$E:$E, 'KPI trừ'!$B:$B, C13) -> 0 | AN13: =SUMIFS('KPI trừ'!$F:$F, 'KPI trừ'!$B:$B, C13) -> 0 | AO13: =SUMIFS('KPI trừ'!$G:$G, 'KPI trừ'!$B:$B, C13) -> 0 | AP13: =IFERROR(INDEX('KPI trừ'!$H:$H, MATCH(C13, 'KPI trừ'!$B:$B, 0)), "") -> 0
A14: 12 | B14: Minh Châu | C14: Trịnh Thị Phượng | D14: DSCD | E14: =SUM(G14, I14, L14, O14, S14, T14) -> 0.38333333 | F14: =SUM(H14, P14) -> 210.66667 | G14: =SUMIFS('Giờ công'!I:I, 'Giờ công'!H:H, C14) -> 0.38333333 | H14: =SUMIFS('Giờ công'!J:J, 'Giờ công'!H:H, C14) -> 210.66667 | I14: =IF(R14>=30, 16, IF(R14=29, 8, "")) | J14: =MIN(ROUND(G14/24, 0), MAX(0, 31-K14)) -> 0 | K14: =SUMIFS('Ngày công'!I:I, 'Ngày công'!B:B, C14) -> 27 | N14: =SUMIFS('Tăng ca lễ'!M:M, 'Tăng ca lễ'!L:L, C14) -> 0 | O14: =IF(OR(D14="PT", D14="DSHV"), SUMIFS('Tăng ca lễ'!O:O, 'Tăng ca lễ'!L:L, C14)*2, SUMIFS('Tăng ca lễ'!O:O, 'Tăng ca lễ'!L:L, C14)*3) -> 0 | P14: =IF(OR(D14="PT", D14="DSHV"), SUMIFS('Tăng ca lễ'!P:P, 'Tăng ca lễ'!L:L, C14)*2, SUMIFS('Tăng ca lễ'!P:P, 'Tăng ca lễ'!L:L, C14)*3) -> 0 | R14: =MIN(31, SUMIFS('Ngày công'!H:H, 'Ngày công'!B:B, C14)) -> 27 | S14: =SUMIFS('Công Đào tạo'!G:G, 'Công Đào tạo'!F:F, C14) -> 0 | T14: 0 | V14: =IF(OR(TRIM(D14)="CHT", TRIM(D14)="Q.CHT"), 500000/31*R14, 0) -> 0 | X14: =IF(ISNUMBER(SEARCH("DSCD", D14)), MIN(1500000, ROUND(1500000/28*K14, 0)), IF(K14>20, MIN(1500000, ROUND(1500000/28*K14, 0)), 0)) -> 1446429 | AA14: =IFERROR(VLOOKUP(C14, 'MiniKat - HN'!$A:$L, 12, FALSE), 0) + IFERROR(VLOOKUP(C14, 'MiniKat - HCM'!$A:$J, 10, FALSE), 0) -> 0 | AB14: =IF(OR(TRIM(D14)="CHT", TRIM(D14)="Q.CHT"), SUMIFS('MiniKat - HN'!$Y:$Y, 'MiniKat - HN'!$N:$N, B14) + SUMIFS('MiniKat - HCM'!$U:$U, 'MiniKat - HCM'!$M:$M, B14), 0) -> 0 | AC14: =SUMIFS(whatsapp!$D:$D, whatsapp!$A:$A, C14) -> 0 | AD14: =SUMIFS('Dự án'!$C:$C, 'Dự án'!$B:$B, C14) -> 2200000 | AE14: =SUMIFS(KPI!$C:$C, KPI!$B:$B, C14) -> 1409901 | AF14: =SUMIFS('Thưởng CK'!$C:$C, 'Thưởng CK'!$B:$B, C14) -> 3537750 | AG14: =SUMIFS('Cận date'!$C:$C, 'Cận date'!$B:$B, C14) -> 22410 | AH14: =SUMIFS(Map!$D:$D, Map!$A:$A, C14) -> 0 | AI14: 0 | AJ14: =SUM(AK14:AO14) -> 0 | AK14: =SUMIFS('KPI trừ'!$C:$C, 'KPI trừ'!$B:$B, C14) -> 0 | AL14: =SUMIFS('KPI trừ'!$D:$D, 'KPI trừ'!$B:$B, C14) -> 0 | AM14: =SUMIFS('KPI trừ'!$E:$E, 'KPI trừ'!$B:$B, C14) -> 0 | AN14: =SUMIFS('KPI trừ'!$F:$F, 'KPI trừ'!$B:$B, C14) -> 0 | AO14: =SUMIFS('KPI trừ'!$G:$G, 'KPI trừ'!$B:$B, C14) -> 0 | AP14: =IFERROR(INDEX('KPI trừ'!$H:$H, MATCH(C14, 'KPI trừ'!$B:$B, 0)), "") -> 0
... A58: 56 | B58: Hàng Bông | C58: Đỗ Thu Huệ | D58: DSBC | E58: =SUM(G58, I58, L58, O58, S58, T58) -> 120.03333 | F58: =SUM(H58, P58) -> 0 | G58: =SUMIFS('Giờ công'!I:I, 'Giờ công'!H:H, C58) -> 120.03333 | H58: =SUMIFS('Giờ công'!J:J, 'Giờ công'!H:H, C58) -> 0 | I58: =IF(R58>=30, 16, IF(R58=29, 8, "")) | J58: =MIN(ROUND(G58/24, 0), MAX(0, 31-K58)) -> 5 | K58: =SUMIFS('Ngày công'!I:I, 'Ngày công'!B:B, C58) -> 0 | N58: =SUMIFS('Tăng ca lễ'!M:M, 'Tăng ca lễ'!L:L, C58) -> 0 | O58: =IF(OR(D58="PT", D58="DSHV"), SUMIFS('Tăng ca lễ'!O:O, 'Tăng ca lễ'!L:L, C58)*2, SUMIFS('Tăng ca lễ'!O:O, 'Tăng ca lễ'!L:L, C58)*3) -> 0 | P58: =IF(OR(D58="PT", D58="DSHV"), SUMIFS('Tăng ca lễ'!P:P, 'Tăng ca lễ'!L:L, C58)*2, SUMIFS('Tăng ca lễ'!P:P, 'Tăng ca lễ'!L:L, C58)*3) -> 0 | R58: =MIN(31, SUMIFS('Ngày công'!H:H, 'Ngày công'!B:B, C58)) -> 15 | S58: =SUMIFS('Công Đào tạo'!G:G, 'Công Đào tạo'!F:F, C58) -> 0 | T58: 0 | V58: =IF(OR(TRIM(D58)="CHT", TRIM(D58)="Q.CHT"), 500000/31*R58, 0) -> 0 | X58: =IF(ISNUMBER(SEARCH("DSCD", D58)), MIN(1500000, ROUND(1500000/28*K58, 0)), IF(K58>20, MIN(1500000, ROUND(1500000/28*K58, 0)), 0)) -> 0 | AA58: =IFERROR(VLOOKUP(C58, 'MiniKat - HN'!$A:$L, 12, FALSE), 0) + IFERROR(VLOOKUP(C58, 'MiniKat - HCM'!$A:$J, 10, FALSE), 0) -> 0 | AB58: =IF(OR(TRIM(D58)="CHT", TRIM(D58)="Q.CHT"), SUMIFS('MiniKat - HN'!$Y:$Y, 'MiniKat - HN'!$N:$N, B58) + SUMIFS('MiniKat - HCM'!$U:$U, 'MiniKat - HCM'!$M:$M, B58), 0) -> 0 | AC58: =SUMIFS(whatsapp!$D:$D, whatsapp!$A:$A, C58) -> 0 | AD58: =SUMIFS('Dự án'!$C:$C, 'Dự án'!$B:$B, C58) -> 0 | AE58: =SUMIFS(KPI!$C:$C, KPI!$B:$B, C58) -> 0 | AF58: =SUMIFS('Thưởng CK'!$C:$C, 'Thưởng CK'!$B:$B, C58) -> 0 | AG58: =SUMIFS('Cận date'!$C:$C, 'Cận date'!$B:$B, C58) -> 0 | AH58: =SUMIFS(Map!$D:$D, Map!$A:$A, C58) -> 0 | AI58: 0 | AJ58: =SUM(AK58:AO58) -> 0 | AK58: =SUMIFS('KPI trừ'!$C:$C, 'KPI trừ'!$B:$B, C58) -> 0 | AL58: =SUMIFS('KPI trừ'!$D:$D, 'KPI trừ'!$B:$B, C58) -> 0 | AM58: =SUMIFS('KPI trừ'!$E:$E, 'KPI trừ'!$B:$B, C58) -> 0 | AN58: =SUMIFS('KPI trừ'!$F:$F, 'KPI trừ'!$B:$B, C58) -> 0 | AO58: =SUMIFS('KPI trừ'!$G:$G, 'KPI trừ'!$B:$B, C58) -> 0 | AP58: =IFERROR(INDEX('KPI trừ'!$H:$H, MATCH(C58, 'KPI trừ'!$B:$B, 0)), "") -> 0
D60: Tổng | E60: =SUM(E3:E58) -> 8501.9667 | F60: =SUM(F3:F58) -> 5347.7833 | G60: =SUM(G3:G58) -> 8149.9667 | H60: =SUM(H3:H58) -> 5347.7833 | I60: =SUM(I3:I58) -> 352 | J60: =SUM(J3:J58) -> 328 | K60: =SUM(K3:K58) -> 663 | L60: =SUM(L3:L72) | M60: =SUM(M3:M72) | N60: =SUM(N3:N58) -> 0 | O60: =SUM(O3:O58) -> 0 | P60: =SUM(P3:P58) -> 0 | Q60: =SUM(Q3:Q72) | R60: =SUM(R3:R58) -> 1461 | S60: =SUM(S3:S58) -> 0 | T60: =SUM(T3:T58) -> 0 | U60: =SUM(U3:U72) | V60: =SUM(V3:V58) -> 4403225.8 | W60: =SUM(W3:W58) -> 0 | X60: =SUM(X3:X58) -> 29196429 | Y60: =SUM(Y3:Y58) -> 0 | Z60: =SUM(Z3:Z58) -> 0 | AA60: =SUM(AA3:AA58) -> 1243000 | AB60: =SUM(AB3:AB58) -> 1050000 | AC60: =SUM(AC3:AC58) -> 9739907 | ... AO60: =SUM(AO3:AO58) -> 1000000
E62: Chi nhánh | G62: Số giờ ca ngày | H62: Số giờ ca đêm ( chưa x 1.5 ) | I62: Tổng số giờ
E63: Trường Sa | G63: =SUMIF(B:B, E63, G:G) -> 700.26667 | H63: =SUMIF(B:B, E63, H:H) -> 326.5 | I63: =SUM(G63:H63) -> 1026.7667
E64: Đỗ Quang Đẩu | G64: =SUMIF(B:B, E64, G:G) -> 668.55 | H64: =SUMIF(B:B, E64, H:H) -> 484.88333 | I64: =SUM(G64:H64) -> 1153.4333
E65: Nam Hòa | G65: =SUMIF(B:B, E65, G:G) -> 653.3 | H65: =SUMIF(B:B, E65, H:H) -> 476.35 | I65: =SUM(G65:H65) -> 1129.65
E66: Minh Châu | G66: =SUMIF(B:B, E66, G:G) -> 867.93333 | H66: =SUMIF(B:B, E66, H:H) -> 547.06667 | I66: =SUM(G66:H66) -> 1415
E67: Lê Bình | G67: =SUMIF(B:B, E67, G:G) -> 862.15 | H67: =SUMIF(B:B, E67, H:H) -> 519.05 | I67: =SUM(G67:H67) -> 1381.2
E68: Nguyễn Chí Thanh | G68: =SUMIF(B:B, E68, G:G) -> 747.7 | H68: =SUMIF(B:B, E68, H:H) -> 487.45 | I68: =SUM(G68:H68) -> 1235.15
E69: Nguyễn Thị Thập | G69: =SUMIF(B:B, E69, G:G) -> 720.61667 | H69: =SUMIF(B:B, E69, H:H) -> 551.95 | I69: =SUM(G69:H69) -> 1272.5667
E70: Nguyễn Văn Quá | G70: =SUMIF(B:B, E70, G:G) -> 533.4 | H70: =SUMIF(B:B, E70, H:H) -> 430.96667 | I70: =SUM(G70:H70) -> 964.36667
E71: Rạch Bùng Binh | G71: =SUMIF(B:B, E71, G:G) -> 713.9 | H71: =SUMIF(B:B, E71, H:H) -> 479.56667 | I71: =SUM(G71:H71) -> 1193.4667
E72: Đường Láng | G72: =SUMIF(B:B, E72, G:G) -> 829.2 | H72: =SUMIF(B:B, E72, H:H) -> 701.63333 | I72: =SUM(G72:H72) -> 1530.8333
E73: Hàng Bông | G73: =SUMIF(B:B, E73, G:G) -> 852.95 | H73: =SUMIF(B:B, E73, H:H) -> 342.36667 | I73: =SUM(G73:H73) -> 1195.3167
E74: Tổng cộng | G74: =SUM(G63:G73) -> 8149.9667 | H74: =SUM(H63:H73) -> 5347.7833 | I74: =SUM(I63:I73) -> 13497.75

Sheet MiniKat - HN
A1: Người bán | B1: SL Party Smart | C1: SL KAT bán | D1: SL LadyCare bán | E1: SL AVC bán | F1: Doanh thu LadyCare | G1: Doanh thu AVC | H1: Thưởng KAT | I1: Thưởng Party | J1: Thưởng LadyCare | K1: Thưởng AVC | L1: Tổng Thưởng | N1: Chi nhánh | O1: SL KAT bán | P1: SL PARTY SMART bán | Q1: SL AVC bán | R1: Doanh thu LadyCare | S1: Doanh thu AVC | T1: Thưởng KAT Tổng | U1: Thưởng PS 180 hộp | V1: PS đầu 150 hộp | W1: Thưởng LadyCare | X1: Thưởng AVC | Y1: Tổng thưởng
A2: Hứa Thị Kim Thoa | B2: 4 | C2: 0 | D2: 1 | E2: 3 | F2: 179000 | G2: 485000 | H2: =IF(C2>=17, C2*30000, IF(C2>=15, C2*25000, 0)) -> 0 | I2: =IF(B2>=80, B2*6000, 0) -> 0 | J2: =IF(F2>7000000, F2*0.06, IF(F2>5000000, F2*0.04, 0)) -> 0 | K2: =IF(G2>9000000, E2*6000, IF(G2>7000000, E2*4000, 0)) -> 0 | L2: =H2+I2+J2+K2 -> 0 | N2: Đường Láng | O2: 7 | P2: 114 | Q2: 115 | R2: 4626000 | S2: 19647000 | T2: =IF(O2>=17, 300000, 0) -> 0 | U2: =IF(P2>=180, 300000, 0) -> 0 | V2: =IF(P2>=150, 150000, 0) -> 0 | W2: =IF(R2>30000000, 700000, IF(R2>22000000, 500000, 0)) -> 0 | X2: 0 | Y2: =T2+U2+V2+W2+X2 -> 0
A3: Lê Thị Soạn | B3: 60 | C3: 3 | D3: 9 | E3: 54 | F3: 1791000 | G3: 9127000 | H3: =IF(C3>=17, C3*30000, IF(C3>=15, C3*25000, 0)) -> 0 | I3: =IF(B3>=80, B3*6000, 0) -> 0 | J3: =IF(F3>7000000, F3*0.06, IF(F3>5000000, F3*0.04, 0)) -> 0 | K3: =IF(G3>9000000, E3*6000, IF(G3>7000000, E3*4000, 0)) -> 324000 | L3: =H3+I3+J3+K3 -> 324000 | N3: Hàng Bông | O3: 8 | P3: 18 | Q3: 23 | R3: 1194000 | S3: 3941500 | T3: =IF(O3>=17, 300000, 0) -> 0 | U3: =IF(P3>=180, 300000, 0) -> 0 | V3: =IF(P3>=150, 150000, 0) -> 0 | W3: =IF(R3>30000000, 700000, IF(R3>22000000, 500000, 0)) -> 0 | X3: 0 | Y3: =T3+U3+V3+W3+X3 -> 0
A4: Nguyễn Thị Mai Duyên | B4: 15 | C4: 4 | D4: 4 | E4: 6 | F4: 776000 | G4: 1020000 | H4: =IF(C4>=17, C4*30000, IF(C4>=15, C4*25000, 0)) -> 0 | I4: =IF(B4>=80, B4*6000, 0) -> 0 | J4: =IF(F4>7000000, F4*0.06, IF(F4>5000000, F4*0.04, 0)) -> 0 | K4: =IF(G4>9000000, E4*6000, IF(G4>7000000, E4*4000, 0)) -> 0 | L4: =H4+I4+J4+K4 -> 0
A5: Nguyễn Thị Tâm | B5: 24 | C5: 0 | D5: 8 | E5: 46 | F5: 1522000 | G5: 7745000 | H5: =IF(C5>=17, C5*30000, IF(C5>=15, C5*25000, 0)) -> 0 | I5: =IF(B5>=80, B5*6000, 0) -> 0 | J5: =IF(F5>7000000, F5*0.06, IF(F5>5000000, F5*0.04, 0)) -> 0 | K5: =IF(G5>9000000, E5*6000, IF(G5>7000000, E5*4000, 0)) -> 184000 | L5: =H5+I5+J5+K5 -> 184000
A6: Trần Ngọc Dung | B6: 11 | C6: 0 | D6: 2 | E6: 6 | F6: 358000 | G6: 1270000 | H6: =IF(C6>=17, C6*30000, IF(C6>=15, C6*25000, 0)) -> 0 | I6: =IF(B6>=80, B6*6000, 0) -> 0 | J6: =IF(F6>7000000, F6*0.06, IF(F6>5000000, F6*0.04, 0)) -> 0 | K6: =IF(G6>9000000, E6*6000, IF(G6>7000000, E6*4000, 0)) -> 0 | L6: =H6+I6+J6+K6 -> 0
A7: Đinh Thị Lan Anh | B7: 0 | C7: 2 | D7: 1 | E7: 6 | F7: 179000 | G7: 1020000 | H7: =IF(C7>=17, C7*30000, IF(C7>=15, C7*25000, 0)) -> 0 | I7: =IF(B7>=80, B7*6000, 0) -> 0 | J7: =IF(F7>7000000, F7*0.06, IF(F7>5000000, F7*0.04, 0)) -> 0 | K7: =IF(G7>9000000, E7*6000, IF(G7>7000000, E7*4000, 0)) -> 0 | L7: =H7+I7+J7+K7 -> 0
A8: Nguyễn Mạnh Tuấn | B8: 5 | C8: 0 | D8: 0 | E8: 8 | F8: 0 | G8: 1360000 | H8: =IF(C8>=17, C8*30000, IF(C8>=15, C8*25000, 0)) -> 0 | I8: =IF(B8>=80, B8*6000, 0) -> 0 | J8: =IF(F8>7000000, F8*0.06, IF(F8>5000000, F8*0.04, 0)) -> 0 | K8: =IF(G8>9000000, E8*6000, IF(G8>7000000, E8*4000, 0)) -> 0 | L8: =H8+I8+J8+K8 -> 0
A9: Vũ Thanh Hằng | B9: 3 | C9: 3 | D9: 3 | E9: 3 | F9: 597000 | G9: 535000 | H9: =IF(C9>=17, C9*30000, IF(C9>=15, C9*25000, 0)) -> 0 | I9: =IF(B9>=80, B9*6000, 0) -> 0 | J9: =IF(F9>7000000, F9*0.06, IF(F9>5000000, F9*0.04, 0)) -> 0 | K9: =IF(G9>9000000, E9*6000, IF(G9>7000000, E9*4000, 0)) -> 0 | L9: =H9+I9+J9+K9 -> 0
A10: Đinh Thị Khánh Ly | B10: 10 | C10: 3 | D10: 2 | E10: 6 | F10: 418000 | G10: 1026500 | H10: =IF(C10>=17, C10*30000, IF(C10>=15, C10*25000, 0)) -> 0 | I10: =IF(B10>=80, B10*6000, 0) -> 0 | J10: =IF(F10>7000000, F10*0.06, IF(F10>5000000, F10*0.04, 0)) -> 0 | K10: =IF(G10>9000000, E10*6000, IF(G10>7000000, E10*4000, 0)) -> 0 | L10: =H10+I10+J10+K10 -> 0
A11: Đỗ Thu Huệ | B11: 0 | C11: 0 | D11: 0 | E11: 0 | F11: 0 | G11: 0 | H11: =IF(C11>=17, C11*30000, IF(C11>=15, C11*25000, 0)) -> 0 | I11: =IF(B11>=80, B11*6000, 0) -> 0 | J11: =IF(F11>7000000, F11*0.06, IF(F11>5000000, F11*0.04, 0)) -> 0 | K11: =IF(G11>9000000, E11*6000, IF(G11>7000000, E11*4000, 0)) -> 0 | L11: =H11+I11+J11+K11 -> 0

Sheet MiniKat - HCM
A1: Người bán | B1: SL Party Smart | C1: SL KAT bán | D1: SL LadyCare bán | E1: Doanh thu LadyCare | F1: Doanh Thu KAT | G1: Thưởng KAT | H1: Thưởng Party | I1: Thưởng LadyCare | J1: Tổng Thưởng | M1: Chi nhánh | N1: SL KAT bán | O1: SL PARTY SMART bán | P1: Thưởng KAT Tổng | Q1: Thưởng PS 180 hộp | R1: PS đầu 150 hộp | S1: Doanh thu LadyCare | T1: Thưởng LadyCare | U1: Tổng thưởng
A2: Hồ Thị Minh Hòa | B2: 8 | C2: 9 | D2: 1 | E2: 179000 | F2: 547000 | G2: =IF(C2>=10, C2*30000, IF(C2>=7, C2*25000, 0)) -> 225000 | H2: =IF(B2>=80, B2*6000, 0) -> 0 | I2: =IF(E2>7000000, E2*0.06, IF(E2>5000000, E2*0.04, IF(E2>3000000, E2*0.03, 0))) -> 0 | J2: =G2+H2+I2 -> 225000 | M2: Trường Sa | N2: =SUM(C2:C8) -> 19 | O2: =SUM(B2:B8) -> 67 | P2: =IF(N2>=17, 300000, 0) -> 300000 | Q2: =IF(O2>=180, 300000, 0) -> 0 | R2: =IF(O2>=150, 150000, 0) -> 0 | S2: =SUM(E2:E8) -> 4714800 | T2: =IF(S2>30000000, 700000, IF(S2>22000000, 500000, IF(S2>15000000, 200000, 0))) -> 0 | U2: =P2+Q2+R2+T2 -> 300000
A3: Nguyễn Trần Ngọc Phương | B3: 8 | C3: 0 | D3: 6 | E3: 1044000 | F3: 0 | G3: =IF(C3>=10, C3*30000, IF(C3>=7, C3*25000, 0)) -> 0 | H3: =IF(B3>=80, B3*6000, 0) -> 0 | I3: =IF(E3>7000000, E3*0.06, IF(E3>5000000, E3*0.04, IF(E3>3000000, E3*0.03, 0))) -> 0 | J3: =G3+H3+I3 -> 0 | M3: Đỗ Quang Đẩu | N3: =SUM(C9:C15) -> 5 | O3: =SUM(B9:B15) -> 42 | P3: =IF(N3>=17, 300000, 0) -> 0 | Q3: =IF(O3>=180, 300000, 0) -> 0 | R3: =IF(O3>=150, 150000, 0) -> 0 | S3: =SUM(E9:E15) -> 686000 | T3: =IF(S3>30000000, 700000, IF(S3>22000000, 500000, IF(S3>15000000, 200000, 0))) -> 0 | U3: =P3+Q3+R3+T3 -> 0
A4: Nguyễn Ngọc Anh Thư | B4: 3 | C4: 2 | D4: 1 | E4: 149000 | F4: 960000 | G4: =IF(C4>=10, C4*30000, IF(C4>=7, C4*25000, 0)) -> 0 | H4: =IF(B4>=80, B4*6000, 0) -> 0 | I4: =IF(E4>7000000, E4*0.06, IF(E4>5000000, E4*0.04, IF(E4>3000000, E4*0.03, 0))) -> 0 | J4: =G4+H4+I4 -> 0 | M4: Minh Châu | N4: =SUM(C16:C21) -> 17 | O4: =SUM(B16:B21) -> 27 | P4: =IF(N4>=17, 300000, 0) -> 300000 | Q4: =IF(O4>=180, 300000, 0) -> 0 | R4: =IF(O4>=150, 150000, 0) -> 0 | S4: =SUM(E16:E21) -> 4954000 | T4: =IF(S4>30000000, 700000, IF(S4>22000000, 500000, IF(S4>15000000, 200000, 0))) -> 0 | U4: =P4+Q4+R4+T4 -> 300000
A5: Trịnh Thị Phượng | B5: 6 | C5: 6 | D5: 6 | E5: 984000 | F5: 2880000 | G5: =IF(C5>=10, C5*30000, IF(C5>=7, C5*25000, 0)) -> 0 | H5: =IF(B5>=80, B5*6000, 0) -> 0 | I5: =IF(E5>7000000, E5*0.06, IF(E5>5000000, E5*0.04, IF(E5>3000000, E5*0.03, 0))) -> 0 | J5: =G5+H5+I5 -> 0 | M5: Nam Hòa | N5: =SUM(C22:C28) -> 10 | O5: =SUM(B22:B28) -> 40 | P5: =IF(N5>=17, 300000, 0) -> 0 | Q5: =IF(O5>=180, 300000, 0) -> 0 | R5: =IF(O5>=150, 150000, 0) -> 0 | S5: =SUM(E22:E28) -> 3313000 | T5: =IF(S5>30000000, 700000, IF(S5>22000000, 500000, IF(S5>15000000, 200000, 0))) -> 0 | U5: =P5+Q5+R5+T5 -> 0
A6: Ngô Trần Tuyết Vy | B6: 8 | C6: 1 | D6: 1 | E6: 179000 | F6: 480000 | G6: =IF(C6>=10, C6*30000, IF(C6>=7, C6*25000, 0)) -> 0 | H6: =IF(B6>=80, B6*6000, 0) -> 0 | I6: =IF(E6>7000000, E6*0.06, IF(E6>5000000, E6*0.04, IF(E6>3000000, E6*0.03, 0))) -> 0 | J6: =G6+H6+I6 -> 0 | M6: Nguyễn Chí Thanh | N6: =SUM(C29:C34) -> 4 | O6: =SUM(B29:B34) -> 24 | P6: =IF(N6>=17, 300000, 0) -> 0 | Q6: =IF(O6>=180, 300000, 0) -> 0 | R6: =IF(O6>=150, 150000, 0) -> 0 | S6: =SUM(E29:E34) -> 1521000 | T6: =IF(S6>30000000, 700000, IF(S6>22000000, 500000, IF(S6>15000000, 200000, 0))) -> 0 | U6: =P6+Q6+R6+T6 -> 0
A7: Phạm Nguyễn Ngọc Quý | B7: 24 | C7: 0 | D7: 3 | E7: 537000 | F7: 0 | G7: =IF(C7>=10, C7*30000, IF(C7>=7, C7*25000, 0)) -> 0 | H7: =IF(B7>=80, B7*6000, 0) -> 0 | I7: =IF(E7>7000000, E7*0.06, IF(E7>5000000, E7*0.04, IF(E7>3000000, E7*0.03, 0))) -> 0 | J7: =G7+H7+I7 -> 0 | M7: Nguyễn Thị Thập | N7: =SUM(C35:C43) -> 27 | O7: =SUM(B35:B43) -> 106 | P7: =IF(N7>=17, 300000, 0) -> 300000 | Q7: =IF(O7>=180, 300000, 0) -> 0 | R7: =IF(O7>=150, 150000, 0) -> 0 | S7: =SUM(E35:E43) -> 3701000 | T7: =IF(S7>30000000, 700000, IF(S7>22000000, 500000, IF(S7>15000000, 200000, 0))) -> 0 | U7: =P7+Q7+R7+T7 -> 300000
A8: Trần Thị Kim Khánh | B8: 10 | C8: 1 | D8: 10 | E8: 1642800 | F8: 480000 | G8: =IF(C8>=10, C8*30000, IF(C8>=7, C8*25000, 0)) -> 0 | H8: =IF(B8>=80, B8*6000, 0) -> 0 | I8: =IF(E8>7000000, E8*0.06, IF(E8>5000000, E8*0.04, IF(E8>3000000, E8*0.03, 0))) -> 0 | J8: =G8+H8+I8 -> 0 | M8: Nguyễn Văn Quá | N8: =SUM(C44:C47) -> 9 | O8: =SUM(B44:B47) -> 73 | P8: =IF(N8>=17, 300000, 0) -> 0 | Q8: =IF(O8>=180, 300000, 0) -> 0 | R8: =IF(O8>=150, 150000, 0) -> 0 | S8: =SUM(E44:E47) -> 627000 | T8: =IF(S8>30000000, 700000, IF(S8>22000000, 500000, IF(S8>15000000, 200000, 0))) -> 0 | U8: =P8+Q8+R8+T8 -> 0
A9: Ngô Thị Thanh Thắm | B9: 7 | C9: 1 | D9: 1 | E9: 149000 | F9: 480000 | G9: =IF(C9>=10, C9*30000, IF(C9>=7, C9*25000, 0)) -> 0 | H9: =IF(B9>=80, B9*6000, 0) -> 0 | I9: =IF(E9>7000000, E9*0.06, IF(E9>5000000, E9*0.04, IF(E9>3000000, E9*0.03, 0))) -> 0 | J9: =G9+H9+I9 -> 0 | M9: Rạch Bùng Binh | N9: =SUM(C48:C53) -> 10 | O9: =SUM(B48:B53) -> 166 | P9: =IF(N9>=17, 300000, 0) -> 0 | Q9: =IF(O9>=180, 300000, 0) -> 0 | R9: =IF(O9>=150, 150000, 0) -> 150000 | S9: =SUM(E48:E53) -> 3432000 | T9: =IF(S9>30000000, 700000, IF(S9>22000000, 500000, IF(S9>15000000, 200000, 0))) -> 0 | U9: =P9+Q9+R9+T9 -> 150000
A10: Dương Thị Huỳnh Như | B10: 0 | C10: 0 | D10: 0 | E10: 0 | F10: 0 | G10: =IF(C10>=10, C10*30000, IF(C10>=7, C10*25000, 0)) -> 0 | H10: =IF(B10>=80, B10*6000, 0) -> 0 | I10: =IF(E10>7000000, E10*0.06, IF(E10>5000000, E10*0.04, IF(E10>3000000, E10*0.03, 0))) -> 0 | J10: =G10+H10+I10 -> 0 | M10: Lê Bình | N10: =SUM(C54:C61) -> 16 | O10: =SUM(B54:B61) -> 53 | P10: =IF(N10>=17, 300000, 0) -> 0 | Q10: =IF(O10>=180, 300000, 0) -> 0 | R10: =IF(O10>=150, 150000, 0) -> 0 | S10: =SUM(E54:E61) -> 2237000 | T10: =IF(S10>30000000, 700000, IF(S10>22000000, 500000, IF(S10>15000000, 200000, 0))) -> 0 | U10: =P10+Q10+R10+T10 -> 0
A11: Phạm Thị Nghĩa Hương | B11: 3 | C11: 0 | D11: 1 | E11: 179000 | F11: 0 | G11: =IF(C11>=10, C11*30000, IF(C11>=7, C11*25000, 0)) -> 0 | H11: =IF(B11>=80, B11*6000, 0) -> 0 | I11: =IF(E11>7000000, E11*0.06, IF(E11>5000000, E11*0.04, IF(E11>3000000, E11*0.03, 0))) -> 0 | J11: =G11+H11+I11 -> 0 | M11: Tổng cộng | N11: =SUM(N2:N10) -> 117 | O11: =SUM(O2:O10) -> 598 | P11: =SUM(P2:P10) -> 900000 | Q11: =SUM(Q2:Q10) -> 0 | R11: =SUM(R2:R10) -> 150000 | S11: =SUM(S2:S10) -> 25185800 | T11: =SUM(T2:T10) -> 0 | U11: =SUM(U2:U10) -> 1050000
A12: Trần Thiên Phát | B12: 8 | C12: 0 | D12: 0 | E12: 0 | F12: 0 | G12: =IF(C12>=10, C12*30000, IF(C12>=7, C12*25000, 0)) -> 0 | H12: =IF(B12>=80, B12*6000, 0) -> 0 | I12: =IF(E12>7000000, E12*0.06, IF(E12>5000000, E12*0.04, IF(E12>3000000, E12*0.03, 0))) -> 0 | J12: =G12+H12+I12 -> 0
A13: Hoàng Lâm Gia Bảo | B13: 6 | C13: 4 | D13: 1 | E13: 179000 | F13: 1920000 | G13: =IF(C13>=10, C13*30000, IF(C13>=7, C13*25000, 0)) -> 0 | H13: =IF(B13>=80, B13*6000, 0) -> 0 | I13: =IF(E13>7000000, E13*0.06, IF(E13>5000000, E13*0.04, IF(E13>3000000, E13*0.03, 0))) -> 0 | J13: =G13+H13+I13 -> 0
A14: Hoàng Thanh Thủy | B14: 7 | C14: 0 | D14: 1 | E14: 179000 | F14: 0 | G14: =IF(C14>=10, C14*30000, IF(C14>=7, C14*25000, 0)) -> 0 | H14: =IF(B14>=80, B14*6000, 0) -> 0 | I14: =IF(E14>7000000, E14*0.06, IF(E14>5000000, E14*0.04, IF(E14>3000000, E14*0.03, 0))) -> 0 | J14: =G14+H14+I14 -> 0
A15: Lê Thị Huyền Trân | B15: 11 | C15: 0 | D15: 0 | E15: 0 | F15: 0 | G15: =IF(C15>=10, C15*30000, IF(C15>=7, C15*25000, 0)) -> 0 | H15: =IF(B15>=80, B15*6000, 0) -> 0 | I15: =IF(E15>7000000, E15*0.06, IF(E15>5000000, E15*0.04, IF(E15>3000000, E15*0.03, 0))) -> 0 | J15: =G15+H15+I15 -> 0
A16: Thái Thùy Linh | B16: 3 | C16: 2 | D16: 3 | E16: 567000 | F16: 960000 | G16: =IF(C16>=10, C16*30000, IF(C16>=7, C16*25000, 0)) -> 0 | H16: =IF(B16>=80, B16*6000, 0) -> 0 | I16: =IF(E16>7000000, E16*0.06, IF(E16>5000000, E16*0.04, IF(E16>3000000, E16*0.03, 0))) -> 0 | J16: =G16+H16+I16 -> 0
A17: Trịnh Thị Phượng | B17: 6 | C17: 6 | D17: 6 | E17: 984000 | F17: 2880000 | G17: =IF(C17>=10, C17*30000, IF(C17>=7, C17*25000, 0)) -> 0 | H17: =IF(B17>=80, B17*6000, 0) -> 0 | I17: =IF(E17>7000000, E17*0.06, IF(E17>5000000, E17*0.04, IF(E17>3000000, E17*0.03, 0))) -> 0 | J17: =G17+H17+I17 -> 0
A18: Phan Công Vũ Tài | B18: 11 | C18: 4 | D18: 11 | E18: 2179000 | F18: 1920000 | G18: =IF(C18>=10, C18*30000, IF(C18>=7, C18*25000, 0)) -> 0 | H18: =IF(B18>=80, B18*6000, 0) -> 0 | I18: =IF(E18>7000000, E18*0.06, IF(E18>5000000, E18*0.04, IF(E18>3000000, E18*0.03, 0))) -> 0 | J18: =G18+H18+I18 -> 0
A19: Đoàn Quốc Tâm | B19: 6 | C19: 5 | D19: 5 | E19: 1015000 | F19: 2400000 | G19: =IF(C19>=10, C19*30000, IF(C19>=7, C19*25000, 0)) -> 0 | H19: =IF(B19>=80, B19*6000, 0) -> 0 | I19: =IF(E19>7000000, E19*0.06, IF(E19>5000000, E19*0.04, IF(E19>3000000, E19*0.03, 0))) -> 0 | J19: =G19+H19+I19 -> 0
A20: Nguyễn Ngọc Thùy | B20: 1 | C20: 0 | D20: 1 | E20: 209000 | F20: 0 | G20: =IF(C20>=10, C20*30000, IF(C20>=7, C20*25000, 0)) -> 0 | H20: =IF(B20>=80, B20*6000, 0) -> 0 | I20: =IF(E20>7000000, E20*0.06, IF(E20>5000000, E20*0.04, IF(E20>3000000, E20*0.03, 0))) -> 0 | J20: =G20+H20+I20 -> 0
A21: Dương Thị Huỳnh Như | B21: 0 | C21: 0 | D21: 0 | E21: 0 | F21: 0 | G21: =IF(C21>=10, C21*30000, IF(C21>=7, C21*25000, 0)) -> 0 | H21: =IF(B21>=80, B21*6000, 0) -> 0 | I21: =IF(E21>7000000, E21*0.06, IF(E21>5000000, E21*0.04, IF(E21>3000000, E21*0.03, 0))) -> 0 | J21: =G21+H21+I21 -> 0
A22: Trần Thị Ánh Nguyệt | B22: 12 | C22: 1 | D22: 4 | E22: 746000 | F22: 480000 | G22: =IF(C22>=10, C22*30000, IF(C22>=7, C22*25000, 0)) -> 0 | H22: =IF(B22>=80, B22*6000, 0) -> 0 | I22: =IF(E22>7000000, E22*0.06, IF(E22>5000000, E22*0.04, IF(E22>3000000, E22*0.03, 0))) -> 0 | J22: =G22+H22+I22 -> 0
A23: Đỗ Thị Kim Tiến | B23: 8 | C23: 0 | D23: 1 | E23: 209000 | F23: 0 | G23: =IF(C23>=10, C23*30000, IF(C23>=7, C23*25000, 0)) -> 0 | H23: =IF(B23>=80, B23*6000, 0) -> 0 | I23: =IF(E23>7000000, E23*0.06, IF(E23>5000000, E23*0.04, IF(E23>3000000, E23*0.03, 0))) -> 0 | J23: =G23+H23+I23 -> 0
... A61: Trần Thị Phương Thùy | B61: 0 | C61: 0 | D61: 0 | E61: 0 | F61: 0 | G61: =IF(C61>=10, C61*30000, IF(C61>=7, C61*25000, 0)) -> 0 | H61: =IF(B61>=80, B61*6000, 0) -> 0 | I61: =IF(E61>7000000, E61*0.06, IF(E61>5000000, E61*0.04, IF(E61>3000000, E61*0.03, 0))) -> 0 | J61: =G61+H61+I61 -> 0

Sheet whatsapp
A1: Whatsapp - Người bán | B1: Doanh thu | C1: Hệ số thưởng | D1: Thưởng | F1: Ứng dụng nhắn tin Whatsapp
A2: Hồ Thị Minh Hòa | B2: 0 | C2: 0.015 | D2: =B2*C2 -> 0
A3: Nguyễn Trần Ngọc Phương | B3: 0 | C3: 0.015 | D3: =B3*C3 -> 0
A4: Nguyễn Ngọc Anh Thư | B4: 0 | C4: 0.015 | D4: =B4*C4 -> 0
A5: Trịnh Thị Phượng | B5: 0 | C5: 0.015 | D5: =B5*C5 -> 0
A6: Ngô Trần Tuyết Vy | B6: 0 | C6: 0.015 | D6: =B6*C6 -> 0
A7: Phạm Nguyễn Ngọc Quý | B7: 0 | C7: 0.015 | D7: =B7*C7 -> 0
A8: Trần Thị Kim Khánh | B8: 0 | C8: 0.015 | D8: =B8*C8 -> 0
A9: Ngô Thị Thanh Thắm | B9: 67046300 | C9: 0.04 | D9: =B9*C9 -> 2681852
A10: Dương Thị Huỳnh Như | B10: 0 | C10: 0.015 | D10: =B10*C10 -> 0
A11: Phạm Thị Nghĩa Hương | B11: 8501100 | C11: 0.04 | D11: =B11*C11 -> 340044
A12: Trần Thiên Phát | B12: 9377800 | C12: 0.04 | D12: =B12*C12 -> 375112
A13: Hoàng Lâm Gia Bảo | B13: 0 | C13: 0.015 | D13: =B13*C13 -> 0
... A71: Đỗ Thu Huệ | B71: 0 | C71: 0.015 | D71: =B71*C71 -> 0

Sheet Cận date
A1: Chi nhánh | B1: Tên nhân viên | C1: Thưởng cận Date | H1: Tên nhân viên | I1: Doanh thu cận date | J1: Thưởng cận date
A2: Trường Sa | B2: Hồ Thị Minh Hòa | C2: =IFERROR(INDEX(J:J, MATCH(B2, H:H, 0)), 0) -> 0 | H2: Hồ Thị Minh Hòa | I2: 0 | J2: =ROUND(I2*5%, 0) -> 0
A3: Trường Sa | B3: Nguyễn Trần Ngọc Phương | C3: =IFERROR(INDEX(J:J, MATCH(B3, H:H, 0)), 0) -> 6601 | H3: Nguyễn Trần Ngọc Phương | I3: 132013 | J3: =ROUND(I3*5%, 0) -> 6601
A4: Trường Sa | B4: Nguyễn Ngọc Anh Thư | C4: =IFERROR(INDEX(J:J, MATCH(B4, H:H, 0)), 0) -> 7700 | H4: Nguyễn Ngọc Anh Thư | I4: 154000 | J4: =ROUND(I4*5%, 0) -> 7700
A5: Trường Sa | B5: Trịnh Thị Phượng | C5: =IFERROR(INDEX(J:J, MATCH(B5, H:H, 0)), 0) -> 11205 | H5: Trịnh Thị Phượng | I5: 224100 | J5: =ROUND(I5*5%, 0) -> 11205
A6: Trường Sa | B6: Ngô Trần Tuyết Vy | C6: =IFERROR(INDEX(J:J, MATCH(B6, H:H, 0)), 0) -> 0 | H6: Ngô Trần Tuyết Vy | I6: 0 | J6: =ROUND(I6*5%, 0) -> 0
A7: Trường Sa | B7: Phạm Nguyễn Ngọc Quý | C7: =IFERROR(INDEX(J:J, MATCH(B7, H:H, 0)), 0) -> 18300 | H7: Phạm Nguyễn Ngọc Quý | I7: 366000 | J7: =ROUND(I7*5%, 0) -> 18300
A8: Trường Sa | B8: Trần Thị Kim Khánh | C8: =IFERROR(INDEX(J:J, MATCH(B8, H:H, 0)), 0) -> 46851 | H8: Trần Thị Kim Khánh | I8: 937027 | J8: =ROUND(I8*5%, 0) -> 46851
A9: Đỗ Quang Đẩu | B9: Ngô Thị Thanh Thắm | C9: =IFERROR(INDEX(J:J, MATCH(B9, H:H, 0)), 0) -> 14067 | H9: Ngô Thị Thanh Thắm | I9: 281343 | J9: =ROUND(I9*5%, 0) -> 14067
A10: Đỗ Quang Đẩu | B10: Dương Thị Huỳnh Như | C10: =IFERROR(INDEX(J:J, MATCH(B10, H:H, 0)), 0) -> 0 | H10: Dương Thị Huỳnh Như | I10: 0 | J10: =ROUND(I10*5%, 0) -> 0
A11: Đỗ Quang Đẩu | B11: Phạm Thị Nghĩa Hương | C11: =IFERROR(INDEX(J:J, MATCH(B11, H:H, 0)), 0) -> 7550 | H11: Phạm Thị Nghĩa Hương | I11: 151000 | J11: =ROUND(I11*5%, 0) -> 7550
A12: Đỗ Quang Đẩu | B12: Trần Thiên Phát | C12: =IFERROR(INDEX(J:J, MATCH(B12, H:H, 0)), 0) -> 4035 | H12: Trần Thiên Phát | I12: 80700 | J12: =ROUND(I12*5%, 0) -> 4035
A13: Đỗ Quang Đẩu | B13: Hoàng Lâm Gia Bảo | C13: =IFERROR(INDEX(J:J, MATCH(B13, H:H, 0)), 0) -> 0 | H13: Hoàng Lâm Gia Bảo | I13: 0 | J13: =ROUND(I13*5%, 0) -> 0
... A71: Hàng Bông | B71: Đỗ Thu Huệ | C71: =IFERROR(INDEX(J:J, MATCH(B71, H:H, 0)), 0) -> 0 | H71: Đỗ Thu Huệ | I71: 0 | J71: =ROUND(I71*5%, 0) -> 0

Sheet KPI
A1: Chi nhánh | B1: Tên nhân viên | C1: Thưởng KPI | H1: Tên nhân viên | I1: KPI | J1: Doanh thu thực | K1: % KPI | L1: Thưởng KPI
A2: Hàng Bông | B2: Đinh Thị Lan Anh | C2: =IFERROR(INDEX(L:L, MATCH(B2, H:H, 0)), 0) -> 4056950 | H2: Đinh Thị Lan Anh | I2: 8800000 | J2: 4324262 | K2: 0.80021367 | L2: 4056950
A3: Hàng Bông | B3: Vũ Thanh Hằng | C3: =IFERROR(INDEX(L:L, MATCH(B3, H:H, 0)), 0) -> 4463159 | H3: Vũ Thanh Hằng | I3: 11300000 | J3: 11074837 | K3: 0.98091413 | L3: 4463159
A4: Hàng Bông | B4: Nguyễn Mạnh Tuấn | C4: =IFERROR(INDEX(L:L, MATCH(B4, H:H, 0)), 0) -> 0 | H4: Nguyễn Mạnh Tuấn | I4: 9700000 | J4: 6854215 | K4: 0.7082689 | L4: 0
A5: Hàng Bông | B5: Đinh Thị Khánh Ly | C5: =IFERROR(INDEX(L:L, MATCH(B5, H:H, 0)), 0) -> 4243442 | H5: Đinh Thị Khánh Ly | I5: 11300000 | J5: 10529633 | K5: 0.93262461 | L5: 4243442
A6: Đường Láng | B6: Hứa Thị Kim Thoa | C6: =IFERROR(INDEX(L:L, MATCH(B6, H:H, 0)), 0) -> 3251929 | H6: Hứa Thị Kim Thoa | I6: 3900000 | J6: 1000548 | K6: 0.80231174 | L6: 3251929
A7: Đường Láng | B7: Lê Thị Soạn | C7: =IFERROR(INDEX(L:L, MATCH(B7, H:H, 0)), 0) -> 1926300 | H7: Lê Thị Soạn | I7: 7500000 | J7: 6213872 | K7: 0.83752189 | L7: 1926300
A8: Đường Láng | B8: Nguyễn Thị Tâm | C8: =IFERROR(INDEX(L:L, MATCH(B8, H:H, 0)), 0) -> 2079796 | H8: Nguyễn Thị Tâm | I8: 6500000 | J8: 6099109 | K8: 0.94536193 | L8: 2079796
A9: Đường Láng | B9: Nguyễn Thị Mai Duyên | C9: =IFERROR(INDEX(L:L, MATCH(B9, H:H, 0)), 0) -> 2293837 | H9: Nguyễn Thị Mai Duyên | I9: 7500000 | J9: 6726794 | K9: 0.90665478 | L9: 2293837
A10: Đường Láng | B10: Trần Ngọc Dung | C10: =IFERROR(INDEX(L:L, MATCH(B10, H:H, 0)), 0) -> 1979598 | H10: Trần Ngọc Dung | I10: 6500000 | J10: 5321499 | K10: 0.8248324 | L10: 1979598
A11: Trường Sa | B11: Nguyễn Trần Ngọc Phương | C11: =IFERROR(INDEX(L:L, MATCH(B11, H:H, 0)), 0) -> 0 | H11: Nguyễn Trần Ngọc Phương | I11: 3600000 | J11: 2030810 | K11: 0.7196839 | L11: 0
A12: Trường Sa | B12: Phạm Nguyễn Ngọc Quý | C12: =IFERROR(INDEX(L:L, MATCH(B12, H:H, 0)), 0) -> 0 | H12: Phạm Nguyễn Ngọc Quý | I12: 3800000 | J12: 2338182 | K12: 0.63029261 | L12: 0
A13: Trường Sa | B13: Nguyễn Ngọc Anh Thư | C13: =IFERROR(INDEX(L:L, MATCH(B13, H:H, 0)), 0) -> 0 | H13: Nguyễn Ngọc Anh Thư | I13: 3100000 | J13: 920963 | K13: 0.30052475 | L13: 0
... A54: Lê Bình | B54: Trần Thị Phương Thùy | C54: =IFERROR(INDEX(L:L, MATCH(B54, H:H, 0)), 0) -> 0 | H54: Trần Thị Phương Thùy | I54: 1800000 | J54: 0 | K54: 0 | L54: 0

Sheet Thưởng CK
A1: Chi nhánh | B1: Tên nhân viên | C1: Total thưởng | D1: Hệ số thưởng | E1: Thưởng CK - Nghĩa điền | H1: Tên nhân viên | I1: Total thưởng | J1: Hệ số | K1: Dự án | L1: Hệ số thưởng HH
A2: Hàng Bông | B2: Đinh Thị Lan Anh | C2: =E2*D2 -> 5423800 | D2: =IFERROR(INDEX(L:L, MATCH(B2, H:H, 0)), 1) -> 1 | E2: 5423800 | H2: Đinh Thị Lan Anh | I2: =IFERROR(INDEX(C:C, MATCH(H2, B:B, 0)), 0) -> 5423800 | J2: 1 | K2: =IFERROR(INDEX('Dự án'!$I:$I, MATCH(H2, 'Dự án'!$H:$H, 0)), 0) -> 650000 | L2: =IF(AND(J2=0.8, K2=0), 0.9, 1) -> 1
A3: Hàng Bông | B3: Vũ Thanh Hằng | C3: =E3*D3 -> 6838500 | D3: =IFERROR(INDEX(L:L, MATCH(B3, H:H, 0)), 1) -> 1 | E3: 6838500 | H3: Vũ Thanh Hằng | I3: =IFERROR(INDEX(C:C, MATCH(H3, B:B, 0)), 0) -> 6838500 | J3: 1 | K3: =IFERROR(INDEX('Dự án'!$I:$I, MATCH(H3, 'Dự án'!$H:$H, 0)), 0) -> 2150000 | L3: =IF(AND(J3=0.8, K3=0), 0.9, 1) -> 1
A4: Hàng Bông | B4: Nguyễn Mạnh Tuấn | C4: =E4*D4 -> 4697300 | D4: =IFERROR(INDEX(L:L, MATCH(B4, H:H, 0)), 1) -> 1 | E4: 4697300 | H4: Nguyễn Mạnh Tuấn | I4: =IFERROR(INDEX(C:C, MATCH(H4, B:B, 0)), 0) -> 4697300 | J4: 1 | K4: =IFERROR(INDEX('Dự án'!$I:$I, MATCH(H4, 'Dự án'!$H:$H, 0)), 0) -> 100000 | L4: =IF(AND(J4=0.8, K4=0), 0.9, 1) -> 1
A5: Hàng Bông | B5: Đinh Thị Khánh Ly | C5: =E5*D5 -> 7370500 | D5: =IFERROR(INDEX(L:L, MATCH(B5, H:H, 0)), 1) -> 1 | E5: 7370500 | H5: Đinh Thị Khánh Ly | I5: =IFERROR(INDEX(C:C, MATCH(H5, B:B, 0)), 0) -> 7370500 | J5: 1 | K5: =IFERROR(INDEX('Dự án'!$I:$I, MATCH(H5, 'Dự án'!$H:$H, 0)), 0) -> 950000 | L5: =IF(AND(J5=0.8, K5=0), 0.9, 1) -> 1
A6: Đường Láng | B6: Hứa Thị Kim Thoa | C6: =E6*D6 -> 472750 | D6: =IFERROR(INDEX(L:L, MATCH(B6, H:H, 0)), 1) -> 1 | E6: 472750 | H6: Hứa Thị Kim Thoa | I6: =IFERROR(INDEX(C:C, MATCH(H6, B:B, 0)), 0) -> 472750 | J6: 1 | K6: =IFERROR(INDEX('Dự án'!$I:$I, MATCH(H6, 'Dự án'!$H:$H, 0)), 0) -> 0 | L6: =IF(AND(J6=0.8, K6=0), 0.9, 1) -> 1
A7: Đường Láng | B7: Lê Thị Soạn | C7: =E7*D7 -> 6729100 | D7: =IFERROR(INDEX(L:L, MATCH(B7, H:H, 0)), 1) -> 1 | E7: 6729100 | H7: Lê Thị Soạn | I7: =IFERROR(INDEX(C:C, MATCH(H7, B:B, 0)), 0) -> 6729100 | J7: 1 | K7: =IFERROR(INDEX('Dự án'!$I:$I, MATCH(H7, 'Dự án'!$H:$H, 0)), 0) -> 1650000 | L7: =IF(AND(J7=0.8, K7=0), 0.9, 1) -> 1
A8: Đường Láng | B8: Nguyễn Thị Tâm | C8: =E8*D8 -> 5186750 | D8: =IFERROR(INDEX(L:L, MATCH(B8, H:H, 0)), 1) -> 1 | E8: 5186750 | H8: Nguyễn Thị Tâm | I8: =IFERROR(INDEX(C:C, MATCH(H8, B:B, 0)), 0) -> 5186750 | J8: 1 | K8: =IFERROR(INDEX('Dự án'!$I:$I, MATCH(H8, 'Dự án'!$H:$H, 0)), 0) -> 1150000 | L8: =IF(AND(J8=0.8, K8=0), 0.9, 1) -> 1
A9: Đường Láng | B9: Nguyễn Thị Mai Duyên | C9: =E9*D9 -> 4555900 | D9: =IFERROR(INDEX(L:L, MATCH(B9, H:H, 0)), 1) -> 1 | E9: 4555900 | H9: Nguyễn Thị Mai Duyên | I9: =IFERROR(INDEX(C:C, MATCH(H9, B:B, 0)), 0) -> 4555900 | J9: 1 | K9: =IFERROR(INDEX('Dự án'!$I:$I, MATCH(H9, 'Dự án'!$H:$H, 0)), 0) -> 1550000 | L9: =IF(AND(J9=0.8, K9=0), 0.9, 1) -> 1
A10: Đường Láng | B10: Trần Ngọc Dung | C10: =E10*D10 -> 1520650 | D10: =IFERROR(INDEX(L:L, MATCH(B10, H:H, 0)), 1) -> 1 | E10: 1520650 | H10: Trần Ngọc Dung | I10: =IFERROR(INDEX(C:C, MATCH(H10, B:B, 0)), 0) -> 1520650 | J10: 1 | K10: =IFERROR(INDEX('Dự án'!$I:$I, MATCH(H10, 'Dự án'!$H:$H, 0)), 0) -> 0 | L10: =IF(AND(J10=0.8, K10=0), 0.9, 1) -> 1
A11: Trường Sa | B11: Nguyễn Trần Ngọc Phương | C11: =E11*D11 -> 1280200 | D11: =IFERROR(INDEX(L:L, MATCH(B11, H:H, 0)), 1) -> 1 | E11: 1280200 | H11: Nguyễn Trần Ngọc Phương | I11: =IFERROR(INDEX(C:C, MATCH(H11, B:B, 0)), 0) -> 1280200 | J11: 1 | K11: =IFERROR(INDEX('Dự án'!$I:$I, MATCH(H11, 'Dự án'!$H:$H, 0)), 0) -> 0 | L11: =IF(AND(J11=0.8, K11=0), 0.9, 1) -> 1
A12: Trường Sa | B12: Phạm Nguyễn Ngọc Quý | C12: =E12*D12 -> 1686900 | D12: =IFERROR(INDEX(L:L, MATCH(B12, H:H, 0)), 1) -> 1 | E12: 1686900 | H12: Phạm Nguyễn Ngọc Quý | I12: =IFERROR(INDEX(C:C, MATCH(H12, B:B, 0)), 0) -> 1686900 | J12: 1 | K12: =IFERROR(INDEX('Dự án'!$I:$I, MATCH(H12, 'Dự án'!$H:$H, 0)), 0) -> 0 | L12: =IF(AND(J12=0.8, K12=0), 0.9, 1) -> 1
A13: Trường Sa | B13: Nguyễn Ngọc Anh Thư | C13: =E13*D13 -> 579960 | D13: =IFERROR(INDEX(L:L, MATCH(B13, H:H, 0)), 1) -> 0.9 | E13: 644400 | H13: Nguyễn Ngọc Anh Thư | I13: =IFERROR(INDEX(C:C, MATCH(H13, B:B, 0)), 0) -> 579960 | J13: 0.8 | K13: =IFERROR(INDEX('Dự án'!$I:$I, MATCH(H13, 'Dự án'!$H:$H, 0)), 0) -> 0 | L13: =IF(AND(J13=0.8, K13=0), 0.9, 1) -> 0.9
... A52: Lê Bình | B52: Hoàng Lâm Gia Bảo | C52: =E52*D52 -> 1187050 | D52: =IFERROR(INDEX(L:L, MATCH(B52, H:H, 0)), 1) -> 1 | E52: 1187050 | H52: Hoàng Lâm Gia Bảo | I52: =IFERROR(INDEX(C:C, MATCH(H52, B:B, 0)), 0) -> 1187050 | J52: 1 | K52: =IFERROR(INDEX('Dự án'!$I:$I, MATCH(H52, 'Dự án'!$H:$H, 0)), 0) -> 0 | L52: =IF(AND(J52=0.8, K52=0), 0.9, 1) -> 1

Sheet Dự án
A1: Chi nhánh | B1: Tên nhân viên | C1: Dự án CK - 2M | H1: Nhân viên | I1: Total thưởng | J1: Hệ số | K1: Dự án | L1: Hệ số App
A2: Hàng Bông | B2: Đinh Thị Lan Anh | C2: =IFERROR(INDEX(I:I, MATCH(B2, H:H, 0)), 0) -> 650000 | H2: Đinh Thị Lan Anh | I2: 650000 | J2: 1 | K2: 500000 | L2: 1
A3: Hàng Bông | B3: Vũ Thanh Hằng | C3: =IFERROR(INDEX(I:I, MATCH(B3, H:H, 0)), 0) -> 2150000 | H3: Vũ Thanh Hằng | I3: 2150000 | J3: 1 | K3: 1000000 | L3: 1
A4: Hàng Bông | B4: Nguyễn Mạnh Tuấn | C4: =IFERROR(INDEX(I:I, MATCH(B4, H:H, 0)), 0) -> 100000 | H4: Nguyễn Mạnh Tuấn | I4: 100000 | J4: 1 | K4: 0 | L4: 1
A5: Hàng Bông | B5: Đinh Thị Khánh Ly | C5: =IFERROR(INDEX(I:I, MATCH(B5, H:H, 0)), 0) -> 950000 | H5: Đinh Thị Khánh Ly | I5: 950000 | J5: 1 | K5: 500000 | L5: 1
A6: Đường Láng | B6: Hứa Thị Kim Thoa | C6: =IFERROR(INDEX(I:I, MATCH(B6, H:H, 0)), 0) -> 0 | H6: Hứa Thị Kim Thoa | I6: 0 | J6: 1 | K6: 0 | L6: 1
A7: Đường Láng | B7: Lê Thị Soạn | C7: =IFERROR(INDEX(I:I, MATCH(B7, H:H, 0)), 0) -> 1650000 | H7: Lê Thị Soạn | I7: 1650000 | J7: 1 | K7: 1600000 | L7: 1
A8: Đường Láng | B8: Nguyễn Thị Tâm | C8: =IFERROR(INDEX(I:I, MATCH(B8, H:H, 0)), 0) -> 1150000 | H8: Nguyễn Thị Tâm | I8: 1150000 | J8: 1 | K8: 1000000 | L8: 1
A9: Đường Láng | B9: Nguyễn Thị Mai Duyên | C9: =IFERROR(INDEX(I:I, MATCH(B9, H:H, 0)), 0) -> 1550000 | H9: Nguyễn Thị Mai Duyên | I9: 1550000 | J9: 1 | K9: 1000000 | L9: 1
A10: Đường Láng | B10: Trần Ngọc Dung | C10: =IFERROR(INDEX(I:I, MATCH(B10, H:H, 0)), 0) -> 0 | H10: Trần Ngọc Dung | I10: 0 | J10: 1 | K10: 0 | L10: 1
A11: Trường Sa | B11: Nguyễn Trần Ngọc Phương | C11: =IFERROR(INDEX(I:I, MATCH(B11, H:H, 0)), 0) -> 0 | H11: Nguyễn Trần Ngọc Phương | I11: 0 | J11: 1 | K11: 0 | L11: 1
A12: Trường Sa | B12: Phạm Nguyễn Ngọc Quý | C12: =IFERROR(INDEX(I:I, MATCH(B12, H:H, 0)), 0) -> 0 | H12: Phạm Nguyễn Ngọc Quý | I12: 0 | J12: 1 | K12: 0 | L12: 1
A13: Trường Sa | B13: Nguyễn Ngọc Anh Thư | C13: =IFERROR(INDEX(I:I, MATCH(B13, H:H, 0)), 0) -> 0 | H13: Nguyễn Ngọc Anh Thư | I13: 0 | J13: 0.8 | K13: 0 | L13: 1
... A52: Lê Bình | B52: Hoàng Lâm Gia Bảo | C52: =IFERROR(INDEX(I:I, MATCH(B52, H:H, 0)), 0) -> 0 | H52: Hoàng Lâm Gia Bảo | I52: 0 | J52: 1 | K52: 0 | L52: 1

Sheet Giờ công
A1: Chi nhánh | B1: Tên nhân viên | C1: Tên ca | D1: Mỗi ca | E1: Quy đổi | G1: Chi nhánh | H1: Tên nhân viên | I1: Sáng | J1: Đêm | K1: Tổng | N1: Tên chi nhánh | O1: Số giờ theo chi nhánh
A2: Đỗ Quang Đẩu | B2: Phạm Thị Nghĩa Hương | C2: - | D2: 8h0p | E2: =IF(ISNUMBER(SEARCH("h",D2)), LEFT(D2,SEARCH("h",D2)-1) + MID(D2,SEARCH("h",D2)+1,SEARCH("p",D2)-SEARCH("h",D2)-1)/60, D2) -> 8 | G2: Trường Sa | H2: Nguyễn Trần Ngọc Phương | I2: =SUMIFS(E:E, B:B, H2, C:C, "<>-") - J2 -> 196.63333 | J2: =SUMIFS(E:E, B:B, H2, C:C, "*qua đêm*") -> 28.383333 | K2: =I2+J2 -> 225.01667
A3: Đỗ Quang Đẩu | B3: Phạm Thị Nghĩa Hương | C3: Ca Đêm(22:00 - 06:00)(ca qua đêm) | D3: 230h16p | E3: =IF(ISNUMBER(SEARCH("h",D3)), LEFT(D3,SEARCH("h",D3)-1) + MID(D3,SEARCH("h",D3)+1,SEARCH("p",D3)-SEARCH("h",D3)-1)/60, D3) -> 230.26667 | G3: Trường Sa | H3: Nguyễn Ngọc Anh Thư | I3: =SUMIFS(E:E, B:B, H3, C:C, "<>-") - J3 -> 18.983333 | J3: =SUMIFS(E:E, B:B, H3, C:C, "*qua đêm*") -> 219.5 | K3: =I3+J3 -> 238.48333
A4: Đỗ Quang Đẩu | B4: Phạm Thị Nghĩa Hương | C4: Tăng ca 3(06:00 - 10:00) | D4: 3h1p | E4: =IF(ISNUMBER(SEARCH("h",D4)), LEFT(D4,SEARCH("h",D4)-1) + MID(D4,SEARCH("h",D4)+1,SEARCH("p",D4)-SEARCH("h",D4)-1)/60, D4) -> 3.0166667 | G4: Trường Sa | H4: Ngô Trần Tuyết Vy | I4: =SUMIFS(E:E, B:B, H4, C:C, "<>-") - J4 -> 66.25 | J4: =SUMIFS(E:E, B:B, H4, C:C, "*qua đêm*") -> 23.116667 | K4: =I4+J4 -> 89.366667
A5: Đỗ Quang Đẩu | B5: Trần Thiên Phát | C5: - | D5: 8h0p | E5: =IF(ISNUMBER(SEARCH("h",D5)), LEFT(D5,SEARCH("h",D5)-1) + MID(D5,SEARCH("h",D5)+1,SEARCH("p",D5)-SEARCH("h",D5)-1)/60, D5) -> 8 | G5: Trường Sa | H5: Phạm Nguyễn Ngọc Quý | I5: =SUMIFS(E:E, B:B, H5, C:C, "<>-") - J5 -> 172.95 | J5: =SUMIFS(E:E, B:B, H5, C:C, "*qua đêm*") -> 24.066667 | K5: =I5+J5 -> 197.01667
A6: Đỗ Quang Đẩu | B6: Trần Thiên Phát | C6: Ca Đêm(22:00 - 06:00)(ca qua đêm) | D6: 245h26p | E6: =IF(ISNUMBER(SEARCH("h",D6)), LEFT(D6,SEARCH("h",D6)-1) + MID(D6,SEARCH("h",D6)+1,SEARCH("p",D6)-SEARCH("h",D6)-1)/60, D6) -> 245.43333 | G6: Trường Sa | H6: Trần Thị Kim Khánh | I6: =SUMIFS(E:E, B:B, H6, C:C, "<>-") - J6 -> 245.45 | J6: =SUMIFS(E:E, B:B, H6, C:C, "*qua đêm*") -> 31.433333 | K6: =I6+J6 -> 276.88333
A7: Đỗ Quang Đẩu | B7: Ngô Thị Thanh Thắm | C7: - | D7: 8h0p | E7: =IF(ISNUMBER(SEARCH("h",D7)), LEFT(D7,SEARCH("h",D7)-1) + MID(D7,SEARCH("h",D7)+1,SEARCH("p",D7)-SEARCH("h",D7)-1)/60, D7) -> 8 | G7: Đỗ Quang Đẩu | H7: Ngô Thị Thanh Thắm | I7: =SUMIFS(E:E, B:B, H7, C:C, "<>-") - J7 -> 183.01667 | J7: =SUMIFS(E:E, B:B, H7, C:C, "*qua đêm*") -> 0 | K7: =I7+J7 -> 183.01667
A8: Đỗ Quang Đẩu | B8: Ngô Thị Thanh Thắm | C8: Ca chiều(14:00 - 22:00) | D8: 99h58p | E8: =IF(ISNUMBER(SEARCH("h",D8)), LEFT(D8,SEARCH("h",D8)-1) + MID(D8,SEARCH("h",D8)+1,SEARCH("p",D8)-SEARCH("h",D8)-1)/60, D8) -> 99.966667 | G8: Đỗ Quang Đẩu | H8: Phạm Thị Nghĩa Hương | I8: =SUMIFS(E:E, B:B, H8, C:C, "<>-") - J8 -> 3.0166667 | J8: =SUMIFS(E:E, B:B, H8, C:C, "*qua đêm*") -> 230.26667 | K8: =I8+J8 -> 233.28333
A9: Đỗ Quang Đẩu | B9: Ngô Thị Thanh Thắm | C9: Ca Sáng(06:00 - 14:00) | D9: 83h3p | E9: =IF(ISNUMBER(SEARCH("h",D9)), LEFT(D9,SEARCH("h",D9)-1) + MID(D9,SEARCH("h",D9)+1,SEARCH("p",D9)-SEARCH("h",D9)-1)/60, D9) -> 83.05 | G9: Đỗ Quang Đẩu | H9: Trần Thiên Phát | I9: =SUMIFS(E:E, B:B, H9, C:C, "<>-") - J9 -> 0 | J9: =SUMIFS(E:E, B:B, H9, C:C, "*qua đêm*") -> 245.43333 | K9: =I9+J9 -> 245.43333
A10: Đỗ Quang Đẩu | B10: Hoàng Thanh Thủy | C10: - | D10: 8h0p | E10: =IF(ISNUMBER(SEARCH("h",D10)), LEFT(D10,SEARCH("h",D10)-1) + MID(D10,SEARCH("h",D10)+1,SEARCH("p",D10)-SEARCH("h",D10)-1)/60, D10) -> 8 | G10: Đỗ Quang Đẩu | H10: Hoàng Thanh Thủy | I10: =SUMIFS(E:E, B:B, H10, C:C, "<>-") - J10 -> 246.36667 | J10: =SUMIFS(E:E, B:B, H10, C:C, "*qua đêm*") -> 1.1 | K10: =I10+J10 -> 247.46667
A11: Đỗ Quang Đẩu | B11: Hoàng Thanh Thủy | C11: Ca Sáng(06:00 - 14:00) | D11: 91h48p | E11: =IF(ISNUMBER(SEARCH("h",D11)), LEFT(D11,SEARCH("h",D11)-1) + MID(D11,SEARCH("h",D11)+1,SEARCH("p",D11)-SEARCH("h",D11)-1)/60, D11) -> 91.8 | G11: Đỗ Quang Đẩu | H11: Lê Thị Huyền Trân | I11: =SUMIFS(E:E, B:B, H11, C:C, "<>-") - J11 -> 236.15 | J11: =SUMIFS(E:E, B:B, H11, C:C, "*qua đêm*") -> 8.0833333 | K11: =I11+J11 -> 244.23333
A12: Đỗ Quang Đẩu | B12: Hoàng Thanh Thủy | C12: Ca chiều(14:00 - 22:00) | D12: 154h34p | E12: =IF(ISNUMBER(SEARCH("h",D12)), LEFT(D12,SEARCH("h",D12)-1) + MID(D12,SEARCH("h",D12)+1,SEARCH("p",D12)-SEARCH("h",D12)-1)/60, D12) -> 154.56667 | G12: Minh Châu | H12: Thái Thùy Linh | I12: =SUMIFS(E:E, B:B, H12, C:C, "<>-") - J12 -> 197.48333 | J12: =SUMIFS(E:E, B:B, H12, C:C, "*qua đêm*") -> 49.033333 | K12: =I12+J12 -> 246.51667
A13: Đỗ Quang Đẩu | B13: Hoàng Thanh Thủy | C13: Ca Đêm(22:00 - 06:00)(ca qua đêm) | D13: 1h6p | E13: =IF(ISNUMBER(SEARCH("h",D13)), LEFT(D13,SEARCH("h",D13)-1) + MID(D13,SEARCH("h",D13)+1,SEARCH("p",D13)-SEARCH("h",D13)-1)/60, D13) -> 1.1 | G13: Minh Châu | H13: Trịnh Thị Phượng | I13: =SUMIFS(E:E, B:B, H13, C:C, "<>-") - J13 -> 0.38333333 | J13: =SUMIFS(E:E, B:B, H13, C:C, "*qua đêm*") -> 210.66667 | K13: =I13+J13 -> 211.05
... A57: Minh Châu | B57: Phan Công Vũ Tài | C57: - | D57: 8h0p | E57: =IF(ISNUMBER(SEARCH("h",D57)), LEFT(D57,SEARCH("h",D57)-1) + MID(D57,SEARCH("h",D57)+1,SEARCH("p",D57)-SEARCH("h",D57)-1)/60, D57) -> 8 | G57: Hàng Bông | H57: Đỗ Thu Huệ | I57: =SUMIFS(E:E, B:B, H57, C:C, "<>-") - J57 -> 120.03333 | J57: =SUMIFS(E:E, B:B, H57, C:C, "*qua đêm*") -> 0 | K57: =I57+J57 -> 120.03333
A58: Minh Châu | B58: Phan Công Vũ Tài | C58: CA SÁNG(06:00 - 14:00) | D58: 16h15p | E58: =IF(ISNUMBER(SEARCH("h",D58)), LEFT(D58,SEARCH("h",D58)-1) + MID(D58,SEARCH("h",D58)+1,SEARCH("p",D58)-SEARCH("h",D58)-1)/60, D58) -> 16.25
A59: Minh Châu | B59: Phan Công Vũ Tài | C59: Ca đêm(22:00 - 06:00)(ca qua đêm) | D59: 7h5p | E59: =IF(ISNUMBER(SEARCH("h",D59)), LEFT(D59,SEARCH("h",D59)-1) + MID(D59,SEARCH("h",D59)+1,SEARCH("p",D59)-SEARCH("h",D59)-1)/60, D59) -> 7.0833333
A60: Minh Châu | B60: Phan Công Vũ Tài | C60: CA ĐÊM(22:00 - 06:00)(ca qua đêm) | D60: 185h15p | E60: =IF(ISNUMBER(SEARCH("h",D60)), LEFT(D60,SEARCH("h",D60)-1) + MID(D60,SEARCH("h",D60)+1,SEARCH("p",D60)-SEARCH("h",D60)-1)/60, D60) -> 185.25
A61: Minh Châu | B61: Phan Công Vũ Tài | C61: CA CHIỀU(14:00 - 22:00) | D61: 15h42p | E61: =IF(ISNUMBER(SEARCH("h",D61)), LEFT(D61,SEARCH("h",D61)-1) + MID(D61,SEARCH("h",D61)+1,SEARCH("p",D61)-SEARCH("h",D61)-1)/60, D61) -> 15.7
A62: Minh Châu | B62: Phan Công Vũ Tài | C62: ca phụ chiều(16:00 - 22:00) | D62: 15h45p | E62: =IF(ISNUMBER(SEARCH("h",D62)), LEFT(D62,SEARCH("h",D62)-1) + MID(D62,SEARCH("h",D62)+1,SEARCH("p",D62)-SEARCH("h",D62)-1)/60, D62) -> 15.75
A63: Minh Châu | B63: Phan Công Vũ Tài | C63: CA sáng 1(06:00 - 14:00) | D63: 54h32p | E63: =IF(ISNUMBER(SEARCH("h",D63)), LEFT(D63,SEARCH("h",D63)-1) + MID(D63,SEARCH("h",D63)+1,SEARCH("p",D63)-SEARCH("h",D63)-1)/60, D63) -> 54.533333
A64: Minh Châu | B64: Phan Công Vũ Tài | C64: Ca Chiều(14:00 - 22:00) | D64: 27h33p | E64: =IF(ISNUMBER(SEARCH("h",D64)), LEFT(D64,SEARCH("h",D64)-1) + MID(D64,SEARCH("h",D64)+1,SEARCH("p",D64)-SEARCH("h",D64)-1)/60, D64) -> 27.55
A65: Minh Châu | B65: Phan Công Vũ Tài | C65: Ca Phụ Chiều(16:00 - 22:00) | D65: 26h9p | E65: =IF(ISNUMBER(SEARCH("h",D65)), LEFT(D65,SEARCH("h",D65)-1) + MID(D65,SEARCH("h",D65)+1,SEARCH("p",D65)-SEARCH("h",D65)-1)/60, D65) -> 26.15
A66: Minh Châu | B66: Phan Công Vũ Tài | C66: Ca Chiều Chính(14:00 - 22:00) | D66: 15h59p | E66: =IF(ISNUMBER(SEARCH("h",D66)), LEFT(D66,SEARCH("h",D66)-1) + MID(D66,SEARCH("h",D66)+1,SEARCH("p",D66)-SEARCH("h",D66)-1)/60, D66) -> 15.983333
A67: Minh Châu | B67: Phan Công Vũ Tài | C67: CA PHỤ SÁNG(06:00 - 08:00) | D67: 6h3p | E67: =IF(ISNUMBER(SEARCH("h",D67)), LEFT(D67,SEARCH("h",D67)-1) + MID(D67,SEARCH("h",D67)+1,SEARCH("p",D67)-SEARCH("h",D67)-1)/60, D67) -> 6.05
A68: Minh Châu | B68: Phan Công Vũ Tài | C68: Ca Hành Chính(10:00 - 18:00) | D68: 5h58p | E68: =IF(ISNUMBER(SEARCH("h",D68)), LEFT(D68,SEARCH("h",D68)-1) + MID(D68,SEARCH("h",D68)+1,SEARCH("p",D68)-SEARCH("h",D68)-1)/60, D68) -> 5.9666667
A69: Minh Châu | B69: Phan Công Vũ Tài | C69: Ca 1 Sáng(06:00 - 14:00) | D69: 16h43p | E69: =IF(ISNUMBER(SEARCH("h",D69)), LEFT(D69,SEARCH("h",D69)-1) + MID(D69,SEARCH("h",D69)+1,SEARCH("p",D69)-SEARCH("h",D69)-1)/60, D69) -> 16.716667
... A303: Hàng Bông | B303: Nguyễn Mạnh Tuấn | C303: Ca Sáng(06:00 - 14:00) | D303: 3h0p | E303: =IF(ISNUMBER(SEARCH("h",D303)), LEFT(D303,SEARCH("h",D303)-1) + MID(D303,SEARCH("h",D303)+1,SEARCH("p",D303)-SEARCH("h",D303)-1)/60, D303) -> 3

Sheet Ngày công
A1: Chi nhánh | B1: Tên Nhân viên | C1: Ngày | D1: Tên ca | E1: Giờ làm thực tế | F1: Giờ công chuẩn | G1: Trừ công | H1: Công thực tế | I1: Ca đêm chuẩn | J1: Ca ngày chuẩn | K1: Chi nhánh | L1: Tên nhân viên | M1: Ngày công chuẩn | N1: Giờ công | O1: Trung bình giờ/công | R1: sheet ngày công | S1: Sheet giờ công
A2: Đỗ Quang Đẩu | B2: Phạm Thị Nghĩa Hương | D2: - | E2: 8h0p | F2: =IF(ISNUMBER(SEARCH("h",E2)), LEFT(E2,SEARCH("h",E2)-1) + MID(E2,SEARCH("h",E2)+1,SEARCH("p",E2)-SEARCH("h",E2)-1)/60, E2) -> 8 | G2: =IF(AND(ISNUMBER(F2), F2<4), 1, 0) -> 0 | H2: 0 | I2: 0 | J2: 0 | K2: Trường Sa | L2: Nguyễn Trần Ngọc Phương | M2: =MIN(31, SUMIFS(H:H, B:B, L2)) -> 28 | N2: ='Giờ công'!K2 -> 225.01667 | O2: =IF(M2>0, N2/M2, "") -> 8.0363095
A3: Đỗ Quang Đẩu | B3: Phạm Thị Nghĩa Hương | C3: 46235 | D3: Ca Đêm(22:00 - 06:00)(ca qua đêm) | E3: 7h54p | F3: =IF(ISNUMBER(SEARCH("h",E3)), LEFT(E3,SEARCH("h",E3)-1) + MID(E3,SEARCH("h",E3)+1,SEARCH("p",E3)-SEARCH("h",E3)-1)/60, E3) -> 7.9 | G3: =IF(AND(ISNUMBER(F3), F3<4), 1, 0) -> 0 | H3: =IF(AND(NOT(ISBLANK(C3)), D3<>"-", ISNUMBER(F3), F3>0, COUNTIFS($B$3:B3, B3, $C$3:C3, C3, $F$3:F3, ">0")=1), 1, 0) -> 1 | I3: =IF(AND(NOT(ISBLANK(C3)), D3<>"-", ISNUMBER(F3), F3>=4, ISNUMBER(SEARCH("qua đêm", D3))), 1, 0) -> 1 | J3: =IF(AND(NOT(ISBLANK(C3)), D3<>"-", ISNUMBER(F3), F3>=4, NOT(ISNUMBER(SEARCH("qua đêm", D3)))), 1, 0) -> 0 | K3: Trường Sa | L3: Nguyễn Ngọc Anh Thư | M3: =MIN(31, SUMIFS(H:H, B:B, L3)) -> 29 | N3: ='Giờ công'!K3 -> 238.48333 | O3: =IF(M3>0, N3/M3, "") -> 8.2235632
A4: Đỗ Quang Đẩu | B4: Phạm Thị Nghĩa Hương | C4: 46236 | D4: Ca Đêm(22:00 - 06:00)(ca qua đêm) | E4: 8h6p | F4: =IF(ISNUMBER(SEARCH("h",E4)), LEFT(E4,SEARCH("h",E4)-1) + MID(E4,SEARCH("h",E4)+1,SEARCH("p",E4)-SEARCH("h",E4)-1)/60, E4) -> 8.1 | G4: =IF(AND(ISNUMBER(F4), F4<4), 1, 0) -> 0 | H4: =IF(AND(NOT(ISBLANK(C4)), D4<>"-", ISNUMBER(F4), F4>0, COUNTIFS($B$3:B4, B4, $C$3:C4, C4, $F$3:F4, ">0")=1), 1, 0) -> 1 | I4: =IF(AND(NOT(ISBLANK(C4)), D4<>"-", ISNUMBER(F4), F4>=4, ISNUMBER(SEARCH("qua đêm", D4))), 1, 0) -> 1 | J4: =IF(AND(NOT(ISBLANK(C4)), D4<>"-", ISNUMBER(F4), F4>=4, NOT(ISNUMBER(SEARCH("qua đêm", D4)))), 1, 0) -> 0 | K4: Trường Sa | L4: Ngô Trần Tuyết Vy | M4: =MIN(31, SUMIFS(H:H, B:B, L4)) -> 11 | N4: ='Giờ công'!K4 -> 89.366667 | O4: =IF(M4>0, N4/M4, "") -> 8.1242424
A5: Đỗ Quang Đẩu | B5: Phạm Thị Nghĩa Hương | C5: 46237 | D5: Ca Đêm(22:00 - 06:00)(ca qua đêm) | E5: 7h56p | F5: =IF(ISNUMBER(SEARCH("h",E5)), LEFT(E5,SEARCH("h",E5)-1) + MID(E5,SEARCH("h",E5)+1,SEARCH("p",E5)-SEARCH("h",E5)-1)/60, E5) -> 7.9333333 | G5: =IF(AND(ISNUMBER(F5), F5<4), 1, 0) -> 0 | H5: =IF(AND(NOT(ISBLANK(C5)), D5<>"-", ISNUMBER(F5), F5>0, COUNTIFS($B$3:B5, B5, $C$3:C5, C5, $F$3:F5, ">0")=1), 1, 0) -> 1 | I5: =IF(AND(NOT(ISBLANK(C5)), D5<>"-", ISNUMBER(F5), F5>=4, ISNUMBER(SEARCH("qua đêm", D5))), 1, 0) -> 1 | J5: =IF(AND(NOT(ISBLANK(C5)), D5<>"-", ISNUMBER(F5), F5>=4, NOT(ISNUMBER(SEARCH("qua đêm", D5)))), 1, 0) -> 0 | K5: Trường Sa | L5: Phạm Nguyễn Ngọc Quý | M5: =MIN(31, SUMIFS(H:H, B:B, L5)) -> 24 | N5: ='Giờ công'!K5 -> 197.01667 | O5: =IF(M5>0, N5/M5, "") -> 8.2090278
A6: Đỗ Quang Đẩu | B6: Phạm Thị Nghĩa Hương | C6: 46238 | D6: Ca Đêm(22:00 - 06:00)(ca qua đêm) | E6: 7h52p | F6: =IF(ISNUMBER(SEARCH("h",E6)), LEFT(E6,SEARCH("h",E6)-1) + MID(E6,SEARCH("h",E6)+1,SEARCH("p",E6)-SEARCH("h",E6)-1)/60, E6) -> 7.8666667 | G6: =IF(AND(ISNUMBER(F6), F6<4), 1, 0) -> 0 | H6: =IF(AND(NOT(ISBLANK(C6)), D6<>"-", ISNUMBER(F6), F6>0, COUNTIFS($B$3:B6, B6, $C$3:C6, C6, $F$3:F6, ">0")=1), 1, 0) -> 1 | I6: =IF(AND(NOT(ISBLANK(C6)), D6<>"-", ISNUMBER(F6), F6>=4, ISNUMBER(SEARCH("qua đêm", D6))), 1, 0) -> 1 | J6: =IF(AND(NOT(ISBLANK(C6)), D6<>"-", ISNUMBER(F6), F6>=4, NOT(ISNUMBER(SEARCH("qua đêm", D6)))), 1, 0) -> 0 | K6: Trường Sa | L6: Trần Thị Kim Khánh | M6: =MIN(31, SUMIFS(H:H, B:B, L6)) -> 29 | N6: ='Giờ công'!K6 -> 276.88333 | O6: =IF(M6>0, N6/M6, "") -> 9.5477011
A7: Đỗ Quang Đẩu | B7: Phạm Thị Nghĩa Hương | C7: 46239 | D7: Ca Đêm(22:00 - 06:00)(ca qua đêm) | E7: 8h7p | F7: =IF(ISNUMBER(SEARCH("h",E7)), LEFT(E7,SEARCH("h",E7)-1) + MID(E7,SEARCH("h",E7)+1,SEARCH("p",E7)-SEARCH("h",E7)-1)/60, E7) -> 8.1166667 | G7: =IF(AND(ISNUMBER(F7), F7<4), 1, 0) -> 0 | H7: =IF(AND(NOT(ISBLANK(C7)), D7<>"-", ISNUMBER(F7), F7>0, COUNTIFS($B$3:B7, B7, $C$3:C7, C7, $F$3:F7, ">0")=1), 1, 0) -> 1 | I7: =IF(AND(NOT(ISBLANK(C7)), D7<>"-", ISNUMBER(F7), F7>=4, ISNUMBER(SEARCH("qua đêm", D7))), 1, 0) -> 1 | J7: =IF(AND(NOT(ISBLANK(C7)), D7<>"-", ISNUMBER(F7), F7>=4, NOT(ISNUMBER(SEARCH("qua đêm", D7)))), 1, 0) -> 0 | K7: Đỗ Quang Đẩu | L7: Ngô Thị Thanh Thắm | M7: =MIN(31, SUMIFS(H:H, B:B, L7)) -> 23 | N7: ='Giờ công'!K7 -> 183.01667 | O7: =IF(M7>0, N7/M7, "") -> 7.9572464
A8: Đỗ Quang Đẩu | B8: Phạm Thị Nghĩa Hương | C8: 46240 | D8: Ca Đêm(22:00 - 06:00)(ca qua đêm) | E8: 7h52p | F8: =IF(ISNUMBER(SEARCH("h",E8)), LEFT(E8,SEARCH("h",E8)-1) + MID(E8,SEARCH("h",E8)+1,SEARCH("p",E8)-SEARCH("h",E8)-1)/60, E8) -> 7.8666667 | G8: =IF(AND(ISNUMBER(F8), F8<4), 1, 0) -> 0 | H8: =IF(AND(NOT(ISBLANK(C8)), D8<>"-", ISNUMBER(F8), F8>0, COUNTIFS($B$3:B8, B8, $C$3:C8, C8, $F$3:F8, ">0")=1), 1, 0) -> 1 | I8: =IF(AND(NOT(ISBLANK(C8)), D8<>"-", ISNUMBER(F8), F8>=4, ISNUMBER(SEARCH("qua đêm", D8))), 1, 0) -> 1 | J8: =IF(AND(NOT(ISBLANK(C8)), D8<>"-", ISNUMBER(F8), F8>=4, NOT(ISNUMBER(SEARCH("qua đêm", D8)))), 1, 0) -> 0 | K8: Đỗ Quang Đẩu | L8: Phạm Thị Nghĩa Hương | M8: =MIN(31, SUMIFS(H:H, B:B, L8)) -> 29 | N8: ='Giờ công'!K8 -> 233.28333 | O8: =IF(M8>0, N8/M8, "") -> 8.0442529
A9: Đỗ Quang Đẩu | B9: Phạm Thị Nghĩa Hương | C9: 46241 | D9: Ca Đêm(22:00 - 06:00)(ca qua đêm) | E9: 7h54p | F9: =IF(ISNUMBER(SEARCH("h",E9)), LEFT(E9,SEARCH("h",E9)-1) + MID(E9,SEARCH("h",E9)+1,SEARCH("p",E9)-SEARCH("h",E9)-1)/60, E9) -> 7.9 | G9: =IF(AND(ISNUMBER(F9), F9<4), 1, 0) -> 0 | H9: =IF(AND(NOT(ISBLANK(C9)), D9<>"-", ISNUMBER(F9), F9>0, COUNTIFS($B$3:B9, B9, $C$3:C9, C9, $F$3:F9, ">0")=1), 1, 0) -> 1 | I9: =IF(AND(NOT(ISBLANK(C9)), D9<>"-", ISNUMBER(F9), F9>=4, ISNUMBER(SEARCH("qua đêm", D9))), 1, 0) -> 1 | J9: =IF(AND(NOT(ISBLANK(C9)), D9<>"-", ISNUMBER(F9), F9>=4, NOT(ISNUMBER(SEARCH("qua đêm", D9)))), 1, 0) -> 0 | K9: Đỗ Quang Đẩu | L9: Trần Thiên Phát | M9: =MIN(31, SUMIFS(H:H, B:B, L9)) -> 31 | N9: ='Giờ công'!K9 -> 245.43333 | O9: =IF(M9>0, N9/M9, "") -> 7.9172043
A10: Đỗ Quang Đẩu | B10: Phạm Thị Nghĩa Hương | C10: 46243 | D10: Ca Đêm(22:00 - 06:00)(ca qua đêm) | E10: 7h53p | F10: =IF(ISNUMBER(SEARCH("h",E10)), LEFT(E10,SEARCH("h",E10)-1) + MID(E10,SEARCH("h",E10)+1,SEARCH("p",E10)-SEARCH("h",E10)-1)/60, E10) -> 7.8833333 | G10: =IF(AND(ISNUMBER(F10), F10<4), 1, 0) -> 0 | H10: =IF(AND(NOT(ISBLANK(C10)), D10<>"-", ISNUMBER(F10), F10>0, COUNTIFS($B$3:B10, B10, $C$3:C10, C10, $F$3:F10, ">0")=1), 1, 0) -> 1 | I10: =IF(AND(NOT(ISBLANK(C10)), D10<>"-", ISNUMBER(F10), F10>=4, ISNUMBER(SEARCH("qua đêm", D10))), 1, 0) -> 1 | J10: =IF(AND(NOT(ISBLANK(C10)), D10<>"-", ISNUMBER(F10), F10>=4, NOT(ISNUMBER(SEARCH("qua đêm", D10)))), 1, 0) -> 0 | K10: Đỗ Quang Đẩu | L10: Hoàng Thanh Thủy | M10: =MIN(31, SUMIFS(H:H, B:B, L10)) -> 30 | N10: ='Giờ công'!K10 -> 247.46667 | O10: =IF(M10>0, N10/M10, "") -> 8.2488889
A11: Đỗ Quang Đẩu | B11: Phạm Thị Nghĩa Hương | C11: 46244 | D11: Ca Đêm(22:00 - 06:00)(ca qua đêm) | E11: 7h53p | F11: =IF(ISNUMBER(SEARCH("h",E11)), LEFT(E11,SEARCH("h",E11)-1) + MID(E11,SEARCH("h",E11)+1,SEARCH("p",E11)-SEARCH("h",E11)-1)/60, E11) -> 7.8833333 | G11: =IF(AND(ISNUMBER(F11), F11<4), 1, 0) -> 0 | H11: =IF(AND(NOT(ISBLANK(C11)), D11<>"-", ISNUMBER(F11), F11>0, COUNTIFS($B$3:B11, B11, $C$3:C11, C11, $F$3:F11, ">0")=1), 1, 0) -> 1 | I11: =IF(AND(NOT(ISBLANK(C11)), D11<>"-", ISNUMBER(F11), F11>=4, ISNUMBER(SEARCH("qua đêm", D11))), 1, 0) -> 1 | J11: =IF(AND(NOT(ISBLANK(C11)), D11<>"-", ISNUMBER(F11), F11>=4, NOT(ISNUMBER(SEARCH("qua đêm", D11)))), 1, 0) -> 0 | K11: Đỗ Quang Đẩu | L11: Lê Thị Huyền Trân | M11: =MIN(31, SUMIFS(H:H, B:B, L11)) -> 30 | N11: ='Giờ công'!K11 -> 244.23333 | O11: =IF(M11>0, N11/M11, "") -> 8.1411111
A12: Đỗ Quang Đẩu | B12: Phạm Thị Nghĩa Hương | C12: 46245 | D12: Ca Đêm(22:00 - 06:00)(ca qua đêm) | E12: 8h0p | F12: =IF(ISNUMBER(SEARCH("h",E12)), LEFT(E12,SEARCH("h",E12)-1) + MID(E12,SEARCH("h",E12)+1,SEARCH("p",E12)-SEARCH("h",E12)-1)/60, E12) -> 8 | G12: =IF(AND(ISNUMBER(F12), F12<4), 1, 0) -> 0 | H12: =IF(AND(NOT(ISBLANK(C12)), D12<>"-", ISNUMBER(F12), F12>0, COUNTIFS($B$3:B12, B12, $C$3:C12, C12, $F$3:F12, ">0")=1), 1, 0) -> 1 | I12: =IF(AND(NOT(ISBLANK(C12)), D12<>"-", ISNUMBER(F12), F12>=4, ISNUMBER(SEARCH("qua đêm", D12))), 1, 0) -> 1 | J12: =IF(AND(NOT(ISBLANK(C12)), D12<>"-", ISNUMBER(F12), F12>=4, NOT(ISNUMBER(SEARCH("qua đêm", D12)))), 1, 0) -> 0 | K12: Minh Châu | L12: Thái Thùy Linh | M12: =MIN(31, SUMIFS(H:H, B:B, L12)) -> 27 | N12: ='Giờ công'!K12 -> 246.51667 | O12: =IF(M12>0, N12/M12, "") -> 9.1302469
A13: Đỗ Quang Đẩu | B13: Phạm Thị Nghĩa Hương | C13: 46246 | D13: Ca Đêm(22:00 - 06:00)(ca qua đêm) | E13: 7h42p | F13: =IF(ISNUMBER(SEARCH("h",E13)), LEFT(E13,SEARCH("h",E13)-1) + MID(E13,SEARCH("h",E13)+1,SEARCH("p",E13)-SEARCH("h",E13)-1)/60, E13) -> 7.7 | G13: =IF(AND(ISNUMBER(F13), F13<4), 1, 0) -> 0 | H13: =IF(AND(NOT(ISBLANK(C13)), D13<>"-", ISNUMBER(F13), F13>0, COUNTIFS($B$3:B13, B13, $C$3:C13, C13, $F$3:F13, ">0")=1), 1, 0) -> 1 | I13: =IF(AND(NOT(ISBLANK(C13)), D13<>"-", ISNUMBER(F13), F13>=4, ISNUMBER(SEARCH("qua đêm", D13))), 1, 0) -> 1 | J13: =IF(AND(NOT(ISBLANK(C13)), D13<>"-", ISNUMBER(F13), F13>=4, NOT(ISNUMBER(SEARCH("qua đêm", D13)))), 1, 0) -> 0 | K13: Minh Châu | L13: Trịnh Thị Phượng | M13: =MIN(31, SUMIFS(H:H, B:B, L13)) -> 27 | N13: ='Giờ công'!K13 -> 211.05 | O13: =IF(M13>0, N13/M13, "") -> 7.8166667
A14: Đỗ Quang Đẩu | B14: Phạm Thị Nghĩa Hương | C14: 46247 | D14: Ca Đêm(22:00 - 06:00)(ca qua đêm) | E14: 8h1p | F14: =IF(ISNUMBER(SEARCH("h",E14)), LEFT(E14,SEARCH("h",E14)-1) + MID(E14,SEARCH("h",E14)+1,SEARCH("p",E14)-SEARCH("h",E14)-1)/60, E14) -> 8.0166667 | G14: =IF(AND(ISNUMBER(F14), F14<4), 1, 0) -> 0 | H14: =IF(AND(NOT(ISBLANK(C14)), D14<>"-", ISNUMBER(F14), F14>0, COUNTIFS($B$3:B14, B14, $C$3:C14, C14, $F$3:F14, ">0")=1), 1, 0) -> 1 | I14: =IF(AND(NOT(ISBLANK(C14)), D14<>"-", ISNUMBER(F14), F14>=4, ISNUMBER(SEARCH("qua đêm", D14))), 1, 0) -> 1 | J14: =IF(AND(NOT(ISBLANK(C14)), D14<>"-", ISNUMBER(F14), F14>=4, NOT(ISNUMBER(SEARCH("qua đêm", D14)))), 1, 0) -> 0 | K14: Minh Châu | L14: Phan Công Vũ Tài | M14: =MIN(31, SUMIFS(H:H, B:B, L14)) -> 29 | N14: ='Giờ công'!K14 -> 405.51667 | O14: =IF(M14>0, N14/M14, "") -> 13.983333
... A32: Đỗ Quang Đẩu | B32: Phạm Thị Nghĩa Hương | C32: 46265 | D32: Ca Đêm(22:00 - 06:00)(ca qua đêm) | E32: 7h57p | F32: =IF(ISNUMBER(SEARCH("h",E32)), LEFT(E32,SEARCH("h",E32)-1) + MID(E32,SEARCH("h",E32)+1,SEARCH("p",E32)-SEARCH("h",E32)-1)/60, E32) -> 7.95 | G32: =IF(AND(ISNUMBER(F32), F32<4), 1, 0) -> 0 | H32: =IF(AND(NOT(ISBLANK(C32)), D32<>"-", ISNUMBER(F32), F32>0, COUNTIFS($B$3:B32, B32, $C$3:C32, C32, $F$3:F32, ">0")=1), 1, 0) -> 1 | I32: =IF(AND(NOT(ISBLANK(C32)), D32<>"-", ISNUMBER(F32), F32>=4, ISNUMBER(SEARCH("qua đêm", D32))), 1, 0) -> 1 | J32: =IF(AND(NOT(ISBLANK(C32)), D32<>"-", ISNUMBER(F32), F32>=4, NOT(ISNUMBER(SEARCH("qua đêm", D32)))), 1, 0) -> 0 | K32: Nguyễn Thị Thập | L32: Bích Trâm (Đã nghỉ) | M32: =MIN(31, SUMIFS(H:H, B:B, L32)) -> 8 | N32: ='Giờ công'!K32 -> 64.783333 | O32: =IF(M32>0, N32/M32, "") -> 8.0979167
A33: Đỗ Quang Đẩu | B33: Trần Thiên Phát | D33: - | E33: 8h0p | F33: =IF(ISNUMBER(SEARCH("h",E33)), LEFT(E33,SEARCH("h",E33)-1) + MID(E33,SEARCH("h",E33)+1,SEARCH("p",E33)-SEARCH("h",E33)-1)/60, E33) -> 8 | G33: =IF(AND(ISNUMBER(F33), F33<4), 1, 0) -> 0 | H33: =IF(AND(NOT(ISBLANK(C33)), D33<>"-", ISNUMBER(F33), F33>0, COUNTIFS($B$3:B33, B33, $C$3:C33, C33, $F$3:F33, ">0")=1), 1, 0) -> 0 | I33: =IF(AND(NOT(ISBLANK(C33)), D33<>"-", ISNUMBER(F33), F33>=4, ISNUMBER(SEARCH("qua đêm", D33))), 1, 0) -> 0 | J33: =IF(AND(NOT(ISBLANK(C33)), D33<>"-", ISNUMBER(F33), F33>=4, NOT(ISNUMBER(SEARCH("qua đêm", D33)))), 1, 0) -> 0 | K33: Nguyễn Thị Thập | L33: Bùi Thị Bích Trâm | M33: =MIN(31, SUMIFS(H:H, B:B, L33)) -> 15 | N33: ='Giờ công'!K33 -> 121.38333 | O33: =IF(M33>0, N33/M33, "") -> 8.0922222
A34: Đỗ Quang Đẩu | B34: Trần Thiên Phát | C34: 46235 | D34: Ca Đêm(22:00 - 06:00)(ca qua đêm) | E34: 7h51p | F34: =IF(ISNUMBER(SEARCH("h",E34)), LEFT(E34,SEARCH("h",E34)-1) + MID(E34,SEARCH("h",E34)+1,SEARCH("p",E34)-SEARCH("h",E34)-1)/60, E34) -> 7.85 | G34: =IF(AND(ISNUMBER(F34), F34<4), 1, 0) -> 0 | H34: =IF(AND(NOT(ISBLANK(C34)), D34<>"-", ISNUMBER(F34), F34>0, COUNTIFS($B$3:B34, B34, $C$3:C34, C34, $F$3:F34, ">0")=1), 1, 0) -> 1 | I34: =IF(AND(NOT(ISBLANK(C34)), D34<>"-", ISNUMBER(F34), F34>=4, ISNUMBER(SEARCH("qua đêm", D34))), 1, 0) -> 1 | J34: =IF(AND(NOT(ISBLANK(C34)), D34<>"-", ISNUMBER(F34), F34>=4, NOT(ISNUMBER(SEARCH("qua đêm", D34)))), 1, 0) -> 0 | K34: Nguyễn Văn Quá | L34: Võ Ngọc Giàu Sang | M34: =MIN(31, SUMIFS(H:H, B:B, L34)) -> 26 | N34: ='Giờ công'!K34 -> 225.86667 | O34: =IF(M34>0, N34/M34, "") -> 8.6871795
A35: Đỗ Quang Đẩu | B35: Trần Thiên Phát | C35: 46236 | D35: Ca Đêm(22:00 - 06:00)(ca qua đêm) | E35: 7h49p | F35: =IF(ISNUMBER(SEARCH("h",E35)), LEFT(E35,SEARCH("h",E35)-1) + MID(E35,SEARCH("h",E35)+1,SEARCH("p",E35)-SEARCH("h",E35)-1)/60, E35) -> 7.8166667 | G35: =IF(AND(ISNUMBER(F35), F35<4), 1, 0) -> 0 | H35: =IF(AND(NOT(ISBLANK(C35)), D35<>"-", ISNUMBER(F35), F35>0, COUNTIFS($B$3:B35, B35, $C$3:C35, C35, $F$3:F35, ">0")=1), 1, 0) -> 1 | I35: =IF(AND(NOT(ISBLANK(C35)), D35<>"-", ISNUMBER(F35), F35>=4, ISNUMBER(SEARCH("qua đêm", D35))), 1, 0) -> 1 | J35: =IF(AND(NOT(ISBLANK(C35)), D35<>"-", ISNUMBER(F35), F35>=4, NOT(ISNUMBER(SEARCH("qua đêm", D35)))), 1, 0) -> 0 | K35: Nguyễn Văn Quá | L35: Hồ Ngọc Lý | M35: =MIN(31, SUMIFS(H:H, B:B, L35)) -> 27 | N35: ='Giờ công'!K35 -> 214.93333 | O35: =IF(M35>0, N35/M35, "") -> 7.9604938
A36: Đỗ Quang Đẩu | B36: Trần Thiên Phát | C36: 46237 | D36: Ca Đêm(22:00 - 06:00)(ca qua đêm) | E36: 7h51p | F36: =IF(ISNUMBER(SEARCH("h",E36)), LEFT(E36,SEARCH("h",E36)-1) + MID(E36,SEARCH("h",E36)+1,SEARCH("p",E36)-SEARCH("h",E36)-1)/60, E36) -> 7.85 | G36: =IF(AND(ISNUMBER(F36), F36<4), 1, 0) -> 0 | H36: =IF(AND(NOT(ISBLANK(C36)), D36<>"-", ISNUMBER(F36), F36>0, COUNTIFS($B$3:B36, B36, $C$3:C36, C36, $F$3:F36, ">0")=1), 1, 0) -> 1 | I36: =IF(AND(NOT(ISBLANK(C36)), D36<>"-", ISNUMBER(F36), F36>=4, ISNUMBER(SEARCH("qua đêm", D36))), 1, 0) -> 1 | J36: =IF(AND(NOT(ISBLANK(C36)), D36<>"-", ISNUMBER(F36), F36>=4, NOT(ISNUMBER(SEARCH("qua đêm", D36)))), 1, 0) -> 0 | K36: Nguyễn Văn Quá | L36: Nguyễn Thị Thu Huyền | M36: =MIN(31, SUMIFS(H:H, B:B, L36)) -> 29 | N36: ='Giờ công'!K36 -> 307.03333 | O36: =IF(M36>0, N36/M36, "") -> 10.587356
A37: Đỗ Quang Đẩu | B37: Trần Thiên Phát | C37: 46238 | D37: Ca Đêm(22:00 - 06:00)(ca qua đêm) | E37: 7h40p | F37: =IF(ISNUMBER(SEARCH("h",E37)), LEFT(E37,SEARCH("h",E37)-1) + MID(E37,SEARCH("h",E37)+1,SEARCH("p",E37)-SEARCH("h",E37)-1)/60, E37) -> 7.6666667 | G37: =IF(AND(ISNUMBER(F37), F37<4), 1, 0) -> 0 | H37: =IF(AND(NOT(ISBLANK(C37)), D37<>"-", ISNUMBER(F37), F37>0, COUNTIFS($B$3:B37, B37, $C$3:C37, C37, $F$3:F37, ">0")=1), 1, 0) -> 1 | I37: =IF(AND(NOT(ISBLANK(C37)), D37<>"-", ISNUMBER(F37), F37>=4, ISNUMBER(SEARCH("qua đêm", D37))), 1, 0) -> 1 | J37: =IF(AND(NOT(ISBLANK(C37)), D37<>"-", ISNUMBER(F37), F37>=4, NOT(ISNUMBER(SEARCH("qua đêm", D37)))), 1, 0) -> 0 | K37: Nguyễn Văn Quá | L37: Nguyễn Thị Hương Giang | M37: =MIN(31, SUMIFS(H:H, B:B, L37)) -> 28 | N37: ='Giờ công'!K37 -> 216.53333 | O37: =IF(M37>0, N37/M37, "") -> 7.7333333
A38: Đỗ Quang Đẩu | B38: Trần Thiên Phát | C38: 46239 | D38: Ca Đêm(22:00 - 06:00)(ca qua đêm) | E38: 7h56p | F38: =IF(ISNUMBER(SEARCH("h",E38)), LEFT(E38,SEARCH("h",E38)-1) + MID(E38,SEARCH("h",E38)+1,SEARCH("p",E38)-SEARCH("h",E38)-1)/60, E38) -> 7.9333333 | G38: =IF(AND(ISNUMBER(F38), F38<4), 1, 0) -> 0 | H38: =IF(AND(NOT(ISBLANK(C38)), D38<>"-", ISNUMBER(F38), F38>0, COUNTIFS($B$3:B38, B38, $C$3:C38, C38, $F$3:F38, ">0")=1), 1, 0) -> 1 | I38: =IF(AND(NOT(ISBLANK(C38)), D38<>"-", ISNUMBER(F38), F38>=4, ISNUMBER(SEARCH("qua đêm", D38))), 1, 0) -> 1 | J38: =IF(AND(NOT(ISBLANK(C38)), D38<>"-", ISNUMBER(F38), F38>=4, NOT(ISNUMBER(SEARCH("qua đêm", D38)))), 1, 0) -> 0 | K38: Rạch Bùng Binh | L38: Cù Thị Tường Vy | M38: =MIN(31, SUMIFS(H:H, B:B, L38)) -> 24 | N38: ='Giờ công'!K38 -> 278.01667 | O38: =IF(M38>0, N38/M38, "") -> 11.584028
A39: Đỗ Quang Đẩu | B39: Trần Thiên Phát | C39: 46240 | D39: Ca Đêm(22:00 - 06:00)(ca qua đêm) | E39: 8h2p | F39: =IF(ISNUMBER(SEARCH("h",E39)), LEFT(E39,SEARCH("h",E39)-1) + MID(E39,SEARCH("h",E39)+1,SEARCH("p",E39)-SEARCH("h",E39)-1)/60, E39) -> 8.0333333 | G39: =IF(AND(ISNUMBER(F39), F39<4), 1, 0) -> 0 | H39: =IF(AND(NOT(ISBLANK(C39)), D39<>"-", ISNUMBER(F39), F39>0, COUNTIFS($B$3:B39, B39, $C$3:C39, C39, $F$3:F39, ">0")=1), 1, 0) -> 1 | I39: =IF(AND(NOT(ISBLANK(C39)), D39<>"-", ISNUMBER(F39), F39>=4, ISNUMBER(SEARCH("qua đêm", D39))), 1, 0) -> 1 | J39: =IF(AND(NOT(ISBLANK(C39)), D39<>"-", ISNUMBER(F39), F39>=4, NOT(ISNUMBER(SEARCH("qua đêm", D39)))), 1, 0) -> 0 | K39: Rạch Bùng Binh | L39: Huỳnh Thị Huệ Hiền | M39: =MIN(31, SUMIFS(H:H, B:B, L39)) -> 27 | N39: ='Giờ công'!K39 -> 215.43333 | O39: =IF(M39>0, N39/M39, "") -> 7.9790123
A40: Đỗ Quang Đẩu | B40: Trần Thiên Phát | C40: 46241 | D40: Ca Đêm(22:00 - 06:00)(ca qua đêm) | E40: 7h59p | F40: =IF(ISNUMBER(SEARCH("h",E40)), LEFT(E40,SEARCH("h",E40)-1) + MID(E40,SEARCH("h",E40)+1,SEARCH("p",E40)-SEARCH("h",E40)-1)/60, E40) -> 7.9833333 | G40: =IF(AND(ISNUMBER(F40), F40<4), 1, 0) -> 0 | H40: =IF(AND(NOT(ISBLANK(C40)), D40<>"-", ISNUMBER(F40), F40>0, COUNTIFS($B$3:B40, B40, $C$3:C40, C40, $F$3:F40, ">0")=1), 1, 0) -> 1 | I40: =IF(AND(NOT(ISBLANK(C40)), D40<>"-", ISNUMBER(F40), F40>=4, ISNUMBER(SEARCH("qua đêm", D40))), 1, 0) -> 1 | J40: =IF(AND(NOT(ISBLANK(C40)), D40<>"-", ISNUMBER(F40), F40>=4, NOT(ISNUMBER(SEARCH("qua đêm", D40)))), 1, 0) -> 0 | K40: Rạch Bùng Binh | L40: Nguyễn Thị Phúc Lộc | M40: =MIN(31, SUMIFS(H:H, B:B, L40)) -> 26 | N40: ='Giờ công'!K40 -> 204.26667 | O40: =IF(M40>0, N40/M40, "") -> 7.8564103
A41: Đỗ Quang Đẩu | B41: Trần Thiên Phát | C41: 46242 | D41: Ca Đêm(22:00 - 06:00)(ca qua đêm) | E41: 8h0p | F41: =IF(ISNUMBER(SEARCH("h",E41)), LEFT(E41,SEARCH("h",E41)-1) + MID(E41,SEARCH("h",E41)+1,SEARCH("p",E41)-SEARCH("h",E41)-1)/60, E41) -> 8 | G41: =IF(AND(ISNUMBER(F41), F41<4), 1, 0) -> 0 | H41: =IF(AND(NOT(ISBLANK(C41)), D41<>"-", ISNUMBER(F41), F41>0, COUNTIFS($B$3:B41, B41, $C$3:C41, C41, $F$3:F41, ">0")=1), 1, 0) -> 1 | I41: =IF(AND(NOT(ISBLANK(C41)), D41<>"-", ISNUMBER(F41), F41>=4, ISNUMBER(SEARCH("qua đêm", D41))), 1, 0) -> 1 | J41: =IF(AND(NOT(ISBLANK(C41)), D41<>"-", ISNUMBER(F41), F41>=4, NOT(ISNUMBER(SEARCH("qua đêm", D41)))), 1, 0) -> 0 | K41: Rạch Bùng Binh | L41: Ngô Thị Ngọc Thủy | M41: =MIN(31, SUMIFS(H:H, B:B, L41)) -> 29 | N41: ='Giờ công'!K41 -> 233.8 | O41: =IF(M41>0, N41/M41, "") -> 8.062069
A42: Đỗ Quang Đẩu | B42: Trần Thiên Phát | C42: 46243 | D42: Ca Đêm(22:00 - 06:00)(ca qua đêm) | E42: 7h53p | F42: =IF(ISNUMBER(SEARCH("h",E42)), LEFT(E42,SEARCH("h",E42)-1) + MID(E42,SEARCH("h",E42)+1,SEARCH("p",E42)-SEARCH("h",E42)-1)/60, E42) -> 7.8833333 | G42: =IF(AND(ISNUMBER(F42), F42<4), 1, 0) -> 0 | H42: =IF(AND(NOT(ISBLANK(C42)), D42<>"-", ISNUMBER(F42), F42>0, COUNTIFS($B$3:B42, B42, $C$3:C42, C42, $F$3:F42, ">0")=1), 1, 0) -> 1 | I42: =IF(AND(NOT(ISBLANK(C42)), D42<>"-", ISNUMBER(F42), F42>=4, ISNUMBER(SEARCH("qua đêm", D42))), 1, 0) -> 1 | J42: =IF(AND(NOT(ISBLANK(C42)), D42<>"-", ISNUMBER(F42), F42>=4, NOT(ISNUMBER(SEARCH("qua đêm", D42)))), 1, 0) -> 0 | K42: Rạch Bùng Binh | L42: Phạm Nguyễn Ngọc Quyền Trân | M42: =MIN(31, SUMIFS(H:H, B:B, L42)) -> 27 | N42: ='Giờ công'!K42 -> 261.95 | O42: =IF(M42>0, N42/M42, "") -> 9.7018519
A43: Đỗ Quang Đẩu | B43: Trần Thiên Phát | C43: 46244 | D43: Ca Đêm(22:00 - 06:00)(ca qua đêm) | E43: 7h51p | F43: =IF(ISNUMBER(SEARCH("h",E43)), LEFT(E43,SEARCH("h",E43)-1) + MID(E43,SEARCH("h",E43)+1,SEARCH("p",E43)-SEARCH("h",E43)-1)/60, E43) -> 7.85 | G43: =IF(AND(ISNUMBER(F43), F43<4), 1, 0) -> 0 | H43: =IF(AND(NOT(ISBLANK(C43)), D43<>"-", ISNUMBER(F43), F43>0, COUNTIFS($B$3:B43, B43, $C$3:C43, C43, $F$3:F43, ">0")=1), 1, 0) -> 1 | I43: =IF(AND(NOT(ISBLANK(C43)), D43<>"-", ISNUMBER(F43), F43>=4, ISNUMBER(SEARCH("qua đêm", D43))), 1, 0) -> 1 | J43: =IF(AND(NOT(ISBLANK(C43)), D43<>"-", ISNUMBER(F43), F43>=4, NOT(ISNUMBER(SEARCH("qua đêm", D43)))), 1, 0) -> 0 | K43: Lê Bình | L43: Hồ Thị Minh Hòa | M43: =MIN(31, SUMIFS(H:H, B:B, L43)) -> 29 | N43: ='Giờ công'!K43 -> 294.63333 | O43: =IF(M43>0, N43/M43, "") -> 10.15977
A44: Đỗ Quang Đẩu | B44: Trần Thiên Phát | C44: 46245 | D44: Ca Đêm(22:00 - 06:00)(ca qua đêm) | E44: 7h54p | F44: =IF(ISNUMBER(SEARCH("h",E44)), LEFT(E44,SEARCH("h",E44)-1) + MID(E44,SEARCH("h",E44)+1,SEARCH("p",E44)-SEARCH("h",E44)-1)/60, E44) -> 7.9 | G44: =IF(AND(ISNUMBER(F44), F44<4), 1, 0) -> 0 | H44: =IF(AND(NOT(ISBLANK(C44)), D44<>"-", ISNUMBER(F44), F44>0, COUNTIFS($B$3:B44, B44, $C$3:C44, C44, $F$3:F44, ">0")=1), 1, 0) -> 1 | I44: =IF(AND(NOT(ISBLANK(C44)), D44<>"-", ISNUMBER(F44), F44>=4, ISNUMBER(SEARCH("qua đêm", D44))), 1, 0) -> 1 | J44: =IF(AND(NOT(ISBLANK(C44)), D44<>"-", ISNUMBER(F44), F44>=4, NOT(ISNUMBER(SEARCH("qua đêm", D44)))), 1, 0) -> 0 | K44: Lê Bình | L44: Lê Thị Xuyến | M44: =MIN(31, SUMIFS(H:H, B:B, L44)) -> 30 | N44: ='Giờ công'!K44 -> 259.86667 | O44: =IF(M44>0, N44/M44, "") -> 8.6622222
A45: Đỗ Quang Đẩu | B45: Trần Thiên Phát | C45: 46246 | D45: Ca Đêm(22:00 - 06:00)(ca qua đêm) | E45: 7h53p | F45: =IF(ISNUMBER(SEARCH("h",E45)), LEFT(E45,SEARCH("h",E45)-1) + MID(E45,SEARCH("h",E45)+1,SEARCH("p",E45)-SEARCH("h",E45)-1)/60, E45) -> 7.8833333 | G45: =IF(AND(ISNUMBER(F45), F45<4), 1, 0) -> 0 | H45: =IF(AND(NOT(ISBLANK(C45)), D45<>"-", ISNUMBER(F45), F45>0, COUNTIFS($B$3:B45, B45, $C$3:C45, C45, $F$3:F45, ">0")=1), 1, 0) -> 1 | I45: =IF(AND(NOT(ISBLANK(C45)), D45<>"-", ISNUMBER(F45), F45>=4, ISNUMBER(SEARCH("qua đêm", D45))), 1, 0) -> 1 | J45: =IF(AND(NOT(ISBLANK(C45)), D45<>"-", ISNUMBER(F45), F45>=4, NOT(ISNUMBER(SEARCH("qua đêm", D45)))), 1, 0) -> 0 | K45: Lê Bình | L45: Đinh Hoài Bảo | M45: =MIN(31, SUMIFS(H:H, B:B, L45)) -> 27 | N45: ='Giờ công'!K45 -> 222.05 | O45: =IF(M45>0, N45/M45, "") -> 8.2240741
... A57: Đỗ Quang Đẩu | B57: Trần Thiên Phát | C57: 46258 | D57: Ca Đêm(22:00 - 06:00)(ca qua đêm) | E57: 7h59p | F57: =IF(ISNUMBER(SEARCH("h",E57)), LEFT(E57,SEARCH("h",E57)-1) + MID(E57,SEARCH("h",E57)+1,SEARCH("p",E57)-SEARCH("h",E57)-1)/60, E57) -> 7.9833333 | G57: =IF(AND(ISNUMBER(F57), F57<4), 1, 0) -> 0 | H57: =IF(AND(NOT(ISBLANK(C57)), D57<>"-", ISNUMBER(F57), F57>0, COUNTIFS($B$3:B57, B57, $C$3:C57, C57, $F$3:F57, ">0")=1), 1, 0) -> 1 | I57: =IF(AND(NOT(ISBLANK(C57)), D57<>"-", ISNUMBER(F57), F57>=4, ISNUMBER(SEARCH("qua đêm", D57))), 1, 0) -> 1 | J57: =IF(AND(NOT(ISBLANK(C57)), D57<>"-", ISNUMBER(F57), F57>=4, NOT(ISNUMBER(SEARCH("qua đêm", D57)))), 1, 0) -> 0 | K57: Hàng Bông | L57: Đỗ Thu Huệ | M57: =MIN(31, SUMIFS(H:H, B:B, L57)) -> 15 | N57: ='Giờ công'!K57 -> 120.03333 | O57: =IF(M57>0, N57/M57, "") -> 8.0022222
A58: Đỗ Quang Đẩu | B58: Trần Thiên Phát | C58: 46259 | D58: Ca Đêm(22:00 - 06:00)(ca qua đêm) | E58: 8h5p | F58: =IF(ISNUMBER(SEARCH("h",E58)), LEFT(E58,SEARCH("h",E58)-1) + MID(E58,SEARCH("h",E58)+1,SEARCH("p",E58)-SEARCH("h",E58)-1)/60, E58) -> 8.0833333 | G58: =IF(AND(ISNUMBER(F58), F58<4), 1, 0) -> 0 | H58: =IF(AND(NOT(ISBLANK(C58)), D58<>"-", ISNUMBER(F58), F58>0, COUNTIFS($B$3:B58, B58, $C$3:C58, C58, $F$3:F58, ">0")=1), 1, 0) -> 1 | I58: =IF(AND(NOT(ISBLANK(C58)), D58<>"-", ISNUMBER(F58), F58>=4, ISNUMBER(SEARCH("qua đêm", D58))), 1, 0) -> 1 | J58: =IF(AND(NOT(ISBLANK(C58)), D58<>"-", ISNUMBER(F58), F58>=4, NOT(ISNUMBER(SEARCH("qua đêm", D58)))), 1, 0) -> 0
A59: Đỗ Quang Đẩu | B59: Trần Thiên Phát | C59: 46260 | D59: Ca Đêm(22:00 - 06:00)(ca qua đêm) | E59: 7h57p | F59: =IF(ISNUMBER(SEARCH("h",E59)), LEFT(E59,SEARCH("h",E59)-1) + MID(E59,SEARCH("h",E59)+1,SEARCH("p",E59)-SEARCH("h",E59)-1)/60, E59) -> 7.95 | G59: =IF(AND(ISNUMBER(F59), F59<4), 1, 0) -> 0 | H59: =IF(AND(NOT(ISBLANK(C59)), D59<>"-", ISNUMBER(F59), F59>0, COUNTIFS($B$3:B59, B59, $C$3:C59, C59, $F$3:F59, ">0")=1), 1, 0) -> 1 | I59: =IF(AND(NOT(ISBLANK(C59)), D59<>"-", ISNUMBER(F59), F59>=4, ISNUMBER(SEARCH("qua đêm", D59))), 1, 0) -> 1 | J59: =IF(AND(NOT(ISBLANK(C59)), D59<>"-", ISNUMBER(F59), F59>=4, NOT(ISNUMBER(SEARCH("qua đêm", D59)))), 1, 0) -> 0
A60: Đỗ Quang Đẩu | B60: Trần Thiên Phát | C60: 46261 | D60: Ca Đêm(22:00 - 06:00)(ca qua đêm) | E60: 7h57p | F60: =IF(ISNUMBER(SEARCH("h",E60)), LEFT(E60,SEARCH("h",E60)-1) + MID(E60,SEARCH("h",E60)+1,SEARCH("p",E60)-SEARCH("h",E60)-1)/60, E60) -> 7.95 | G60: =IF(AND(ISNUMBER(F60), F60<4), 1, 0) -> 0 | H60: =IF(AND(NOT(ISBLANK(C60)), D60<>"-", ISNUMBER(F60), F60>0, COUNTIFS($B$3:B60, B60, $C$3:C60, C60, $F$3:F60, ">0")=1), 1, 0) -> 1 | I60: =IF(AND(NOT(ISBLANK(C60)), D60<>"-", ISNUMBER(F60), F60>=4, ISNUMBER(SEARCH("qua đêm", D60))), 1, 0) -> 1 | J60: =IF(AND(NOT(ISBLANK(C60)), D60<>"-", ISNUMBER(F60), F60>=4, NOT(ISNUMBER(SEARCH("qua đêm", D60)))), 1, 0) -> 0
A61: Đỗ Quang Đẩu | B61: Trần Thiên Phát | C61: 46262 | D61: Ca Đêm(22:00 - 06:00)(ca qua đêm) | E61: 7h55p | F61: =IF(ISNUMBER(SEARCH("h",E61)), LEFT(E61,SEARCH("h",E61)-1) + MID(E61,SEARCH("h",E61)+1,SEARCH("p",E61)-SEARCH("h",E61)-1)/60, E61) -> 7.9166667 | G61: =IF(AND(ISNUMBER(F61), F61<4), 1, 0) -> 0 | H61: =IF(AND(NOT(ISBLANK(C61)), D61<>"-", ISNUMBER(F61), F61>0, COUNTIFS($B$3:B61, B61, $C$3:C61, C61, $F$3:F61, ">0")=1), 1, 0) -> 1 | I61: =IF(AND(NOT(ISBLANK(C61)), D61<>"-", ISNUMBER(F61), F61>=4, ISNUMBER(SEARCH("qua đêm", D61))), 1, 0) -> 1 | J61: =IF(AND(NOT(ISBLANK(C61)), D61<>"-", ISNUMBER(F61), F61>=4, NOT(ISNUMBER(SEARCH("qua đêm", D61)))), 1, 0) -> 0
A62: Đỗ Quang Đẩu | B62: Trần Thiên Phát | C62: 46263 | D62: Ca Đêm(22:00 - 06:00)(ca qua đêm) | E62: 8h0p | F62: =IF(ISNUMBER(SEARCH("h",E62)), LEFT(E62,SEARCH("h",E62)-1) + MID(E62,SEARCH("h",E62)+1,SEARCH("p",E62)-SEARCH("h",E62)-1)/60, E62) -> 8 | G62: =IF(AND(ISNUMBER(F62), F62<4), 1, 0) -> 0 | H62: =IF(AND(NOT(ISBLANK(C62)), D62<>"-", ISNUMBER(F62), F62>0, COUNTIFS($B$3:B62, B62, $C$3:C62, C62, $F$3:F62, ">0")=1), 1, 0) -> 1 | I62: =IF(AND(NOT(ISBLANK(C62)), D62<>"-", ISNUMBER(F62), F62>=4, ISNUMBER(SEARCH("qua đêm", D62))), 1, 0) -> 1 | J62: =IF(AND(NOT(ISBLANK(C62)), D62<>"-", ISNUMBER(F62), F62>=4, NOT(ISNUMBER(SEARCH("qua đêm", D62)))), 1, 0) -> 0
A63: Đỗ Quang Đẩu | B63: Trần Thiên Phát | C63: 46264 | D63: Ca Đêm(22:00 - 06:00)(ca qua đêm) | E63: 7h56p | F63: =IF(ISNUMBER(SEARCH("h",E63)), LEFT(E63,SEARCH("h",E63)-1) + MID(E63,SEARCH("h",E63)+1,SEARCH("p",E63)-SEARCH("h",E63)-1)/60, E63) -> 7.9333333 | G63: =IF(AND(ISNUMBER(F63), F63<4), 1, 0) -> 0 | H63: =IF(AND(NOT(ISBLANK(C63)), D63<>"-", ISNUMBER(F63), F63>0, COUNTIFS($B$3:B63, B63, $C$3:C63, C63, $F$3:F63, ">0")=1), 1, 0) -> 1 | I63: =IF(AND(NOT(ISBLANK(C63)), D63<>"-", ISNUMBER(F63), F63>=4, ISNUMBER(SEARCH("qua đêm", D63))), 1, 0) -> 1 | J63: =IF(AND(NOT(ISBLANK(C63)), D63<>"-", ISNUMBER(F63), F63>=4, NOT(ISNUMBER(SEARCH("qua đêm", D63)))), 1, 0) -> 0
A64: Đỗ Quang Đẩu | B64: Trần Thiên Phát | C64: 46265 | D64: Ca Đêm(22:00 - 06:00)(ca qua đêm) | E64: 7h57p | F64: =IF(ISNUMBER(SEARCH("h",E64)), LEFT(E64,SEARCH("h",E64)-1) + MID(E64,SEARCH("h",E64)+1,SEARCH("p",E64)-SEARCH("h",E64)-1)/60, E64) -> 7.95 | G64: =IF(AND(ISNUMBER(F64), F64<4), 1, 0) -> 0 | H64: =IF(AND(NOT(ISBLANK(C64)), D64<>"-", ISNUMBER(F64), F64>0, COUNTIFS($B$3:B64, B64, $C$3:C64, C64, $F$3:F64, ">0")=1), 1, 0) -> 1 | I64: =IF(AND(NOT(ISBLANK(C64)), D64<>"-", ISNUMBER(F64), F64>=4, ISNUMBER(SEARCH("qua đêm", D64))), 1, 0) -> 1 | J64: =IF(AND(NOT(ISBLANK(C64)), D64<>"-", ISNUMBER(F64), F64>=4, NOT(ISNUMBER(SEARCH("qua đêm", D64)))), 1, 0) -> 0
A65: Đỗ Quang Đẩu | B65: Ngô Thị Thanh Thắm | D65: - | E65: 8h0p | F65: =IF(ISNUMBER(SEARCH("h",E65)), LEFT(E65,SEARCH("h",E65)-1) + MID(E65,SEARCH("h",E65)+1,SEARCH("p",E65)-SEARCH("h",E65)-1)/60, E65) -> 8 | G65: =IF(AND(ISNUMBER(F65), F65<4), 1, 0) -> 0 | H65: =IF(AND(NOT(ISBLANK(C65)), D65<>"-", ISNUMBER(F65), F65>0, COUNTIFS($B$3:B65, B65, $C$3:C65, C65, $F$3:F65, ">0")=1), 1, 0) -> 0 | I65: =IF(AND(NOT(ISBLANK(C65)), D65<>"-", ISNUMBER(F65), F65>=4, ISNUMBER(SEARCH("qua đêm", D65))), 1, 0) -> 0 | J65: =IF(AND(NOT(ISBLANK(C65)), D65<>"-", ISNUMBER(F65), F65>=4, NOT(ISNUMBER(SEARCH("qua đêm", D65)))), 1, 0) -> 0
A66: Đỗ Quang Đẩu | B66: Ngô Thị Thanh Thắm | C66: 46235 | D66: Ca chiều(14:00 - 22:00) | E66: 7h51p | F66: =IF(ISNUMBER(SEARCH("h",E66)), LEFT(E66,SEARCH("h",E66)-1) + MID(E66,SEARCH("h",E66)+1,SEARCH("p",E66)-SEARCH("h",E66)-1)/60, E66) -> 7.85 | G66: =IF(AND(ISNUMBER(F66), F66<4), 1, 0) -> 0 | H66: =IF(AND(NOT(ISBLANK(C66)), D66<>"-", ISNUMBER(F66), F66>0, COUNTIFS($B$3:B66, B66, $C$3:C66, C66, $F$3:F66, ">0")=1), 1, 0) -> 1 | I66: =IF(AND(NOT(ISBLANK(C66)), D66<>"-", ISNUMBER(F66), F66>=4, ISNUMBER(SEARCH("qua đêm", D66))), 1, 0) -> 0 | J66: =IF(AND(NOT(ISBLANK(C66)), D66<>"-", ISNUMBER(F66), F66>=4, NOT(ISNUMBER(SEARCH("qua đêm", D66)))), 1, 0) -> 1
A67: Đỗ Quang Đẩu | B67: Ngô Thị Thanh Thắm | C67: 46236 | D67: Ca Sáng(06:00 - 14:00) | E67: 7h47p | F67: =IF(ISNUMBER(SEARCH("h",E67)), LEFT(E67,SEARCH("h",E67)-1) + MID(E67,SEARCH("h",E67)+1,SEARCH("p",E67)-SEARCH("h",E67)-1)/60, E67) -> 7.7833333 | G67: =IF(AND(ISNUMBER(F67), F67<4), 1, 0) -> 0 | H67: =IF(AND(NOT(ISBLANK(C67)), D67<>"-", ISNUMBER(F67), F67>0, COUNTIFS($B$3:B67, B67, $C$3:C67, C67, $F$3:F67, ">0")=1), 1, 0) -> 1 | I67: =IF(AND(NOT(ISBLANK(C67)), D67<>"-", ISNUMBER(F67), F67>=4, ISNUMBER(SEARCH("qua đêm", D67))), 1, 0) -> 0 | J67: =IF(AND(NOT(ISBLANK(C67)), D67<>"-", ISNUMBER(F67), F67>=4, NOT(ISNUMBER(SEARCH("qua đêm", D67)))), 1, 0) -> 1
A68: Đỗ Quang Đẩu | B68: Ngô Thị Thanh Thắm | C68: 46237 | D68: Ca chiều(14:00 - 22:00) | E68: 7h52p | F68: =IF(ISNUMBER(SEARCH("h",E68)), LEFT(E68,SEARCH("h",E68)-1) + MID(E68,SEARCH("h",E68)+1,SEARCH("p",E68)-SEARCH("h",E68)-1)/60, E68) -> 7.8666667 | G68: =IF(AND(ISNUMBER(F68), F68<4), 1, 0) -> 0 | H68: =IF(AND(NOT(ISBLANK(C68)), D68<>"-", ISNUMBER(F68), F68>0, COUNTIFS($B$3:B68, B68, $C$3:C68, C68, $F$3:F68, ">0")=1), 1, 0) -> 1 | I68: =IF(AND(NOT(ISBLANK(C68)), D68<>"-", ISNUMBER(F68), F68>=4, ISNUMBER(SEARCH("qua đêm", D68))), 1, 0) -> 0 | J68: =IF(AND(NOT(ISBLANK(C68)), D68<>"-", ISNUMBER(F68), F68>=4, NOT(ISNUMBER(SEARCH("qua đêm", D68)))), 1, 0) -> 1
A69: Đỗ Quang Đẩu | B69: Ngô Thị Thanh Thắm | C69: 46238 | D69: Ca chiều(14:00 - 22:00) | E69: 7h46p | F69: =IF(ISNUMBER(SEARCH("h",E69)), LEFT(E69,SEARCH("h",E69)-1) + MID(E69,SEARCH("h",E69)+1,SEARCH("p",E69)-SEARCH("h",E69)-1)/60, E69) -> 7.7666667 | G69: =IF(AND(ISNUMBER(F69), F69<4), 1, 0) -> 0 | H69: =IF(AND(NOT(ISBLANK(C69)), D69<>"-", ISNUMBER(F69), F69>0, COUNTIFS($B$3:B69, B69, $C$3:C69, C69, $F$3:F69, ">0")=1), 1, 0) -> 1 | I69: =IF(AND(NOT(ISBLANK(C69)), D69<>"-", ISNUMBER(F69), F69>=4, ISNUMBER(SEARCH("qua đêm", D69))), 1, 0) -> 0 | J69: =IF(AND(NOT(ISBLANK(C69)), D69<>"-", ISNUMBER(F69), F69>=4, NOT(ISNUMBER(SEARCH("qua đêm", D69)))), 1, 0) -> 1
A70: Đỗ Quang Đẩu | B70: Ngô Thị Thanh Thắm | C70: 46239 | D70: Ca Sáng(06:00 - 14:00) | E70: 8h23p | F70: =IF(ISNUMBER(SEARCH("h",E70)), LEFT(E70,SEARCH("h",E70)-1) + MID(E70,SEARCH("h",E70)+1,SEARCH("p",E70)-SEARCH("h",E70)-1)/60, E70) -> 8.3833333 | G70: =IF(AND(ISNUMBER(F70), F70<4), 1, 0) -> 0 | H70: =IF(AND(NOT(ISBLANK(C70)), D70<>"-", ISNUMBER(F70), F70>0, COUNTIFS($B$3:B70, B70, $C$3:C70, C70, $F$3:F70, ">0")=1), 1, 0) -> 1 | I70: =IF(AND(NOT(ISBLANK(C70)), D70<>"-", ISNUMBER(F70), F70>=4, ISNUMBER(SEARCH("qua đêm", D70))), 1, 0) -> 0 | J70: =IF(AND(NOT(ISBLANK(C70)), D70<>"-", ISNUMBER(F70), F70>=4, NOT(ISNUMBER(SEARCH("qua đêm", D70)))), 1, 0) -> 1
A71: Đỗ Quang Đẩu | B71: Ngô Thị Thanh Thắm | C71: 46240 | D71: Ca chiều(14:00 - 22:00) | E71: 7h42p | F71: =IF(ISNUMBER(SEARCH("h",E71)), LEFT(E71,SEARCH("h",E71)-1) + MID(E71,SEARCH("h",E71)+1,SEARCH("p",E71)-SEARCH("h",E71)-1)/60, E71) -> 7.7 | G71: =IF(AND(ISNUMBER(F71), F71<4), 1, 0) -> 0 | H71: =IF(AND(NOT(ISBLANK(C71)), D71<>"-", ISNUMBER(F71), F71>0, COUNTIFS($B$3:B71, B71, $C$3:C71, C71, $F$3:F71, ">0")=1), 1, 0) -> 1 | I71: =IF(AND(NOT(ISBLANK(C71)), D71<>"-", ISNUMBER(F71), F71>=4, ISNUMBER(SEARCH("qua đêm", D71))), 1, 0) -> 0 | J71: =IF(AND(NOT(ISBLANK(C71)), D71<>"-", ISNUMBER(F71), F71>=4, NOT(ISNUMBER(SEARCH("qua đêm", D71)))), 1, 0) -> 1
A72: Đỗ Quang Đẩu | B72: Ngô Thị Thanh Thắm | C72: 46241 | D72: Ca Sáng(06:00 - 14:00) | E72: 8h20p | F72: =IF(ISNUMBER(SEARCH("h",E72)), LEFT(E72,SEARCH("h",E72)-1) + MID(E72,SEARCH("h",E72)+1,SEARCH("p",E72)-SEARCH("h",E72)-1)/60, E72) -> 8.3333333 | G72: =IF(AND(ISNUMBER(F72), F72<4), 1, 0) -> 0 | H72: =IF(AND(NOT(ISBLANK(C72)), D72<>"-", ISNUMBER(F72), F72>0, COUNTIFS($B$3:B72, B72, $C$3:C72, C72, $F$3:F72, ">0")=1), 1, 0) -> 1 | I72: =IF(AND(NOT(ISBLANK(C72)), D72<>"-", ISNUMBER(F72), F72>=4, ISNUMBER(SEARCH("qua đêm", D72))), 1, 0) -> 0 | J72: =IF(AND(NOT(ISBLANK(C72)), D72<>"-", ISNUMBER(F72), F72>=4, NOT(ISNUMBER(SEARCH("qua đêm", D72)))), 1, 0) -> 1
A73: Đỗ Quang Đẩu | B73: Ngô Thị Thanh Thắm | C73: 46242 | D73: Ca chiều(14:00 - 22:00) | E73: 7h55p | F73: =IF(ISNUMBER(SEARCH("h",E73)), LEFT(E73,SEARCH("h",E73)-1) + MID(E73,SEARCH("h",E73)+1,SEARCH("p",E73)-SEARCH("h",E73)-1)/60, E73) -> 7.9166667 | G73: =IF(AND(ISNUMBER(F73), F73<4), 1, 0) -> 0 | H73: =IF(AND(NOT(ISBLANK(C73)), D73<>"-", ISNUMBER(F73), F73>0, COUNTIFS($B$3:B73, B73, $C$3:C73, C73, $F$3:F73, ">0")=1), 1, 0) -> 1 | I73: =IF(AND(NOT(ISBLANK(C73)), D73<>"-", ISNUMBER(F73), F73>=4, ISNUMBER(SEARCH("qua đêm", D73))), 1, 0) -> 0 | J73: =IF(AND(NOT(ISBLANK(C73)), D73<>"-", ISNUMBER(F73), F73>=4, NOT(ISNUMBER(SEARCH("qua đêm", D73)))), 1, 0) -> 1
A74: Đỗ Quang Đẩu | B74: Ngô Thị Thanh Thắm | C74: 46243 | D74: Ca Sáng(06:00 - 14:00) | E74: 8h14p | F74: =IF(ISNUMBER(SEARCH("h",E74)), LEFT(E74,SEARCH("h",E74)-1) + MID(E74,SEARCH("h",E74)+1,SEARCH("p",E74)-SEARCH("h",E74)-1)/60, E74) -> 8.2333333 | G74: =IF(AND(ISNUMBER(F74), F74<4), 1, 0) -> 0 | H74: =IF(AND(NOT(ISBLANK(C74)), D74<>"-", ISNUMBER(F74), F74>0, COUNTIFS($B$3:B74, B74, $C$3:C74, C74, $F$3:F74, ">0")=1), 1, 0) -> 1 | I74: =IF(AND(NOT(ISBLANK(C74)), D74<>"-", ISNUMBER(F74), F74>=4, ISNUMBER(SEARCH("qua đêm", D74))), 1, 0) -> 0 | J74: =IF(AND(NOT(ISBLANK(C74)), D74<>"-", ISNUMBER(F74), F74>=4, NOT(ISNUMBER(SEARCH("qua đêm", D74)))), 1, 0) -> 1
A75: Đỗ Quang Đẩu | B75: Ngô Thị Thanh Thắm | C75: 46244 | D75: Ca chiều(14:00 - 22:00) | E75: 7h52p | F75: =IF(ISNUMBER(SEARCH("h",E75)), LEFT(E75,SEARCH("h",E75)-1) + MID(E75,SEARCH("h",E75)+1,SEARCH("p",E75)-SEARCH("h",E75)-1)/60, E75) -> 7.8666667 | G75: =IF(AND(ISNUMBER(F75), F75<4), 1, 0) -> 0 | H75: =IF(AND(NOT(ISBLANK(C75)), D75<>"-", ISNUMBER(F75), F75>0, COUNTIFS($B$3:B75, B75, $C$3:C75, C75, $F$3:F75, ">0")=1), 1, 0) -> 1 | I75: =IF(AND(NOT(ISBLANK(C75)), D75<>"-", ISNUMBER(F75), F75>=4, ISNUMBER(SEARCH("qua đêm", D75))), 1, 0) -> 0 | J75: =IF(AND(NOT(ISBLANK(C75)), D75<>"-", ISNUMBER(F75), F75>=4, NOT(ISNUMBER(SEARCH("qua đêm", D75)))), 1, 0) -> 1
A76: Đỗ Quang Đẩu | B76: Ngô Thị Thanh Thắm | C76: 46245 | D76: Ca Sáng(06:00 - 14:00) | E76: 8h5p | F76: =IF(ISNUMBER(SEARCH("h",E76)), LEFT(E76,SEARCH("h",E76)-1) + MID(E76,SEARCH("h",E76)+1,SEARCH("p",E76)-SEARCH("h",E76)-1)/60, E76) -> 8.0833333 | G76: =IF(AND(ISNUMBER(F76), F76<4), 1, 0) -> 0 | H76: =IF(AND(NOT(ISBLANK(C76)), D76<>"-", ISNUMBER(F76), F76>0, COUNTIFS($B$3:B76, B76, $C$3:C76, C76, $F$3:F76, ">0")=1), 1, 0) -> 1 | I76: =IF(AND(NOT(ISBLANK(C76)), D76<>"-", ISNUMBER(F76), F76>=4, ISNUMBER(SEARCH("qua đêm", D76))), 1, 0) -> 0 | J76: =IF(AND(NOT(ISBLANK(C76)), D76<>"-", ISNUMBER(F76), F76>=4, NOT(ISNUMBER(SEARCH("qua đêm", D76)))), 1, 0) -> 1
A77: Đỗ Quang Đẩu | B77: Ngô Thị Thanh Thắm | C77: 46253 | D77: Ca chiều(14:00 - 22:00) | E77: 7h57p | F77: =IF(ISNUMBER(SEARCH("h",E77)), LEFT(E77,SEARCH("h",E77)-1) + MID(E77,SEARCH("h",E77)+1,SEARCH("p",E77)-SEARCH("h",E77)-1)/60, E77) -> 7.95 | G77: =IF(AND(ISNUMBER(F77), F77<4), 1, 0) -> 0 | H77: =IF(AND(NOT(ISBLANK(C77)), D77<>"-", ISNUMBER(F77), F77>0, COUNTIFS($B$3:B77, B77, $C$3:C77, C77, $F$3:F77, ">0")=1), 1, 0) -> 1 | I77: =IF(AND(NOT(ISBLANK(C77)), D77<>"-", ISNUMBER(F77), F77>=4, ISNUMBER(SEARCH("qua đêm", D77))), 1, 0) -> 0 | J77: =IF(AND(NOT(ISBLANK(C77)), D77<>"-", ISNUMBER(F77), F77>=4, NOT(ISNUMBER(SEARCH("qua đêm", D77)))), 1, 0) -> 1
... A88: Đỗ Quang Đẩu | B88: Ngô Thị Thanh Thắm | C88: 46265 | D88: Ca chiều(14:00 - 22:00) | E88: 7h56p | F88: =IF(ISNUMBER(SEARCH("h",E88)), LEFT(E88,SEARCH("h",E88)-1) + MID(E88,SEARCH("h",E88)+1,SEARCH("p",E88)-SEARCH("h",E88)-1)/60, E88) -> 7.9333333 | G88: =IF(AND(ISNUMBER(F88), F88<4), 1, 0) -> 0 | H88: =IF(AND(NOT(ISBLANK(C88)), D88<>"-", ISNUMBER(F88), F88>0, COUNTIFS($B$3:B88, B88, $C$3:C88, C88, $F$3:F88, ">0")=1), 1, 0) -> 1 | I88: =IF(AND(NOT(ISBLANK(C88)), D88<>"-", ISNUMBER(F88), F88>=4, ISNUMBER(SEARCH("qua đêm", D88))), 1, 0) -> 0 | J88: =IF(AND(NOT(ISBLANK(C88)), D88<>"-", ISNUMBER(F88), F88>=4, NOT(ISNUMBER(SEARCH("qua đêm", D88)))), 1, 0) -> 1
A89: Đỗ Quang Đẩu | B89: Hoàng Thanh Thủy | D89: - | E89: 8h0p | F89: =IF(ISNUMBER(SEARCH("h",E89)), LEFT(E89,SEARCH("h",E89)-1) + MID(E89,SEARCH("h",E89)+1,SEARCH("p",E89)-SEARCH("h",E89)-1)/60, E89) -> 8 | G89: =IF(AND(ISNUMBER(F89), F89<4), 1, 0) -> 0 | H89: =IF(AND(NOT(ISBLANK(C89)), D89<>"-", ISNUMBER(F89), F89>0, COUNTIFS($B$3:B89, B89, $C$3:C89, C89, $F$3:F89, ">0")=1), 1, 0) -> 0 | I89: =IF(AND(NOT(ISBLANK(C89)), D89<>"-", ISNUMBER(F89), F89>=4, ISNUMBER(SEARCH("qua đêm", D89))), 1, 0) -> 0 | J89: =IF(AND(NOT(ISBLANK(C89)), D89<>"-", ISNUMBER(F89), F89>=4, NOT(ISNUMBER(SEARCH("qua đêm", D89)))), 1, 0) -> 0
A90: Đỗ Quang Đẩu | B90: Hoàng Thanh Thủy | C90: 46235 | D90: Ca Sáng(06:00 - 14:00) | E90: 8h31p | F90: =IF(ISNUMBER(SEARCH("h",E90)), LEFT(E90,SEARCH("h",E90)-1) + MID(E90,SEARCH("h",E90)+1,SEARCH("p",E90)-SEARCH("h",E90)-1)/60, E90) -> 8.5166667 | G90: =IF(AND(ISNUMBER(F90), F90<4), 1, 0) -> 0 | H90: =IF(AND(NOT(ISBLANK(C90)), D90<>"-", ISNUMBER(F90), F90>0, COUNTIFS($B$3:B90, B90, $C$3:C90, C90, $F$3:F90, ">0")=1), 1, 0) -> 1 | I90: =IF(AND(NOT(ISBLANK(C90)), D90<>"-", ISNUMBER(F90), F90>=4, ISNUMBER(SEARCH("qua đêm", D90))), 1, 0) -> 0 | J90: =IF(AND(NOT(ISBLANK(C90)), D90<>"-", ISNUMBER(F90), F90>=4, NOT(ISNUMBER(SEARCH("qua đêm", D90)))), 1, 0) -> 1
A91: Đỗ Quang Đẩu | B91: Hoàng Thanh Thủy | C91: 46236 | D91: Ca chiều(14:00 - 22:00) | E91: 8h14p | F91: =IF(ISNUMBER(SEARCH("h",E91)), LEFT(E91,SEARCH("h",E91)-1) + MID(E91,SEARCH("h",E91)+1,SEARCH("p",E91)-SEARCH("h",E91)-1)/60, E91) -> 8.2333333 | G91: =IF(AND(ISNUMBER(F91), F91<4), 1, 0) -> 0 | H91: =IF(AND(NOT(ISBLANK(C91)), D91<>"-", ISNUMBER(F91), F91>0, COUNTIFS($B$3:B91, B91, $C$3:C91, C91, $F$3:F91, ">0")=1), 1, 0) -> 1 | I91: =IF(AND(NOT(ISBLANK(C91)), D91<>"-", ISNUMBER(F91), F91>=4, ISNUMBER(SEARCH("qua đêm", D91))), 1, 0) -> 0 | J91: =IF(AND(NOT(ISBLANK(C91)), D91<>"-", ISNUMBER(F91), F91>=4, NOT(ISNUMBER(SEARCH("qua đêm", D91)))), 1, 0) -> 1
A92: Đỗ Quang Đẩu | B92: Hoàng Thanh Thủy | C92: 46237 | D92: Ca chiều(14:00 - 22:00) | E92: 8h13p | F92: =IF(ISNUMBER(SEARCH("h",E92)), LEFT(E92,SEARCH("h",E92)-1) + MID(E92,SEARCH("h",E92)+1,SEARCH("p",E92)-SEARCH("h",E92)-1)/60, E92) -> 8.2166667 | G92: =IF(AND(ISNUMBER(F92), F92<4), 1, 0) -> 0 | H92: =IF(AND(NOT(ISBLANK(C92)), D92<>"-", ISNUMBER(F92), F92>0, COUNTIFS($B$3:B92, B92, $C$3:C92, C92, $F$3:F92, ">0")=1), 1, 0) -> 1 | I92: =IF(AND(NOT(ISBLANK(C92)), D92<>"-", ISNUMBER(F92), F92>=4, ISNUMBER(SEARCH("qua đêm", D92))), 1, 0) -> 0 | J92: =IF(AND(NOT(ISBLANK(C92)), D92<>"-", ISNUMBER(F92), F92>=4, NOT(ISNUMBER(SEARCH("qua đêm", D92)))), 1, 0) -> 1
A93: Đỗ Quang Đẩu | B93: Hoàng Thanh Thủy | C93: 46238 | D93: Ca Sáng(06:00 - 14:00) | E93: 8h20p | F93: =IF(ISNUMBER(SEARCH("h",E93)), LEFT(E93,SEARCH("h",E93)-1) + MID(E93,SEARCH("h",E93)+1,SEARCH("p",E93)-SEARCH("h",E93)-1)/60, E93) -> 8.3333333 | G93: =IF(AND(ISNUMBER(F93), F93<4), 1, 0) -> 0 | H93: =IF(AND(NOT(ISBLANK(C93)), D93<>"-", ISNUMBER(F93), F93>0, COUNTIFS($B$3:B93, B93, $C$3:C93, C93, $F$3:F93, ">0")=1), 1, 0) -> 1 | I93: =IF(AND(NOT(ISBLANK(C93)), D93<>"-", ISNUMBER(F93), F93>=4, ISNUMBER(SEARCH("qua đêm", D93))), 1, 0) -> 0 | J93: =IF(AND(NOT(ISBLANK(C93)), D93<>"-", ISNUMBER(F93), F93>=4, NOT(ISNUMBER(SEARCH("qua đêm", D93)))), 1, 0) -> 1
A94: Đỗ Quang Đẩu | B94: Hoàng Thanh Thủy | C94: 46239 | D94: Ca chiều(14:00 - 22:00) | E94: 7h56p | F94: =IF(ISNUMBER(SEARCH("h",E94)), LEFT(E94,SEARCH("h",E94)-1) + MID(E94,SEARCH("h",E94)+1,SEARCH("p",E94)-SEARCH("h",E94)-1)/60, E94) -> 7.9333333 | G94: =IF(AND(ISNUMBER(F94), F94<4), 1, 0) -> 0 | H94: =IF(AND(NOT(ISBLANK(C94)), D94<>"-", ISNUMBER(F94), F94>0, COUNTIFS($B$3:B94, B94, $C$3:C94, C94, $F$3:F94, ">0")=1), 1, 0) -> 1 | I94: =IF(AND(NOT(ISBLANK(C94)), D94<>"-", ISNUMBER(F94), F94>=4, ISNUMBER(SEARCH("qua đêm", D94))), 1, 0) -> 0 | J94: =IF(AND(NOT(ISBLANK(C94)), D94<>"-", ISNUMBER(F94), F94>=4, NOT(ISNUMBER(SEARCH("qua đêm", D94)))), 1, 0) -> 1
A95: Đỗ Quang Đẩu | B95: Hoàng Thanh Thủy | C95: 46240 | D95: Ca Sáng(06:00 - 14:00) | E95: 8h21p | F95: =IF(ISNUMBER(SEARCH("h",E95)), LEFT(E95,SEARCH("h",E95)-1) + MID(E95,SEARCH("h",E95)+1,SEARCH("p",E95)-SEARCH("h",E95)-1)/60, E95) -> 8.35 | G95: =IF(AND(ISNUMBER(F95), F95<4), 1, 0) -> 0 | H95: =IF(AND(NOT(ISBLANK(C95)), D95<>"-", ISNUMBER(F95), F95>0, COUNTIFS($B$3:B95, B95, $C$3:C95, C95, $F$3:F95, ">0")=1), 1, 0) -> 1 | I95: =IF(AND(NOT(ISBLANK(C95)), D95<>"-", ISNUMBER(F95), F95>=4, ISNUMBER(SEARCH("qua đêm", D95))), 1, 0) -> 0 | J95: =IF(AND(NOT(ISBLANK(C95)), D95<>"-", ISNUMBER(F95), F95>=4, NOT(ISNUMBER(SEARCH("qua đêm", D95)))), 1, 0) -> 1
A96: Đỗ Quang Đẩu | B96: Hoàng Thanh Thủy | C96: 46241 | D96: Ca chiều(14:00 - 22:00) | E96: 8h3p | F96: =IF(ISNUMBER(SEARCH("h",E96)), LEFT(E96,SEARCH("h",E96)-1) + MID(E96,SEARCH("h",E96)+1,SEARCH("p",E96)-SEARCH("h",E96)-1)/60, E96) -> 8.05 | G96: =IF(AND(ISNUMBER(F96), F96<4), 1, 0) -> 0 | H96: =IF(AND(NOT(ISBLANK(C96)), D96<>"-", ISNUMBER(F96), F96>0, COUNTIFS($B$3:B96, B96, $C$3:C96, C96, $F$3:F96, ">0")=1), 1, 0) -> 1 | I96: =IF(AND(NOT(ISBLANK(C96)), D96<>"-", ISNUMBER(F96), F96>=4, ISNUMBER(SEARCH("qua đêm", D96))), 1, 0) -> 0 | J96: =IF(AND(NOT(ISBLANK(C96)), D96<>"-", ISNUMBER(F96), F96>=4, NOT(ISNUMBER(SEARCH("qua đêm", D96)))), 1, 0) -> 1
A97: Đỗ Quang Đẩu | B97: Hoàng Thanh Thủy | C97: 46242 | D97: Ca Sáng(06:00 - 14:00) | E97: 8h26p | F97: =IF(ISNUMBER(SEARCH("h",E97)), LEFT(E97,SEARCH("h",E97)-1) + MID(E97,SEARCH("h",E97)+1,SEARCH("p",E97)-SEARCH("h",E97)-1)/60, E97) -> 8.4333333 | G97: =IF(AND(ISNUMBER(F97), F97<4), 1, 0) -> 0 | H97: =IF(AND(NOT(ISBLANK(C97)), D97<>"-", ISNUMBER(F97), F97>0, COUNTIFS($B$3:B97, B97, $C$3:C97, C97, $F$3:F97, ">0")=1), 1, 0) -> 1 | I97: =IF(AND(NOT(ISBLANK(C97)), D97<>"-", ISNUMBER(F97), F97>=4, ISNUMBER(SEARCH("qua đêm", D97))), 1, 0) -> 0 | J97: =IF(AND(NOT(ISBLANK(C97)), D97<>"-", ISNUMBER(F97), F97>=4, NOT(ISNUMBER(SEARCH("qua đêm", D97)))), 1, 0) -> 1
A98: Đỗ Quang Đẩu | B98: Hoàng Thanh Thủy | C98: 46243 | D98: Ca chiều(14:00 - 22:00) | E98: 8h7p | F98: =IF(ISNUMBER(SEARCH("h",E98)), LEFT(E98,SEARCH("h",E98)-1) + MID(E98,SEARCH("h",E98)+1,SEARCH("p",E98)-SEARCH("h",E98)-1)/60, E98) -> 8.1166667 | G98: =IF(AND(ISNUMBER(F98), F98<4), 1, 0) -> 0 | H98: =IF(AND(NOT(ISBLANK(C98)), D98<>"-", ISNUMBER(F98), F98>0, COUNTIFS($B$3:B98, B98, $C$3:C98, C98, $F$3:F98, ">0")=1), 1, 0) -> 1 | I98: =IF(AND(NOT(ISBLANK(C98)), D98<>"-", ISNUMBER(F98), F98>=4, ISNUMBER(SEARCH("qua đêm", D98))), 1, 0) -> 0 | J98: =IF(AND(NOT(ISBLANK(C98)), D98<>"-", ISNUMBER(F98), F98>=4, NOT(ISNUMBER(SEARCH("qua đêm", D98)))), 1, 0) -> 1
A99: Đỗ Quang Đẩu | B99: Hoàng Thanh Thủy | C99: 46244 | D99: Ca Sáng(06:00 - 14:00) | E99: 8h28p | F99: =IF(ISNUMBER(SEARCH("h",E99)), LEFT(E99,SEARCH("h",E99)-1) + MID(E99,SEARCH("h",E99)+1,SEARCH("p",E99)-SEARCH("h",E99)-1)/60, E99) -> 8.4666667 | G99: =IF(AND(ISNUMBER(F99), F99<4), 1, 0) -> 0 | H99: =IF(AND(NOT(ISBLANK(C99)), D99<>"-", ISNUMBER(F99), F99>0, COUNTIFS($B$3:B99, B99, $C$3:C99, C99, $F$3:F99, ">0")=1), 1, 0) -> 1 | I99: =IF(AND(NOT(ISBLANK(C99)), D99<>"-", ISNUMBER(F99), F99>=4, ISNUMBER(SEARCH("qua đêm", D99))), 1, 0) -> 0 | J99: =IF(AND(NOT(ISBLANK(C99)), D99<>"-", ISNUMBER(F99), F99>=4, NOT(ISNUMBER(SEARCH("qua đêm", D99)))), 1, 0) -> 1
A100: Đỗ Quang Đẩu | B100: Hoàng Thanh Thủy | C100: 46245 | D100: Ca chiều(14:00 - 22:00) | E100: 8h0p | F100: =IF(ISNUMBER(SEARCH("h",E100)), LEFT(E100,SEARCH("h",E100)-1) + MID(E100,SEARCH("h",E100)+1,SEARCH("p",E100)-SEARCH("h",E100)-1)/60, E100) -> 8 | G100: =IF(AND(ISNUMBER(F100), F100<4), 1, 0) -> 0 | H100: =IF(AND(NOT(ISBLANK(C100)), D100<>"-", ISNUMBER(F100), F100>0, COUNTIFS($B$3:B100, B100, $C$3:C100, C100, $F$3:F100, ">0")=1), 1, 0) -> 1 | I100: =IF(AND(NOT(ISBLANK(C100)), D100<>"-", ISNUMBER(F100), F100>=4, ISNUMBER(SEARCH("qua đêm", D100))), 1, 0) -> 0 | J100: =IF(AND(NOT(ISBLANK(C100)), D100<>"-", ISNUMBER(F100), F100>=4, NOT(ISNUMBER(SEARCH("qua đêm", D100)))), 1, 0) -> 1
A101: Đỗ Quang Đẩu | B101: Hoàng Thanh Thủy | C101: 46246 | D101: Ca chiều(14:00 - 22:00) | E101: 8h25p | F101: =IF(ISNUMBER(SEARCH("h",E101)), LEFT(E101,SEARCH("h",E101)-1) + MID(E101,SEARCH("h",E101)+1,SEARCH("p",E101)-SEARCH("h",E101)-1)/60, E101) -> 8.4166667 | G101: =IF(AND(ISNUMBER(F101), F101<4), 1, 0) -> 0 | H101: =IF(AND(NOT(ISBLANK(C101)), D101<>"-", ISNUMBER(F101), F101>0, COUNTIFS($B$3:B101, B101, $C$3:C101, C101, $F$3:F101, ">0")=1), 1, 0) -> 1 | I101: =IF(AND(NOT(ISBLANK(C101)), D101<>"-", ISNUMBER(F101), F101>=4, ISNUMBER(SEARCH("qua đêm", D101))), 1, 0) -> 0 | J101: =IF(AND(NOT(ISBLANK(C101)), D101<>"-", ISNUMBER(F101), F101>=4, NOT(ISNUMBER(SEARCH("qua đêm", D101)))), 1, 0) -> 1
... A121: Đỗ Quang Đẩu | B121: Hoàng Thanh Thủy | C121: 46265 | D121: Ca chiều(14:00 - 22:00) | E121: 8h12p | F121: =IF(ISNUMBER(SEARCH("h",E121)), LEFT(E121,SEARCH("h",E121)-1) + MID(E121,SEARCH("h",E121)+1,SEARCH("p",E121)-SEARCH("h",E121)-1)/60, E121) -> 8.2 | G121: =IF(AND(ISNUMBER(F121), F121<4), 1, 0) -> 0 | H121: =IF(AND(NOT(ISBLANK(C121)), D121<>"-", ISNUMBER(F121), F121>0, COUNTIFS($B$3:B121, B121, $C$3:C121, C121, $F$3:F121, ">0")=1), 1, 0) -> 1 | I121: =IF(AND(NOT(ISBLANK(C121)), D121<>"-", ISNUMBER(F121), F121>=4, ISNUMBER(SEARCH("qua đêm", D121))), 1, 0) -> 0 | J121: =IF(AND(NOT(ISBLANK(C121)), D121<>"-", ISNUMBER(F121), F121>=4, NOT(ISNUMBER(SEARCH("qua đêm", D121)))), 1, 0) -> 1
A122: Rạch Bùng Binh | B122: Ngô Thị Ngọc Thủy | D122: - | E122: 8h0p | F122: =IF(ISNUMBER(SEARCH("h",E122)), LEFT(E122,SEARCH("h",E122)-1) + MID(E122,SEARCH("h",E122)+1,SEARCH("p",E122)-SEARCH("h",E122)-1)/60, E122) -> 8 | G122: =IF(AND(ISNUMBER(F122), F122<4), 1, 0) -> 0 | H122: =IF(AND(NOT(ISBLANK(C122)), D122<>"-", ISNUMBER(F122), F122>0, COUNTIFS($B$3:B122, B122, $C$3:C122, C122, $F$3:F122, ">0")=1), 1, 0) -> 0 | I122: =IF(AND(NOT(ISBLANK(C122)), D122<>"-", ISNUMBER(F122), F122>=4, ISNUMBER(SEARCH("qua đêm", D122))), 1, 0) -> 0 | J122: =IF(AND(NOT(ISBLANK(C122)), D122<>"-", ISNUMBER(F122), F122>=4, NOT(ISNUMBER(SEARCH("qua đêm", D122)))), 1, 0) -> 0
A123: Rạch Bùng Binh | B123: Ngô Thị Ngọc Thủy | C123: 46235 | D123: Ca 3 Đêm(22:00 - 06:00)(ca qua đêm) | E123: 8h0p | F123: =IF(ISNUMBER(SEARCH("h",E123)), LEFT(E123,SEARCH("h",E123)-1) + MID(E123,SEARCH("h",E123)+1,SEARCH("p",E123)-SEARCH("h",E123)-1)/60, E123) -> 8 | G123: =IF(AND(ISNUMBER(F123), F123<4), 1, 0) -> 0 | H123: =IF(AND(NOT(ISBLANK(C123)), D123<>"-", ISNUMBER(F123), F123>0, COUNTIFS($B$3:B123, B123, $C$3:C123, C123, $F$3:F123, ">0")=1), 1, 0) -> 1 | I123: =IF(AND(NOT(ISBLANK(C123)), D123<>"-", ISNUMBER(F123), F123>=4, ISNUMBER(SEARCH("qua đêm", D123))), 1, 0) -> 1 | J123: =IF(AND(NOT(ISBLANK(C123)), D123<>"-", ISNUMBER(F123), F123>=4, NOT(ISNUMBER(SEARCH("qua đêm", D123)))), 1, 0) -> 0
A124: Rạch Bùng Binh | B124: Ngô Thị Ngọc Thủy | C124: 46236 | D124: CA GÃY CHIỀU(18:00 - 22:00) | E124: 3h54p | F124: =IF(ISNUMBER(SEARCH("h",E124)), LEFT(E124,SEARCH("h",E124)-1) + MID(E124,SEARCH("h",E124)+1,SEARCH("p",E124)-SEARCH("h",E124)-1)/60, E124) -> 3.9 | G124: =IF(AND(ISNUMBER(F124), F124<4), 1, 0) -> 1 | H124: =IF(AND(NOT(ISBLANK(C124)), D124<>"-", ISNUMBER(F124), F124>0, COUNTIFS($B$3:B124, B124, $C$3:C124, C124, $F$3:F124, ">0")=1), 1, 0) -> 1 | I124: =IF(AND(NOT(ISBLANK(C124)), D124<>"-", ISNUMBER(F124), F124>=4, ISNUMBER(SEARCH("qua đêm", D124))), 1, 0) -> 0 | J124: =IF(AND(NOT(ISBLANK(C124)), D124<>"-", ISNUMBER(F124), F124>=4, NOT(ISNUMBER(SEARCH("qua đêm", D124)))), 1, 0) -> 0
A125: Rạch Bùng Binh | B125: Ngô Thị Ngọc Thủy | C125: 46237 | D125: Ca Chiều Chính(14:00 - 22:00) | E125: 8h5p | F125: =IF(ISNUMBER(SEARCH("h",E125)), LEFT(E125,SEARCH("h",E125)-1) + MID(E125,SEARCH("h",E125)+1,SEARCH("p",E125)-SEARCH("h",E125)-1)/60, E125) -> 8.0833333 | G125: =IF(AND(ISNUMBER(F125), F125<4), 1, 0) -> 0 | H125: =IF(AND(NOT(ISBLANK(C125)), D125<>"-", ISNUMBER(F125), F125>0, COUNTIFS($B$3:B125, B125, $C$3:C125, C125, $F$3:F125, ">0")=1), 1, 0) -> 1 | I125: =IF(AND(NOT(ISBLANK(C125)), D125<>"-", ISNUMBER(F125), F125>=4, ISNUMBER(SEARCH("qua đêm", D125))), 1, 0) -> 0 | J125: =IF(AND(NOT(ISBLANK(C125)), D125<>"-", ISNUMBER(F125), F125>=4, NOT(ISNUMBER(SEARCH("qua đêm", D125)))), 1, 0) -> 1
A126: Rạch Bùng Binh | B126: Ngô Thị Ngọc Thủy | C126: 46238 | D126: Ca 1 Sáng(06:00 - 14:00) | E126: 8h6p | F126: =IF(ISNUMBER(SEARCH("h",E126)), LEFT(E126,SEARCH("h",E126)-1) + MID(E126,SEARCH("h",E126)+1,SEARCH("p",E126)-SEARCH("h",E126)-1)/60, E126) -> 8.1 | G126: =IF(AND(ISNUMBER(F126), F126<4), 1, 0) -> 0 | H126: =IF(AND(NOT(ISBLANK(C126)), D126<>"-", ISNUMBER(F126), F126>0, COUNTIFS($B$3:B126, B126, $C$3:C126, C126, $F$3:F126, ">0")=1), 1, 0) -> 1 | I126: =IF(AND(NOT(ISBLANK(C126)), D126<>"-", ISNUMBER(F126), F126>=4, ISNUMBER(SEARCH("qua đêm", D126))), 1, 0) -> 0 | J126: =IF(AND(NOT(ISBLANK(C126)), D126<>"-", ISNUMBER(F126), F126>=4, NOT(ISNUMBER(SEARCH("qua đêm", D126)))), 1, 0) -> 1
A127: Rạch Bùng Binh | B127: Ngô Thị Ngọc Thủy | C127: 46239 | D127: Ca 3 Đêm(22:00 - 06:00)(ca qua đêm) | E127: 8h5p | F127: =IF(ISNUMBER(SEARCH("h",E127)), LEFT(E127,SEARCH("h",E127)-1) + MID(E127,SEARCH("h",E127)+1,SEARCH("p",E127)-SEARCH("h",E127)-1)/60, E127) -> 8.0833333 | G127: =IF(AND(ISNUMBER(F127), F127<4), 1, 0) -> 0 | H127: =IF(AND(NOT(ISBLANK(C127)), D127<>"-", ISNUMBER(F127), F127>0, COUNTIFS($B$3:B127, B127, $C$3:C127, C127, $F$3:F127, ">0")=1), 1, 0) -> 1 | I127: =IF(AND(NOT(ISBLANK(C127)), D127<>"-", ISNUMBER(F127), F127>=4, ISNUMBER(SEARCH("qua đêm", D127))), 1, 0) -> 1 | J127: =IF(AND(NOT(ISBLANK(C127)), D127<>"-", ISNUMBER(F127), F127>=4, NOT(ISNUMBER(SEARCH("qua đêm", D127)))), 1, 0) -> 0
A128: Rạch Bùng Binh | B128: Ngô Thị Ngọc Thủy | C128: 46240 | D128: Ca Chiều Chính(14:00 - 22:00) | E128: 0h0p | F128: =IF(ISNUMBER(SEARCH("h",E128)), LEFT(E128,SEARCH("h",E128)-1) + MID(E128,SEARCH("h",E128)+1,SEARCH("p",E128)-SEARCH("h",E128)-1)/60, E128) -> 0 | G128: =IF(AND(ISNUMBER(F128), F128<4), 1, 0) -> 1 | H128: =IF(AND(NOT(ISBLANK(C128)), D128<>"-", ISNUMBER(F128), F128>0, COUNTIFS($B$3:B128, B128, $C$3:C128, C128, $F$3:F128, ">0")=1), 1, 0) -> 0 | I128: =IF(AND(NOT(ISBLANK(C128)), D128<>"-", ISNUMBER(F128), F128>=4, ISNUMBER(SEARCH("qua đêm", D128))), 1, 0) -> 0 | J128: =IF(AND(NOT(ISBLANK(C128)), D128<>"-", ISNUMBER(F128), F128>=4, NOT(ISNUMBER(SEARCH("qua đêm", D128)))), 1, 0) -> 0
A129: Rạch Bùng Binh | B129: Ngô Thị Ngọc Thủy | C129: 46240 | D129: Ca Chiều Phụ 3(20:00 - 22:00) | E129: 2h2p | F129: =IF(ISNUMBER(SEARCH("h",E129)), LEFT(E129,SEARCH("h",E129)-1) + MID(E129,SEARCH("h",E129)+1,SEARCH("p",E129)-SEARCH("h",E129)-1)/60, E129) -> 2.0333333 | G129: =IF(AND(ISNUMBER(F129), F129<4), 1, 0) -> 1 | H129: =IF(AND(NOT(ISBLANK(C129)), D129<>"-", ISNUMBER(F129), F129>0, COUNTIFS($B$3:B129, B129, $C$3:C129, C129, $F$3:F129, ">0")=1), 1, 0) -> 1 | I129: =IF(AND(NOT(ISBLANK(C129)), D129<>"-", ISNUMBER(F129), F129>=4, ISNUMBER(SEARCH("qua đêm", D129))), 1, 0) -> 0 | J129: =IF(AND(NOT(ISBLANK(C129)), D129<>"-", ISNUMBER(F129), F129>=4, NOT(ISNUMBER(SEARCH("qua đêm", D129)))), 1, 0) -> 0
A130: Rạch Bùng Binh | B130: Ngô Thị Ngọc Thủy | C130: 46240 | D130: Ca 3 Đêm(22:00 - 06:00)(ca qua đêm) | E130: 8h0p | F130: =IF(ISNUMBER(SEARCH("h",E130)), LEFT(E130,SEARCH("h",E130)-1) + MID(E130,SEARCH("h",E130)+1,SEARCH("p",E130)-SEARCH("h",E130)-1)/60, E130) -> 8 | G130: =IF(AND(ISNUMBER(F130), F130<4), 1, 0) -> 0 | H130: =IF(AND(NOT(ISBLANK(C130)), D130<>"-", ISNUMBER(F130), F130>0, COUNTIFS($B$3:B130, B130, $C$3:C130, C130, $F$3:F130, ">0")=1), 1, 0) -> 0 | I130: =IF(AND(NOT(ISBLANK(C130)), D130<>"-", ISNUMBER(F130), F130>=4, ISNUMBER(SEARCH("qua đêm", D130))), 1, 0) -> 1 | J130: =IF(AND(NOT(ISBLANK(C130)), D130<>"-", ISNUMBER(F130), F130>=4, NOT(ISNUMBER(SEARCH("qua đêm", D130)))), 1, 0) -> 0
A131: Rạch Bùng Binh | B131: Ngô Thị Ngọc Thủy | C131: 46241 | D131: Ca Chiều Chính(14:00 - 22:00) | E131: 2h0p | F131: =IF(ISNUMBER(SEARCH("h",E131)), LEFT(E131,SEARCH("h",E131)-1) + MID(E131,SEARCH("h",E131)+1,SEARCH("p",E131)-SEARCH("h",E131)-1)/60, E131) -> 2 | G131: =IF(AND(ISNUMBER(F131), F131<4), 1, 0) -> 1 | H131: =IF(AND(NOT(ISBLANK(C131)), D131<>"-", ISNUMBER(F131), F131>0, COUNTIFS($B$3:B131, B131, $C$3:C131, C131, $F$3:F131, ">0")=1), 1, 0) -> 1 | I131: =IF(AND(NOT(ISBLANK(C131)), D131<>"-", ISNUMBER(F131), F131>=4, ISNUMBER(SEARCH("qua đêm", D131))), 1, 0) -> 0 | J131: =IF(AND(NOT(ISBLANK(C131)), D131<>"-", ISNUMBER(F131), F131>=4, NOT(ISNUMBER(SEARCH("qua đêm", D131)))), 1, 0) -> 0
A132: Rạch Bùng Binh | B132: Ngô Thị Ngọc Thủy | C132: 46241 | D132: Ca 3 Đêm(22:00 - 06:00)(ca qua đêm) | E132: 8h0p | F132: =IF(ISNUMBER(SEARCH("h",E132)), LEFT(E132,SEARCH("h",E132)-1) + MID(E132,SEARCH("h",E132)+1,SEARCH("p",E132)-SEARCH("h",E132)-1)/60, E132) -> 8 | G132: =IF(AND(ISNUMBER(F132), F132<4), 1, 0) -> 0 | H132: =IF(AND(NOT(ISBLANK(C132)), D132<>"-", ISNUMBER(F132), F132>0, COUNTIFS($B$3:B132, B132, $C$3:C132, C132, $F$3:F132, ">0")=1), 1, 0) -> 0 | I132: =IF(AND(NOT(ISBLANK(C132)), D132<>"-", ISNUMBER(F132), F132>=4, ISNUMBER(SEARCH("qua đêm", D132))), 1, 0) -> 1 | J132: =IF(AND(NOT(ISBLANK(C132)), D132<>"-", ISNUMBER(F132), F132>=4, NOT(ISNUMBER(SEARCH("qua đêm", D132)))), 1, 0) -> 0
A133: Rạch Bùng Binh | B133: Ngô Thị Ngọc Thủy | C133: 46242 | D133: Ca Chiều Chính(14:00 - 22:00) | E133: 8h50p | F133: =IF(ISNUMBER(SEARCH("h",E133)), LEFT(E133,SEARCH("h",E133)-1) + MID(E133,SEARCH("h",E133)+1,SEARCH("p",E133)-SEARCH("h",E133)-1)/60, E133) -> 8.8333333 | G133: =IF(AND(ISNUMBER(F133), F133<4), 1, 0) -> 0 | H133: =IF(AND(NOT(ISBLANK(C133)), D133<>"-", ISNUMBER(F133), F133>0, COUNTIFS($B$3:B133, B133, $C$3:C133, C133, $F$3:F133, ">0")=1), 1, 0) -> 1 | I133: =IF(AND(NOT(ISBLANK(C133)), D133<>"-", ISNUMBER(F133), F133>=4, ISNUMBER(SEARCH("qua đêm", D133))), 1, 0) -> 0 | J133: =IF(AND(NOT(ISBLANK(C133)), D133<>"-", ISNUMBER(F133), F133>=4, NOT(ISNUMBER(SEARCH("qua đêm", D133)))), 1, 0) -> 1
A134: Rạch Bùng Binh | B134: Ngô Thị Ngọc Thủy | C134: 46243 | D134: Ca Chiều Chính(14:00 - 22:00) | E134: 9h25p | F134: =IF(ISNUMBER(SEARCH("h",E134)), LEFT(E134,SEARCH("h",E134)-1) + MID(E134,SEARCH("h",E134)+1,SEARCH("p",E134)-SEARCH("h",E134)-1)/60, E134) -> 9.4166667 | G134: =IF(AND(ISNUMBER(F134), F134<4), 1, 0) -> 0 | H134: =IF(AND(NOT(ISBLANK(C134)), D134<>"-", ISNUMBER(F134), F134>0, COUNTIFS($B$3:B134, B134, $C$3:C134, C134, $F$3:F134, ">0")=1), 1, 0) -> 1 | I134: =IF(AND(NOT(ISBLANK(C134)), D134<>"-", ISNUMBER(F134), F134>=4, ISNUMBER(SEARCH("qua đêm", D134))), 1, 0) -> 0 | J134: =IF(AND(NOT(ISBLANK(C134)), D134<>"-", ISNUMBER(F134), F134>=4, NOT(ISNUMBER(SEARCH("qua đêm", D134)))), 1, 0) -> 1
... A154: Rạch Bùng Binh | B154: Ngô Thị Ngọc Thủy | C154: 46265 | D154: Ca 1 Sáng(06:00 - 14:00) | E154: 8h5p | F154: =IF(ISNUMBER(SEARCH("h",E154)), LEFT(E154,SEARCH("h",E154)-1) + MID(E154,SEARCH("h",E154)+1,SEARCH("p",E154)-SEARCH("h",E154)-1)/60, E154) -> 8.0833333 | G154: =IF(AND(ISNUMBER(F154), F154<4), 1, 0) -> 0 | H154: =IF(AND(NOT(ISBLANK(C154)), D154<>"-", ISNUMBER(F154), F154>0, COUNTIFS($B$3:B154, B154, $C$3:C154, C154, $F$3:F154, ">0")=1), 1, 0) -> 1 | I154: =IF(AND(NOT(ISBLANK(C154)), D154<>"-", ISNUMBER(F154), F154>=4, ISNUMBER(SEARCH("qua đêm", D154))), 1, 0) -> 0 | J154: =IF(AND(NOT(ISBLANK(C154)), D154<>"-", ISNUMBER(F154), F154>=4, NOT(ISNUMBER(SEARCH("qua đêm", D154)))), 1, 0) -> 1
A155: Đỗ Quang Đẩu | B155: Lê Thị Huyền Trân | D155: - | E155: 8h0p | F155: =IF(ISNUMBER(SEARCH("h",E155)), LEFT(E155,SEARCH("h",E155)-1) + MID(E155,SEARCH("h",E155)+1,SEARCH("p",E155)-SEARCH("h",E155)-1)/60, E155) -> 8 | G155: =IF(AND(ISNUMBER(F155), F155<4), 1, 0) -> 0 | H155: =IF(AND(NOT(ISBLANK(C155)), D155<>"-", ISNUMBER(F155), F155>0, COUNTIFS($B$3:B155, B155, $C$3:C155, C155, $F$3:F155, ">0")=1), 1, 0) -> 0 | I155: =IF(AND(NOT(ISBLANK(C155)), D155<>"-", ISNUMBER(F155), F155>=4, ISNUMBER(SEARCH("qua đêm", D155))), 1, 0) -> 0 | J155: =IF(AND(NOT(ISBLANK(C155)), D155<>"-", ISNUMBER(F155), F155>=4, NOT(ISNUMBER(SEARCH("qua đêm", D155)))), 1, 0) -> 0
A156: Đỗ Quang Đẩu | B156: Lê Thị Huyền Trân | C156: 46235 | D156: Ca chiều(14:00 - 22:00) | E156: 8h3p | F156: =IF(ISNUMBER(SEARCH("h",E156)), LEFT(E156,SEARCH("h",E156)-1) + MID(E156,SEARCH("h",E156)+1,SEARCH("p",E156)-SEARCH("h",E156)-1)/60, E156) -> 8.05 | G156: =IF(AND(ISNUMBER(F156), F156<4), 1, 0) -> 0 | H156: =IF(AND(NOT(ISBLANK(C156)), D156<>"-", ISNUMBER(F156), F156>0, COUNTIFS($B$3:B156, B156, $C$3:C156, C156, $F$3:F156, ">0")=1), 1, 0) -> 1 | I156: =IF(AND(NOT(ISBLANK(C156)), D156<>"-", ISNUMBER(F156), F156>=4, ISNUMBER(SEARCH("qua đêm", D156))), 1, 0) -> 0 | J156: =IF(AND(NOT(ISBLANK(C156)), D156<>"-", ISNUMBER(F156), F156>=4, NOT(ISNUMBER(SEARCH("qua đêm", D156)))), 1, 0) -> 1
A157: Đỗ Quang Đẩu | B157: Lê Thị Huyền Trân | C157: 46236 | D157: Ca chiều(14:00 - 22:00) | E157: 8h1p | F157: =IF(ISNUMBER(SEARCH("h",E157)), LEFT(E157,SEARCH("h",E157)-1) + MID(E157,SEARCH("h",E157)+1,SEARCH("p",E157)-SEARCH("h",E157)-1)/60, E157) -> 8.0166667 | G157: =IF(AND(ISNUMBER(F157), F157<4), 1, 0) -> 0 | H157: =IF(AND(NOT(ISBLANK(C157)), D157<>"-", ISNUMBER(F157), F157>0, COUNTIFS($B$3:B157, B157, $C$3:C157, C157, $F$3:F157, ">0")=1), 1, 0) -> 1 | I157: =IF(AND(NOT(ISBLANK(C157)), D157<>"-", ISNUMBER(F157), F157>=4, ISNUMBER(SEARCH("qua đêm", D157))), 1, 0) -> 0 | J157: =IF(AND(NOT(ISBLANK(C157)), D157<>"-", ISNUMBER(F157), F157>=4, NOT(ISNUMBER(SEARCH("qua đêm", D157)))), 1, 0) -> 1
A158: Đỗ Quang Đẩu | B158: Lê Thị Huyền Trân | C158: 46237 | D158: Ca Sáng(06:00 - 14:00) | E158: 8h7p | F158: =IF(ISNUMBER(SEARCH("h",E158)), LEFT(E158,SEARCH("h",E158)-1) + MID(E158,SEARCH("h",E158)+1,SEARCH("p",E158)-SEARCH("h",E158)-1)/60, E158) -> 8.1166667 | G158: =IF(AND(ISNUMBER(F158), F158<4), 1, 0) -> 0 | H158: =IF(AND(NOT(ISBLANK(C158)), D158<>"-", ISNUMBER(F158), F158>0, COUNTIFS($B$3:B158, B158, $C$3:C158, C158, $F$3:F158, ">0")=1), 1, 0) -> 1 | I158: =IF(AND(NOT(ISBLANK(C158)), D158<>"-", ISNUMBER(F158), F158>=4, ISNUMBER(SEARCH("qua đêm", D158))), 1, 0) -> 0 | J158: =IF(AND(NOT(ISBLANK(C158)), D158<>"-", ISNUMBER(F158), F158>=4, NOT(ISNUMBER(SEARCH("qua đêm", D158)))), 1, 0) -> 1
A159: Đỗ Quang Đẩu | B159: Lê Thị Huyền Trân | C159: 46238 | D159: Ca Sáng(06:00 - 14:00) | E159: 8h6p | F159: =IF(ISNUMBER(SEARCH("h",E159)), LEFT(E159,SEARCH("h",E159)-1) + MID(E159,SEARCH("h",E159)+1,SEARCH("p",E159)-SEARCH("h",E159)-1)/60, E159) -> 8.1 | G159: =IF(AND(ISNUMBER(F159), F159<4), 1, 0) -> 0 | H159: =IF(AND(NOT(ISBLANK(C159)), D159<>"-", ISNUMBER(F159), F159>0, COUNTIFS($B$3:B159, B159, $C$3:C159, C159, $F$3:F159, ">0")=1), 1, 0) -> 1 | I159: =IF(AND(NOT(ISBLANK(C159)), D159<>"-", ISNUMBER(F159), F159>=4, ISNUMBER(SEARCH("qua đêm", D159))), 1, 0) -> 0 | J159: =IF(AND(NOT(ISBLANK(C159)), D159<>"-", ISNUMBER(F159), F159>=4, NOT(ISNUMBER(SEARCH("qua đêm", D159)))), 1, 0) -> 1
A160: Đỗ Quang Đẩu | B160: Lê Thị Huyền Trân | C160: 46239 | D160: Ca chiều(14:00 - 22:00) | E160: 8h0p | F160: =IF(ISNUMBER(SEARCH("h",E160)), LEFT(E160,SEARCH("h",E160)-1) + MID(E160,SEARCH("h",E160)+1,SEARCH("p",E160)-SEARCH("h",E160)-1)/60, E160) -> 8 | G160: =IF(AND(ISNUMBER(F160), F160<4), 1, 0) -> 0 | H160: =IF(AND(NOT(ISBLANK(C160)), D160<>"-", ISNUMBER(F160), F160>0, COUNTIFS($B$3:B160, B160, $C$3:C160, C160, $F$3:F160, ">0")=1), 1, 0) -> 1 | I160: =IF(AND(NOT(ISBLANK(C160)), D160<>"-", ISNUMBER(F160), F160>=4, ISNUMBER(SEARCH("qua đêm", D160))), 1, 0) -> 0 | J160: =IF(AND(NOT(ISBLANK(C160)), D160<>"-", ISNUMBER(F160), F160>=4, NOT(ISNUMBER(SEARCH("qua đêm", D160)))), 1, 0) -> 1
A161: Đỗ Quang Đẩu | B161: Lê Thị Huyền Trân | C161: 46240 | D161: Ca chiều(14:00 - 22:00) | E161: 8h1p | F161: =IF(ISNUMBER(SEARCH("h",E161)), LEFT(E161,SEARCH("h",E161)-1) + MID(E161,SEARCH("h",E161)+1,SEARCH("p",E161)-SEARCH("h",E161)-1)/60, E161) -> 8.0166667 | G161: =IF(AND(ISNUMBER(F161), F161<4), 1, 0) -> 0 | H161: =IF(AND(NOT(ISBLANK(C161)), D161<>"-", ISNUMBER(F161), F161>0, COUNTIFS($B$3:B161, B161, $C$3:C161, C161, $F$3:F161, ">0")=1), 1, 0) -> 1 | I161: =IF(AND(NOT(ISBLANK(C161)), D161<>"-", ISNUMBER(F161), F161>=4, ISNUMBER(SEARCH("qua đêm", D161))), 1, 0) -> 0 | J161: =IF(AND(NOT(ISBLANK(C161)), D161<>"-", ISNUMBER(F161), F161>=4, NOT(ISNUMBER(SEARCH("qua đêm", D161)))), 1, 0) -> 1
A162: Đỗ Quang Đẩu | B162: Lê Thị Huyền Trân | C162: 46241 | D162: Ca chiều(14:00 - 22:00) | E162: 8h6p | F162: =IF(ISNUMBER(SEARCH("h",E162)), LEFT(E162,SEARCH("h",E162)-1) + MID(E162,SEARCH("h",E162)+1,SEARCH("p",E162)-SEARCH("h",E162)-1)/60, E162) -> 8.1 | G162: =IF(AND(ISNUMBER(F162), F162<4), 1, 0) -> 0 | H162: =IF(AND(NOT(ISBLANK(C162)), D162<>"-", ISNUMBER(F162), F162>0, COUNTIFS($B$3:B162, B162, $C$3:C162, C162, $F$3:F162, ">0")=1), 1, 0) -> 1 | I162: =IF(AND(NOT(ISBLANK(C162)), D162<>"-", ISNUMBER(F162), F162>=4, ISNUMBER(SEARCH("qua đêm", D162))), 1, 0) -> 0 | J162: =IF(AND(NOT(ISBLANK(C162)), D162<>"-", ISNUMBER(F162), F162>=4, NOT(ISNUMBER(SEARCH("qua đêm", D162)))), 1, 0) -> 1
A163: Đỗ Quang Đẩu | B163: Lê Thị Huyền Trân | C163: 46242 | D163: Ca Đêm(22:00 - 06:00)(ca qua đêm) | E163: 8h5p | F163: =IF(ISNUMBER(SEARCH("h",E163)), LEFT(E163,SEARCH("h",E163)-1) + MID(E163,SEARCH("h",E163)+1,SEARCH("p",E163)-SEARCH("h",E163)-1)/60, E163) -> 8.0833333 | G163: =IF(AND(ISNUMBER(F163), F163<4), 1, 0) -> 0 | H163: =IF(AND(NOT(ISBLANK(C163)), D163<>"-", ISNUMBER(F163), F163>0, COUNTIFS($B$3:B163, B163, $C$3:C163, C163, $F$3:F163, ">0")=1), 1, 0) -> 1 | I163: =IF(AND(NOT(ISBLANK(C163)), D163<>"-", ISNUMBER(F163), F163>=4, ISNUMBER(SEARCH("qua đêm", D163))), 1, 0) -> 1 | J163: =IF(AND(NOT(ISBLANK(C163)), D163<>"-", ISNUMBER(F163), F163>=4, NOT(ISNUMBER(SEARCH("qua đêm", D163)))), 1, 0) -> 0
A164: Đỗ Quang Đẩu | B164: Lê Thị Huyền Trân | C164: 46244 | D164: Ca chiều(14:00 - 22:00) | E164: 8h6p | F164: =IF(ISNUMBER(SEARCH("h",E164)), LEFT(E164,SEARCH("h",E164)-1) + MID(E164,SEARCH("h",E164)+1,SEARCH("p",E164)-SEARCH("h",E164)-1)/60, E164) -> 8.1 | G164: =IF(AND(ISNUMBER(F164), F164<4), 1, 0) -> 0 | H164: =IF(AND(NOT(ISBLANK(C164)), D164<>"-", ISNUMBER(F164), F164>0, COUNTIFS($B$3:B164, B164, $C$3:C164, C164, $F$3:F164, ">0")=1), 1, 0) -> 1 | I164: =IF(AND(NOT(ISBLANK(C164)), D164<>"-", ISNUMBER(F164), F164>=4, ISNUMBER(SEARCH("qua đêm", D164))), 1, 0) -> 0 | J164: =IF(AND(NOT(ISBLANK(C164)), D164<>"-", ISNUMBER(F164), F164>=4, NOT(ISNUMBER(SEARCH("qua đêm", D164)))), 1, 0) -> 1
A165: Đỗ Quang Đẩu | B165: Lê Thị Huyền Trân | C165: 46245 | D165: Ca chiều(14:00 - 22:00) | E165: 7h57p | F165: =IF(ISNUMBER(SEARCH("h",E165)), LEFT(E165,SEARCH("h",E165)-1) + MID(E165,SEARCH("h",E165)+1,SEARCH("p",E165)-SEARCH("h",E165)-1)/60, E165) -> 7.95 | G165: =IF(AND(ISNUMBER(F165), F165<4), 1, 0) -> 0 | H165: =IF(AND(NOT(ISBLANK(C165)), D165<>"-", ISNUMBER(F165), F165>0, COUNTIFS($B$3:B165, B165, $C$3:C165, C165, $F$3:F165, ">0")=1), 1, 0) -> 1 | I165: =IF(AND(NOT(ISBLANK(C165)), D165<>"-", ISNUMBER(F165), F165>=4, ISNUMBER(SEARCH("qua đêm", D165))), 1, 0) -> 0 | J165: =IF(AND(NOT(ISBLANK(C165)), D165<>"-", ISNUMBER(F165), F165>=4, NOT(ISNUMBER(SEARCH("qua đêm", D165)))), 1, 0) -> 1
A166: Đỗ Quang Đẩu | B166: Lê Thị Huyền Trân | C166: 46246 | D166: Ca Sáng(06:00 - 14:00) | E166: 8h17p | F166: =IF(ISNUMBER(SEARCH("h",E166)), LEFT(E166,SEARCH("h",E166)-1) + MID(E166,SEARCH("h",E166)+1,SEARCH("p",E166)-SEARCH("h",E166)-1)/60, E166) -> 8.2833333 | G166: =IF(AND(ISNUMBER(F166), F166<4), 1, 0) -> 0 | H166: =IF(AND(NOT(ISBLANK(C166)), D166<>"-", ISNUMBER(F166), F166>0, COUNTIFS($B$3:B166, B166, $C$3:C166, C166, $F$3:F166, ">0")=1), 1, 0) -> 1 | I166: =IF(AND(NOT(ISBLANK(C166)), D166<>"-", ISNUMBER(F166), F166>=4, ISNUMBER(SEARCH("qua đêm", D166))), 1, 0) -> 0 | J166: =IF(AND(NOT(ISBLANK(C166)), D166<>"-", ISNUMBER(F166), F166>=4, NOT(ISNUMBER(SEARCH("qua đêm", D166)))), 1, 0) -> 1
A167: Đỗ Quang Đẩu | B167: Lê Thị Huyền Trân | C167: 46247 | D167: Ca Sáng(06:00 - 14:00) | E167: 8h5p | F167: =IF(ISNUMBER(SEARCH("h",E167)), LEFT(E167,SEARCH("h",E167)-1) + MID(E167,SEARCH("h",E167)+1,SEARCH("p",E167)-SEARCH("h",E167)-1)/60, E167) -> 8.0833333 | G167: =IF(AND(ISNUMBER(F167), F167<4), 1, 0) -> 0 | H167: =IF(AND(NOT(ISBLANK(C167)), D167<>"-", ISNUMBER(F167), F167>0, COUNTIFS($B$3:B167, B167, $C$3:C167, C167, $F$3:F167, ">0")=1), 1, 0) -> 1 | I167: =IF(AND(NOT(ISBLANK(C167)), D167<>"-", ISNUMBER(F167), F167>=4, ISNUMBER(SEARCH("qua đêm", D167))), 1, 0) -> 0 | J167: =IF(AND(NOT(ISBLANK(C167)), D167<>"-", ISNUMBER(F167), F167>=4, NOT(ISNUMBER(SEARCH("qua đêm", D167)))), 1, 0) -> 1
... A185: Đỗ Quang Đẩu | B185: Lê Thị Huyền Trân | C185: 46265 | D185: Ca Sáng(06:00 - 14:00) | E185: 8h4p | F185: =IF(ISNUMBER(SEARCH("h",E185)), LEFT(E185,SEARCH("h",E185)-1) + MID(E185,SEARCH("h",E185)+1,SEARCH("p",E185)-SEARCH("h",E185)-1)/60, E185) -> 8.0666667 | G185: =IF(AND(ISNUMBER(F185), F185<4), 1, 0) -> 0 | H185: =IF(AND(NOT(ISBLANK(C185)), D185<>"-", ISNUMBER(F185), F185>0, COUNTIFS($B$3:B185, B185, $C$3:C185, C185, $F$3:F185, ">0")=1), 1, 0) -> 1 | I185: =IF(AND(NOT(ISBLANK(C185)), D185<>"-", ISNUMBER(F185), F185>=4, ISNUMBER(SEARCH("qua đêm", D185))), 1, 0) -> 0 | J185: =IF(AND(NOT(ISBLANK(C185)), D185<>"-", ISNUMBER(F185), F185>=4, NOT(ISNUMBER(SEARCH("qua đêm", D185)))), 1, 0) -> 1
A186: Lê Bình | B186: Trần Thị Phương Thùy | D186: - | E186: 8h0p | F186: =IF(ISNUMBER(SEARCH("h",E186)), LEFT(E186,SEARCH("h",E186)-1) + MID(E186,SEARCH("h",E186)+1,SEARCH("p",E186)-SEARCH("h",E186)-1)/60, E186) -> 8 | G186: =IF(AND(ISNUMBER(F186), F186<4), 1, 0) -> 0 | H186: =IF(AND(NOT(ISBLANK(C186)), D186<>"-", ISNUMBER(F186), F186>0, COUNTIFS($B$3:B186, B186, $C$3:C186, C186, $F$3:F186, ">0")=1), 1, 0) -> 0 | I186: =IF(AND(NOT(ISBLANK(C186)), D186<>"-", ISNUMBER(F186), F186>=4, ISNUMBER(SEARCH("qua đêm", D186))), 1, 0) -> 0 | J186: =IF(AND(NOT(ISBLANK(C186)), D186<>"-", ISNUMBER(F186), F186>=4, NOT(ISNUMBER(SEARCH("qua đêm", D186)))), 1, 0) -> 0
A187: Lê Bình | B187: Trần Thị Phương Thùy | C187: 46235 | D187: CA CHIỀU(14:00 - 22:00) | E187: 8h1p | F187: =IF(ISNUMBER(SEARCH("h",E187)), LEFT(E187,SEARCH("h",E187)-1) + MID(E187,SEARCH("h",E187)+1,SEARCH("p",E187)-SEARCH("h",E187)-1)/60, E187) -> 8.0166667 | G187: =IF(AND(ISNUMBER(F187), F187<4), 1, 0) -> 0 | H187: =IF(AND(NOT(ISBLANK(C187)), D187<>"-", ISNUMBER(F187), F187>0, COUNTIFS($B$3:B187, B187, $C$3:C187, C187, $F$3:F187, ">0")=1), 1, 0) -> 1 | I187: =IF(AND(NOT(ISBLANK(C187)), D187<>"-", ISNUMBER(F187), F187>=4, ISNUMBER(SEARCH("qua đêm", D187))), 1, 0) -> 0 | J187: =IF(AND(NOT(ISBLANK(C187)), D187<>"-", ISNUMBER(F187), F187>=4, NOT(ISNUMBER(SEARCH("qua đêm", D187)))), 1, 0) -> 1
A188: Lê Bình | B188: Trần Thị Phương Thùy | C188: 46236 | D188: CA CHIỀU(14:00 - 22:00) | E188: 8h19p | F188: =IF(ISNUMBER(SEARCH("h",E188)), LEFT(E188,SEARCH("h",E188)-1) + MID(E188,SEARCH("h",E188)+1,SEARCH("p",E188)-SEARCH("h",E188)-1)/60, E188) -> 8.3166667 | G188: =IF(AND(ISNUMBER(F188), F188<4), 1, 0) -> 0 | H188: =IF(AND(NOT(ISBLANK(C188)), D188<>"-", ISNUMBER(F188), F188>0, COUNTIFS($B$3:B188, B188, $C$3:C188, C188, $F$3:F188, ">0")=1), 1, 0) -> 1 | I188: =IF(AND(NOT(ISBLANK(C188)), D188<>"-", ISNUMBER(F188), F188>=4, ISNUMBER(SEARCH("qua đêm", D188))), 1, 0) -> 0 | J188: =IF(AND(NOT(ISBLANK(C188)), D188<>"-", ISNUMBER(F188), F188>=4, NOT(ISNUMBER(SEARCH("qua đêm", D188)))), 1, 0) -> 1
A189: Lê Bình | B189: Trần Thị Phương Thùy | C189: 46237 | D189: CA CHIỀU(14:00 - 22:00) | E189: 8h0p | F189: =IF(ISNUMBER(SEARCH("h",E189)), LEFT(E189,SEARCH("h",E189)-1) + MID(E189,SEARCH("h",E189)+1,SEARCH("p",E189)-SEARCH("h",E189)-1)/60, E189) -> 8 | G189: =IF(AND(ISNUMBER(F189), F189<4), 1, 0) -> 0 | H189: =IF(AND(NOT(ISBLANK(C189)), D189<>"-", ISNUMBER(F189), F189>0, COUNTIFS($B$3:B189, B189, $C$3:C189, C189, $F$3:F189, ">0")=1), 1, 0) -> 1 | I189: =IF(AND(NOT(ISBLANK(C189)), D189<>"-", ISNUMBER(F189), F189>=4, ISNUMBER(SEARCH("qua đêm", D189))), 1, 0) -> 0 | J189: =IF(AND(NOT(ISBLANK(C189)), D189<>"-", ISNUMBER(F189), F189>=4, NOT(ISNUMBER(SEARCH("qua đêm", D189)))), 1, 0) -> 1
A190: Lê Bình | B190: Trần Thị Phương Thùy | C190: 46238 | D190: CA SÁNG(06:00 - 14:00) | E190: 8h1p | F190: =IF(ISNUMBER(SEARCH("h",E190)), LEFT(E190,SEARCH("h",E190)-1) + MID(E190,SEARCH("h",E190)+1,SEARCH("p",E190)-SEARCH("h",E190)-1)/60, E190) -> 8.0166667 | G190: =IF(AND(ISNUMBER(F190), F190<4), 1, 0) -> 0 | H190: =IF(AND(NOT(ISBLANK(C190)), D190<>"-", ISNUMBER(F190), F190>0, COUNTIFS($B$3:B190, B190, $C$3:C190, C190, $F$3:F190, ">0")=1), 1, 0) -> 1 | I190: =IF(AND(NOT(ISBLANK(C190)), D190<>"-", ISNUMBER(F190), F190>=4, ISNUMBER(SEARCH("qua đêm", D190))), 1, 0) -> 0 | J190: =IF(AND(NOT(ISBLANK(C190)), D190<>"-", ISNUMBER(F190), F190>=4, NOT(ISNUMBER(SEARCH("qua đêm", D190)))), 1, 0) -> 1
A191: Lê Bình | B191: Trần Thị Phương Thùy | C191: 46239 | D191: CA CHIỀU(14:00 - 22:00) | E191: 8h13p | F191: =IF(ISNUMBER(SEARCH("h",E191)), LEFT(E191,SEARCH("h",E191)-1) + MID(E191,SEARCH("h",E191)+1,SEARCH("p",E191)-SEARCH("h",E191)-1)/60, E191) -> 8.2166667 | G191: =IF(AND(ISNUMBER(F191), F191<4), 1, 0) -> 0 | H191: =IF(AND(NOT(ISBLANK(C191)), D191<>"-", ISNUMBER(F191), F191>0, COUNTIFS($B$3:B191, B191, $C$3:C191, C191, $F$3:F191, ">0")=1), 1, 0) -> 1 | I191: =IF(AND(NOT(ISBLANK(C191)), D191<>"-", ISNUMBER(F191), F191>=4, ISNUMBER(SEARCH("qua đêm", D191))), 1, 0) -> 0 | J191: =IF(AND(NOT(ISBLANK(C191)), D191<>"-", ISNUMBER(F191), F191>=4, NOT(ISNUMBER(SEARCH("qua đêm", D191)))), 1, 0) -> 1
A192: Lê Bình | B192: Trần Thị Phương Thùy | C192: 46240 | D192: CA CHIỀU(14:00 - 22:00) | E192: 8h2p | F192: =IF(ISNUMBER(SEARCH("h",E192)), LEFT(E192,SEARCH("h",E192)-1) + MID(E192,SEARCH("h",E192)+1,SEARCH("p",E192)-SEARCH("h",E192)-1)/60, E192) -> 8.0333333 | G192: =IF(AND(ISNUMBER(F192), F192<4), 1, 0) -> 0 | H192: =IF(AND(NOT(ISBLANK(C192)), D192<>"-", ISNUMBER(F192), F192>0, COUNTIFS($B$3:B192, B192, $C$3:C192, C192, $F$3:F192, ">0")=1), 1, 0) -> 1 | I192: =IF(AND(NOT(ISBLANK(C192)), D192<>"-", ISNUMBER(F192), F192>=4, ISNUMBER(SEARCH("qua đêm", D192))), 1, 0) -> 0 | J192: =IF(AND(NOT(ISBLANK(C192)), D192<>"-", ISNUMBER(F192), F192>=4, NOT(ISNUMBER(SEARCH("qua đêm", D192)))), 1, 0) -> 1
A193: Lê Bình | B193: Trần Thị Phương Thùy | C193: 46240 | D193: CA TỐI(22:00 - 06:00)(ca qua đêm) | E193: 0h30p | F193: =IF(ISNUMBER(SEARCH("h",E193)), LEFT(E193,SEARCH("h",E193)-1) + MID(E193,SEARCH("h",E193)+1,SEARCH("p",E193)-SEARCH("h",E193)-1)/60, E193) -> 0.5 | G193: =IF(AND(ISNUMBER(F193), F193<4), 1, 0) -> 1 | H193: =IF(AND(NOT(ISBLANK(C193)), D193<>"-", ISNUMBER(F193), F193>0, COUNTIFS($B$3:B193, B193, $C$3:C193, C193, $F$3:F193, ">0")=1), 1, 0) -> 0 | I193: =IF(AND(NOT(ISBLANK(C193)), D193<>"-", ISNUMBER(F193), F193>=4, ISNUMBER(SEARCH("qua đêm", D193))), 1, 0) -> 0 | J193: =IF(AND(NOT(ISBLANK(C193)), D193<>"-", ISNUMBER(F193), F193>=4, NOT(ISNUMBER(SEARCH("qua đêm", D193)))), 1, 0) -> 0
...

Sheet KPI trừ
A1: Chi nhánh | B1: Tên nhân viên | C1: Hàng hết date | D1: Quy chế quy trình | E1: HD App - Kiot | F1: Ecom | G1: Khác | H1: Ghi chú
A2: Trường Sa | B2: Hồ Thị Minh Hòa | C2: 0 | D2: 0 | E2: 0 | F2: 0 | G2: 0
A3: Trường Sa | B3: Nguyễn Trần Ngọc Phương | C3: 0 | D3: 0 | E3: 0 | F3: 0 | G3: 500000 | H3: Cấn trừ chi phí đồng phục
A4: Trường Sa | B4: Nguyễn Ngọc Anh Thư | C4: 0 | D4: 0 | E4: 0 | F4: 0 | G4: 0
A5: Trường Sa | B5: Trịnh Thị Phượng | C5: 0 | D5: 0 | E5: 0 | F5: 0 | G5: 0
A6: Trường Sa | B6: Ngô Trần Tuyết Vy | C6: 0 | D6: 0 | E6: 0 | F6: 0 | G6: 0
A7: Trường Sa | B7: Phạm Nguyễn Ngọc Quý | C7: 0 | D7: 0 | E7: 0 | F7: 0 | G7: 0
A8: Trường Sa | B8: Trần Thị Kim Khánh | C8: 0 | D8: 0 | E8: 0 | F8: 0 | G8: 0
A9: Đỗ Quang Đẩu | B9: Ngô Thị Thanh Thắm | C9: 0 | D9: 0 | E9: 0 | F9: 0 | G9: 0
A10: Đỗ Quang Đẩu | B10: Dương Thị Huỳnh Như | C10: 0 | D10: 0 | E10: 0 | F10: 0 | G10: 0
A11: Đỗ Quang Đẩu | B11: Phạm Thị Nghĩa Hương | C11: 0 | D11: 0 | E11: 0 | F11: 0 | G11: 0
A12: Đỗ Quang Đẩu | B12: Trần Thiên Phát | C12: 0 | D12: 0 | E12: 0 | F12: 0 | G12: 0
A13: Đỗ Quang Đẩu | B13: Hoàng Lâm Gia Bảo | C13: 0 | D13: 0 | E13: 0 | F13: 0 | G13: 0
A14: Đỗ Quang Đẩu | B14: Hoàng Thanh Thủy | C14: 0 | D14: 0 | E14: 0 | F14: 0 | G14: 0
A15: Đỗ Quang Đẩu | B15: Lê Thị Huyền Trân | C15: 0 | D15: 0 | E15: 0 | F15: 0 | G15: 0
... A54: Lê Bình | B54: Hồ Thị Minh Hòa | C54: 0 | D54: 0 | E54: 0 | F54: 0 | G54: 0
A55: Lê Bình | B55: Nguyễn Trần Ngọc Phương | C55: 0 | D55: 0 | E55: 0 | F55: 0 | G55: 500000 | H55: Cấn trừ chi phí đồng phục
A56: Lê Bình | B56: Lê Thị Xuyến | C56: 0 | D56: 0 | E56: 0 | F56: 0 | G56: 0
A57: Lê Bình | B57: Đinh Hoài Bảo | C57: 0 | D57: 0 | E57: 0 | F57: 0 | G57: 0
A58: Lê Bình | B58: Hoàng Lâm Gia Bảo | C58: 0 | D58: 0 | E58: 0 | F58: 0 | G58: 0
A59: Lê Bình | B59: Nguyễn Thị Huyền Trang | C59: 0 | D59: 0 | E59: 0 | F59: 0 | G59: 0
A60: Lê Bình | B60: Phạm Nguyễn Ngọc Quý | C60: 0 | D60: 0 | E60: 0 | F60: 0 | G60: 0
A61: Lê Bình | B61: Trần Thị Phương Thùy | C61: 0 | D61: 0 | E61: 0 | F61: 0 | G61: 0
A62: Đường Láng | B62: Hứa Thị Kim Thoa | C62: 0 | D62: 0 | E62: 0 | F62: 0 | G62: 0
A63: Đường Láng | B63: Lê Thị Soạn | C63: 0 | D63: 0 | E63: 0 | F63: 0 | G63: 0
A64: Đường Láng | B64: Nguyễn Thị Mai Duyên | C64: 0 | D64: 0 | E64: 0 | F64: 0 | G64: 0
A65: Đường Láng | B65: Nguyễn Thị Tâm | C65: 0 | D65: 0 | E65: 0 | F65: 0 | G65: 0
A66: Đường Láng | B66: Trần Ngọc Dung | C66: 0 | D66: 0 | E66: 0 | F66: 0 | G66: 0
A67: Hàng Bông | B67: Đinh Thị Lan Anh | C67: 0 | D67: 0 | E67: 0 | F67: 0 | G67: 0
... A71: Hàng Bông | B71: Đỗ Thu Huệ | C71: 0 | D71: 0 | E71: 0 | F71: 0 | G71: 0

Sheet Tăng ca lễ
A1: Chi nhánh | B1: Tên nhân viên | C1: Ngày | D1: Tên ca | E1: Giờ làm thực tế | F1: Quy đổi | G1: Trừ công | H1: Trùng trừ công | K1: Chi nhánh | L1: Tên nhân viên | M1: Ngày công chuẩn | N1: Tổng | O1: Số giờ lễ ca ngày ( x 3 ) | P1: Số giờ lễ ca đêm ( x 3 ) | Q1: Ngày lễ vẫn đi làm (ghi ngày cụ thể)

Sheet Công Đào tạo
A1: Tên nhân viên | B1: Thời gian đào tạo | C1: Quy đổi | E1: Chi nhánh | F1: Tên nhân viên | G1: Giờ đào tạo

Sheet Map
A1: Tên nhân viên | B1: Chi nhánh | C1: SL đánh giá Tháng 06/26 | D1: Thưởng MAP
A2: Hồ Thị Minh Hòa | B2: Trường Sa | C2: 0 | D2: 0
A3: Nguyễn Trần Ngọc Phương | B3: Trường Sa | C3: 0 | D3: 0
A4: Nguyễn Ngọc Anh Thư | B4: Trường Sa | C4: 0 | D4: 0
A5: Trịnh Thị Phượng | B5: Trường Sa | C5: 0 | D5: 0
A6: Ngô Trần Tuyết Vy | B6: Trường Sa | C6: 0 | D6: 0
A7: Phạm Nguyễn Ngọc Quý | B7: Trường Sa | C7: 0 | D7: 0
A8: Trần Thị Kim Khánh | B8: Trường Sa | C8: 0 | D8: 0
A9: Ngô Thị Thanh Thắm | B9: Đỗ Quang Đẩu | C9: 0 | D9: 0
A10: Dương Thị Huỳnh Như | B10: Đỗ Quang Đẩu | C10: 0 | D10: 0
A11: Phạm Thị Nghĩa Hương | B11: Đỗ Quang Đẩu | C11: 0 | D11: 0
A12: Trần Thiên Phát | B12: Đỗ Quang Đẩu | C12: 0 | D12: 0
A13: Hoàng Lâm Gia Bảo | B13: Đỗ Quang Đẩu | C13: 0 | D13: 0
... A71: Đỗ Thu Huệ | B71: Hàng Bông | C71: 0 | D71: 0

Sheet Nghỉ phép năm - HR
A1: Chi nhánh | B1: Tên nhân viên | C1: Số giờ nghỉ phép năm | D1: Ngày phép năm (ghi ngày cụ thể)
