Workbook

Sheet data
A1: Nhà thuốc | B1: Tên nhân viên | C1: Số giao dịch off | D1: Doanh thu off | E1: Số giao dịch onl | F1: Doanh thu onl | G1: Tổng giao dịch | H1: Doanh thu tổng | J1: 46266
A2: Hàng Bông | B2: Nguyễn Mạnh Tuấn | C2: 782 | D2: 140105271 | E2: 435 | F2: 72375400 | G2: 1217 | H2: 212480671
A3: Hàng Bông | B3: Vũ Thanh Hằng | C3: 874 | D3: 284965450 | E3: 204 | F3: 58354497 | G3: 1078 | H3: 343319947
A4: Hàng Bông | B4: Đinh Thị Khánh Ly | C4: 1076 | D4: 264598985 | E4: 273 | F4: 61819627 | G4: 1349 | H4: 326418612
A5: Hàng Bông | B5: Đinh Thị Lan Anh | C5: 584 | D5: 107357032 | E5: 134 | F5: 26695101 | G5: 718 | H5: 134052133
A6: Lê Bình | B6: Hoàng Lâm Gia Bảo | C6: 251 | D6: 28489900 | E6: 111 | F6: 24047500 | G6: 362 | H6: 52537400
A7: Lê Bình | B7: Hồ Thị Minh Hòa | C7: 334 | D7: 31282300 | E7: 119 | F7: 24332420 | G7: 453 | H7: 55614720
A8: Lê Bình | B8: Lê Thị Xuyến | C8: 216 | D8: 16821200 | E8: 93 | F8: 11894900 | G8: 309 | H8: 28716100
A9: Lê Bình | B9: Nguyễn Thị Huyền Trang | C9: 15 | D9: 1259000 | E9: 2 | F9: 555000 | G9: 17 | H9: 1814000
A10: Lê Bình | B10: Phạm Nguyễn Ngọc Quý | C10: 10 | D10: 640500 | E10: 3 | F10: 527100 | G10: 13 | H10: 1167600
A11: Lê Bình | B11: Đinh Hoài Bảo | C11: 295 | D11: 24509200 | E11: 147 | F11: 22229750 | G11: 442 | H11: 46738950
A12: Minh Châu | B12: Nguyễn Ngọc Thùy | C12: 142 | D12: 10203800 | E12: 17 | F12: 1715850 | G12: 159 | H12: 11919650
A13: Minh Châu | B13: Phan Công Vũ Tài | C13: 1201 | D13: 98186094 | E13: 164 | F13: 24466350 | G13: 1365 | H13: 122652444
... A48: Trường Sa | B48: Hồ Thị Minh Hòa | C48: 20 | D48: 1503600 | E48: 14 | F48: 2401800 | G48: 34 | H48: 3905400
A49: Trường Sa | B49: Medigo | E49: 2 | F49: 773000 | G49: 2 | H49: 773000
A50: Trường Sa | B50: Nguyễn Ngọc Anh Thư | C50: 160 | D50: 10020901 | E50: 143 | F50: 18528950 | G50: 303 | H50: 28549851
A51: Trường Sa | B51: Nguyễn Trần Ngọc Phương | C51: 391 | D51: 26034702 | E51: 237 | F51: 36920401 | G51: 628 | H51: 62955103
A52: Trường Sa | B52: Ngô Trần Tuyết Vy | C52: 273 | D52: 16360400 | E52: 168 | F52: 28002100 | G52: 441 | H52: 44362500
A53: Trường Sa | B53: Phạm Nguyễn Ngọc Quý | C53: 392 | D53: 27728200 | E53: 222 | F53: 43587850 | G53: 614 | H53: 71316050
A54: Trường Sa | B54: Trần Thị Kim Khánh | C54: 511 | D54: 47529800 | E54: 432 | F54: 117323300 | G54: 943 | H54: 164853100
A55: Trường Sa | B55: Trịnh Thị Phượng | C55: 655 | D55: 58374052 | E55: 180 | F55: 25508640 | G55: 835 | H55: 83882692
A56: Đường Láng | B56: Hứa Thị Kim Thoa | C56: 140 | D56: 13436700 | E56: 44 | F56: 17580300 | G56: 184 | H56: 31017000
A57: Đường Láng | B57: Lê Thị Soạn | C57: 841 | D57: 96897085 | E57: 602 | F57: 95732950 | G57: 1443 | H57: 192630035
A58: Đường Láng | B58: Medigo | E58: 1 | F58: 49000 | G58: 1 | H58: 49000
A59: Đường Láng | B59: Nguyễn Thị Mai Duyên | C59: 417 | D59: 52907633 | E59: 519 | F59: 155622967 | G59: 936 | H59: 208530600
A60: Đường Láng | B60: Nguyễn Thị Tâm | C60: 663 | D60: 79617694 | E60: 454 | F60: 109454692 | G60: 1117 | H60: 189072386
A61: Đường Láng | B61: Trần Ngọc Dung | C61: 298 | D61: 30730280 | E61: 435 | F61: 134236200 | G61: 733 | H61: 164966480
A62: Đỗ Quang Đẩu | B62: Hoàng Lâm Gia Bảo | C62: 22 | D62: 11025100 | E62: 3 | F62: 533000 | G62: 25 | H62: 11558100
A63: Đỗ Quang Đẩu | B63: Hoàng Thanh Thủy | C63: 643 | D63: 221293840 | E63: 226 | F63: 70229849 | G63: 869 | H63: 291523689
A64: Đỗ Quang Đẩu | B64: Lê Thị Huyền Trân | C64: 728 | D64: 131993700 | E64: 237 | F64: 49278600 | G64: 965 | H64: 181272300
A65: Đỗ Quang Đẩu | B65: Ngô Thị Thanh Thắm | C65: 440 | D65: 170736200 | E65: 156 | F65: 35774901 | G65: 596 | H65: 206511101
A66: Đỗ Quang Đẩu | B66: Phạm Thị Nghĩa Hương | C66: 553 | D66: 109865100 | E66: 145 | F66: 21340500 | G66: 698 | H66: 131205600
A67: Đỗ Quang Đẩu | B67: Trần Thiên Phát | C67: 558 | D67: 124498570 | E67: 138 | F67: 17835300 | G67: 696 | H67: 142333870

Sheet kpi dược sĩ
A1: Dữ liệu cập nhật đến ngày | C1: 46265 | O1: Mức hoành thành KPI doanh thu/ngày | R1: Mức hoành thành KPI doanh thu/ngày
A2: Nhà thuốc | B2: Nhân viên | C2: Chức danh | D2: KPI trung bình bill | E2: Trung bình bill | F2: KPI doanh thu CK+Combo+NY3/ngày | G2: CK + Combo + NY3/ngày | H2: KPI Doanh thu/ngày (100%) | I2: Doanh thu thực/ngày | J2: % Hoàn thành KPI | K2: Thưởng KPI | L2: Hệ số * Dự án | M2: Thưởng Dự án | N2: Thưởng Dự án + KPI + HH | O2: 0.8 | P2: 0.9 | Q2: 1 | R2: 0.8 | S2: 0.9 | T2: 1 | U2: KPIs Doanh thu/ngày | V2: KPIs Doanh thu/tháng | W2: Số giao dịch off | X2: Doanh thu off | Y2: Trung bình bill off | Z2: Số giao dịch onl | AA2: Doanh thu onl | AB2: Trung bình bill onl | AC2: Tổng giao dịch | AD2: Doanh thu tổng | AE2: Trung bình Bill
A3: Hàng Bông | B3: Đinh Thị Lan Anh | C3: CHT | D3: 150000 | E3: =AE3 -> 186702.14 | F3: {=IFERROR( ROUND( _xludf.LET( nt,$A3, nv,$B3, songay,DAY(EOMONTH($C$1,0)), doanhthungay,$I3, duan_nv,SUM_xlfn.IFS('Dự án T8'!$D:$D,'Dự án T8'!$A:$A,nt,'Dự án T8'!$B:$B,nv), duan_nt,SUM_xlfn.IFS('Dự án T8'!$D:$D,'Dự án T8'!$A:$A,nt), tyle,duan_nv/duan_nt, muc2_ngay,_xlfn.XLOOKUP(nt,'kpi nhà thuốc'!$B:$B,'kpi nhà thuốc'!$P:$P), muc3_ngay,_xlfn.XLOOKUP(nt,'kpi nhà thuốc'!$B:$B,'kpi nhà thuốc'!$T:$T), hangdiem1,_xlfn.XLOOKUP(nt,'kpi nhà thuốc'!$B:$B,'kpi nhà thuốc'!$I:$I), hangdiem2,_xlfn.XLOOKUP(nt,'kpi nhà thuốc'!$B:$B,'kpi nhà thuốc'!$N:$N), hangdiem3,_xlfn.XLOOKUP(nt,'kpi nhà thuốc'!$B:$B,'kpi nhà thuốc'!$R:$R), _xludf.SWITCH(TRUE, doanhthungay>=muc3_ngay,hangdiem3, doanhthungay>=muc2_ngay,hangdiem2, TRUE,hangdiem1 )/songay*tyle ), -3), 0)} -> 0 | G3: =IFERROR(SUMIF('Dự án T8'!$B:$B, $B3, 'Dự án T8'!$D:$D), 0) -> 2314111.2 | H3: =Q3 -> 8800000 | I3: =(AD3/DAY($C$1)) -> 4324262.4 | J3: {=_xlfn.XLOOKUP(B3,'kpi nhà thuốc'!A:A,'kpi nhà thuốc'!F:F,(AD3/DAY($C$1))/U3)} -> 0.80021367 | K3: {=IFERROR( _xlfn.XLOOKUP(B6, 'kpi nhà thuốc'!A:A, 'kpi nhà thuốc'!G:G), IF( AND(OR(C6="DSXC", C6="DSCD", C6="DSBC", C6="DSTV"), G6>=F6), AD6 * IFS( AND(I6>=T6, E6>=D6), 1.5%, I6>=T6, 1.3%, AND(I6>=S6, E6>=D6), 1.3%, I6>=S6, 1.1%, AND(I6>=R6, E6>=D6), 1.2%, I6>=R6, 1%, TRUE, 0 ), 0 ) )} -> 4243442 | L3: =IF(C3="DSTV","", IF(J3<0.6, 0.8, 1)) -> 1 | M3: =IFERROR(SUMIF('Dự án T8'!$B:$B, $B3, 'Dự án T8'!$M:$M)*$L3, 0) -> 600000 | N3: =N(K3)+M3 -> 4843442 | O3: =CEILING(R3,100000) -> 7000000 | P3: =CEILING(S3,100000) -> 7900000 | Q3: =CEILING(T3,100000) -> 8800000 | R3: =U3*$R$2 -> 6967741.9 | S3: =U3*$S$2 -> 7838709.7 | T3: =U3*$T$2 -> 8709677.4 | U3: =V3/DAY($C$1) -> 8709677.4 | V3: 270000000 | W3: =IFERROR(SUMIFS(data!$C:$C, data!$A:$A, $A3, data!$B:$B, $B3), 0) -> 584 | X3: =IFERROR(SUMIF(data!$B:$B, $B3, data!$D:$D), 0) -> 107357032 | Y3: =IF(W3>0,X3/W3,0) -> 183830.53 | Z3: =IFERROR(SUMIFS(data!$E:$E, data!$A:$A, $A3, data!$B:$B, $B3), 0) -> 134 | AA3: =IFERROR(SUMIF(data!$B:$B, $B3, data!$F:$F), 0) -> 26695101 | AB3: =IF(Z3>0,AA3/Z3,0) -> 199217.17 | AC3: =W3+Z3 -> 718 | AD3: =X3+AA3 -> 134052133 | AE3: =IF(AC3>0,AD3/AC3,0) -> 186702.14
A4: Hàng Bông | B4: Vũ Thanh Hằng | C4: DSXC | D4: 245000 | E4: =AE4 -> 318478.61 | F4: {=IFERROR( ROUND( _xludf.LET( nt,$A4, nv,$B4, songay,DAY(EOMONTH($C$1,0)), doanhthungay,$I4, duan_nv,SUM_xlfn.IFS('Dự án T8'!$D:$D,'Dự án T8'!$A:$A,nt,'Dự án T8'!$B:$B,nv), duan_nt,SUM_xlfn.IFS('Dự án T8'!$D:$D,'Dự án T8'!$A:$A,nt), tyle,duan_nv/duan_nt, muc2_ngay,_xlfn.XLOOKUP(nt,'kpi nhà thuốc'!$B:$B,'kpi nhà thuốc'!$P:$P), muc3_ngay,_xlfn.XLOOKUP(nt,'kpi nhà thuốc'!$B:$B,'kpi nhà thuốc'!$T:$T), hangdiem1,_xlfn.XLOOKUP(nt,'kpi nhà thuốc'!$B:$B,'kpi nhà thuốc'!$I:$I), hangdiem2,_xlfn.XLOOKUP(nt,'kpi nhà thuốc'!$B:$B,'kpi nhà thuốc'!$N:$N), hangdiem3,_xlfn.XLOOKUP(nt,'kpi nhà thuốc'!$B:$B,'kpi nhà thuốc'!$R:$R), _xludf.SWITCH(TRUE, doanhthungay>=muc3_ngay,hangdiem3, doanhthungay>=muc2_ngay,hangdiem2, TRUE,hangdiem1 )/songay*tyle ), -3), 0)} -> 0 | G4: =IFERROR(SUMIF('Dự án T8'!$B:$B, $B4, 'Dự án T8'!$D:$D), 0) -> 4156945.4 | H4: =Q4 -> 11300000 | I4: =(AD4/DAY($C$1)) -> 11074837 | J4: {=_xlfn.XLOOKUP(B4,'kpi nhà thuốc'!A:A,'kpi nhà thuốc'!F:F,(AD4/DAY($C$1))/U4)} -> 0.98091413 | K4: {=_xlfn.XLOOKUP( B4, 'kpi nhà thuốc'!A:A, 'kpi nhà thuốc'!G:G, IF( AND( OR(C4="DSXC",C4="DSCD"), G4>=F4),IF(AND(I4>=T4,E4>=D4),AD4*1.5%,IF(AND(I4>=T4,E4<D4),AD4*1.3%,IF(AND(I4>=S4,E4>=D4),AD4*1.3%,IF(AND(I4>=S4,E4<D4),AD4*1.1%,IF(AND(I4>=R4,E4>=D4),AD4*1.2%,IF(AND(I4>=R4,E4<D4),AD4*1%,"")))))),"" ) )} -> 4463159.3 | L4: =IF(C4="DSTV","", IF(J4<0.6, 0.8, 1)) -> 1 | M4: =IFERROR(SUMIF('Dự án T8'!$B:$B, $B4, 'Dự án T8'!$M:$M)*$L4, 0) -> 1800000 | N4: =N(K4)+M4 -> 6263159.3 | O4: =CEILING(R4,100000) -> 9100000 | P4: =CEILING(S4,100000) -> 10200000 | Q4: =CEILING(T4,100000) -> 11300000 | R4: =U4*$R$2 -> 9032258.1 | S4: =U4*$S$2 -> 10161290 | T4: =U4*$T$2 -> 11290323 | U4: =V4/DAY($C$1) -> 11290323 | V4: 350000000 | W4: =IFERROR(SUMIFS(data!$C:$C, data!$A:$A, $A4, data!$B:$B, $B4), 0) -> 874 | X4: =IFERROR(SUMIF(data!$B:$B, $B4, data!$D:$D), 0) -> 284965450 | Y4: =IF(W4>0,X4/W4,0) -> 326047.43 | Z4: =IFERROR(SUMIFS(data!$E:$E, data!$A:$A, $A4, data!$B:$B, $B4), 0) -> 204 | AA4: =IFERROR(SUMIF(data!$B:$B, $B4, data!$F:$F), 0) -> 58354497 | AB4: =IF(Z4>0,AA4/Z4,0) -> 286051.46 | AC4: =W4+Z4 -> 1078 | AD4: =X4+AA4 -> 343319947 | AE4: =IF(AC4>0,AD4/AC4,0) -> 318478.61
A5: Hàng Bông | B5: Nguyễn Mạnh Tuấn | C5: DSCD | D5: 250000 | E5: =AE5 -> 174593.81 | F5: {=IFERROR( ROUND( _xludf.LET( nt,$A5, nv,$B5, songay,DAY(EOMONTH($C$1,0)), doanhthungay,$I5, duan_nv,SUM_xlfn.IFS('Dự án T8'!$D:$D,'Dự án T8'!$A:$A,nt,'Dự án T8'!$B:$B,nv), duan_nt,SUM_xlfn.IFS('Dự án T8'!$D:$D,'Dự án T8'!$A:$A,nt), tyle,duan_nv/duan_nt, muc2_ngay,_xlfn.XLOOKUP(nt,'kpi nhà thuốc'!$B:$B,'kpi nhà thuốc'!$P:$P), muc3_ngay,_xlfn.XLOOKUP(nt,'kpi nhà thuốc'!$B:$B,'kpi nhà thuốc'!$T:$T), hangdiem1,_xlfn.XLOOKUP(nt,'kpi nhà thuốc'!$B:$B,'kpi nhà thuốc'!$I:$I), hangdiem2,_xlfn.XLOOKUP(nt,'kpi nhà thuốc'!$B:$B,'kpi nhà thuốc'!$N:$N), hangdiem3,_xlfn.XLOOKUP(nt,'kpi nhà thuốc'!$B:$B,'kpi nhà thuốc'!$R:$R), _xludf.SWITCH(TRUE, doanhthungay>=muc3_ngay,hangdiem3, doanhthungay>=muc2_ngay,hangdiem2, TRUE,hangdiem1 )/songay*tyle ), -3), 0)} -> 0 | G5: =IFERROR(SUMIF('Dự án T8'!$B:$B, $B5, 'Dự án T8'!$D:$D), 0) -> 1913967 | H5: =Q5 -> 9700000 | I5: =(AD5/DAY($C$1)) -> 6854215.2 | J5: {=_xlfn.XLOOKUP(B5,'kpi nhà thuốc'!A:A,'kpi nhà thuốc'!F:F,(AD5/DAY($C$1))/U5)} -> 0.7082689 | K5: {=_xlfn.XLOOKUP( B5, 'kpi nhà thuốc'!A:A, 'kpi nhà thuốc'!G:G, IF( AND( OR(C5="DSXC",C5="DSCD"), G5>=F5),IF(AND(I5>=T5,E5>=D5),AD5*1.5%,IF(AND(I5>=T5,E5<D5),AD5*1.3%,IF(AND(I5>=S5,E5>=D5),AD5*1.3%,IF(AND(I5>=S5,E5<D5),AD5*1.1%,IF(AND(I5>=R5,E5>=D5),AD5*1.2%,IF(AND(I5>=R5,E5<D5),AD5*1%,"")))))),"" ) )} | L5: =IF(C5="DSTV","", IF(J5<0.6, 0.8, 1)) -> 1 | M5: =IFERROR(SUMIF('Dự án T8'!$B:$B, $B5, 'Dự án T8'!$M:$M)*$L5, 0) -> 100000 | N5: =N(K5)+M5 -> 100000 | O5: =CEILING(R5,100000) -> 7800000 | P5: =CEILING(S5,100000) -> 8800000 | Q5: =CEILING(T5,100000) -> 9700000 | R5: =U5*$R$2 -> 7741935.5 | S5: =U5*$S$2 -> 8709677.4 | T5: =U5*$T$2 -> 9677419.4 | U5: =V5/DAY($C$1) -> 9677419.4 | V5: 300000000 | W5: =IFERROR(SUMIFS(data!$C:$C, data!$A:$A, $A5, data!$B:$B, $B5), 0) -> 782 | X5: =IFERROR(SUMIF(data!$B:$B, $B5, data!$D:$D), 0) -> 140105271 | Y5: =IF(W5>0,X5/W5,0) -> 179162.75 | Z5: =IFERROR(SUMIFS(data!$E:$E, data!$A:$A, $A5, data!$B:$B, $B5), 0) -> 435 | AA5: =IFERROR(SUMIF(data!$B:$B, $B5, data!$F:$F), 0) -> 72375400 | AB5: =IF(Z5>0,AA5/Z5,0) -> 166380.23 | AC5: =W5+Z5 -> 1217 | AD5: =X5+AA5 -> 212480671 | AE5: =IF(AC5>0,AD5/AC5,0) -> 174593.81
A6: Hàng Bông | B6: Đinh Thị Khánh Ly | C6: DSXC | D6: 204000 | E6: =AE6 -> 241970.8 | F6: {=IFERROR( ROUND( _xludf.LET( nt,$A6, nv,$B6, songay,DAY(EOMONTH($C$1,0)), doanhthungay,$I6, duan_nv,SUM_xlfn.IFS('Dự án T8'!$D:$D,'Dự án T8'!$A:$A,nt,'Dự án T8'!$B:$B,nv), duan_nt,SUM_xlfn.IFS('Dự án T8'!$D:$D,'Dự án T8'!$A:$A,nt), tyle,duan_nv/duan_nt, muc2_ngay,_xlfn.XLOOKUP(nt,'kpi nhà thuốc'!$B:$B,'kpi nhà thuốc'!$P:$P), muc3_ngay,_xlfn.XLOOKUP(nt,'kpi nhà thuốc'!$B:$B,'kpi nhà thuốc'!$T:$T), hangdiem1,_xlfn.XLOOKUP(nt,'kpi nhà thuốc'!$B:$B,'kpi nhà thuốc'!$I:$I), hangdiem2,_xlfn.XLOOKUP(nt,'kpi nhà thuốc'!$B:$B,'kpi nhà thuốc'!$N:$N), hangdiem3,_xlfn.XLOOKUP(nt,'kpi nhà thuốc'!$B:$B,'kpi nhà thuốc'!$R:$R), _xludf.SWITCH(TRUE, doanhthungay>=muc3_ngay,hangdiem3, doanhthungay>=muc2_ngay,hangdiem2, TRUE,hangdiem1 )/songay*tyle ), -3), 0)} -> 0 | G6: =IFERROR(SUMIF('Dự án T8'!$B:$B, $B6, 'Dự án T8'!$D:$D), 0) -> 3533822.9 | H6: =Q6 -> 11300000 | I6: =(AD6/DAY($C$1)) -> 10529633 | J6: {=_xlfn.XLOOKUP(B6,'kpi nhà thuốc'!A:A,'kpi nhà thuốc'!F:F,(AD6/DAY($C$1))/U6)} -> 0.93262461 | K6: =ARRAY_CONSTRAIN(ARRAYFORMULA(_xlfn.XLOOKUP( B6, 'kpi nhà thuốc'!A:A,K40 'kpi nhà thuốc'!G:G, IF( AND( OR(C6="DSXC",C6="DSCD"), G6>=F6),IF(AND(I6>=T6,E6>=D6),AD6*1.5%,IF(AND(I6>=T6,E6<D6),AD6*1.3%,IF(AND(I6>=S6,E6>=D6),AD6*1.3%,IF(AND(I6>=S6,E6<D6),AD6*1.1%,IF(AND(I6>=R6,E6>=D6),AD6*1.2%,IF(AND(I6>=R6,E6<D6),AD6*1%,"")))))),"" ) )), 1, 1) -> #ERROR! | L6: =IF(C6="DSTV","", IF(J6<0.6, 0.8, 1)) -> 1 | M6: =IFERROR(SUMIF('Dự án T8'!$B:$B, $B6, 'Dự án T8'!$M:$M)*$L6, 0) -> 650000 | N6: =N(K6)+M6 -> #ERROR! | O6: =CEILING(R6,100000) -> 9100000 | P6: =CEILING(S6,100000) -> 10200000 | Q6: =CEILING(T6,100000) -> 11300000 | R6: =U6*$R$2 -> 9032258.1 | S6: =U6*$S$2 -> 10161290 | T6: =U6*$T$2 -> 11290323 | U6: =V6/DAY($C$1) -> 11290323 | V6: 350000000 | W6: =IFERROR(SUMIFS(data!$C:$C, data!$A:$A, $A6, data!$B:$B, $B6), 0) -> 1076 | X6: =IFERROR(SUMIF(data!$B:$B, $B6, data!$D:$D), 0) -> 264598985 | Y6: =IF(W6>0,X6/W6,0) -> 245909.84 | Z6: =IFERROR(SUMIFS(data!$E:$E, data!$A:$A, $A6, data!$B:$B, $B6), 0) -> 273 | AA6: =IFERROR(SUMIF(data!$B:$B, $B6, data!$F:$F), 0) -> 61819627 | AB6: =IF(Z6>0,AA6/Z6,0) -> 226445.52 | AC6: =W6+Z6 -> 1349 | AD6: =X6+AA6 -> 326418612 | AE6: =IF(AC6>0,AD6/AC6,0) -> 241970.8
A7: Đường Láng | B7: Hứa Thị Kim Thoa | C7: CHT | D7: 150000 | E7: =AE7 -> 168570.65 | F7: {=IFERROR( ROUND( _xludf.LET( nt,$A7, nv,$B7, songay,DAY(EOMONTH($C$1,0)), doanhthungay,$I7, duan_nv,SUM_xlfn.IFS('Dự án T8'!$D:$D,'Dự án T8'!$A:$A,nt,'Dự án T8'!$B:$B,nv), duan_nt,SUM_xlfn.IFS('Dự án T8'!$D:$D,'Dự án T8'!$A:$A,nt), tyle,duan_nv/duan_nt, muc2_ngay,_xlfn.XLOOKUP(nt,'kpi nhà thuốc'!$B:$B,'kpi nhà thuốc'!$P:$P), muc3_ngay,_xlfn.XLOOKUP(nt,'kpi nhà thuốc'!$B:$B,'kpi nhà thuốc'!$T:$T), hangdiem1,_xlfn.XLOOKUP(nt,'kpi nhà thuốc'!$B:$B,'kpi nhà thuốc'!$I:$I), hangdiem2,_xlfn.XLOOKUP(nt,'kpi nhà thuốc'!$B:$B,'kpi nhà thuốc'!$N:$N), hangdiem3,_xlfn.XLOOKUP(nt,'kpi nhà thuốc'!$B:$B,'kpi nhà thuốc'!$R:$R), _xludf.SWITCH(TRUE, doanhthungay>=muc3_ngay,hangdiem3, doanhthungay>=muc2_ngay,hangdiem2, TRUE,hangdiem1 )/songay*tyle ), -3), 0)} -> 0 | G7: =IFERROR(SUMIF('Dự án T8'!$B:$B, $B7, 'Dự án T8'!$D:$D), 0) -> 240027.55 | H7: =Q7 -> 3900000 | I7: =(AD7/DAY($C$1)) -> 1000548.4 | J7: {=_xlfn.XLOOKUP(B7,'kpi nhà thuốc'!A:A,'kpi nhà thuốc'!F:F,(AD7/DAY($C$1))/U7)} -> 0.80231174 | K7: {=_xlfn.XLOOKUP( B7, 'kpi nhà thuốc'!A:A, 'kpi nhà thuốc'!G:G, IF( AND( OR(C7="DSXC",C7="DSCD"), G7>=F7),IF(AND(I7>=T7,E7>=D7),AD7*1.5%,IF(AND(I7>=T7,E7<D7),AD7*1.3%,IF(AND(I7>=S7,E7>=D7),AD7*1.3%,IF(AND(I7>=S7,E7<D7),AD7*1.1%,IF(AND(I7>=R7,E7>=D7),AD7*1.2%,IF(AND(I7>=R7,E7<D7),AD7*1%,"")))))),"" ) )} -> 2751929.3 | L7: =IF(C7="DSTV","", IF(J7<0.6, 0.8, 1)) -> 1 | M7: =IFERROR(SUMIF('Dự án T8'!$B:$B, $B7, 'Dự án T8'!$M:$M)*$L7, 0) -> 0 | N7: =N(K7)+M7 -> 2751929.3 | O7: =CEILING(R7,100000) -> 3100000 | P7: =CEILING(S7,100000) -> 3500000 | Q7: =CEILING(T7,100000) -> 3900000 | R7: =U7*$R$2 -> 3096774.2 | S7: =U7*$S$2 -> 3483871 | T7: =U7*$T$2 -> 3870967.7 | U7: =V7/DAY($C$1) -> 3870967.7 | V7: 120000000 | W7: =IFERROR(SUMIFS(data!$C:$C, data!$A:$A, $A7, data!$B:$B, $B7), 0) -> 140 | X7: =IFERROR(SUMIF(data!$B:$B, $B7, data!$D:$D), 0) -> 13436700 | Y7: =IF(W7>0,X7/W7,0) -> 95976.429 | Z7: =IFERROR(SUMIFS(data!$E:$E, data!$A:$A, $A7, data!$B:$B, $B7), 0) -> 44 | AA7: =IFERROR(SUMIF(data!$B:$B, $B7, data!$F:$F), 0) -> 17580300 | AB7: =IF(Z7>0,AA7/Z7,0) -> 399552.27 | AC7: =W7+Z7 -> 184 | AD7: =X7+AA7 -> 31017000 | AE7: =IF(AC7>0,AD7/AC7,0) -> 168570.65
A8: Đường Láng | B8: Lê Thị Soạn | C8: DSCD | D8: 183000 | E8: =AE8 -> 133492.75 | F8: {=IFERROR( ROUND( _xludf.LET( nt,$A8, nv,$B8, songay,DAY(EOMONTH($C$1,0)), doanhthungay,$I8, duan_nv,SUM_xlfn.IFS('Dự án T8'!$D:$D,'Dự án T8'!$A:$A,nt,'Dự án T8'!$B:$B,nv), duan_nt,SUM_xlfn.IFS('Dự án T8'!$D:$D,'Dự án T8'!$A:$A,nt), tyle,duan_nv/duan_nt, muc2_ngay,_xlfn.XLOOKUP(nt,'kpi nhà thuốc'!$B:$B,'kpi nhà thuốc'!$P:$P), muc3_ngay,_xlfn.XLOOKUP(nt,'kpi nhà thuốc'!$B:$B,'kpi nhà thuốc'!$T:$T), hangdiem1,_xlfn.XLOOKUP(nt,'kpi nhà thuốc'!$B:$B,'kpi nhà thuốc'!$I:$I), hangdiem2,_xlfn.XLOOKUP(nt,'kpi nhà thuốc'!$B:$B,'kpi nhà thuốc'!$N:$N), hangdiem3,_xlfn.XLOOKUP(nt,'kpi nhà thuốc'!$B:$B,'kpi nhà thuốc'!$R:$R), _xludf.SWITCH(TRUE, doanhthungay>=muc3_ngay,hangdiem3, doanhthungay>=muc2_ngay,hangdiem2, TRUE,hangdiem1 )/songay*tyle ), -3), 0)} -> 0 | G8: =IFERROR(SUMIF('Dự án T8'!$B:$B, $B8, 'Dự án T8'!$D:$D), 0) -> 3249223.3 | H8: =Q8 -> 7500000 | I8: =(AD8/DAY($C$1)) -> 6213872.1 | J8: {=_xlfn.XLOOKUP(B8,'kpi nhà thuốc'!A:A,'kpi nhà thuốc'!F:F,(AD8/DAY($C$1))/U8)} -> 0.83752189 | K8: {=_xlfn.XLOOKUP( B8, 'kpi nhà thuốc'!A:A, 'kpi nhà thuốc'!G:G, IF( AND( OR(C8="DSXC",C8="DSCD"), G8>=F8),IF(AND(I8>=T8,E8>=D8),AD8*1.5%,IF(AND(I8>=T8,E8<D8),AD8*1.3%,IF(AND(I8>=S8,E8>=D8),AD8*1.3%,IF(AND(I8>=S8,E8<D8),AD8*1.1%,IF(AND(I8>=R8,E8>=D8),AD8*1.2%,IF(AND(I8>=R8,E8<D8),AD8*1%,"")))))),"" ) )} -> 1926300.4 | L8: =IF(C8="DSTV","", IF(J8<0.6, 0.8, 1)) -> 1 | M8: =IFERROR(SUMIF('Dự án T8'!$B:$B, $B8, 'Dự án T8'!$M:$M)*$L8, 0) -> 1650000 | N8: =N(K8)+M8 -> 3576300.4 | O8: =CEILING(R8,100000) -> 6000000 | P8: =CEILING(S8,100000) -> 6700000 | Q8: =CEILING(T8,100000) -> 7500000 | R8: =U8*$R$2 -> 5935483.9 | S8: =U8*$S$2 -> 6677419.4 | T8: =U8*$T$2 -> 7419354.8 | U8: =V8/DAY($C$1) -> 7419354.8 | V8: 230000000 | W8: =IFERROR(SUMIFS(data!$C:$C, data!$A:$A, $A8, data!$B:$B, $B8), 0) -> 841 | X8: =IFERROR(SUMIF(data!$B:$B, $B8, data!$D:$D), 0) -> 96897085 | Y8: =IF(W8>0,X8/W8,0) -> 115216.51 | Z8: =IFERROR(SUMIFS(data!$E:$E, data!$A:$A, $A8, data!$B:$B, $B8), 0) -> 602 | AA8: =IFERROR(SUMIF(data!$B:$B, $B8, data!$F:$F), 0) -> 95732950 | AB8: =IF(Z8>0,AA8/Z8,0) -> 159024.83 | AC8: =W8+Z8 -> 1443 | AD8: =X8+AA8 -> 192630035 | AE8: =IF(AC8>0,AD8/AC8,0) -> 133492.75
A9: Đường Láng | B9: Nguyễn Thị Tâm | C9: DSXC | D9: 178000 | E9: =AE9 -> 169268.03 | F9: {=IFERROR( ROUND( _xludf.LET( nt,$A9, nv,$B9, songay,DAY(EOMONTH($C$1,0)), doanhthungay,$I9, duan_nv,SUM_xlfn.IFS('Dự án T8'!$D:$D,'Dự án T8'!$A:$A,nt,'Dự án T8'!$B:$B,nv), duan_nt,SUM_xlfn.IFS('Dự án T8'!$D:$D,'Dự án T8'!$A:$A,nt), tyle,duan_nv/duan_nt, muc2_ngay,_xlfn.XLOOKUP(nt,'kpi nhà thuốc'!$B:$B,'kpi nhà thuốc'!$P:$P), muc3_ngay,_xlfn.XLOOKUP(nt,'kpi nhà thuốc'!$B:$B,'kpi nhà thuốc'!$T:$T), hangdiem1,_xlfn.XLOOKUP(nt,'kpi nhà thuốc'!$B:$B,'kpi nhà thuốc'!$I:$I), hangdiem2,_xlfn.XLOOKUP(nt,'kpi nhà thuốc'!$B:$B,'kpi nhà thuốc'!$N:$N), hangdiem3,_xlfn.XLOOKUP(nt,'kpi nhà thuốc'!$B:$B,'kpi nhà thuốc'!$R:$R), _xludf.SWITCH(TRUE, doanhthungay>=muc3_ngay,hangdiem3, doanhthungay>=muc2_ngay,hangdiem2, TRUE,hangdiem1 )/songay*tyle ), -3), 0)} -> 0 | G9: =IFERROR(SUMIF('Dự án T8'!$B:$B, $B9, 'Dự án T8'!$D:$D), 0) -> 2992485.3 | H9: =Q9 -> 6500000 | I9: =(AD9/DAY($C$1)) -> 6099109.2 | J9: {=_xlfn.XLOOKUP(B9,'kpi nhà thuốc'!A:A,'kpi nhà thuốc'!F:F,(AD9/DAY($C$1))/U9)} -> 0.94536193 | K9: {=_xlfn.XLOOKUP( B9, 'kpi nhà thuốc'!A:A, 'kpi nhà thuốc'!G:G, IF( AND( OR(C9="DSXC",C9="DSCD"), G9>=F9),IF(AND(I9>=T9,E9>=D9),AD9*1.5%,IF(AND(I9>=T9,E9<D9),AD9*1.3%,IF(AND(I9>=S9,E9>=D9),AD9*1.3%,IF(AND(I9>=S9,E9<D9),AD9*1.1%,IF(AND(I9>=R9,E9>=D9),AD9*1.2%,IF(AND(I9>=R9,E9<D9),AD9*1%,"")))))),"" ) )} -> 2079796.2 | L9: =IF(C9="DSTV","", IF(J9<0.6, 0.8, 1)) -> 1 | M9: =IFERROR(SUMIF('Dự án T8'!$B:$B, $B9, 'Dự án T8'!$M:$M)*$L9, 0) -> 1050000 | N9: =N(K9)+M9 -> 3129796.2 | O9: =CEILING(R9,100000) -> 5200000 | P9: =CEILING(S9,100000) -> 5900000 | Q9: =CEILING(T9,100000) -> 6500000 | R9: =U9*$R$2 -> 5161290.3 | S9: =U9*$S$2 -> 5806451.6 | T9: =U9*$T$2 -> 6451612.9 | U9: =V9/DAY($C$1) -> 6451612.9 | V9: 200000000 | W9: =IFERROR(SUMIFS(data!$C:$C, data!$A:$A, $A9, data!$B:$B, $B9), 0) -> 663 | X9: =IFERROR(SUMIF(data!$B:$B, $B9, data!$D:$D), 0) -> 79617694 | Y9: =IF(W9>0,X9/W9,0) -> 120087.02 | Z9: =IFERROR(SUMIFS(data!$E:$E, data!$A:$A, $A9, data!$B:$B, $B9), 0) -> 454 | AA9: =IFERROR(SUMIF(data!$B:$B, $B9, data!$F:$F), 0) -> 109454692 | AB9: =IF(Z9>0,AA9/Z9,0) -> 241089.63 | AC9: =W9+Z9 -> 1117 | AD9: =X9+AA9 -> 189072386 | AE9: =IF(AC9>0,AD9/AC9,0) -> 169268.03
A10: Đường Láng | B10: Nguyễn Thị Mai Duyên | C10: DSXC | D10: 241000 | E10: =AE10 -> 222789.1 | F10: {=IFERROR( ROUND( _xludf.LET( nt,$A10, nv,$B10, songay,DAY(EOMONTH($C$1,0)), doanhthungay,$I10, duan_nv,SUM_xlfn.IFS('Dự án T8'!$D:$D,'Dự án T8'!$A:$A,nt,'Dự án T8'!$B:$B,nv), duan_nt,SUM_xlfn.IFS('Dự án T8'!$D:$D,'Dự án T8'!$A:$A,nt), tyle,duan_nv/duan_nt, muc2_ngay,_xlfn.XLOOKUP(nt,'kpi nhà thuốc'!$B:$B,'kpi nhà thuốc'!$P:$P), muc3_ngay,_xlfn.XLOOKUP(nt,'kpi nhà thuốc'!$B:$B,'kpi nhà thuốc'!$T:$T), hangdiem1,_xlfn.XLOOKUP(nt,'kpi nhà thuốc'!$B:$B,'kpi nhà thuốc'!$I:$I), hangdiem2,_xlfn.XLOOKUP(nt,'kpi nhà thuốc'!$B:$B,'kpi nhà thuốc'!$N:$N), hangdiem3,_xlfn.XLOOKUP(nt,'kpi nhà thuốc'!$B:$B,'kpi nhà thuốc'!$R:$R), _xludf.SWITCH(TRUE, doanhthungay>=muc3_ngay,hangdiem3, doanhthungay>=muc2_ngay,hangdiem2, TRUE,hangdiem1 )/songay*tyle ), -3), 0)} -> 0 | G10: =IFERROR(SUMIF('Dự án T8'!$B:$B, $B10, 'Dự án T8'!$D:$D), 0) -> 2869824.4 | H10: =Q10 -> 7500000 | I10: =(AD10/DAY($C$1)) -> 6726793.5 | J10: {=_xlfn.XLOOKUP(B10,'kpi nhà thuốc'!A:A,'kpi nhà thuốc'!F:F,(AD10/DAY($C$1))/U10)} -> 0.90665478 | K10: {=_xlfn.XLOOKUP( B10, 'kpi nhà thuốc'!A:A, 'kpi nhà thuốc'!G:G, IF( AND( OR(C10="DSXC",C10="DSCD"), G10>=F10),IF(AND(I10>=T10,E10>=D10),AD10*1.5%,IF(AND(I10>=T10,E10<D10),AD10*1.3%,IF(AND(I10>=S10,E10>=D10),AD10*1.3%,IF(AND(I10>=S10,E10<D10),AD10*1.1%,IF(AND(I10>=R10,E10>=D10),AD10*1.2%,IF(AND(I10>=R10,E10<D10),AD10*1%,"")))))),"" ) )} -> 2293836.6 | L10: =IF(C10="DSTV","", IF(J10<0.6, 0.8, 1)) -> 1 | M10: =IFERROR(SUMIF('Dự án T8'!$B:$B, $B10, 'Dự án T8'!$M:$M)*$L10, 0) -> 1350000 | N10: =N(K10)+M10 -> 3643836.6 | O10: =CEILING(R10,100000) -> 6000000 | P10: =CEILING(S10,100000) -> 6700000 | Q10: =CEILING(T10,100000) -> 7500000 | R10: =U10*$R$2 -> 5935483.9 | S10: =U10*$S$2 -> 6677419.4 | T10: =U10*$T$2 -> 7419354.8 | U10: =V10/DAY($C$1) -> 7419354.8 | V10: 230000000 | W10: =IFERROR(SUMIFS(data!$C:$C, data!$A:$A, $A10, data!$B:$B, $B10), 0) -> 417 | X10: =IFERROR(SUMIF(data!$B:$B, $B10, data!$D:$D), 0) -> 52907633 | Y10: =IF(W10>0,X10/W10,0) -> 126876.82 | Z10: =IFERROR(SUMIFS(data!$E:$E, data!$A:$A, $A10, data!$B:$B, $B10), 0) -> 519 | AA10: =IFERROR(SUMIF(data!$B:$B, $B10, data!$F:$F), 0) -> 155622967 | AB10: =IF(Z10>0,AA10/Z10,0) -> 299851.57 | AC10: =W10+Z10 -> 936 | AD10: =X10+AA10 -> 208530600 | AE10: =IF(AC10>0,AD10/AC10,0) -> 222789.1
A11: Đường Láng | B11: Trần Ngọc Dung | C11: DSXC | D11: 150000 | E11: =AE11 -> 225056.59 | F11: {=IFERROR( ROUND( _xludf.LET( nt,$A11, nv,$B11, songay,DAY(EOMONTH($C$1,0)), doanhthungay,$I11, duan_nv,SUM_xlfn.IFS('Dự án T8'!$D:$D,'Dự án T8'!$A:$A,nt,'Dự án T8'!$B:$B,nv), duan_nt,SUM_xlfn.IFS('Dự án T8'!$D:$D,'Dự án T8'!$A:$A,nt), tyle,duan_nv/duan_nt, muc2_ngay,_xlfn.XLOOKUP(nt,'kpi nhà thuốc'!$B:$B,'kpi nhà thuốc'!$P:$P), muc3_ngay,_xlfn.XLOOKUP(nt,'kpi nhà thuốc'!$B:$B,'kpi nhà thuốc'!$T:$T), hangdiem1,_xlfn.XLOOKUP(nt,'kpi nhà thuốc'!$B:$B,'kpi nhà thuốc'!$I:$I), hangdiem2,_xlfn.XLOOKUP(nt,'kpi nhà thuốc'!$B:$B,'kpi nhà thuốc'!$N:$N), hangdiem3,_xlfn.XLOOKUP(nt,'kpi nhà thuốc'!$B:$B,'kpi nhà thuốc'!$R:$R), _xludf.SWITCH(TRUE, doanhthungay>=muc3_ngay,hangdiem3, doanhthungay>=muc2_ngay,hangdiem2, TRUE,hangdiem1 )/songay*tyle ), -3), 0)} -> 0 | G11: =IFERROR(SUMIF('Dự án T8'!$B:$B, $B11, 'Dự án T8'!$D:$D), 0) -> 773680.55 | H11: =Q11 -> 6500000 | I11: =(AD11/DAY($C$1)) -> 5321499.4 | J11: {=_xlfn.XLOOKUP(B11,'kpi nhà thuốc'!A:A,'kpi nhà thuốc'!F:F,(AD11/DAY($C$1))/U11)} -> 0.8248324 | K11: {=_xlfn.XLOOKUP( B11, 'kpi nhà thuốc'!A:A, 'kpi nhà thuốc'!G:G, IF( AND( OR(C11="DSXC",C11="DSCD"), G11>=F11),IF(AND(I11>=T11,E11>=D11),AD11*1.5%,IF(AND(I11>=T11,E11<D11),AD11*1.3%,IF(AND(I11>=S11,E11>=D11),AD11*1.3%,IF(AND(I11>=S11,E11<D11),AD11*1.1%,IF(AND(I11>=R11,E11>=D11),AD11*1.2%,IF(AND(I11>=R11,E11<D11),AD11*1%,"")))))),"" ) )} -> 1979597.8 | L11: =IF(C11="DSTV","", IF(J11<0.6, 0.8, 1)) -> 1 | M11: =IFERROR(SUMIF('Dự án T8'!$B:$B, $B11, 'Dự án T8'!$M:$M)*$L11, 0) -> 0 | N11: =N(K11)+M11 -> 1979597.8 | O11: =CEILING(R11,100000) -> 5200000 | P11: =CEILING(S11,100000) -> 5900000 | Q11: =CEILING(T11,100000) -> 6500000 | R11: =U11*$R$2 -> 5161290.3 | S11: =U11*$S$2 -> 5806451.6 | T11: =U11*$T$2 -> 6451612.9 | U11: =V11/DAY($C$1) -> 6451612.9 | V11: 200000000 | W11: =IFERROR(SUMIFS(data!$C:$C, data!$A:$A, $A11, data!$B:$B, $B11), 0) -> 298 | X11: =IFERROR(SUMIF(data!$B:$B, $B11, data!$D:$D), 0) -> 30730280 | Y11: =IF(W11>0,X11/W11,0) -> 103121.74 | Z11: =IFERROR(SUMIFS(data!$E:$E, data!$A:$A, $A11, data!$B:$B, $B11), 0) -> 435 | AA11: =IFERROR(SUMIF(data!$B:$B, $B11, data!$F:$F), 0) -> 134236200 | AB11: =IF(Z11>0,AA11/Z11,0) -> 308588.97 | AC11: =W11+Z11 -> 733 | AD11: =X11+AA11 -> 164966480 | AE11: =IF(AC11>0,AD11/AC11,0) -> 225056.59
A12: Trường Sa | B12: Nguyễn Trần Ngọc Phương | C12: Q.CHT | D12: 150000 | E12: =AE12 -> 100246.98 | F12: {=IFERROR( ROUND( _xludf.LET( nt,$A12, nv,$B12, songay,DAY(EOMONTH($C$1,0)), doanhthungay,$I12, duan_nv,SUM_xlfn.IFS('Dự án T8'!$D:$D,'Dự án T8'!$A:$A,nt,'Dự án T8'!$B:$B,nv), duan_nt,SUM_xlfn.IFS('Dự án T8'!$D:$D,'Dự án T8'!$A:$A,nt), tyle,duan_nv/duan_nt, muc2_ngay,_xlfn.XLOOKUP(nt,'kpi nhà thuốc'!$B:$B,'kpi nhà thuốc'!$P:$P), muc3_ngay,_xlfn.XLOOKUP(nt,'kpi nhà thuốc'!$B:$B,'kpi nhà thuốc'!$T:$T), hangdiem1,_xlfn.XLOOKUP(nt,'kpi nhà thuốc'!$B:$B,'kpi nhà thuốc'!$I:$I), hangdiem2,_xlfn.XLOOKUP(nt,'kpi nhà thuốc'!$B:$B,'kpi nhà thuốc'!$N:$N), hangdiem3,_xlfn.XLOOKUP(nt,'kpi nhà thuốc'!$B:$B,'kpi nhà thuốc'!$R:$R), _xludf.SWITCH(TRUE, doanhthungay>=muc3_ngay,hangdiem3, doanhthungay>=muc2_ngay,hangdiem2, TRUE,hangdiem1 )/songay*tyle ), -3), 0)} -> 0 | G12: =IFERROR(SUMIF('Dự án T8'!$B:$B, $B12, 'Dự án T8'!$D:$D), 0) -> 783980 | H12: =Q12 -> 3600000 | I12: =(AD12/DAY($C$1)) -> 2030809.8 | J12: {=_xlfn.XLOOKUP(B12,'kpi nhà thuốc'!A:A,'kpi nhà thuốc'!F:F,(AD12/DAY($C$1))/U12)} -> 0.7196839 | K12: {=_xlfn.XLOOKUP( B12, 'kpi nhà thuốc'!A:A, 'kpi nhà thuốc'!G:G, IF( AND( OR(C12="DSXC",C12="DSCD"), G12>=F12),IF(AND(I12>=T12,E12>=D12),AD12*1.5%,IF(AND(I12>=T12,E12<D12),AD12*1.3%,IF(AND(I12>=S12,E12>=D12),AD12*1.3%,IF(AND(I12>=S12,E12<D12),AD12*1.1%,IF(AND(I12>=R12,E12>=D12),AD12*1.2%,IF(AND(I12>=R12,E12<D12),AD12*1%,"")))))),"" ) )} -> 0 | L12: =IF(C12="DSTV","", IF(J12<0.6, 0.8, 1)) -> 1 | M12: =IFERROR(SUMIF('Dự án T8'!$B:$B, $B12, 'Dự án T8'!$M:$M)*$L12, 0) -> 0 | N12: =N(K12)+M12 -> 0 | O12: =CEILING(R12,100000) -> 2900000 | P12: =CEILING(S12,100000) -> 3200000 | Q12: =CEILING(T12,100000) -> 3600000 | R12: =U12*$R$2 -> 2838709.7 | S12: =U12*$S$2 -> 3193548.4 | T12: =U12*$T$2 -> 3548387.1 | U12: =V12/DAY($C$1) -> 3548387.1 | V12: 110000000 | W12: =IFERROR(SUMIFS(data!$C:$C, data!$A:$A, $A12, data!$B:$B, $B12), 0) -> 391 | X12: =IFERROR(SUMIF(data!$B:$B, $B12, data!$D:$D), 0) -> 26034702 | Y12: =IF(W12>0,X12/W12,0) -> 66584.916 | Z12: =IFERROR(SUMIFS(data!$E:$E, data!$A:$A, $A12, data!$B:$B, $B12), 0) -> 237 | AA12: =IFERROR(SUMIF(data!$B:$B, $B12, data!$F:$F), 0) -> 36920401 | AB12: =IF(Z12>0,AA12/Z12,0) -> 155782.28 | AC12: =W12+Z12 -> 628 | AD12: =X12+AA12 -> 62955103 | AE12: =IF(AC12>0,AD12/AC12,0) -> 100246.98
A13: Trường Sa | B13: Phạm Nguyễn Ngọc Quý | C13: DSXC | D13: 175000 | E13: =AE13 -> 118051.55 | F13: {=IFERROR( ROUND( _xludf.LET( nt,$A13, nv,$B13, songay,DAY(EOMONTH($C$1,0)), doanhthungay,$I13, duan_nv,SUM_xlfn.IFS('Dự án T8'!$D:$D,'Dự án T8'!$A:$A,nt,'Dự án T8'!$B:$B,nv), duan_nt,SUM_xlfn.IFS('Dự án T8'!$D:$D,'Dự án T8'!$A:$A,nt), tyle,duan_nv/duan_nt, muc2_ngay,_xlfn.XLOOKUP(nt,'kpi nhà thuốc'!$B:$B,'kpi nhà thuốc'!$P:$P), muc3_ngay,_xlfn.XLOOKUP(nt,'kpi nhà thuốc'!$B:$B,'kpi nhà thuốc'!$T:$T), hangdiem1,_xlfn.XLOOKUP(nt,'kpi nhà thuốc'!$B:$B,'kpi nhà thuốc'!$I:$I), hangdiem2,_xlfn.XLOOKUP(nt,'kpi nhà thuốc'!$B:$B,'kpi nhà thuốc'!$N:$N), hangdiem3,_xlfn.XLOOKUP(nt,'kpi nhà thuốc'!$B:$B,'kpi nhà thuốc'!$R:$R), _xludf.SWITCH(TRUE, doanhthungay>=muc3_ngay,hangdiem3, doanhthungay>=muc2_ngay,hangdiem2, TRUE,hangdiem1 )/songay*tyle ), -3), 0)} -> 0 | G13: =IFERROR(SUMIF('Dự án T8'!$B:$B, $B13, 'Dự án T8'!$D:$D), 0) -> 905201.29 | H13: =Q13 -> 3800000 | I13: =(AD13/DAY($C$1)) -> 2338182.3 | J13: {=_xlfn.XLOOKUP(B13,'kpi nhà thuốc'!A:A,'kpi nhà thuốc'!F:F,(AD13/DAY($C$1))/U13)} -> 0.63029261 | K13: {=_xlfn.XLOOKUP( B13, 'kpi nhà thuốc'!A:A, 'kpi nhà thuốc'!G:G, IF( AND( OR(C13="DSXC",C13="DSCD"), G13>=F13),IF(AND(I13>=T13,E13>=D13),AD13*1.5%,IF(AND(I13>=T13,E13<D13),AD13*1.3%,IF(AND(I13>=S13,E13>=D13),AD13*1.3%,IF(AND(I13>=S13,E13<D13),AD13*1.1%,IF(AND(I13>=R13,E13>=D13),AD13*1.2%,IF(AND(I13>=R13,E13<D13),AD13*1%,"")))))),"" ) )} | L13: =IF(C13="DSTV","", IF(J13<0.6, 0.8, 1)) -> 1 | M13: =IFERROR(SUMIF('Dự án T8'!$B:$B, $B13, 'Dự án T8'!$M:$M)*$L13, 0) -> 0 | N13: =N(K13)+M13 -> 0 | O13: =CEILING(R13,100000) -> 3000000 | P13: =CEILING(S13,100000) -> 3400000 | Q13: =CEILING(T13,100000) -> 3800000 | R13: =U13*$R$2 -> 2967741.9 | S13: =U13*$S$2 -> 3338709.7 | T13: =U13*$T$2 -> 3709677.4 | U13: =V13/DAY($C$1) -> 3709677.4 | V13: 115000000 | W13: =IFERROR(SUMIFS(data!$C:$C, data!$A:$A, $A13, data!$B:$B, $B13), 0) -> 392 | X13: =IFERROR(SUMIF(data!$B:$B, $B13, data!$D:$D), 0) -> 28368700 | Y13: =IF(W13>0,X13/W13,0) -> 72369.133 | Z13: =IFERROR(SUMIFS(data!$E:$E, data!$A:$A, $A13, data!$B:$B, $B13), 0) -> 222 | AA13: =IFERROR(SUMIF(data!$B:$B, $B13, data!$F:$F), 0) -> 44114950 | AB13: =IF(Z13>0,AA13/Z13,0) -> 198715.99 | AC13: =W13+Z13 -> 614 | AD13: =X13+AA13 -> 72483650 | AE13: =IF(AC13>0,AD13/AC13,0) -> 118051.55
A14: Trường Sa | B14: Nguyễn Ngọc Anh Thư | C14: DSCD (TV) | D14: 150000 | E14: =AE14 -> 94223.931 | F14: {=IFERROR( ROUND( _xludf.LET( nt,$A14, nv,$B14, songay,DAY(EOMONTH($C$1,0)), doanhthungay,$I14, duan_nv,SUM_xlfn.IFS('Dự án T8'!$D:$D,'Dự án T8'!$A:$A,nt,'Dự án T8'!$B:$B,nv), duan_nt,SUM_xlfn.IFS('Dự án T8'!$D:$D,'Dự án T8'!$A:$A,nt), tyle,duan_nv/duan_nt, muc2_ngay,_xlfn.XLOOKUP(nt,'kpi nhà thuốc'!$B:$B,'kpi nhà thuốc'!$P:$P), muc3_ngay,_xlfn.XLOOKUP(nt,'kpi nhà thuốc'!$B:$B,'kpi nhà thuốc'!$T:$T), hangdiem1,_xlfn.XLOOKUP(nt,'kpi nhà thuốc'!$B:$B,'kpi nhà thuốc'!$I:$I), hangdiem2,_xlfn.XLOOKUP(nt,'kpi nhà thuốc'!$B:$B,'kpi nhà thuốc'!$N:$N), hangdiem3,_xlfn.XLOOKUP(nt,'kpi nhà thuốc'!$B:$B,'kpi nhà thuốc'!$R:$R), _xludf.SWITCH(TRUE, doanhthungay>=muc3_ngay,hangdiem3, doanhthungay>=muc2_ngay,hangdiem2, TRUE,hangdiem1 )/songay*tyle ), -3), 0)} -> 0 | G14: =IFERROR(SUMIF('Dự án T8'!$B:$B, $B14, 'Dự án T8'!$D:$D), 0) -> 438028.87 | H14: =Q14 -> 3100000 | I14: =(AD14/DAY($C$1)) -> 920962.94 | J14: {=_xlfn.XLOOKUP(B14,'kpi nhà thuốc'!A:A,'kpi nhà thuốc'!F:F,(AD14/DAY($C$1))/U14)} -> 0.30052475 | K14: {=_xlfn.XLOOKUP( B14, 'kpi nhà thuốc'!A:A, 'kpi nhà thuốc'!G:G, IF( AND( OR(C14="DSXC",C14="DSCD"), G14>=F14),IF(AND(I14>=T14,E14>=D14),AD14*1.5%,IF(AND(I14>=T14,E14<D14),AD14*1.3%,IF(AND(I14>=S14,E14>=D14),AD14*1.3%,IF(AND(I14>=S14,E14<D14),AD14*1.1%,IF(AND(I14>=R14,E14>=D14),AD14*1.2%,IF(AND(I14>=R14,E14<D14),AD14*1%,"")))))),"" ) )} | L14: =IF(C14="DSTV","", IF(J14<0.6, 0.8, 1)) -> 0.8 | M14: =IFERROR(SUMIF('Dự án T8'!$B:$B, $B14, 'Dự án T8'!$M:$M)*$L14, 0) -> 0 | N14: =N(K14)+M14 -> 0 | O14: =CEILING(R14,100000) -> 2500000 | P14: =CEILING(S14,100000) -> 2800000 | Q14: =CEILING(T14,100000) -> 3100000 | R14: =U14*$R$2 -> 2451612.9 | S14: =U14*$S$2 -> 2758064.5 | T14: =U14*$T$2 -> 3064516.1 | U14: =V14/DAY($C$1) -> 3064516.1 | V14: 95000000 | W14: =IFERROR(SUMIFS(data!$C:$C, data!$A:$A, $A14, data!$B:$B, $B14), 0) -> 160 | X14: =IFERROR(SUMIF(data!$B:$B, $B14, data!$D:$D), 0) -> 10020901 | Y14: =IF(W14>0,X14/W14,0) -> 62630.631 | Z14: =IFERROR(SUMIFS(data!$E:$E, data!$A:$A, $A14, data!$B:$B, $B14), 0) -> 143 | AA14: =IFERROR(SUMIF(data!$B:$B, $B14, data!$F:$F), 0) -> 18528950 | AB14: =IF(Z14>0,AA14/Z14,0) -> 129573.08 | AC14: =W14+Z14 -> 303 | AD14: =X14+AA14 -> 28549851 | AE14: =IF(AC14>0,AD14/AC14,0) -> 94223.931
A15: Trường Sa | B15: Trần Thị Kim Khánh | C15: DSXC | D15: 112000 | E15: =AE15 -> 174817.71 | F15: {=IFERROR( ROUND( _xludf.LET( nt,$A15, nv,$B15, songay,DAY(EOMONTH($C$1,0)), doanhthungay,$I15, duan_nv,SUM_xlfn.IFS('Dự án T8'!$D:$D,'Dự án T8'!$A:$A,nt,'Dự án T8'!$B:$B,nv), duan_nt,SUM_xlfn.IFS('Dự án T8'!$D:$D,'Dự án T8'!$A:$A,nt), tyle,duan_nv/duan_nt, muc2_ngay,_xlfn.XLOOKUP(nt,'kpi nhà thuốc'!$B:$B,'kpi nhà thuốc'!$P:$P), muc3_ngay,_xlfn.XLOOKUP(nt,'kpi nhà thuốc'!$B:$B,'kpi nhà thuốc'!$T:$T), hangdiem1,_xlfn.XLOOKUP(nt,'kpi nhà thuốc'!$B:$B,'kpi nhà thuốc'!$I:$I), hangdiem2,_xlfn.XLOOKUP(nt,'kpi nhà thuốc'!$B:$B,'kpi nhà thuốc'!$N:$N), hangdiem3,_xlfn.XLOOKUP(nt,'kpi nhà thuốc'!$B:$B,'kpi nhà thuốc'!$R:$R), _xludf.SWITCH(TRUE, doanhthungay>=muc3_ngay,hangdiem3, doanhthungay>=muc2_ngay,hangdiem2, TRUE,hangdiem1 )/songay*tyle ), -3), 0)} -> 0 | G15: =IFERROR(SUMIF('Dự án T8'!$B:$B, $B15, 'Dự án T8'!$D:$D), 0) -> 1995953.3 | H15: =Q15 -> 3800000 | I15: =(AD15/DAY($C$1)) -> 5317841.9 | J15: {=_xlfn.XLOOKUP(B15,'kpi nhà thuốc'!A:A,'kpi nhà thuốc'!F:F,(AD15/DAY($C$1))/U15)} -> 1.4335052 | K15: {=_xlfn.XLOOKUP( B15, 'kpi nhà thuốc'!A:A, 'kpi nhà thuốc'!G:G, IF( AND( OR(C15="DSXC",C15="DSCD"), G15>=F15),IF(AND(I15>=T15,E15>=D15),AD15*1.5%,IF(AND(I15>=T15,E15<D15),AD15*1.3%,IF(AND(I15>=S15,E15>=D15),AD15*1.3%,IF(AND(I15>=S15,E15<D15),AD15*1.1%,IF(AND(I15>=R15,E15>=D15),AD15*1.2%,IF(AND(I15>=R15,E15<D15),AD15*1%,"")))))),"" ) )} -> 2472796.5 | L15: =IF(C15="DSTV","", IF(J15<0.6, 0.8, 1)) -> 1 | M15: =IFERROR(SUMIF('Dự án T8'!$B:$B, $B15, 'Dự án T8'!$M:$M)*$L15, 0) -> 2800000 | N15: =N(K15)+M15 -> 5272796.5 | O15: =CEILING(R15,100000) -> 3000000 | P15: =CEILING(S15,100000) -> 3400000 | Q15: =CEILING(T15,100000) -> 3800000 | R15: =U15*$R$2 -> 2967741.9 | S15: =U15*$S$2 -> 3338709.7 | T15: =U15*$T$2 -> 3709677.4 | U15: =V15/DAY($C$1) -> 3709677.4 | V15: 115000000 | W15: =IFERROR(SUMIFS(data!$C:$C, data!$A:$A, $A15, data!$B:$B, $B15), 0) -> 511 | X15: =IFERROR(SUMIF(data!$B:$B, $B15, data!$D:$D), 0) -> 47529800 | Y15: =IF(W15>0,X15/W15,0) -> 93013.307 | Z15: =IFERROR(SUMIFS(data!$E:$E, data!$A:$A, $A15, data!$B:$B, $B15), 0) -> 432 | AA15: =IFERROR(SUMIF(data!$B:$B, $B15, data!$F:$F), 0) -> 117323300 | AB15: =IF(Z15>0,AA15/Z15,0) -> 271581.71 | AC15: =W15+Z15 -> 943 | AD15: =X15+AA15 -> 164853100 | AE15: =IF(AC15>0,AD15/AC15,0) -> 174817.71
A16: Trường Sa | B16: Ngô Trần Tuyết Vy | C16: DSXC | D16: 130000 | E16: =AE16 -> 100595.24 | F16: {=IFERROR( ROUND( _xludf.LET( nt,$A16, nv,$B16, songay,DAY(EOMONTH($C$1,0)), doanhthungay,$I16, duan_nv,SUM_xlfn.IFS('Dự án T8'!$D:$D,'Dự án T8'!$A:$A,nt,'Dự án T8'!$B:$B,nv), duan_nt,SUM_xlfn.IFS('Dự án T8'!$D:$D,'Dự án T8'!$A:$A,nt), tyle,duan_nv/duan_nt, muc2_ngay,_xlfn.XLOOKUP(nt,'kpi nhà thuốc'!$B:$B,'kpi nhà thuốc'!$P:$P), muc3_ngay,_xlfn.XLOOKUP(nt,'kpi nhà thuốc'!$B:$B,'kpi nhà thuốc'!$T:$T), hangdiem1,_xlfn.XLOOKUP(nt,'kpi nhà thuốc'!$B:$B,'kpi nhà thuốc'!$I:$I), hangdiem2,_xlfn.XLOOKUP(nt,'kpi nhà thuốc'!$B:$B,'kpi nhà thuốc'!$N:$N), hangdiem3,_xlfn.XLOOKUP(nt,'kpi nhà thuốc'!$B:$B,'kpi nhà thuốc'!$R:$R), _xludf.SWITCH(TRUE, doanhthungay>=muc3_ngay,hangdiem3, doanhthungay>=muc2_ngay,hangdiem2, TRUE,hangdiem1 )/songay*tyle ), -3), 0)} -> 0 | G16: =IFERROR(SUMIF('Dự án T8'!$B:$B, $B16, 'Dự án T8'!$D:$D), 0) -> 624747.58 | H16: =Q16 -> 3300000 | I16: =(AD16/DAY($C$1)) -> 1431048.4 | J16: {=_xlfn.XLOOKUP(B16,'kpi nhà thuốc'!A:A,'kpi nhà thuốc'!F:F,(AD16/DAY($C$1))/U16)} -> 0.443625 | K16: {=_xlfn.XLOOKUP( B16, 'kpi nhà thuốc'!A:A, 'kpi nhà thuốc'!G:G, IF( AND( OR(C16="DSXC",C16="DSCD"), G16>=F16),IF(AND(I16>=T16,E16>=D16),AD16*1.5%,IF(AND(I16>=T16,E16<D16),AD16*1.3%,IF(AND(I16>=S16,E16>=D16),AD16*1.3%,IF(AND(I16>=S16,E16<D16),AD16*1.1%,IF(AND(I16>=R16,E16>=D16),AD16*1.2%,IF(AND(I16>=R16,E16<D16),AD16*1%,"")))))),"" ) )} | L16: =IF(C16="DSTV","", IF(J16<0.6, 0.8, 1)) -> 0.8 | M16: =IFERROR(SUMIF('Dự án T8'!$B:$B, $B16, 'Dự án T8'!$M:$M)*$L16, 0) -> 0 | N16: =N(K16)+M16 -> 0 | O16: =CEILING(R16,100000) -> 2600000 | P16: =CEILING(S16,100000) -> 3000000 | Q16: =CEILING(T16,100000) -> 3300000 | R16: =U16*$R$2 -> 2580645.2 | S16: =U16*$S$2 -> 2903225.8 | T16: =U16*$T$2 -> 3225806.5 | U16: =V16/DAY($C$1) -> 3225806.5 | V16: 100000000 | W16: =IFERROR(SUMIFS(data!$C:$C, data!$A:$A, $A16, data!$B:$B, $B16), 0) -> 273 | X16: =IFERROR(SUMIF(data!$B:$B, $B16, data!$D:$D), 0) -> 16360400 | Y16: =IF(W16>0,X16/W16,0) -> 59928.205 | Z16: =IFERROR(SUMIFS(data!$E:$E, data!$A:$A, $A16, data!$B:$B, $B16), 0) -> 168 | AA16: =IFERROR(SUMIF(data!$B:$B, $B16, data!$F:$F), 0) -> 28002100 | AB16: =IF(Z16>0,AA16/Z16,0) -> 166679.17 | AC16: =W16+Z16 -> 441 | AD16: =X16+AA16 -> 44362500 | AE16: =IF(AC16>0,AD16/AC16,0) -> 100595.24
A17: Đỗ Quang Đẩu | B17: Phạm Thị Nghĩa Hương | C17: DSCD | D17: 232000 | E17: =AE17 -> 187973.64 | F17: {=IFERROR( ROUND( _xludf.LET( nt,$A17, nv,$B17, songay,DAY(EOMONTH($C$1,0)), doanhthungay,$I17, duan_nv,SUM_xlfn.IFS('Dự án T8'!$D:$D,'Dự án T8'!$A:$A,nt,'Dự án T8'!$B:$B,nv), duan_nt,SUM_xlfn.IFS('Dự án T8'!$D:$D,'Dự án T8'!$A:$A,nt), tyle,duan_nv/duan_nt, muc2_ngay,_xlfn.XLOOKUP(nt,'kpi nhà thuốc'!$B:$B,'kpi nhà thuốc'!$P:$P), muc3_ngay,_xlfn.XLOOKUP(nt,'kpi nhà thuốc'!$B:$B,'kpi nhà thuốc'!$T:$T), hangdiem1,_xlfn.XLOOKUP(nt,'kpi nhà thuốc'!$B:$B,'kpi nhà thuốc'!$I:$I), hangdiem2,_xlfn.XLOOKUP(nt,'kpi nhà thuốc'!$B:$B,'kpi nhà thuốc'!$N:$N), hangdiem3,_xlfn.XLOOKUP(nt,'kpi nhà thuốc'!$B:$B,'kpi nhà thuốc'!$R:$R), _xludf.SWITCH(TRUE, doanhthungay>=muc3_ngay,hangdiem3, doanhthungay>=muc2_ngay,hangdiem2, TRUE,hangdiem1 )/songay*tyle ), -3), 0)} -> 0 | G17: =IFERROR(SUMIF('Dự án T8'!$B:$B, $B17, 'Dự án T8'!$D:$D), 0) -> 367421.61 | H17: =Q17 -> 6500000 | I17: =(AD17/DAY($C$1)) -> 4232438.7 | J17: {=_xlfn.XLOOKUP(B17,'kpi nhà thuốc'!A:A,'kpi nhà thuốc'!F:F,(AD17/DAY($C$1))/U17)} -> 0.656028 | K17: {=_xlfn.XLOOKUP( B17, 'kpi nhà thuốc'!A:A, 'kpi nhà thuốc'!G:G, IF( AND( OR(C17="DSXC",C17="DSCD"), G17>=F17),IF(AND(I17>=T17,E17>=D17),AD17*1.5%,IF(AND(I17>=T17,E17<D17),AD17*1.3%,IF(AND(I17>=S17,E17>=D17),AD17*1.3%,IF(AND(I17>=S17,E17<D17),AD17*1.1%,IF(AND(I17>=R17,E17>=D17),AD17*1.2%,IF(AND(I17>=R17,E17<D17),AD17*1%,"")))))),"" ) )} | L17: =IF(C17="DSTV","", IF(J17<0.6, 0.8, 1)) -> 1 | M17: =IFERROR(SUMIF('Dự án T8'!$B:$B, $B17, 'Dự án T8'!$M:$M)*$L17, 0) -> 0 | N17: =N(K17)+M17 -> 0 | O17: =CEILING(R17,100000) -> 5200000 | P17: =CEILING(S17,100000) -> 5900000 | Q17: =CEILING(T17,100000) -> 6500000 | R17: =U17*$R$2 -> 5161290.3 | S17: =U17*$S$2 -> 5806451.6 | T17: =U17*$T$2 -> 6451612.9 | U17: =V17/DAY($C$1) -> 6451612.9 | V17: 200000000 | W17: =IFERROR(SUMIFS(data!$C:$C, data!$A:$A, $A17, data!$B:$B, $B17), 0) -> 553 | X17: =IFERROR(SUMIF(data!$B:$B, $B17, data!$D:$D), 0) -> 109865100 | Y17: =IF(W17>0,X17/W17,0) -> 198671.07 | Z17: =IFERROR(SUMIFS(data!$E:$E, data!$A:$A, $A17, data!$B:$B, $B17), 0) -> 145 | AA17: =IFERROR(SUMIF(data!$B:$B, $B17, data!$F:$F), 0) -> 21340500 | AB17: =IF(Z17>0,AA17/Z17,0) -> 147175.86 | AC17: =W17+Z17 -> 698 | AD17: =X17+AA17 -> 131205600 | AE17: =IF(AC17>0,AD17/AC17,0) -> 187973.64
A18: Đỗ Quang Đẩu | B18: Trần Thiên Phát | C18: DSCD | D18: 132000 | E18: =AE18 -> 204502.69 | F18: {=IFERROR( ROUND( _xludf.LET( nt,$A18, nv,$B18, songay,DAY(EOMONTH($C$1,0)), doanhthungay,$I18, duan_nv,SUM_xlfn.IFS('Dự án T8'!$D:$D,'Dự án T8'!$A:$A,nt,'Dự án T8'!$B:$B,nv), duan_nt,SUM_xlfn.IFS('Dự án T8'!$D:$D,'Dự án T8'!$A:$A,nt), tyle,duan_nv/duan_nt, muc2_ngay,_xlfn.XLOOKUP(nt,'kpi nhà thuốc'!$B:$B,'kpi nhà thuốc'!$P:$P), muc3_ngay,_xlfn.XLOOKUP(nt,'kpi nhà thuốc'!$B:$B,'kpi nhà thuốc'!$T:$T), hangdiem1,_xlfn.XLOOKUP(nt,'kpi nhà thuốc'!$B:$B,'kpi nhà thuốc'!$I:$I), hangdiem2,_xlfn.XLOOKUP(nt,'kpi nhà thuốc'!$B:$B,'kpi nhà thuốc'!$N:$N), hangdiem3,_xlfn.XLOOKUP(nt,'kpi nhà thuốc'!$B:$B,'kpi nhà thuốc'!$R:$R), _xludf.SWITCH(TRUE, doanhthungay>=muc3_ngay,hangdiem3, doanhthungay>=muc2_ngay,hangdiem2, TRUE,hangdiem1 )/songay*tyle ), -3), 0)} -> 0 | G18: =IFERROR(SUMIF('Dự án T8'!$B:$B, $B18, 'Dự án T8'!$D:$D), 0) -> 495122.84 | H18: =Q18 -> 6500000 | I18: =(AD18/DAY($C$1)) -> 4591415.2 | J18: {=_xlfn.XLOOKUP(B18,'kpi nhà thuốc'!A:A,'kpi nhà thuốc'!F:F,(AD18/DAY($C$1))/U18)} -> 0.71166935 | K18: {=_xlfn.XLOOKUP( B18, 'kpi nhà thuốc'!A:A, 'kpi nhà thuốc'!G:G, IF( AND( OR(C18="DSXC",C18="DSCD"), G18>=F18),IF(AND(I18>=T18,E18>=D18),AD18*1.5%,IF(AND(I18>=T18,E18<D18),AD18*1.3%,IF(AND(I18>=S18,E18>=D18),AD18*1.3%,IF(AND(I18>=S18,E18<D18),AD18*1.1%,IF(AND(I18>=R18,E18>=D18),AD18*1.2%,IF(AND(I18>=R18,E18<D18),AD18*1%,"")))))),"" ) )} | L18: =IF(C18="DSTV","", IF(J18<0.6, 0.8, 1)) -> 1 | M18: =IFERROR(SUMIF('Dự án T8'!$B:$B, $B18, 'Dự án T8'!$M:$M)*$L18, 0) -> 0 | N18: =N(K18)+M18 -> 0 | O18: =CEILING(R18,100000) -> 5200000 | P18: =CEILING(S18,100000) -> 5900000 | Q18: =CEILING(T18,100000) -> 6500000 | R18: =U18*$R$2 -> 5161290.3 | S18: =U18*$S$2 -> 5806451.6 | T18: =U18*$T$2 -> 6451612.9 | U18: =V18/DAY($C$1) -> 6451612.9 | V18: 200000000 | W18: =IFERROR(SUMIFS(data!$C:$C, data!$A:$A, $A18, data!$B:$B, $B18), 0) -> 558 | X18: =IFERROR(SUMIF(data!$B:$B, $B18, data!$D:$D), 0) -> 124498570 | Y18: =IF(W18>0,X18/W18,0) -> 223115.72 | Z18: =IFERROR(SUMIFS(data!$E:$E, data!$A:$A, $A18, data!$B:$B, $B18), 0) -> 138 | AA18: =IFERROR(SUMIF(data!$B:$B, $B18, data!$F:$F), 0) -> 17835300 | AB18: =IF(Z18>0,AA18/Z18,0) -> 129241.3 | AC18: =W18+Z18 -> 696 | AD18: =X18+AA18 -> 142333870 | AE18: =IF(AC18>0,AD18/AC18,0) -> 204502.69
... A25: Minh Châu | B25: Nguyễn Ngọc Thùy | C25: DSHV | D25: 100000 | E25: =AE25 -> 74966.352 | F25: {=IFERROR( ROUND( _xludf.LET( nt,$A25, nv,$B25, songay,DAY(EOMONTH($C$1,0)), doanhthungay,$I25, duan_nv,SUM_xlfn.IFS('Dự án T8'!$D:$D,'Dự án T8'!$A:$A,nt,'Dự án T8'!$B:$B,nv), duan_nt,SUM_xlfn.IFS('Dự án T8'!$D:$D,'Dự án T8'!$A:$A,nt), tyle,duan_nv/duan_nt, muc2_ngay,_xlfn.XLOOKUP(nt,'kpi nhà thuốc'!$B:$B,'kpi nhà thuốc'!$P:$P), muc3_ngay,_xlfn.XLOOKUP(nt,'kpi nhà thuốc'!$B:$B,'kpi nhà thuốc'!$T:$T), hangdiem1,_xlfn.XLOOKUP(nt,'kpi nhà thuốc'!$B:$B,'kpi nhà thuốc'!$I:$I), hangdiem2,_xlfn.XLOOKUP(nt,'kpi nhà thuốc'!$B:$B,'kpi nhà thuốc'!$N:$N), hangdiem3,_xlfn.XLOOKUP(nt,'kpi nhà thuốc'!$B:$B,'kpi nhà thuốc'!$R:$R), _xludf.SWITCH(TRUE, doanhthungay>=muc3_ngay,hangdiem3, doanhthungay>=muc2_ngay,hangdiem2, TRUE,hangdiem1 )/songay*tyle ), -3), 0)} -> 0 | G25: =IFERROR(SUMIF('Dự án T8'!$B:$B, $B25, 'Dự án T8'!$D:$D), 0) -> 168526.19 | H25: =Q25 -> 3300000 | I25: =(AD25/DAY($C$1)) -> 384504.84 | J25: {=_xlfn.XLOOKUP(B25,'kpi nhà thuốc'!A:A,'kpi nhà thuốc'!F:F,(AD25/DAY($C$1))/U25)} -> 0.1191965 | K25: {=_xlfn.XLOOKUP( B25, 'kpi nhà thuốc'!A:A, 'kpi nhà thuốc'!G:G, IF( AND( OR(C25="DSXC",C25="DSCD"), G25>=F25),IF(AND(I25>=T25,E25>=D25),AD25*1.5%,IF(AND(I25>=T25,E25<D25),AD25*1.3%,IF(AND(I25>=S25,E25>=D25),AD25*1.3%,IF(AND(I25>=S25,E25<D25),AD25*1.1%,IF(AND(I25>=R25,E25>=D25),AD25*1.2%,IF(AND(I25>=R25,E25<D25),AD25*1%,"")))))),"" ) )} | L25: =IF(C25="DSTV","", IF(J25<0.6, 0.8, 1)) -> 0.8 | M25: =IFERROR(SUMIF('Dự án T8'!$B:$B, $B25, 'Dự án T8'!$M:$M)*$L25, 0) -> 0 | N25: =N(K25)+M25 -> 0 | O25: =CEILING(R25,100000) -> 2600000 | P25: =CEILING(S25,100000) -> 3000000 | Q25: =CEILING(T25,100000) -> 3300000 | R25: =U25*$R$2 -> 2580645.2 | S25: =U25*$S$2 -> 2903225.8 | T25: =U25*$T$2 -> 3225806.5 | U25: =V25/DAY($C$1) -> 3225806.5 | V25: 100000000 | W25: =IFERROR(SUMIFS(data!$C:$C, data!$A:$A, $A25, data!$B:$B, $B25), 0) -> 142 | X25: =IFERROR(SUMIF(data!$B:$B, $B25, data!$D:$D), 0) -> 10203800 | Y25: =IF(W25>0,X25/W25,0) -> 71857.746 | Z25: =IFERROR(SUMIFS(data!$E:$E, data!$A:$A, $A25, data!$B:$B, $B25), 0) -> 17 | AA25: =IFERROR(SUMIF(data!$B:$B, $B25, data!$F:$F), 0) -> 1715850 | AB25: =IF(Z25>0,AA25/Z25,0) -> 100932.35 | AC25: =W25+Z25 -> 159 | AD25: =X25+AA25 -> 11919650 | AE25: =IF(AC25>0,AD25/AC25,0) -> 74966.352
A26: Minh Châu | B26: Trịnh Thị Phượng | C26: DSCD | E26: =AE26 -> 372693.79 | F26: {=IFERROR( ROUND( _xludf.LET( nt,$A26, nv,$B26, songay,DAY(EOMONTH($C$1,0)), doanhthungay,$I26, duan_nv,SUM_xlfn.IFS('Dự án T8'!$D:$D,'Dự án T8'!$A:$A,nt,'Dự án T8'!$B:$B,nv), duan_nt,SUM_xlfn.IFS('Dự án T8'!$D:$D,'Dự án T8'!$A:$A,nt), tyle,duan_nv/duan_nt, muc2_ngay,_xlfn.XLOOKUP(nt,'kpi nhà thuốc'!$B:$B,'kpi nhà thuốc'!$P:$P), muc3_ngay,_xlfn.XLOOKUP(nt,'kpi nhà thuốc'!$B:$B,'kpi nhà thuốc'!$T:$T), hangdiem1,_xlfn.XLOOKUP(nt,'kpi nhà thuốc'!$B:$B,'kpi nhà thuốc'!$I:$I), hangdiem2,_xlfn.XLOOKUP(nt,'kpi nhà thuốc'!$B:$B,'kpi nhà thuốc'!$N:$N), hangdiem3,_xlfn.XLOOKUP(nt,'kpi nhà thuốc'!$B:$B,'kpi nhà thuốc'!$R:$R), _xludf.SWITCH(TRUE, doanhthungay>=muc3_ngay,hangdiem3, doanhthungay>=muc2_ngay,hangdiem2, TRUE,hangdiem1 )/songay*tyle ), -3), 0)} -> 0 | G26: =IFERROR(SUMIF('Dự án T8'!$B:$B, $B26, 'Dự án T8'!$D:$D), 0) -> 1901524.1 | H26: =Q26 -> 3800000 | I26: =(AD26/DAY($C$1)) -> 3498512.6 | J26: {=_xlfn.XLOOKUP(B26,'kpi nhà thuốc'!A:A,'kpi nhà thuốc'!F:F,(AD26/DAY($C$1))/U26)} -> 0.94307732 | K26: {=_xlfn.XLOOKUP( B26, 'kpi nhà thuốc'!A:A, 'kpi nhà thuốc'!G:G, IF( AND( OR(C26="DSXC",C26="DSCD"), G26>=F26),IF(AND(I26>=T26,E26>=D26),AD26*1.5%,IF(AND(I26>=T26,E26<D26),AD26*1.3%,IF(AND(I26>=S26,E26>=D26),AD26*1.3%,IF(AND(I26>=S26,E26<D26),AD26*1.1%,IF(AND(I26>=R26,E26>=D26),AD26*1.2%,IF(AND(I26>=R26,E26<D26),AD26*1%,"")))))),"" ) )} -> 1409900.6 | L26: =IF(C26="DSTV","", IF(J26<0.6, 0.8, 1)) -> 1 | M26: =IFERROR(SUMIF('Dự án T8'!$B:$B, $B26, 'Dự án T8'!$M:$M)*$L26, 0) -> 2200000 | N26: =N(K26)+M26 -> 3609900.6 | O26: =CEILING(R26,100000) -> 3000000 | P26: =CEILING(S26,100000) -> 3400000 | Q26: =CEILING(T26,100000) -> 3800000 | R26: =U26*$R$2 -> 2967741.9 | S26: =U26*$S$2 -> 3338709.7 | T26: =U26*$T$2 -> 3709677.4 | U26: =V26/DAY($C$1) -> 3709677.4 | V26: 115000000 | W26: =IFERROR(SUMIFS(data!$C:$C, data!$A:$A, $A26, data!$B:$B, $B26), 0) -> 263 | X26: =IFERROR(SUMIF(data!$B:$B, $B26, data!$D:$D), 0) -> 79840952 | Y26: =IF(W26>0,X26/W26,0) -> 303577.76 | Z26: =IFERROR(SUMIFS(data!$E:$E, data!$A:$A, $A26, data!$B:$B, $B26), 0) -> 28 | AA26: =IFERROR(SUMIF(data!$B:$B, $B26, data!$F:$F), 0) -> 28612940 | AB26: =IF(Z26>0,AA26/Z26,0) -> 1021890.7 | AC26: =W26+Z26 -> 291 | AD26: =X26+AA26 -> 108453892 | AE26: =IF(AC26>0,AD26/AC26,0) -> 372693.79
A27: Nam Hòa | B27: Trần Thị Ánh Nguyệt | C27: DSCD | D27: 120000 | E27: =AE27 -> 105336.82 | F27: {=IFERROR( ROUND( _xludf.LET( nt,$A27, nv,$B27, songay,DAY(EOMONTH($C$1,0)), doanhthungay,$I27, duan_nv,SUM_xlfn.IFS('Dự án T8'!$D:$D,'Dự án T8'!$A:$A,nt,'Dự án T8'!$B:$B,nv), duan_nt,SUM_xlfn.IFS('Dự án T8'!$D:$D,'Dự án T8'!$A:$A,nt), tyle,duan_nv/duan_nt, muc2_ngay,_xlfn.XLOOKUP(nt,'kpi nhà thuốc'!$B:$B,'kpi nhà thuốc'!$P:$P), muc3_ngay,_xlfn.XLOOKUP(nt,'kpi nhà thuốc'!$B:$B,'kpi nhà thuốc'!$T:$T), hangdiem1,_xlfn.XLOOKUP(nt,'kpi nhà thuốc'!$B:$B,'kpi nhà thuốc'!$I:$I), hangdiem2,_xlfn.XLOOKUP(nt,'kpi nhà thuốc'!$B:$B,'kpi nhà thuốc'!$N:$N), hangdiem3,_xlfn.XLOOKUP(nt,'kpi nhà thuốc'!$B:$B,'kpi nhà thuốc'!$R:$R), _xludf.SWITCH(TRUE, doanhthungay>=muc3_ngay,hangdiem3, doanhthungay>=muc2_ngay,hangdiem2, TRUE,hangdiem1 )/songay*tyle ), -3), 0)} -> 0 | G27: =IFERROR(SUMIF('Dự án T8'!$B:$B, $B27, 'Dự án T8'!$D:$D), 0) -> 1377500.4 | H27: =Q27 -> 3300000 | I27: =(AD27/DAY($C$1)) -> 2823706.5 | J27: {=_xlfn.XLOOKUP(B27,'kpi nhà thuốc'!A:A,'kpi nhà thuốc'!F:F,(AD27/DAY($C$1))/U27)} -> 0.875349 | K27: {=_xlfn.XLOOKUP( B27, 'kpi nhà thuốc'!A:A, 'kpi nhà thuốc'!G:G, IF( AND( OR(C27="DSXC",C27="DSCD"), G27>=F27),IF(AND(I27>=T27,E27>=D27),AD27*1.5%,IF(AND(I27>=T27,E27<D27),AD27*1.3%,IF(AND(I27>=S27,E27>=D27),AD27*1.3%,IF(AND(I27>=S27,E27<D27),AD27*1.1%,IF(AND(I27>=R27,E27>=D27),AD27*1.2%,IF(AND(I27>=R27,E27<D27),AD27*1%,"")))))),"" ) )} -> 875349 | L27: =IF(C27="DSTV","", IF(J27<0.6, 0.8, 1)) -> 1 | M27: =IFERROR(SUMIF('Dự án T8'!$B:$B, $B27, 'Dự án T8'!$M:$M)*$L27, 0) -> 1600000 | N27: =N(K27)+M27 -> 2475349 | O27: =CEILING(R27,100000) -> 2600000 | P27: =CEILING(S27,100000) -> 3000000 | Q27: =CEILING(T27,100000) -> 3300000 | R27: =U27*$R$2 -> 2580645.2 | S27: =U27*$S$2 -> 2903225.8 | T27: =U27*$T$2 -> 3225806.5 | U27: =V27/DAY($C$1) -> 3225806.5 | V27: 100000000 | W27: =IFERROR(SUMIFS(data!$C:$C, data!$A:$A, $A27, data!$B:$B, $B27), 0) -> 637 | X27: =IFERROR(SUMIF(data!$B:$B, $B27, data!$D:$D), 0) -> 49451800 | Y27: =IF(W27>0,X27/W27,0) -> 77632.339 | Z27: =IFERROR(SUMIFS(data!$E:$E, data!$A:$A, $A27, data!$B:$B, $B27), 0) -> 194 | AA27: =IFERROR(SUMIF(data!$B:$B, $B27, data!$F:$F), 0) -> 38083100 | AB27: =IF(Z27>0,AA27/Z27,0) -> 196304.64 | AC27: =W27+Z27 -> 831 | AD27: =X27+AA27 -> 87534900 | AE27: =IF(AC27>0,AD27/AC27,0) -> 105336.82
A28: Nam Hòa | B28: Nguyễn Thị Huyền Trang | C28: DSXC (TV) | E28: =AE28 -> 125861.89 | F28: {=IFERROR( ROUND( _xludf.LET( nt,$A28, nv,$B28, songay,DAY(EOMONTH($C$1,0)), doanhthungay,$I28, duan_nv,SUM_xlfn.IFS('Dự án T8'!$D:$D,'Dự án T8'!$A:$A,nt,'Dự án T8'!$B:$B,nv), duan_nt,SUM_xlfn.IFS('Dự án T8'!$D:$D,'Dự án T8'!$A:$A,nt), tyle,duan_nv/duan_nt, muc2_ngay,_xlfn.XLOOKUP(nt,'kpi nhà thuốc'!$B:$B,'kpi nhà thuốc'!$P:$P), muc3_ngay,_xlfn.XLOOKUP(nt,'kpi nhà thuốc'!$B:$B,'kpi nhà thuốc'!$T:$T), hangdiem1,_xlfn.XLOOKUP(nt,'kpi nhà thuốc'!$B:$B,'kpi nhà thuốc'!$I:$I), hangdiem2,_xlfn.XLOOKUP(nt,'kpi nhà thuốc'!$B:$B,'kpi nhà thuốc'!$N:$N), hangdiem3,_xlfn.XLOOKUP(nt,'kpi nhà thuốc'!$B:$B,'kpi nhà thuốc'!$R:$R), _xludf.SWITCH(TRUE, doanhthungay>=muc3_ngay,hangdiem3, doanhthungay>=muc2_ngay,hangdiem2, TRUE,hangdiem1 )/songay*tyle ), -3), 0)} -> 0 | G28: =IFERROR(SUMIF('Dự án T8'!$B:$B, $B28, 'Dự án T8'!$D:$D), 0) -> 374797.45 | H28: =Q28 -> 2000000 | I28: =(AD28/DAY($C$1)) -> 1502222.6 | J28: {=_xlfn.XLOOKUP(B28,'kpi nhà thuốc'!A:A,'kpi nhà thuốc'!F:F,(AD28/DAY($C$1))/U28)} -> 0.77614833 | K28: {=_xlfn.XLOOKUP( B28, 'kpi nhà thuốc'!A:A, 'kpi nhà thuốc'!G:G, IF( AND( OR(C28="DSXC",C28="DSCD"), G28>=F28),IF(AND(I28>=T28,E28>=D28),AD28*1.5%,IF(AND(I28>=T28,E28<D28),AD28*1.3%,IF(AND(I28>=S28,E28>=D28),AD28*1.3%,IF(AND(I28>=S28,E28<D28),AD28*1.1%,IF(AND(I28>=R28,E28>=D28),AD28*1.2%,IF(AND(I28>=R28,E28<D28),AD28*1%,"")))))),"" ) )} | L28: =IF(C28="DSTV","", IF(J28<0.6, 0.8, 1)) -> 1 | M28: =IFERROR(SUMIF('Dự án T8'!$B:$B, $B28, 'Dự án T8'!$M:$M)*$L28, 0) -> 0 | N28: =N(K28)+M28 -> 0 | O28: =CEILING(R28,100000) -> 1600000 | P28: =CEILING(S28,100000) -> 1800000 | Q28: =CEILING(T28,100000) -> 2000000 | R28: =U28*$R$2 -> 1548387.1 | S28: =U28*$S$2 -> 1741935.5 | T28: =U28*$T$2 -> 1935483.9 | U28: =V28/DAY($C$1) -> 1935483.9 | V28: 60000000 | W28: =IFERROR(SUMIFS(data!$C:$C, data!$A:$A, $A28, data!$B:$B, $B28), 0) -> 254 | X28: =IFERROR(SUMIF(data!$B:$B, $B28, data!$D:$D), 0) -> 17434800 | Y28: =IF(W28>0,X28/W28,0) -> 68640.945 | Z28: =IFERROR(SUMIFS(data!$E:$E, data!$A:$A, $A28, data!$B:$B, $B28), 0) -> 116 | AA28: =IFERROR(SUMIF(data!$B:$B, $B28, data!$F:$F), 0) -> 29134100 | AB28: =IF(Z28>0,AA28/Z28,0) -> 251156.03 | AC28: =W28+Z28 -> 370 | AD28: =X28+AA28 -> 46568900 | AE28: =IF(AC28>0,AD28/AC28,0) -> 125861.89
A29: Nam Hòa | B29: Đỗ Thị Kim Tiến | C29: DSCD (TV) | E29: =AE29 -> 98967.105 | F29: {=IFERROR( ROUND( _xludf.LET( nt,$A29, nv,$B29, songay,DAY(EOMONTH($C$1,0)), doanhthungay,$I29, duan_nv,SUM_xlfn.IFS('Dự án T8'!$D:$D,'Dự án T8'!$A:$A,nt,'Dự án T8'!$B:$B,nv), duan_nt,SUM_xlfn.IFS('Dự án T8'!$D:$D,'Dự án T8'!$A:$A,nt), tyle,duan_nv/duan_nt, muc2_ngay,_xlfn.XLOOKUP(nt,'kpi nhà thuốc'!$B:$B,'kpi nhà thuốc'!$P:$P), muc3_ngay,_xlfn.XLOOKUP(nt,'kpi nhà thuốc'!$B:$B,'kpi nhà thuốc'!$T:$T), hangdiem1,_xlfn.XLOOKUP(nt,'kpi nhà thuốc'!$B:$B,'kpi nhà thuốc'!$I:$I), hangdiem2,_xlfn.XLOOKUP(nt,'kpi nhà thuốc'!$B:$B,'kpi nhà thuốc'!$N:$N), hangdiem3,_xlfn.XLOOKUP(nt,'kpi nhà thuốc'!$B:$B,'kpi nhà thuốc'!$R:$R), _xludf.SWITCH(TRUE, doanhthungay>=muc3_ngay,hangdiem3, doanhthungay>=muc2_ngay,hangdiem2, TRUE,hangdiem1 )/songay*tyle ), -3), 0)} -> 0 | G29: =IFERROR(SUMIF('Dự án T8'!$B:$B, $B29, 'Dự án T8'!$D:$D), 0) -> 236991.71 | H29: =Q29 -> 2000000 | I29: =(AD29/DAY($C$1)) -> 485258.06 | J29: {=_xlfn.XLOOKUP(B29,'kpi nhà thuốc'!A:A,'kpi nhà thuốc'!F:F,(AD29/DAY($C$1))/U29)} -> 0.25071667 | K29: {=_xlfn.XLOOKUP( B29, 'kpi nhà thuốc'!A:A, 'kpi nhà thuốc'!G:G, IF( AND( OR(C29="DSXC",C29="DSCD"), G29>=F29),IF(AND(I29>=T29,E29>=D29),AD29*1.5%,IF(AND(I29>=T29,E29<D29),AD29*1.3%,IF(AND(I29>=S29,E29>=D29),AD29*1.3%,IF(AND(I29>=S29,E29<D29),AD29*1.1%,IF(AND(I29>=R29,E29>=D29),AD29*1.2%,IF(AND(I29>=R29,E29<D29),AD29*1%,"")))))),"" ) )} | L29: =IF(C29="DSTV","", IF(J29<0.6, 0.8, 1)) -> 0.8 | M29: =IFERROR(SUMIF('Dự án T8'!$B:$B, $B29, 'Dự án T8'!$M:$M)*$L29, 0) -> 0 | N29: =N(K29)+M29 -> 0 | O29: =CEILING(R29,100000) -> 1600000 | P29: =CEILING(S29,100000) -> 1800000 | Q29: =CEILING(T29,100000) -> 2000000 | R29: =U29*$R$2 -> 1548387.1 | S29: =U29*$S$2 -> 1741935.5 | T29: =U29*$T$2 -> 1935483.9 | U29: =V29/DAY($C$1) -> 1935483.9 | V29: 60000000 | W29: =IFERROR(SUMIFS(data!$C:$C, data!$A:$A, $A29, data!$B:$B, $B29), 0) -> 120 | X29: =IFERROR(SUMIF(data!$B:$B, $B29, data!$D:$D), 0) -> 10038100 | Y29: =IF(W29>0,X29/W29,0) -> 83650.833 | Z29: =IFERROR(SUMIFS(data!$E:$E, data!$A:$A, $A29, data!$B:$B, $B29), 0) -> 32 | AA29: =IFERROR(SUMIF(data!$B:$B, $B29, data!$F:$F), 0) -> 5004900 | AB29: =IF(Z29>0,AA29/Z29,0) -> 156403.12 | AC29: =W29+Z29 -> 152 | AD29: =X29+AA29 -> 15043000 | AE29: =IF(AC29>0,AD29/AC29,0) -> 98967.105
A30: Nam Hòa | B30: Dương Thị Huỳnh Như | C30: DSCD (TV) | E30: =AE30 -> 84379.221 | F30: {=IFERROR( ROUND( _xludf.LET( nt,$A30, nv,$B30, songay,DAY(EOMONTH($C$1,0)), doanhthungay,$I30, duan_nv,SUM_xlfn.IFS('Dự án T8'!$D:$D,'Dự án T8'!$A:$A,nt,'Dự án T8'!$B:$B,nv), duan_nt,SUM_xlfn.IFS('Dự án T8'!$D:$D,'Dự án T8'!$A:$A,nt), tyle,duan_nv/duan_nt, muc2_ngay,_xlfn.XLOOKUP(nt,'kpi nhà thuốc'!$B:$B,'kpi nhà thuốc'!$P:$P), muc3_ngay,_xlfn.XLOOKUP(nt,'kpi nhà thuốc'!$B:$B,'kpi nhà thuốc'!$T:$T), hangdiem1,_xlfn.XLOOKUP(nt,'kpi nhà thuốc'!$B:$B,'kpi nhà thuốc'!$I:$I), hangdiem2,_xlfn.XLOOKUP(nt,'kpi nhà thuốc'!$B:$B,'kpi nhà thuốc'!$N:$N), hangdiem3,_xlfn.XLOOKUP(nt,'kpi nhà thuốc'!$B:$B,'kpi nhà thuốc'!$R:$R), _xludf.SWITCH(TRUE, doanhthungay>=muc3_ngay,hangdiem3, doanhthungay>=muc2_ngay,hangdiem2, TRUE,hangdiem1 )/songay*tyle ), -3), 0)} -> 0 | G30: =IFERROR(SUMIF('Dự án T8'!$B:$B, $B30, 'Dự án T8'!$D:$D), 0) -> 162390.39 | H30: =Q30 -> 1700000 | I30: =(AD30/DAY($C$1)) -> 419174.19 | J30: {=_xlfn.XLOOKUP(B30,'kpi nhà thuốc'!A:A,'kpi nhà thuốc'!F:F,(AD30/DAY($C$1))/U30)} -> 0.259888 | K30: {=_xlfn.XLOOKUP( B30, 'kpi nhà thuốc'!A:A, 'kpi nhà thuốc'!G:G, IF( AND( OR(C30="DSXC",C30="DSCD"), G30>=F30),IF(AND(I30>=T30,E30>=D30),AD30*1.5%,IF(AND(I30>=T30,E30<D30),AD30*1.3%,IF(AND(I30>=S30,E30>=D30),AD30*1.3%,IF(AND(I30>=S30,E30<D30),AD30*1.1%,IF(AND(I30>=R30,E30>=D30),AD30*1.2%,IF(AND(I30>=R30,E30<D30),AD30*1%,"")))))),"" ) )} | L30: =IF(C30="DSTV","", IF(J30<0.6, 0.8, 1)) -> 0.8 | M30: =IFERROR(SUMIF('Dự án T8'!$B:$B, $B30, 'Dự án T8'!$M:$M)*$L30, 0) -> 0 | N30: =N(K30)+M30 -> 0 | O30: =CEILING(R30,100000) -> 1300000 | P30: =CEILING(S30,100000) -> 1500000 | Q30: =CEILING(T30,100000) -> 1700000 | R30: =U30*$R$2 -> 1290322.6 | S30: =U30*$S$2 -> 1451612.9 | T30: =U30*$T$2 -> 1612903.2 | U30: =V30/DAY($C$1) -> 1612903.2 | V30: 50000000 | W30: =IFERROR(SUMIFS(data!$C:$C, data!$A:$A, $A30, data!$B:$B, $B30), 0) -> 126 | X30: =IFERROR(SUMIF(data!$B:$B, $B30, data!$D:$D), 0) -> 9970700 | Y30: =IF(W30>0,X30/W30,0) -> 79132.54 | Z30: =IFERROR(SUMIFS(data!$E:$E, data!$A:$A, $A30, data!$B:$B, $B30), 0) -> 28 | AA30: =IFERROR(SUMIF(data!$B:$B, $B30, data!$F:$F), 0) -> 3023700 | AB30: =IF(Z30>0,AA30/Z30,0) -> 107989.29 | AC30: =W30+Z30 -> 154 | AD30: =X30+AA30 -> 12994400 | AE30: =IF(AC30>0,AD30/AC30,0) -> 84379.221
A31: Nam Hòa | B31: Bùi Thị Thanh Thủy | C31: DSXC (TV) | E31: =AE31 -> 124619.89 | F31: {=IFERROR( ROUND( _xludf.LET( nt,$A31, nv,$B31, songay,DAY(EOMONTH($C$1,0)), doanhthungay,$I31, duan_nv,SUM_xlfn.IFS('Dự án T8'!$D:$D,'Dự án T8'!$A:$A,nt,'Dự án T8'!$B:$B,nv), duan_nt,SUM_xlfn.IFS('Dự án T8'!$D:$D,'Dự án T8'!$A:$A,nt), tyle,duan_nv/duan_nt, muc2_ngay,_xlfn.XLOOKUP(nt,'kpi nhà thuốc'!$B:$B,'kpi nhà thuốc'!$P:$P), muc3_ngay,_xlfn.XLOOKUP(nt,'kpi nhà thuốc'!$B:$B,'kpi nhà thuốc'!$T:$T), hangdiem1,_xlfn.XLOOKUP(nt,'kpi nhà thuốc'!$B:$B,'kpi nhà thuốc'!$I:$I), hangdiem2,_xlfn.XLOOKUP(nt,'kpi nhà thuốc'!$B:$B,'kpi nhà thuốc'!$N:$N), hangdiem3,_xlfn.XLOOKUP(nt,'kpi nhà thuốc'!$B:$B,'kpi nhà thuốc'!$R:$R), _xludf.SWITCH(TRUE, doanhthungay>=muc3_ngay,hangdiem3, doanhthungay>=muc2_ngay,hangdiem2, TRUE,hangdiem1 )/songay*tyle ), -3), 0)} -> 0 | G31: =IFERROR(SUMIF('Dự án T8'!$B:$B, $B31, 'Dự án T8'!$D:$D), 0) -> 548968.03 | H31: =Q31 -> 2000000 | I31: =(AD31/DAY($C$1)) -> 1591918.6 | J31: {=_xlfn.XLOOKUP(B31,'kpi nhà thuốc'!A:A,'kpi nhà thuốc'!F:F,(AD31/DAY($C$1))/U31)} -> 0.8224913 | K31: {=_xlfn.XLOOKUP( B31, 'kpi nhà thuốc'!A:A, 'kpi nhà thuốc'!G:G, IF( AND( OR(C31="DSXC",C31="DSCD"), G31>=F31),IF(AND(I31>=T31,E31>=D31),AD31*1.5%,IF(AND(I31>=T31,E31<D31),AD31*1.3%,IF(AND(I31>=S31,E31>=D31),AD31*1.3%,IF(AND(I31>=S31,E31<D31),AD31*1.1%,IF(AND(I31>=R31,E31>=D31),AD31*1.2%,IF(AND(I31>=R31,E31<D31),AD31*1%,"")))))),"" ) )} | L31: =IF(C31="DSTV","", IF(J31<0.6, 0.8, 1)) -> 1 | M31: =IFERROR(SUMIF('Dự án T8'!$B:$B, $B31, 'Dự án T8'!$M:$M)*$L31, 0) -> 0 | N31: =N(K31)+M31 -> 0 | O31: =CEILING(R31,100000) -> 1600000 | P31: =CEILING(S31,100000) -> 1800000 | Q31: =CEILING(T31,100000) -> 2000000 | R31: =U31*$R$2 -> 1548387.1 | S31: =U31*$S$2 -> 1741935.5 | T31: =U31*$T$2 -> 1935483.9 | U31: =V31/DAY($C$1) -> 1935483.9 | V31: 60000000 | W31: =IFERROR(SUMIFS(data!$C:$C, data!$A:$A, $A31, data!$B:$B, $B31), 0) -> 268 | X31: =IFERROR(SUMIF(data!$B:$B, $B31, data!$D:$D), 0) -> 18636328 | Y31: =IF(W31>0,X31/W31,0) -> 69538.537 | Z31: =IFERROR(SUMIFS(data!$E:$E, data!$A:$A, $A31, data!$B:$B, $B31), 0) -> 128 | AA31: =IFERROR(SUMIF(data!$B:$B, $B31, data!$F:$F), 0) -> 30713150 | AB31: =IF(Z31>0,AA31/Z31,0) -> 239946.48 | AC31: =W31+Z31 -> 396 | AD31: =X31+AA31 -> 49349478 | AE31: =IF(AC31>0,AD31/AC31,0) -> 124619.89
A32: Nguyễn Chí Thanh | B32: Lê Thị Quỳnh Trâm | C32: CHT | D32: 194000 | E32: =AE32 -> 249208.45 | F32: {=IFERROR( ROUND( _xludf.LET( nt,$A32, nv,$B32, songay,DAY(EOMONTH($C$1,0)), doanhthungay,$I32, duan_nv,SUM_xlfn.IFS('Dự án T8'!$D:$D,'Dự án T8'!$A:$A,nt,'Dự án T8'!$B:$B,nv), duan_nt,SUM_xlfn.IFS('Dự án T8'!$D:$D,'Dự án T8'!$A:$A,nt), tyle,duan_nv/duan_nt, muc2_ngay,_xlfn.XLOOKUP(nt,'kpi nhà thuốc'!$B:$B,'kpi nhà thuốc'!$P:$P), muc3_ngay,_xlfn.XLOOKUP(nt,'kpi nhà thuốc'!$B:$B,'kpi nhà thuốc'!$T:$T), hangdiem1,_xlfn.XLOOKUP(nt,'kpi nhà thuốc'!$B:$B,'kpi nhà thuốc'!$I:$I), hangdiem2,_xlfn.XLOOKUP(nt,'kpi nhà thuốc'!$B:$B,'kpi nhà thuốc'!$N:$N), hangdiem3,_xlfn.XLOOKUP(nt,'kpi nhà thuốc'!$B:$B,'kpi nhà thuốc'!$R:$R), _xludf.SWITCH(TRUE, doanhthungay>=muc3_ngay,hangdiem3, doanhthungay>=muc2_ngay,hangdiem2, TRUE,hangdiem1 )/songay*tyle ), -3), 0)} -> 0 | G32: =IFERROR(SUMIF('Dự án T8'!$B:$B, $B32, 'Dự án T8'!$D:$D), 0) -> 291906.23 | H32: =Q32 -> 3900000 | I32: =(AD32/DAY($C$1)) -> 4469674.2 | J32: {=_xlfn.XLOOKUP(B32,'kpi nhà thuốc'!A:A,'kpi nhà thuốc'!F:F,(AD32/DAY($C$1))/U32)} -> 0.74184545 | K32: {=_xlfn.XLOOKUP( B32, 'kpi nhà thuốc'!A:A, 'kpi nhà thuốc'!G:G, IF( AND( OR(C32="DSXC",C32="DSCD"), G32>=F32),IF(AND(I32>=T32,E32>=D32),AD32*1.5%,IF(AND(I32>=T32,E32<D32),AD32*1.3%,IF(AND(I32>=S32,E32>=D32),AD32*1.3%,IF(AND(I32>=S32,E32<D32),AD32*1.1%,IF(AND(I32>=R32,E32>=D32),AD32*1.2%,IF(AND(I32>=R32,E32<D32),AD32*1%,"")))))),"" ) )} -> 0 | L32: =IF(C32="DSTV","", IF(J32<0.6, 0.8, 1)) -> 1 | M32: =IFERROR(SUMIF('Dự án T8'!$B:$B, $B32, 'Dự án T8'!$M:$M)*$L32, 0) -> 0 | N32: =N(K32)+M32 -> 0 | O32: =CEILING(R32,100000) -> 3100000 | P32: =CEILING(S32,100000) -> 3500000 | Q32: =CEILING(T32,100000) -> 3900000 | R32: =U32*$R$2 -> 3096774.2 | S32: =U32*$S$2 -> 3483871 | T32: =U32*$T$2 -> 3870967.7 | U32: =V32/DAY($C$1) -> 3870967.7 | V32: 120000000 | W32: =IFERROR(SUMIFS(data!$C:$C, data!$A:$A, $A32, data!$B:$B, $B32), 0) -> 333 | X32: =IFERROR(SUMIF(data!$B:$B, $B32, data!$D:$D), 0) -> 29280100 | Y32: =IF(W32>0,X32/W32,0) -> 87928.228 | Z32: =IFERROR(SUMIFS(data!$E:$E, data!$A:$A, $A32, data!$B:$B, $B32), 0) -> 223 | AA32: =IFERROR(SUMIF(data!$B:$B, $B32, data!$F:$F), 0) -> 109279800 | AB32: =IF(Z32>0,AA32/Z32,0) -> 490043.95 | AC32: =W32+Z32 -> 556 | AD32: =X32+AA32 -> 138559900 | AE32: =IF(AC32>0,AD32/AC32,0) -> 249208.45
A33: Nguyễn Chí Thanh | B33: Đỗ Thị Phương Thảo | C33: DSXC | D33: 250000 | E33: =AE33 -> 148220.5 | F33: {=IFERROR( ROUND( _xludf.LET( nt,$A33, nv,$B33, songay,DAY(EOMONTH($C$1,0)), doanhthungay,$I33, duan_nv,SUM_xlfn.IFS('Dự án T8'!$D:$D,'Dự án T8'!$A:$A,nt,'Dự án T8'!$B:$B,nv), duan_nt,SUM_xlfn.IFS('Dự án T8'!$D:$D,'Dự án T8'!$A:$A,nt), tyle,duan_nv/duan_nt, muc2_ngay,_xlfn.XLOOKUP(nt,'kpi nhà thuốc'!$B:$B,'kpi nhà thuốc'!$P:$P), muc3_ngay,_xlfn.XLOOKUP(nt,'kpi nhà thuốc'!$B:$B,'kpi nhà thuốc'!$T:$T), hangdiem1,_xlfn.XLOOKUP(nt,'kpi nhà thuốc'!$B:$B,'kpi nhà thuốc'!$I:$I), hangdiem2,_xlfn.XLOOKUP(nt,'kpi nhà thuốc'!$B:$B,'kpi nhà thuốc'!$N:$N), hangdiem3,_xlfn.XLOOKUP(nt,'kpi nhà thuốc'!$B:$B,'kpi nhà thuốc'!$R:$R), _xludf.SWITCH(TRUE, doanhthungay>=muc3_ngay,hangdiem3, doanhthungay>=muc2_ngay,hangdiem2, TRUE,hangdiem1 )/songay*tyle ), -3), 0)} -> 0 | G33: =IFERROR(SUMIF('Dự án T8'!$B:$B, $B33, 'Dự án T8'!$D:$D), 0) -> 523439.77 | H33: =Q33 -> 3900000 | I33: =(AD33/DAY($C$1)) -> 3107849.2 | J33: {=_xlfn.XLOOKUP(B33,'kpi nhà thuốc'!A:A,'kpi nhà thuốc'!F:F,(AD33/DAY($C$1))/U33)} -> 0.80286104 | K33: {=_xlfn.XLOOKUP( B33, 'kpi nhà thuốc'!A:A, 'kpi nhà thuốc'!G:G, IF( AND( OR(C33="DSXC",C33="DSCD"), G33>=F33),IF(AND(I33>=T33,E33>=D33),AD33*1.5%,IF(AND(I33>=T33,E33<D33),AD33*1.3%,IF(AND(I33>=S33,E33>=D33),AD33*1.3%,IF(AND(I33>=S33,E33<D33),AD33*1.1%,IF(AND(I33>=R33,E33>=D33),AD33*1.2%,IF(AND(I33>=R33,E33<D33),AD33*1%,"")))))),"" ) )} -> 963433.25 | L33: =IF(C33="DSTV","", IF(J33<0.6, 0.8, 1)) -> 1 | M33: =IFERROR(SUMIF('Dự án T8'!$B:$B, $B33, 'Dự án T8'!$M:$M)*$L33, 0) -> 0 | N33: =N(K33)+M33 -> 963433.25 | O33: =CEILING(R33,100000) -> 3100000 | P33: =CEILING(S33,100000) -> 3500000 | Q33: =CEILING(T33,100000) -> 3900000 | R33: =U33*$R$2 -> 3096774.2 | S33: =U33*$S$2 -> 3483871 | T33: =U33*$T$2 -> 3870967.7 | U33: =V33/DAY($C$1) -> 3870967.7 | V33: 120000000 | W33: =IFERROR(SUMIFS(data!$C:$C, data!$A:$A, $A33, data!$B:$B, $B33), 0) -> 406 | X33: =IFERROR(SUMIF(data!$B:$B, $B33, data!$D:$D), 0) -> 47424725 | Y33: =IF(W33>0,X33/W33,0) -> 116809.67 | Z33: =IFERROR(SUMIFS(data!$E:$E, data!$A:$A, $A33, data!$B:$B, $B33), 0) -> 244 | AA33: =IFERROR(SUMIF(data!$B:$B, $B33, data!$F:$F), 0) -> 48918600 | AB33: =IF(Z33>0,AA33/Z33,0) -> 200486.07 | AC33: =W33+Z33 -> 650 | AD33: =X33+AA33 -> 96343325 | AE33: =IF(AC33>0,AD33/AC33,0) -> 148220.5
A34: Nguyễn Chí Thanh | B34: Nguyễn Thị Hồng Hạnh | C34: DSCD | D34: 104000 | E34: =AE34 -> 86855.513 | F34: {=IFERROR( ROUND( _xludf.LET( nt,$A34, nv,$B34, songay,DAY(EOMONTH($C$1,0)), doanhthungay,$I34, duan_nv,SUM_xlfn.IFS('Dự án T8'!$D:$D,'Dự án T8'!$A:$A,nt,'Dự án T8'!$B:$B,nv), duan_nt,SUM_xlfn.IFS('Dự án T8'!$D:$D,'Dự án T8'!$A:$A,nt), tyle,duan_nv/duan_nt, muc2_ngay,_xlfn.XLOOKUP(nt,'kpi nhà thuốc'!$B:$B,'kpi nhà thuốc'!$P:$P), muc3_ngay,_xlfn.XLOOKUP(nt,'kpi nhà thuốc'!$B:$B,'kpi nhà thuốc'!$T:$T), hangdiem1,_xlfn.XLOOKUP(nt,'kpi nhà thuốc'!$B:$B,'kpi nhà thuốc'!$I:$I), hangdiem2,_xlfn.XLOOKUP(nt,'kpi nhà thuốc'!$B:$B,'kpi nhà thuốc'!$N:$N), hangdiem3,_xlfn.XLOOKUP(nt,'kpi nhà thuốc'!$B:$B,'kpi nhà thuốc'!$R:$R), _xludf.SWITCH(TRUE, doanhthungay>=muc3_ngay,hangdiem3, doanhthungay>=muc2_ngay,hangdiem2, TRUE,hangdiem1 )/songay*tyle ), -3), 0)} -> 0 | G34: =IFERROR(SUMIF('Dự án T8'!$B:$B, $B34, 'Dự án T8'!$D:$D), 0) -> 861198.42 | H34: =Q34 -> 3900000 | I34: =(AD34/DAY($C$1)) -> 2569242.1 | J34: {=_xlfn.XLOOKUP(B34,'kpi nhà thuốc'!A:A,'kpi nhà thuốc'!F:F,(AD34/DAY($C$1))/U34)} -> 0.66372087 | K34: {=_xlfn.XLOOKUP( B34, 'kpi nhà thuốc'!A:A, 'kpi nhà thuốc'!G:G, IF( AND( OR(C34="DSXC",C34="DSCD"), G34>=F34),IF(AND(I34>=T34,E34>=D34),AD34*1.5%,IF(AND(I34>=T34,E34<D34),AD34*1.3%,IF(AND(I34>=S34,E34>=D34),AD34*1.3%,IF(AND(I34>=S34,E34<D34),AD34*1.1%,IF(AND(I34>=R34,E34>=D34),AD34*1.2%,IF(AND(I34>=R34,E34<D34),AD34*1%,"")))))),"" ) )} | L34: =IF(C34="DSTV","", IF(J34<0.6, 0.8, 1)) -> 1 | M34: =IFERROR(SUMIF('Dự án T8'!$B:$B, $B34, 'Dự án T8'!$M:$M)*$L34, 0) -> 0 | N34: =N(K34)+M34 -> 0 | O34: =CEILING(R34,100000) -> 3100000 | P34: =CEILING(S34,100000) -> 3500000 | Q34: =CEILING(T34,100000) -> 3900000 | R34: =U34*$R$2 -> 3096774.2 | S34: =U34*$S$2 -> 3483871 | T34: =U34*$T$2 -> 3870967.7 | U34: =V34/DAY($C$1) -> 3870967.7 | V34: 120000000 | W34: =IFERROR(SUMIFS(data!$C:$C, data!$A:$A, $A34, data!$B:$B, $B34), 0) -> 808 | X34: =IFERROR(SUMIF(data!$B:$B, $B34, data!$D:$D), 0) -> 66557700 | Y34: =IF(W34>0,X34/W34,0) -> 82373.391 | Z34: =IFERROR(SUMIFS(data!$E:$E, data!$A:$A, $A34, data!$B:$B, $B34), 0) -> 109 | AA34: =IFERROR(SUMIF(data!$B:$B, $B34, data!$F:$F), 0) -> 13088805 | AB34: =IF(Z34>0,AA34/Z34,0) -> 120080.78 | AC34: =W34+Z34 -> 917 | AD34: =X34+AA34 -> 79646505 | AE34: =IF(AC34>0,AD34/AC34,0) -> 86855.513
A35: Nguyễn Chí Thanh | B35: Trần Hoàng Khánh | C35: DSCD | D35: 157000 | E35: =AE35 -> 88237.846 | F35: {=IFERROR( ROUND( _xludf.LET( nt,$A35, nv,$B35, songay,DAY(EOMONTH($C$1,0)), doanhthungay,$I35, duan_nv,SUM_xlfn.IFS('Dự án T8'!$D:$D,'Dự án T8'!$A:$A,nt,'Dự án T8'!$B:$B,nv), duan_nt,SUM_xlfn.IFS('Dự án T8'!$D:$D,'Dự án T8'!$A:$A,nt), tyle,duan_nv/duan_nt, muc2_ngay,_xlfn.XLOOKUP(nt,'kpi nhà thuốc'!$B:$B,'kpi nhà thuốc'!$P:$P), muc3_ngay,_xlfn.XLOOKUP(nt,'kpi nhà thuốc'!$B:$B,'kpi nhà thuốc'!$T:$T), hangdiem1,_xlfn.XLOOKUP(nt,'kpi nhà thuốc'!$B:$B,'kpi nhà thuốc'!$I:$I), hangdiem2,_xlfn.XLOOKUP(nt,'kpi nhà thuốc'!$B:$B,'kpi nhà thuốc'!$N:$N), hangdiem3,_xlfn.XLOOKUP(nt,'kpi nhà thuốc'!$B:$B,'kpi nhà thuốc'!$R:$R), _xludf.SWITCH(TRUE, doanhthungay>=muc3_ngay,hangdiem3, doanhthungay>=muc2_ngay,hangdiem2, TRUE,hangdiem1 )/songay*tyle ), -3), 0)} -> 0 | G35: =IFERROR(SUMIF('Dự án T8'!$B:$B, $B35, 'Dự án T8'!$D:$D), 0) -> 1035643.3 | H35: =Q35 -> 3900000 | I35: =(AD35/DAY($C$1)) -> 2840689.4 | J35: {=_xlfn.XLOOKUP(B35,'kpi nhà thuốc'!A:A,'kpi nhà thuốc'!F:F,(AD35/DAY($C$1))/U35)} -> 0.73384475 | K35: {=_xlfn.XLOOKUP( B35, 'kpi nhà thuốc'!A:A, 'kpi nhà thuốc'!G:G, IF( AND( OR(C35="DSXC",C35="DSCD"), G35>=F35),IF(AND(I35>=T35,E35>=D35),AD35*1.5%,IF(AND(I35>=T35,E35<D35),AD35*1.3%,IF(AND(I35>=S35,E35>=D35),AD35*1.3%,IF(AND(I35>=S35,E35<D35),AD35*1.1%,IF(AND(I35>=R35,E35>=D35),AD35*1.2%,IF(AND(I35>=R35,E35<D35),AD35*1%,"")))))),"" ) )} | L35: =IF(C35="DSTV","", IF(J35<0.6, 0.8, 1)) -> 1 | M35: =IFERROR(SUMIF('Dự án T8'!$B:$B, $B35, 'Dự án T8'!$M:$M)*$L35, 0) -> 500000 | N35: =N(K35)+M35 -> 500000 | O35: =CEILING(R35,100000) -> 3100000 | P35: =CEILING(S35,100000) -> 3500000 | Q35: =CEILING(T35,100000) -> 3900000 | R35: =U35*$R$2 -> 3096774.2 | S35: =U35*$S$2 -> 3483871 | T35: =U35*$T$2 -> 3870967.7 | U35: =V35/DAY($C$1) -> 3870967.7 | V35: 120000000 | W35: =IFERROR(SUMIFS(data!$C:$C, data!$A:$A, $A35, data!$B:$B, $B35), 0) -> 802 | X35: =IFERROR(SUMIF(data!$B:$B, $B35, data!$D:$D), 0) -> 56675900 | Y35: =IF(W35>0,X35/W35,0) -> 70668.204 | Z35: =IFERROR(SUMIFS(data!$E:$E, data!$A:$A, $A35, data!$B:$B, $B35), 0) -> 196 | AA35: =IFERROR(SUMIF(data!$B:$B, $B35, data!$F:$F), 0) -> 31385470 | AB35: =IF(Z35>0,AA35/Z35,0) -> 160129.95 | AC35: =W35+Z35 -> 998 | AD35: =X35+AA35 -> 88061370 | AE35: =IF(AC35>0,AD35/AC35,0) -> 88237.846
A36: Nguyễn Chí Thanh | B36: Lý Thục Mi | C36: DSXC (TV) | E36: =AE36 -> 0 | F36: {=IFERROR( ROUND( _xludf.LET( nt,$A36, nv,$B36, songay,DAY(EOMONTH($C$1,0)), doanhthungay,$I36, duan_nv,SUM_xlfn.IFS('Dự án T8'!$D:$D,'Dự án T8'!$A:$A,nt,'Dự án T8'!$B:$B,nv), duan_nt,SUM_xlfn.IFS('Dự án T8'!$D:$D,'Dự án T8'!$A:$A,nt), tyle,duan_nv/duan_nt, muc2_ngay,_xlfn.XLOOKUP(nt,'kpi nhà thuốc'!$B:$B,'kpi nhà thuốc'!$P:$P), muc3_ngay,_xlfn.XLOOKUP(nt,'kpi nhà thuốc'!$B:$B,'kpi nhà thuốc'!$T:$T), hangdiem1,_xlfn.XLOOKUP(nt,'kpi nhà thuốc'!$B:$B,'kpi nhà thuốc'!$I:$I), hangdiem2,_xlfn.XLOOKUP(nt,'kpi nhà thuốc'!$B:$B,'kpi nhà thuốc'!$N:$N), hangdiem3,_xlfn.XLOOKUP(nt,'kpi nhà thuốc'!$B:$B,'kpi nhà thuốc'!$R:$R), _xludf.SWITCH(TRUE, doanhthungay>=muc3_ngay,hangdiem3, doanhthungay>=muc2_ngay,hangdiem2, TRUE,hangdiem1 )/songay*tyle ), -3), 0)} -> 0 | G36: =IFERROR(SUMIF('Dự án T8'!$B:$B, $B36, 'Dự án T8'!$D:$D), 0) -> 0 | H36: =Q36 -> 2300000 | I36: =(AD36/DAY($C$1)) -> 0 | J36: {=_xlfn.XLOOKUP(B36,'kpi nhà thuốc'!A:A,'kpi nhà thuốc'!F:F,(AD36/DAY($C$1))/U36)} -> 0 | K36: {=_xlfn.XLOOKUP( B36, 'kpi nhà thuốc'!A:A, 'kpi nhà thuốc'!G:G, IF( AND( OR(C36="DSXC",C36="DSCD"), G36>=F36),IF(AND(I36>=T36,E36>=D36),AD36*1.5%,IF(AND(I36>=T36,E36<D36),AD36*1.3%,IF(AND(I36>=S36,E36>=D36),AD36*1.3%,IF(AND(I36>=S36,E36<D36),AD36*1.1%,IF(AND(I36>=R36,E36>=D36),AD36*1.2%,IF(AND(I36>=R36,E36<D36),AD36*1%,"")))))),"" ) )} | L36: =IF(C36="DSTV","", IF(J36<0.6, 0.8, 1)) -> 0.8 | M36: =IFERROR(SUMIF('Dự án T8'!$B:$B, $B36, 'Dự án T8'!$M:$M)*$L36, 0) -> 0 | N36: =N(K36)+M36 -> 0 | O36: =CEILING(R36,100000) -> 1900000 | P36: =CEILING(S36,100000) -> 2100000 | Q36: =CEILING(T36,100000) -> 2300000 | R36: =U36*$R$2 -> 1806451.6 | S36: =U36*$S$2 -> 2032258.1 | T36: =U36*$T$2 -> 2258064.5 | U36: =V36/DAY($C$1) -> 2258064.5 | V36: 70000000 | W36: =IFERROR(SUMIFS(data!$C:$C, data!$A:$A, $A36, data!$B:$B, $B36), 0) -> 0 | X36: =IFERROR(SUMIF(data!$B:$B, $B36, data!$D:$D), 0) -> 0 | Y36: =IF(W36>0,X36/W36,0) -> 0 | Z36: =IFERROR(SUMIFS(data!$E:$E, data!$A:$A, $A36, data!$B:$B, $B36), 0) -> 0 | AA36: =IFERROR(SUMIF(data!$B:$B, $B36, data!$F:$F), 0) -> 0 | AB36: =IF(Z36>0,AA36/Z36,0) -> 0 | AC36: =W36+Z36 -> 0 | AD36: =X36+AA36 -> 0 | AE36: =IF(AC36>0,AD36/AC36,0) -> 0
A37: Nguyễn Thị Thập | B37: Trần Thành Đạt | C37: DSCD | D37: 170000 | E37: =AE37 -> 109001.95 | F37: {=IFERROR( ROUND( _xludf.LET( nt,$A37, nv,$B37, songay,DAY(EOMONTH($C$1,0)), doanhthungay,$I37, duan_nv,SUM_xlfn.IFS('Dự án T8'!$D:$D,'Dự án T8'!$A:$A,nt,'Dự án T8'!$B:$B,nv), duan_nt,SUM_xlfn.IFS('Dự án T8'!$D:$D,'Dự án T8'!$A:$A,nt), tyle,duan_nv/duan_nt, muc2_ngay,_xlfn.XLOOKUP(nt,'kpi nhà thuốc'!$B:$B,'kpi nhà thuốc'!$P:$P), muc3_ngay,_xlfn.XLOOKUP(nt,'kpi nhà thuốc'!$B:$B,'kpi nhà thuốc'!$T:$T), hangdiem1,_xlfn.XLOOKUP(nt,'kpi nhà thuốc'!$B:$B,'kpi nhà thuốc'!$I:$I), hangdiem2,_xlfn.XLOOKUP(nt,'kpi nhà thuốc'!$B:$B,'kpi nhà thuốc'!$N:$N), hangdiem3,_xlfn.XLOOKUP(nt,'kpi nhà thuốc'!$B:$B,'kpi nhà thuốc'!$R:$R), _xludf.SWITCH(TRUE, doanhthungay>=muc3_ngay,hangdiem3, doanhthungay>=muc2_ngay,hangdiem2, TRUE,hangdiem1 )/songay*tyle ), -3), 0)} -> 0 | G37: =IFERROR(SUMIF('Dự án T8'!$B:$B, $B37, 'Dự án T8'!$D:$D), 0) -> 540125.35 | H37: =Q37 -> 4600000 | I37: =(AD37/DAY($C$1)) -> 3417738.7 | J37: {=_xlfn.XLOOKUP(B37,'kpi nhà thuốc'!A:A,'kpi nhà thuốc'!F:F,(AD37/DAY($C$1))/U37)} -> 0.756785 | K37: {=_xlfn.XLOOKUP( B37, 'kpi nhà thuốc'!A:A, 'kpi nhà thuốc'!G:G, IF( AND( OR(C37="DSXC",C37="DSCD"), G37>=F37),IF(AND(I37>=T37,E37>=D37),AD37*1.5%,IF(AND(I37>=T37,E37<D37),AD37*1.3%,IF(AND(I37>=S37,E37>=D37),AD37*1.3%,IF(AND(I37>=S37,E37<D37),AD37*1.1%,IF(AND(I37>=R37,E37>=D37),AD37*1.2%,IF(AND(I37>=R37,E37<D37),AD37*1%,"")))))),"" ) )} | L37: =IF(C37="DSTV","", IF(J37<0.6, 0.8, 1)) -> 1 | M37: =IFERROR(SUMIF('Dự án T8'!$B:$B, $B37, 'Dự án T8'!$M:$M)*$L37, 0) -> 0 | N37: =N(K37)+M37 -> 0 | O37: =CEILING(R37,100000) -> 3700000 | P37: =CEILING(S37,100000) -> 4100000 | Q37: =CEILING(T37,100000) -> 4600000 | R37: =U37*$R$2 -> 3612903.2 | S37: =U37*$S$2 -> 4064516.1 | T37: =U37*$T$2 -> 4516129 | U37: =V37/DAY($C$1) -> 4516129 | V37: 140000000 | W37: =IFERROR(SUMIFS(data!$C:$C, data!$A:$A, $A37, data!$B:$B, $B37), 0) -> 682 | X37: =IFERROR(SUMIF(data!$B:$B, $B37, data!$D:$D), 0) -> 46052700 | Y37: =IF(W37>0,X37/W37,0) -> 67525.953 | Z37: =IFERROR(SUMIFS(data!$E:$E, data!$A:$A, $A37, data!$B:$B, $B37), 0) -> 290 | AA37: =IFERROR(SUMIF(data!$B:$B, $B37, data!$F:$F), 0) -> 59897200 | AB37: =IF(Z37>0,AA37/Z37,0) -> 206542.07 | AC37: =W37+Z37 -> 972 | AD37: =X37+AA37 -> 105949900 | AE37: =IF(AC37>0,AD37/AC37,0) -> 109001.95
A38: Nguyễn Thị Thập | B38: Triệu Thị Ngọc Lý | C38: CHT | D38: 136000 | E38: =AE38 -> 159311.64 | F38: {=IFERROR( ROUND( _xludf.LET( nt,$A38, nv,$B38, songay,DAY(EOMONTH($C$1,0)), doanhthungay,$I38, duan_nv,SUM_xlfn.IFS('Dự án T8'!$D:$D,'Dự án T8'!$A:$A,nt,'Dự án T8'!$B:$B,nv), duan_nt,SUM_xlfn.IFS('Dự án T8'!$D:$D,'Dự án T8'!$A:$A,nt), tyle,duan_nv/duan_nt, muc2_ngay,_xlfn.XLOOKUP(nt,'kpi nhà thuốc'!$B:$B,'kpi nhà thuốc'!$P:$P), muc3_ngay,_xlfn.XLOOKUP(nt,'kpi nhà thuốc'!$B:$B,'kpi nhà thuốc'!$T:$T), hangdiem1,_xlfn.XLOOKUP(nt,'kpi nhà thuốc'!$B:$B,'kpi nhà thuốc'!$I:$I), hangdiem2,_xlfn.XLOOKUP(nt,'kpi nhà thuốc'!$B:$B,'kpi nhà thuốc'!$N:$N), hangdiem3,_xlfn.XLOOKUP(nt,'kpi nhà thuốc'!$B:$B,'kpi nhà thuốc'!$R:$R), _xludf.SWITCH(TRUE, doanhthungay>=muc3_ngay,hangdiem3, doanhthungay>=muc2_ngay,hangdiem2, TRUE,hangdiem1 )/songay*tyle ), -3), 0)} -> 0 | G38: =IFERROR(SUMIF('Dự án T8'!$B:$B, $B38, 'Dự án T8'!$D:$D), 0) -> 903216.84 | H38: =Q38 -> 4600000 | I38: =(AD38/DAY($C$1)) -> 4193493.5 | J38: {=_xlfn.XLOOKUP(B38,'kpi nhà thuốc'!A:A,'kpi nhà thuốc'!F:F,(AD38/DAY($C$1))/U38)} -> 0.74241499 | K38: {=_xlfn.XLOOKUP( B38, 'kpi nhà thuốc'!A:A, 'kpi nhà thuốc'!G:G, IF( AND( OR(C38="DSXC",C38="DSCD"), G38>=F38),IF(AND(I38>=T38,E38>=D38),AD38*1.5%,IF(AND(I38>=T38,E38<D38),AD38*1.3%,IF(AND(I38>=S38,E38>=D38),AD38*1.3%,IF(AND(I38>=S38,E38<D38),AD38*1.1%,IF(AND(I38>=R38,E38>=D38),AD38*1.2%,IF(AND(I38>=R38,E38<D38),AD38*1%,"")))))),"" ) )} -> 0 | L38: =IF(C38="DSTV","", IF(J38<0.6, 0.8, 1)) -> 1 | M38: =IFERROR(SUMIF('Dự án T8'!$B:$B, $B38, 'Dự án T8'!$M:$M)*$L38, 0) -> 0 | N38: =N(K38)+M38 -> 0 | O38: =CEILING(R38,100000) -> 3700000 | P38: =CEILING(S38,100000) -> 4100000 | Q38: =CEILING(T38,100000) -> 4600000 | R38: =U38*$R$2 -> 3612903.2 | S38: =U38*$S$2 -> 4064516.1 | T38: =U38*$T$2 -> 4516129 | U38: =V38/DAY($C$1) -> 4516129 | V38: 140000000 | W38: =IFERROR(SUMIFS(data!$C:$C, data!$A:$A, $A38, data!$B:$B, $B38), 0) -> 420 | X38: =IFERROR(SUMIF(data!$B:$B, $B38, data!$D:$D), 0) -> 29505600 | Y38: =IF(W38>0,X38/W38,0) -> 70251.429 | Z38: =IFERROR(SUMIFS(data!$E:$E, data!$A:$A, $A38, data!$B:$B, $B38), 0) -> 396 | AA38: =IFERROR(SUMIF(data!$B:$B, $B38, data!$F:$F), 0) -> 100492700 | AB38: =IF(Z38>0,AA38/Z38,0) -> 253769.44 | AC38: =W38+Z38 -> 816 | AD38: =X38+AA38 -> 129998300 | AE38: =IF(AC38>0,AD38/AC38,0) -> 159311.64
A39: Nguyễn Thị Thập | B39: Nguyễn Trí Nghĩa | C39: DSXC | D39: 133000 | E39: =AE39 -> 138450.17 | F39: {=IFERROR( ROUND( _xludf.LET( nt,$A39, nv,$B39, songay,DAY(EOMONTH($C$1,0)), doanhthungay,$I39, duan_nv,SUM_xlfn.IFS('Dự án T8'!$D:$D,'Dự án T8'!$A:$A,nt,'Dự án T8'!$B:$B,nv), duan_nt,SUM_xlfn.IFS('Dự án T8'!$D:$D,'Dự án T8'!$A:$A,nt), tyle,duan_nv/duan_nt, muc2_ngay,_xlfn.XLOOKUP(nt,'kpi nhà thuốc'!$B:$B,'kpi nhà thuốc'!$P:$P), muc3_ngay,_xlfn.XLOOKUP(nt,'kpi nhà thuốc'!$B:$B,'kpi nhà thuốc'!$T:$T), hangdiem1,_xlfn.XLOOKUP(nt,'kpi nhà thuốc'!$B:$B,'kpi nhà thuốc'!$I:$I), hangdiem2,_xlfn.XLOOKUP(nt,'kpi nhà thuốc'!$B:$B,'kpi nhà thuốc'!$N:$N), hangdiem3,_xlfn.XLOOKUP(nt,'kpi nhà thuốc'!$B:$B,'kpi nhà thuốc'!$R:$R), _xludf.SWITCH(TRUE, doanhthungay>=muc3_ngay,hangdiem3, doanhthungay>=muc2_ngay,hangdiem2, TRUE,hangdiem1 )/songay*tyle ), -3), 0)} -> 0 | G39: =IFERROR(SUMIF('Dự án T8'!$B:$B, $B39, 'Dự án T8'!$D:$D), 0) -> 273548.29 | H39: =Q39 -> 4100000 | I39: =(AD39/DAY($C$1)) -> 1290712.9 | J39: {=_xlfn.XLOOKUP(B39,'kpi nhà thuốc'!A:A,'kpi nhà thuốc'!F:F,(AD39/DAY($C$1))/U39)} -> 0.3200968 | K39: {=_xlfn.XLOOKUP( B39, 'kpi nhà thuốc'!A:A, 'kpi nhà thuốc'!G:G, IF( AND( OR(C39="DSXC",C39="DSCD"), G39>=F39),IF(AND(I39>=T39,E39>=D39),AD39*1.5%,IF(AND(I39>=T39,E39<D39),AD39*1.3%,IF(AND(I39>=S39,E39>=D39),AD39*1.3%,IF(AND(I39>=S39,E39<D39),AD39*1.1%,IF(AND(I39>=R39,E39>=D39),AD39*1.2%,IF(AND(I39>=R39,E39<D39),AD39*1%,"")))))),"" ) )} | L39: =IF(C39="DSTV","", IF(J39<0.6, 0.8, 1)) -> 0.8 | M39: =IFERROR(SUMIF('Dự án T8'!$B:$B, $B39, 'Dự án T8'!$M:$M)*$L39, 0) -> 0 | N39: =N(K39)+M39 -> 0 | O39: =CEILING(R39,100000) -> 3300000 | P39: =CEILING(S39,100000) -> 3700000 | Q39: =CEILING(T39,100000) -> 4100000 | R39: =U39*$R$2 -> 3225806.5 | S39: =U39*$S$2 -> 3629032.3 | T39: =U39*$T$2 -> 4032258.1 | U39: =V39/DAY($C$1) -> 4032258.1 | V39: 125000000 | W39: =IFERROR(SUMIFS(data!$C:$C, data!$A:$A, $A39, data!$B:$B, $B39), 0) -> 151 | X39: =IFERROR(SUMIF(data!$B:$B, $B39, data!$D:$D), 0) -> 15255000 | Y39: =IF(W39>0,X39/W39,0) -> 101026.49 | Z39: =IFERROR(SUMIFS(data!$E:$E, data!$A:$A, $A39, data!$B:$B, $B39), 0) -> 138 | AA39: =IFERROR(SUMIF(data!$B:$B, $B39, data!$F:$F), 0) -> 24757100 | AB39: =IF(Z39>0,AA39/Z39,0) -> 179399.28 | AC39: =W39+Z39 -> 289 | AD39: =X39+AA39 -> 40012100 | AE39: =IF(AC39>0,AD39/AC39,0) -> 138450.17
A40: Nguyễn Thị Thập | B40: Cao Trọng Nhân | C40: DSCD | D40: 104000 | E40: =AE40 -> 111835.33 | F40: {=IFERROR( ROUND( _xludf.LET( nt,$A40, nv,$B40, songay,DAY(EOMONTH($C$1,0)), doanhthungay,$I40, duan_nv,SUM_xlfn.IFS('Dự án T8'!$D:$D,'Dự án T8'!$A:$A,nt,'Dự án T8'!$B:$B,nv), duan_nt,SUM_xlfn.IFS('Dự án T8'!$D:$D,'Dự án T8'!$A:$A,nt), tyle,duan_nv/duan_nt, muc2_ngay,_xlfn.XLOOKUP(nt,'kpi nhà thuốc'!$B:$B,'kpi nhà thuốc'!$P:$P), muc3_ngay,_xlfn.XLOOKUP(nt,'kpi nhà thuốc'!$B:$B,'kpi nhà thuốc'!$T:$T), hangdiem1,_xlfn.XLOOKUP(nt,'kpi nhà thuốc'!$B:$B,'kpi nhà thuốc'!$I:$I), hangdiem2,_xlfn.XLOOKUP(nt,'kpi nhà thuốc'!$B:$B,'kpi nhà thuốc'!$N:$N), hangdiem3,_xlfn.XLOOKUP(nt,'kpi nhà thuốc'!$B:$B,'kpi nhà thuốc'!$R:$R), _xludf.SWITCH(TRUE, doanhthungay>=muc3_ngay,hangdiem3, doanhthungay>=muc2_ngay,hangdiem2, TRUE,hangdiem1 )/songay*tyle ), -3), 0)} -> 0 | G40: =IFERROR(SUMIF('Dự án T8'!$B:$B, $B40, 'Dự án T8'!$D:$D), 0) -> 1054575 | H40: =Q40 -> 4600000 | I40: =(AD40/DAY($C$1)) -> 3622021.5 | J40: {=_xlfn.XLOOKUP(B40,'kpi nhà thuốc'!A:A,'kpi nhà thuốc'!F:F,(AD40/DAY($C$1))/U40)} -> 0.80201906 | K40: {=_xlfn.XLOOKUP( B40, 'kpi nhà thuốc'!A:A, 'kpi nhà thuốc'!G:G, IF( AND( OR(C40="DSXC",C40="DSCD"), G40>=F40),IF(AND(I40>=T40,E40>=D40),AD40*1.5%,IF(AND(I40>=T40,E40<D40),AD40*1.3%,IF(AND(I40>=S40,E40>=D40),AD40*1.3%,IF(AND(I40>=S40,E40<D40),AD40*1.1%,IF(AND(I40>=R40,E40>=D40),AD40*1.2%,IF(AND(I40>=R40,E40<D40),AD40*1%,"")))))),"" ) )} -> 1347392 | L40: =IF(C40="DSTV","", IF(J40<0.6, 0.8, 1)) -> 1 | M40: =IFERROR(SUMIF('Dự án T8'!$B:$B, $B40, 'Dự án T8'!$M:$M)*$L40, 0) -> 500000 | N40: =N(K40)+M40 -> 1847392 | O40: =CEILING(R40,100000) -> 3700000 | P40: =CEILING(S40,100000) -> 4100000 | Q40: =CEILING(T40,100000) -> 4600000 | R40: =U40*$R$2 -> 3612903.2 | S40: =U40*$S$2 -> 4064516.1 | T40: =U40*$T$2 -> 4516129 | U40: =V40/DAY($C$1) -> 4516129 | V40: 140000000 | W40: =IFERROR(SUMIFS(data!$C:$C, data!$A:$A, $A40, data!$B:$B, $B40), 0) -> 665 | X40: =IFERROR(SUMIF(data!$B:$B, $B40, data!$D:$D), 0) -> 45932300 | Y40: =IF(W40>0,X40/W40,0) -> 69071.128 | Z40: =IFERROR(SUMIFS(data!$E:$E, data!$A:$A, $A40, data!$B:$B, $B40), 0) -> 339 | AA40: =IFERROR(SUMIF(data!$B:$B, $B40, data!$F:$F), 0) -> 66350368 | AB40: =IF(Z40>0,AA40/Z40,0) -> 195723.8 | AC40: =W40+Z40 -> 1004 | AD40: =X40+AA40 -> 112282668 | AE40: =IF(AC40>0,AD40/AC40,0) -> 111835.33
A41: Nguyễn Thị Thập | B41: Bùi Thị Bích Trâm | C41: DSHV | D41: 104000 | E41: =AE41 -> 0 | F41: {=IFERROR( ROUND( _xludf.LET( nt,$A41, nv,$B41, songay,DAY(EOMONTH($C$1,0)), doanhthungay,$I41, duan_nv,SUM_xlfn.IFS('Dự án T8'!$D:$D,'Dự án T8'!$A:$A,nt,'Dự án T8'!$B:$B,nv), duan_nt,SUM_xlfn.IFS('Dự án T8'!$D:$D,'Dự án T8'!$A:$A,nt), tyle,duan_nv/duan_nt, muc2_ngay,_xlfn.XLOOKUP(nt,'kpi nhà thuốc'!$B:$B,'kpi nhà thuốc'!$P:$P), muc3_ngay,_xlfn.XLOOKUP(nt,'kpi nhà thuốc'!$B:$B,'kpi nhà thuốc'!$T:$T), hangdiem1,_xlfn.XLOOKUP(nt,'kpi nhà thuốc'!$B:$B,'kpi nhà thuốc'!$I:$I), hangdiem2,_xlfn.XLOOKUP(nt,'kpi nhà thuốc'!$B:$B,'kpi nhà thuốc'!$N:$N), hangdiem3,_xlfn.XLOOKUP(nt,'kpi nhà thuốc'!$B:$B,'kpi nhà thuốc'!$R:$R), _xludf.SWITCH(TRUE, doanhthungay>=muc3_ngay,hangdiem3, doanhthungay>=muc2_ngay,hangdiem2, TRUE,hangdiem1 )/songay*tyle ), -3), 0)} -> 0 | G41: =IFERROR(SUMIF('Dự án T8'!$B:$B, $B41, 'Dự án T8'!$D:$D), 0) -> 0 | H41: =Q41 -> 2300000 | I41: =(AD41/DAY($C$1)) -> 0 | J41: {=_xlfn.XLOOKUP(B41,'kpi nhà thuốc'!A:A,'kpi nhà thuốc'!F:F,(AD41/DAY($C$1))/U41)} -> 0 | K41: {=_xlfn.XLOOKUP( B41, 'kpi nhà thuốc'!A:A, 'kpi nhà thuốc'!G:G, IF( AND( OR(C41="DSXC",C41="DSCD"), G41>=F41),IF(AND(I41>=T41,E41>=D41),AD41*1.5%,IF(AND(I41>=T41,E41<D41),AD41*1.3%,IF(AND(I41>=S41,E41>=D41),AD41*1.3%,IF(AND(I41>=S41,E41<D41),AD41*1.1%,IF(AND(I41>=R41,E41>=D41),AD41*1.2%,IF(AND(I41>=R41,E41<D41),AD41*1%,"")))))),"" ) )} | L41: =IF(C41="DSTV","", IF(J41<0.6, 0.8, 1)) -> 0.8 | M41: =IFERROR(SUMIF('Dự án T8'!$B:$B, $B41, 'Dự án T8'!$M:$M)*$L41, 0) -> 0 | N41: =N(K41)+M41 -> 0 | O41: =CEILING(R41,100000) -> 1900000 | P41: =CEILING(S41,100000) -> 2100000 | Q41: =CEILING(T41,100000) -> 2300000 | R41: =U41*$R$2 -> 1806451.6 | S41: =U41*$S$2 -> 2032258.1 | T41: =U41*$T$2 -> 2258064.5 | U41: =V41/DAY($C$1) -> 2258064.5 | V41: 70000000 | W41: =IFERROR(SUMIFS(data!$C:$C, data!$A:$A, $A41, data!$B:$B, $B41), 0) -> 0 | X41: =IFERROR(SUMIF(data!$B:$B, $B41, data!$D:$D), 0) -> 0 | Y41: =IF(W41>0,X41/W41,0) -> 0 | Z41: =IFERROR(SUMIFS(data!$E:$E, data!$A:$A, $A41, data!$B:$B, $B41), 0) -> 0 | AA41: =IFERROR(SUMIF(data!$B:$B, $B41, data!$F:$F), 0) -> 0 | AB41: =IF(Z41>0,AA41/Z41,0) -> 0 | AC41: =W41+Z41 -> 0 | AD41: =X41+AA41 -> 0 | AE41: =IF(AC41>0,AD41/AC41,0) -> 0
A42: Nguyễn Văn Quá | B42: Hồ Ngọc Lý | C42: DSCD | D42: 115000 | E42: =AE42 -> 71306.811 | F42: {=IFERROR( ROUND( _xludf.LET( nt,$A42, nv,$B42, songay,DAY(EOMONTH($C$1,0)), doanhthungay,$I42, duan_nv,SUM_xlfn.IFS('Dự án T8'!$D:$D,'Dự án T8'!$A:$A,nt,'Dự án T8'!$B:$B,nv), duan_nt,SUM_xlfn.IFS('Dự án T8'!$D:$D,'Dự án T8'!$A:$A,nt), tyle,duan_nv/duan_nt, muc2_ngay,_xlfn.XLOOKUP(nt,'kpi nhà thuốc'!$B:$B,'kpi nhà thuốc'!$P:$P), muc3_ngay,_xlfn.XLOOKUP(nt,'kpi nhà thuốc'!$B:$B,'kpi nhà thuốc'!$T:$T), hangdiem1,_xlfn.XLOOKUP(nt,'kpi nhà thuốc'!$B:$B,'kpi nhà thuốc'!$I:$I), hangdiem2,_xlfn.XLOOKUP(nt,'kpi nhà thuốc'!$B:$B,'kpi nhà thuốc'!$N:$N), hangdiem3,_xlfn.XLOOKUP(nt,'kpi nhà thuốc'!$B:$B,'kpi nhà thuốc'!$R:$R), _xludf.SWITCH(TRUE, doanhthungay>=muc3_ngay,hangdiem3, doanhthungay>=muc2_ngay,hangdiem2, TRUE,hangdiem1 )/songay*tyle ), -3), 0)} -> 0 | G42: =IFERROR(SUMIF('Dự án T8'!$B:$B, $B42, 'Dự án T8'!$D:$D), 0) -> 1210333 | H42: =Q42 -> 3300000 | I42: =(AD42/DAY($C$1)) -> 2127703.2 | J42: {=_xlfn.XLOOKUP(B42,'kpi nhà thuốc'!A:A,'kpi nhà thuốc'!F:F,(AD42/DAY($C$1))/U42)} -> 0.659588 | K42: {=_xlfn.XLOOKUP( B42, 'kpi nhà thuốc'!A:A, 'kpi nhà thuốc'!G:G, IF( AND( OR(C42="DSXC",C42="DSCD"), G42>=F42),IF(AND(I42>=T42,E42>=D42),AD42*1.5%,IF(AND(I42>=T42,E42<D42),AD42*1.3%,IF(AND(I42>=S42,E42>=D42),AD42*1.3%,IF(AND(I42>=S42,E42<D42),AD42*1.1%,IF(AND(I42>=R42,E42>=D42),AD42*1.2%,IF(AND(I42>=R42,E42<D42),AD42*1%,"")))))),"" ) )} | L42: =IF(C42="DSTV","", IF(J42<0.6, 0.8, 1)) -> 1 | M42: =IFERROR(SUMIF('Dự án T8'!$B:$B, $B42, 'Dự án T8'!$M:$M)*$L42, 0) -> 1000000 | N42: =N(K42)+M42 -> 1000000 | O42: =CEILING(R42,100000) -> 2600000 | P42: =CEILING(S42,100000) -> 3000000 | Q42: =CEILING(T42,100000) -> 3300000 | R42: =U42*$R$2 -> 2580645.2 | S42: =U42*$S$2 -> 2903225.8 | T42: =U42*$T$2 -> 3225806.5 | U42: =V42/DAY($C$1) -> 3225806.5 | V42: 100000000 | W42: =IFERROR(SUMIFS(data!$C:$C, data!$A:$A, $A42, data!$B:$B, $B42), 0) -> 804 | X42: =IFERROR(SUMIF(data!$B:$B, $B42, data!$D:$D), 0) -> 54303400 | Y42: =IF(W42>0,X42/W42,0) -> 67541.542 | Z42: =IFERROR(SUMIFS(data!$E:$E, data!$A:$A, $A42, data!$B:$B, $B42), 0) -> 121 | AA42: =IFERROR(SUMIF(data!$B:$B, $B42, data!$F:$F), 0) -> 11655400 | AB42: =IF(Z42>0,AA42/Z42,0) -> 96325.62 | AC42: =W42+Z42 -> 925 | AD42: =X42+AA42 -> 65958800 | AE42: =IF(AC42>0,AD42/AC42,0) -> 71306.811
A43: Nguyễn Văn Quá | B43: Võ Ngọc Giàu Sang | C43: CHT | D43: 102000 | E43: =AE43 -> 89601.887 | F43: {=IFERROR( ROUND( _xludf.LET( nt,$A43, nv,$B43, songay,DAY(EOMONTH($C$1,0)), doanhthungay,$I43, duan_nv,SUM_xlfn.IFS('Dự án T8'!$D:$D,'Dự án T8'!$A:$A,nt,'Dự án T8'!$B:$B,nv), duan_nt,SUM_xlfn.IFS('Dự án T8'!$D:$D,'Dự án T8'!$A:$A,nt), tyle,duan_nv/duan_nt, muc2_ngay,_xlfn.XLOOKUP(nt,'kpi nhà thuốc'!$B:$B,'kpi nhà thuốc'!$P:$P), muc3_ngay,_xlfn.XLOOKUP(nt,'kpi nhà thuốc'!$B:$B,'kpi nhà thuốc'!$T:$T), hangdiem1,_xlfn.XLOOKUP(nt,'kpi nhà thuốc'!$B:$B,'kpi nhà thuốc'!$I:$I), hangdiem2,_xlfn.XLOOKUP(nt,'kpi nhà thuốc'!$B:$B,'kpi nhà thuốc'!$N:$N), hangdiem3,_xlfn.XLOOKUP(nt,'kpi nhà thuốc'!$B:$B,'kpi nhà thuốc'!$R:$R), _xludf.SWITCH(TRUE, doanhthungay>=muc3_ngay,hangdiem3, doanhthungay>=muc2_ngay,hangdiem2, TRUE,hangdiem1 )/songay*tyle ), -3), 0)} -> 0 | G43: =IFERROR(SUMIF('Dự án T8'!$B:$B, $B43, 'Dự án T8'!$D:$D), 0) -> 761085.97 | H43: =Q43 -> 3300000 | I43: =(AD43/DAY($C$1)) -> 1531903.2 | J43: {=_xlfn.XLOOKUP(B43,'kpi nhà thuốc'!A:A,'kpi nhà thuốc'!F:F,(AD43/DAY($C$1))/U43)} -> 0.68930788 | K43: {=_xlfn.XLOOKUP( B43, 'kpi nhà thuốc'!A:A, 'kpi nhà thuốc'!G:G, IF( AND( OR(C43="DSXC",C43="DSCD"), G43>=F43),IF(AND(I43>=T43,E43>=D43),AD43*1.5%,IF(AND(I43>=T43,E43<D43),AD43*1.3%,IF(AND(I43>=S43,E43>=D43),AD43*1.3%,IF(AND(I43>=S43,E43<D43),AD43*1.1%,IF(AND(I43>=R43,E43>=D43),AD43*1.2%,IF(AND(I43>=R43,E43<D43),AD43*1%,"")))))),"" ) )} -> 0 | L43: =IF(C43="DSTV","", IF(J43<0.6, 0.8, 1)) -> 1 | M43: =IFERROR(SUMIF('Dự án T8'!$B:$B, $B43, 'Dự án T8'!$M:$M)*$L43, 0) -> 0 | N43: =N(K43)+M43 -> 0 | O43: =CEILING(R43,100000) -> 2600000 | P43: =CEILING(S43,100000) -> 3000000 | Q43: =CEILING(T43,100000) -> 3300000 | R43: =U43*$R$2 -> 2580645.2 | S43: =U43*$S$2 -> 2903225.8 | T43: =U43*$T$2 -> 3225806.5 | U43: =V43/DAY($C$1) -> 3225806.5 | V43: 100000000 | W43: =IFERROR(SUMIFS(data!$C:$C, data!$A:$A, $A43, data!$B:$B, $B43), 0) -> 421 | X43: =IFERROR(SUMIF(data!$B:$B, $B43, data!$D:$D), 0) -> 29090350 | Y43: =IF(W43>0,X43/W43,0) -> 69098.219 | Z43: =IFERROR(SUMIFS(data!$E:$E, data!$A:$A, $A43, data!$B:$B, $B43), 0) -> 109 | AA43: =IFERROR(SUMIF(data!$B:$B, $B43, data!$F:$F), 0) -> 18398650 | AB43: =IF(Z43>0,AA43/Z43,0) -> 168794.95 | AC43: =W43+Z43 -> 530 | AD43: =X43+AA43 -> 47489000 | AE43: =IF(AC43>0,AD43/AC43,0) -> 89601.887
A44: Nguyễn Văn Quá | B44: Nguyễn Thị Thu Huyền | C44: DSCD | D44: 107000 | E44: =AE44 -> 73631.486 | F44: {=IFERROR( ROUND( _xludf.LET( nt,$A44, nv,$B44, songay,DAY(EOMONTH($C$1,0)), doanhthungay,$I44, duan_nv,SUM_xlfn.IFS('Dự án T8'!$D:$D,'Dự án T8'!$A:$A,nt,'Dự án T8'!$B:$B,nv), duan_nt,SUM_xlfn.IFS('Dự án T8'!$D:$D,'Dự án T8'!$A:$A,nt), tyle,duan_nv/duan_nt, muc2_ngay,_xlfn.XLOOKUP(nt,'kpi nhà thuốc'!$B:$B,'kpi nhà thuốc'!$P:$P), muc3_ngay,_xlfn.XLOOKUP(nt,'kpi nhà thuốc'!$B:$B,'kpi nhà thuốc'!$T:$T), hangdiem1,_xlfn.XLOOKUP(nt,'kpi nhà thuốc'!$B:$B,'kpi nhà thuốc'!$I:$I), hangdiem2,_xlfn.XLOOKUP(nt,'kpi nhà thuốc'!$B:$B,'kpi nhà thuốc'!$N:$N), hangdiem3,_xlfn.XLOOKUP(nt,'kpi nhà thuốc'!$B:$B,'kpi nhà thuốc'!$R:$R), _xludf.SWITCH(TRUE, doanhthungay>=muc3_ngay,hangdiem3, doanhthungay>=muc2_ngay,hangdiem2, TRUE,hangdiem1 )/songay*tyle ), -3), 0)} -> 0 | G44: =IFERROR(SUMIF('Dự án T8'!$B:$B, $B44, 'Dự án T8'!$D:$D), 0) -> 1303415.9 | H44: =Q44 -> 3300000 | I44: =(AD44/DAY($C$1)) -> 2828874.2 | J44: {=_xlfn.XLOOKUP(B44,'kpi nhà thuốc'!A:A,'kpi nhà thuốc'!F:F,(AD44/DAY($C$1))/U44)} -> 0.876951 | K44: {=_xlfn.XLOOKUP( B44, 'kpi nhà thuốc'!A:A, 'kpi nhà thuốc'!G:G, IF( AND( OR(C44="DSXC",C44="DSCD"), G44>=F44),IF(AND(I44>=T44,E44>=D44),AD44*1.5%,IF(AND(I44>=T44,E44<D44),AD44*1.3%,IF(AND(I44>=S44,E44>=D44),AD44*1.3%,IF(AND(I44>=S44,E44<D44),AD44*1.1%,IF(AND(I44>=R44,E44>=D44),AD44*1.2%,IF(AND(I44>=R44,E44<D44),AD44*1%,"")))))),"" ) )} -> 876951 | L44: =IF(C44="DSTV","", IF(J44<0.6, 0.8, 1)) -> 1 | M44: =IFERROR(SUMIF('Dự án T8'!$B:$B, $B44, 'Dự án T8'!$M:$M)*$L44, 0) -> 1000000 | N44: =N(K44)+M44 -> 1876951 | O44: =CEILING(R44,100000) -> 2600000 | P44: =CEILING(S44,100000) -> 3000000 | Q44: =CEILING(T44,100000) -> 3300000 | R44: =U44*$R$2 -> 2580645.2 | S44: =U44*$S$2 -> 2903225.8 | T44: =U44*$T$2 -> 3225806.5 | U44: =V44/DAY($C$1) -> 3225806.5 | V44: 100000000 | W44: =IFERROR(SUMIFS(data!$C:$C, data!$A:$A, $A44, data!$B:$B, $B44), 0) -> 992 | X44: =IFERROR(SUMIF(data!$B:$B, $B44, data!$D:$D), 0) -> 60758100 | Y44: =IF(W44>0,X44/W44,0) -> 61248.085 | Z44: =IFERROR(SUMIFS(data!$E:$E, data!$A:$A, $A44, data!$B:$B, $B44), 0) -> 199 | AA44: =IFERROR(SUMIF(data!$B:$B, $B44, data!$F:$F), 0) -> 26937000 | AB44: =IF(Z44>0,AA44/Z44,0) -> 135361.81 | AC44: =W44+Z44 -> 1191 | AD44: =X44+AA44 -> 87695100 | AE44: =IF(AC44>0,AD44/AC44,0) -> 73631.486
A45: Nguyễn Văn Quá | B45: Nguyễn Thị Hương Giang | C45: DSXC | D45: 105000 | E45: =AE45 -> 81372.652 | F45: {=IFERROR( ROUND( _xludf.LET( nt,$A45, nv,$B45, songay,DAY(EOMONTH($C$1,0)), doanhthungay,$I45, duan_nv,SUM_xlfn.IFS('Dự án T8'!$D:$D,'Dự án T8'!$A:$A,nt,'Dự án T8'!$B:$B,nv), duan_nt,SUM_xlfn.IFS('Dự án T8'!$D:$D,'Dự án T8'!$A:$A,nt), tyle,duan_nv/duan_nt, muc2_ngay,_xlfn.XLOOKUP(nt,'kpi nhà thuốc'!$B:$B,'kpi nhà thuốc'!$P:$P), muc3_ngay,_xlfn.XLOOKUP(nt,'kpi nhà thuốc'!$B:$B,'kpi nhà thuốc'!$T:$T), hangdiem1,_xlfn.XLOOKUP(nt,'kpi nhà thuốc'!$B:$B,'kpi nhà thuốc'!$I:$I), hangdiem2,_xlfn.XLOOKUP(nt,'kpi nhà thuốc'!$B:$B,'kpi nhà thuốc'!$N:$N), hangdiem3,_xlfn.XLOOKUP(nt,'kpi nhà thuốc'!$B:$B,'kpi nhà thuốc'!$R:$R), _xludf.SWITCH(TRUE, doanhthungay>=muc3_ngay,hangdiem3, doanhthungay>=muc2_ngay,hangdiem2, TRUE,hangdiem1 )/songay*tyle ), -3), 0)} -> 0 | G45: =IFERROR(SUMIF('Dự án T8'!$B:$B, $B45, 'Dự án T8'!$D:$D), 0) -> 1025005.6 | H45: =Q45 -> 3300000 | I45: =(AD45/DAY($C$1)) -> 2375556.5 | J45: {=_xlfn.XLOOKUP(B45,'kpi nhà thuốc'!A:A,'kpi nhà thuốc'!F:F,(AD45/DAY($C$1))/U45)} -> 0.7364225 | K45: {=_xlfn.XLOOKUP( B45, 'kpi nhà thuốc'!A:A, 'kpi nhà thuốc'!G:G, IF( AND( OR(C45="DSXC",C45="DSCD"), G45>=F45),IF(AND(I45>=T45,E45>=D45),AD45*1.5%,IF(AND(I45>=T45,E45<D45),AD45*1.3%,IF(AND(I45>=S45,E45>=D45),AD45*1.3%,IF(AND(I45>=S45,E45<D45),AD45*1.1%,IF(AND(I45>=R45,E45>=D45),AD45*1.2%,IF(AND(I45>=R45,E45<D45),AD45*1%,"")))))),"" ) )} | L45: =IF(C45="DSTV","", IF(J45<0.6, 0.8, 1)) -> 1 | M45: =IFERROR(SUMIF('Dự án T8'!$B:$B, $B45, 'Dự án T8'!$M:$M)*$L45, 0) -> 500000 | N45: =N(K45)+M45 -> 500000 | O45: =CEILING(R45,100000) -> 2600000 | P45: =CEILING(S45,100000) -> 3000000 | Q45: =CEILING(T45,100000) -> 3300000 | R45: =U45*$R$2 -> 2580645.2 | S45: =U45*$S$2 -> 2903225.8 | T45: =U45*$T$2 -> 3225806.5 | U45: =V45/DAY($C$1) -> 3225806.5 | V45: 100000000 | W45: =IFERROR(SUMIFS(data!$C:$C, data!$A:$A, $A45, data!$B:$B, $B45), 0) -> 766 | X45: =IFERROR(SUMIF(data!$B:$B, $B45, data!$D:$D), 0) -> 53201850 | Y45: =IF(W45>0,X45/W45,0) -> 69454.112 | Z45: =IFERROR(SUMIFS(data!$E:$E, data!$A:$A, $A45, data!$B:$B, $B45), 0) -> 139 | AA45: =IFERROR(SUMIF(data!$B:$B, $B45, data!$F:$F), 0) -> 20440400 | AB45: =IF(Z45>0,AA45/Z45,0) -> 147053.24 | AC45: =W45+Z45 -> 905 | AD45: =X45+AA45 -> 73642250 | AE45: =IF(AC45>0,AD45/AC45,0) -> 81372.652
A46: Rạch Bùng Binh | B46: Cù Thị Tường Vy | C46: CHT | D46: 120000 | E46: =AE46 -> 232315.33 | F46: {=IFERROR( ROUND( _xludf.LET( nt,$A46, nv,$B46, songay,DAY(EOMONTH($C$1,0)), doanhthungay,$I46, duan_nv,SUM_xlfn.IFS('Dự án T8'!$D:$D,'Dự án T8'!$A:$A,nt,'Dự án T8'!$B:$B,nv), duan_nt,SUM_xlfn.IFS('Dự án T8'!$D:$D,'Dự án T8'!$A:$A,nt), tyle,duan_nv/duan_nt, muc2_ngay,_xlfn.XLOOKUP(nt,'kpi nhà thuốc'!$B:$B,'kpi nhà thuốc'!$P:$P), muc3_ngay,_xlfn.XLOOKUP(nt,'kpi nhà thuốc'!$B:$B,'kpi nhà thuốc'!$T:$T), hangdiem1,_xlfn.XLOOKUP(nt,'kpi nhà thuốc'!$B:$B,'kpi nhà thuốc'!$I:$I), hangdiem2,_xlfn.XLOOKUP(nt,'kpi nhà thuốc'!$B:$B,'kpi nhà thuốc'!$N:$N), hangdiem3,_xlfn.XLOOKUP(nt,'kpi nhà thuốc'!$B:$B,'kpi nhà thuốc'!$R:$R), _xludf.SWITCH(TRUE, doanhthungay>=muc3_ngay,hangdiem3, doanhthungay>=muc2_ngay,hangdiem2, TRUE,hangdiem1 )/songay*tyle ), -3), 0)} -> 0 | G46: =IFERROR(SUMIF('Dự án T8'!$B:$B, $B46, 'Dự án T8'!$D:$D), 0) -> 627492.77 | H46: =Q46 -> 4600000 | I46: =(AD46/DAY($C$1)) -> 3177474.2 | J46: {=_xlfn.XLOOKUP(B46,'kpi nhà thuốc'!A:A,'kpi nhà thuốc'!F:F,(AD46/DAY($C$1))/U46)} -> 0.80739595 | K46: {=_xlfn.XLOOKUP( B46, 'kpi nhà thuốc'!A:A, 'kpi nhà thuốc'!G:G, IF( AND( OR(C46="DSXC",C46="DSCD"), G46>=F46),IF(AND(I46>=T46,E46>=D46),AD46*1.5%,IF(AND(I46>=T46,E46<D46),AD46*1.3%,IF(AND(I46>=S46,E46>=D46),AD46*1.3%,IF(AND(I46>=S46,E46<D46),AD46*1.1%,IF(AND(I46>=R46,E46>=D46),AD46*1.2%,IF(AND(I46>=R46,E46<D46),AD46*1%,"")))))),"" ) )} -> 1186872.1 | L46: =IF(C46="DSTV","", IF(J46<0.6, 0.8, 1)) -> 1 | M46: =IFERROR(SUMIF('Dự án T8'!$B:$B, $B46, 'Dự án T8'!$M:$M)*$L46, 0) -> 0 | N46: =N(K46)+M46 -> 1186872.1 | O46: =CEILING(R46,100000) -> 3700000 | P46: =CEILING(S46,100000) -> 4100000 | Q46: =CEILING(T46,100000) -> 4600000 | R46: =U46*$R$2 -> 3612903.2 | S46: =U46*$S$2 -> 4064516.1 | T46: =U46*$T$2 -> 4516129 | U46: =V46/DAY($C$1) -> 4516129 | V46: 140000000 | W46: =IFERROR(SUMIFS(data!$C:$C, data!$A:$A, $A46, data!$B:$B, $B46), 0) -> 247 | X46: =IFERROR(SUMIF(data!$B:$B, $B46, data!$D:$D), 0) -> 26261500 | Y46: =IF(W46>0,X46/W46,0) -> 106321.86 | Z46: =IFERROR(SUMIFS(data!$E:$E, data!$A:$A, $A46, data!$B:$B, $B46), 0) -> 177 | AA46: =IFERROR(SUMIF(data!$B:$B, $B46, data!$F:$F), 0) -> 72240200 | AB46: =IF(Z46>0,AA46/Z46,0) -> 408136.72 | AC46: =W46+Z46 -> 424 | AD46: =X46+AA46 -> 98501700 | AE46: =IF(AC46>0,AD46/AC46,0) -> 232315.33
A47: Rạch Bùng Binh | B47: Huỳnh Thị Huệ Hiền | C47: DSCD | D47: 100000 | E47: =AE47 -> 90840.686 | F47: {=IFERROR( ROUND( _xludf.LET( nt,$A47, nv,$B47, songay,DAY(EOMONTH($C$1,0)), doanhthungay,$I47, duan_nv,SUM_xlfn.IFS('Dự án T8'!$D:$D,'Dự án T8'!$A:$A,nt,'Dự án T8'!$B:$B,nv), duan_nt,SUM_xlfn.IFS('Dự án T8'!$D:$D,'Dự án T8'!$A:$A,nt), tyle,duan_nv/duan_nt, muc2_ngay,_xlfn.XLOOKUP(nt,'kpi nhà thuốc'!$B:$B,'kpi nhà thuốc'!$P:$P), muc3_ngay,_xlfn.XLOOKUP(nt,'kpi nhà thuốc'!$B:$B,'kpi nhà thuốc'!$T:$T), hangdiem1,_xlfn.XLOOKUP(nt,'kpi nhà thuốc'!$B:$B,'kpi nhà thuốc'!$I:$I), hangdiem2,_xlfn.XLOOKUP(nt,'kpi nhà thuốc'!$B:$B,'kpi nhà thuốc'!$N:$N), hangdiem3,_xlfn.XLOOKUP(nt,'kpi nhà thuốc'!$B:$B,'kpi nhà thuốc'!$R:$R), _xludf.SWITCH(TRUE, doanhthungay>=muc3_ngay,hangdiem3, doanhthungay>=muc2_ngay,hangdiem2, TRUE,hangdiem1 )/songay*tyle ), -3), 0)} -> 0 | G47: =IFERROR(SUMIF('Dự án T8'!$B:$B, $B47, 'Dự án T8'!$D:$D), 0) -> 956718.87 | H47: =Q47 -> 3600000 | I47: =(AD47/DAY($C$1)) -> 2391161.3 | J47: {=_xlfn.XLOOKUP(B47,'kpi nhà thuốc'!A:A,'kpi nhà thuốc'!F:F,(AD47/DAY($C$1))/U47)} -> 0.67387273 | K47: {=_xlfn.XLOOKUP( B47, 'kpi nhà thuốc'!A:A, 'kpi nhà thuốc'!G:G, IF( AND( OR(C47="DSXC",C47="DSCD"), G47>=F47),IF(AND(I47>=T47,E47>=D47),AD47*1.5%,IF(AND(I47>=T47,E47<D47),AD47*1.3%,IF(AND(I47>=S47,E47>=D47),AD47*1.3%,IF(AND(I47>=S47,E47<D47),AD47*1.1%,IF(AND(I47>=R47,E47>=D47),AD47*1.2%,IF(AND(I47>=R47,E47<D47),AD47*1%,"")))))),"" ) )} | L47: =IF(C47="DSTV","", IF(J47<0.6, 0.8, 1)) -> 1 | M47: =IFERROR(SUMIF('Dự án T8'!$B:$B, $B47, 'Dự án T8'!$M:$M)*$L47, 0) -> 500000 | N47: =N(K47)+M47 -> 500000 | O47: =CEILING(R47,100000) -> 2900000 | P47: =CEILING(S47,100000) -> 3200000 | Q47: =CEILING(T47,100000) -> 3600000 | R47: =U47*$R$2 -> 2838709.7 | S47: =U47*$S$2 -> 3193548.4 | T47: =U47*$T$2 -> 3548387.1 | U47: =V47/DAY($C$1) -> 3548387.1 | V47: 110000000 | W47: =IFERROR(SUMIFS(data!$C:$C, data!$A:$A, $A47, data!$B:$B, $B47), 0) -> 630 | X47: =IFERROR(SUMIF(data!$B:$B, $B47, data!$D:$D), 0) -> 50776100 | Y47: =IF(W47>0,X47/W47,0) -> 80596.984 | Z47: =IFERROR(SUMIFS(data!$E:$E, data!$A:$A, $A47, data!$B:$B, $B47), 0) -> 186 | AA47: =IFERROR(SUMIF(data!$B:$B, $B47, data!$F:$F), 0) -> 23349900 | AB47: =IF(Z47>0,AA47/Z47,0) -> 125537.1 | AC47: =W47+Z47 -> 816 | AD47: =X47+AA47 -> 74126000 | AE47: =IF(AC47>0,AD47/AC47,0) -> 90840.686
A48: Rạch Bùng Binh | B48: Ngô Thị Ngọc Thủy | C48: DSXC (TV) | D48: 100000 | E48: =AE48 -> 86535.434 | F48: {=IFERROR( ROUND( _xludf.LET( nt,$A48, nv,$B48, songay,DAY(EOMONTH($C$1,0)), doanhthungay,$I48, duan_nv,SUM_xlfn.IFS('Dự án T8'!$D:$D,'Dự án T8'!$A:$A,nt,'Dự án T8'!$B:$B,nv), duan_nt,SUM_xlfn.IFS('Dự án T8'!$D:$D,'Dự án T8'!$A:$A,nt), tyle,duan_nv/duan_nt, muc2_ngay,_xlfn.XLOOKUP(nt,'kpi nhà thuốc'!$B:$B,'kpi nhà thuốc'!$P:$P), muc3_ngay,_xlfn.XLOOKUP(nt,'kpi nhà thuốc'!$B:$B,'kpi nhà thuốc'!$T:$T), hangdiem1,_xlfn.XLOOKUP(nt,'kpi nhà thuốc'!$B:$B,'kpi nhà thuốc'!$I:$I), hangdiem2,_xlfn.XLOOKUP(nt,'kpi nhà thuốc'!$B:$B,'kpi nhà thuốc'!$N:$N), hangdiem3,_xlfn.XLOOKUP(nt,'kpi nhà thuốc'!$B:$B,'kpi nhà thuốc'!$R:$R), _xludf.SWITCH(TRUE, doanhthungay>=muc3_ngay,hangdiem3, doanhthungay>=muc2_ngay,hangdiem2, TRUE,hangdiem1 )/songay*tyle ), -3), 0)} -> 0 | G48: =IFERROR(SUMIF('Dự án T8'!$B:$B, $B48, 'Dự án T8'!$D:$D), 0) -> 669802.1 | H48: =Q48 -> 1300000 | I48: =(AD48/DAY($C$1)) -> 1638590.3 | J48: {=_xlfn.XLOOKUP(B48,'kpi nhà thuốc'!A:A,'kpi nhà thuốc'!F:F,(AD48/DAY($C$1))/U48)} -> 1.2699075 | K48: {=_xlfn.XLOOKUP( B48, 'kpi nhà thuốc'!A:A, 'kpi nhà thuốc'!G:G, IF( AND( OR(C48="DSXC",C48="DSCD"), G48>=F48),IF(AND(I48>=T48,E48>=D48),AD48*1.5%,IF(AND(I48>=T48,E48<D48),AD48*1.3%,IF(AND(I48>=S48,E48>=D48),AD48*1.3%,IF(AND(I48>=S48,E48<D48),AD48*1.1%,IF(AND(I48>=R48,E48>=D48),AD48*1.2%,IF(AND(I48>=R48,E48<D48),AD48*1%,"")))))),"" ) )} | L48: =IF(C48="DSTV","", IF(J48<0.6, 0.8, 1)) -> 1 | M48: =IFERROR(SUMIF('Dự án T8'!$B:$B, $B48, 'Dự án T8'!$M:$M)*$L48, 0) -> 0 | N48: =N(K48)+M48 -> 0 | O48: =CEILING(R48,100000) -> 1100000 | P48: =CEILING(S48,100000) -> 1200000 | Q48: =CEILING(T48,100000) -> 1300000 | R48: =U48*$R$2 -> 1032258.1 | S48: =U48*$S$2 -> 1161290.3 | T48: =U48*$T$2 -> 1290322.6 | U48: =V48/DAY($C$1) -> 1290322.6 | V48: 40000000 | W48: =IFERROR(SUMIFS(data!$C:$C, data!$A:$A, $A48, data!$B:$B, $B48), 0) -> 469 | X48: =IFERROR(SUMIF(data!$B:$B, $B48, data!$D:$D), 0) -> 33860300 | Y48: =IF(W48>0,X48/W48,0) -> 72196.802 | Z48: =IFERROR(SUMIFS(data!$E:$E, data!$A:$A, $A48, data!$B:$B, $B48), 0) -> 118 | AA48: =IFERROR(SUMIF(data!$B:$B, $B48, data!$F:$F), 0) -> 16936000 | AB48: =IF(Z48>0,AA48/Z48,0) -> 143525.42 | AC48: =W48+Z48 -> 587 | AD48: =X48+AA48 -> 50796300 | AE48: =IF(AC48>0,AD48/AC48,0) -> 86535.434
A49: Rạch Bùng Binh | B49: Nguyễn Thị Phúc Lộc | C49: DSCD (TV) | D49: 106000 | E49: =AE49 -> 77887.931 | F49: {=IFERROR( ROUND( _xludf.LET( nt,$A49, nv,$B49, songay,DAY(EOMONTH($C$1,0)), doanhthungay,$I49, duan_nv,SUM_xlfn.IFS('Dự án T8'!$D:$D,'Dự án T8'!$A:$A,nt,'Dự án T8'!$B:$B,nv), duan_nt,SUM_xlfn.IFS('Dự án T8'!$D:$D,'Dự án T8'!$A:$A,nt), tyle,duan_nv/duan_nt, muc2_ngay,_xlfn.XLOOKUP(nt,'kpi nhà thuốc'!$B:$B,'kpi nhà thuốc'!$P:$P), muc3_ngay,_xlfn.XLOOKUP(nt,'kpi nhà thuốc'!$B:$B,'kpi nhà thuốc'!$T:$T), hangdiem1,_xlfn.XLOOKUP(nt,'kpi nhà thuốc'!$B:$B,'kpi nhà thuốc'!$I:$I), hangdiem2,_xlfn.XLOOKUP(nt,'kpi nhà thuốc'!$B:$B,'kpi nhà thuốc'!$N:$N), hangdiem3,_xlfn.XLOOKUP(nt,'kpi nhà thuốc'!$B:$B,'kpi nhà thuốc'!$R:$R), _xludf.SWITCH(TRUE, doanhthungay>=muc3_ngay,hangdiem3, doanhthungay>=muc2_ngay,hangdiem2, TRUE,hangdiem1 )/songay*tyle ), -3), 0)} -> 0 | G49: =IFERROR(SUMIF('Dự án T8'!$B:$B, $B49, 'Dự án T8'!$D:$D), 0) -> 59435.484 | H49: =Q49 -> 1800000 | I49: =(AD49/DAY($C$1)) -> 145725.81 | J49: {=_xlfn.XLOOKUP(B49,'kpi nhà thuốc'!A:A,'kpi nhà thuốc'!F:F,(AD49/DAY($C$1))/U49)} -> 0.082136364 | K49: {=_xlfn.XLOOKUP( B49, 'kpi nhà thuốc'!A:A, 'kpi nhà thuốc'!G:G, IF( AND( OR(C49="DSXC",C49="DSCD"), G49>=F49),IF(AND(I49>=T49,E49>=D49),AD49*1.5%,IF(AND(I49>=T49,E49<D49),AD49*1.3%,IF(AND(I49>=S49,E49>=D49),AD49*1.3%,IF(AND(I49>=S49,E49<D49),AD49*1.1%,IF(AND(I49>=R49,E49>=D49),AD49*1.2%,IF(AND(I49>=R49,E49<D49),AD49*1%,"")))))),"" ) )} | L49: =IF(C49="DSTV","", IF(J49<0.6, 0.8, 1)) -> 0.8 | M49: =IFERROR(SUMIF('Dự án T8'!$B:$B, $B49, 'Dự án T8'!$M:$M)*$L49, 0) -> 0 | N49: =N(K49)+M49 -> 0 | O49: =CEILING(R49,100000) -> 1500000 | P49: =CEILING(S49,100000) -> 1600000 | Q49: =CEILING(T49,100000) -> 1800000 | R49: =U49*$R$2 -> 1419354.8 | S49: =U49*$S$2 -> 1596774.2 | T49: =U49*$T$2 -> 1774193.5 | U49: =V49/DAY($C$1) -> 1774193.5 | V49: 55000000 | W49: =IFERROR(SUMIFS(data!$C:$C, data!$A:$A, $A49, data!$B:$B, $B49), 0) -> 45 | X49: =IFERROR(SUMIF(data!$B:$B, $B49, data!$D:$D), 0) -> 2682500 | Y49: =IF(W49>0,X49/W49,0) -> 59611.111 | Z49: =IFERROR(SUMIFS(data!$E:$E, data!$A:$A, $A49, data!$B:$B, $B49), 0) -> 13 | AA49: =IFERROR(SUMIF(data!$B:$B, $B49, data!$F:$F), 0) -> 1835000 | AB49: =IF(Z49>0,AA49/Z49,0) -> 141153.85 | AC49: =W49+Z49 -> 58 | AD49: =X49+AA49 -> 4517500 | AE49: =IF(AC49>0,AD49/AC49,0) -> 77887.931
A50: Rạch Bùng Binh | B50: Phạm Nguyễn Ngọc Quyền Trân | C50: DSXC | E50: =AE50 -> 175467.7 | F50: {=IFERROR( ROUND( _xludf.LET( nt,$A50, nv,$B50, songay,DAY(EOMONTH($C$1,0)), doanhthungay,$I50, duan_nv,SUM_xlfn.IFS('Dự án T8'!$D:$D,'Dự án T8'!$A:$A,nt,'Dự án T8'!$B:$B,nv), duan_nt,SUM_xlfn.IFS('Dự án T8'!$D:$D,'Dự án T8'!$A:$A,nt), tyle,duan_nv/duan_nt, muc2_ngay,_xlfn.XLOOKUP(nt,'kpi nhà thuốc'!$B:$B,'kpi nhà thuốc'!$P:$P), muc3_ngay,_xlfn.XLOOKUP(nt,'kpi nhà thuốc'!$B:$B,'kpi nhà thuốc'!$T:$T), hangdiem1,_xlfn.XLOOKUP(nt,'kpi nhà thuốc'!$B:$B,'kpi nhà thuốc'!$I:$I), hangdiem2,_xlfn.XLOOKUP(nt,'kpi nhà thuốc'!$B:$B,'kpi nhà thuốc'!$N:$N), hangdiem3,_xlfn.XLOOKUP(nt,'kpi nhà thuốc'!$B:$B,'kpi nhà thuốc'!$R:$R), _xludf.SWITCH(TRUE, doanhthungay>=muc3_ngay,hangdiem3, doanhthungay>=muc2_ngay,hangdiem2, TRUE,hangdiem1 )/songay*tyle ), -3), 0)} -> 0 | G50: =IFERROR(SUMIF('Dự án T8'!$B:$B, $B50, 'Dự án T8'!$D:$D), 0) -> 714985.29 | H50: =Q50 -> 4200000 | I50: =(AD50/DAY($C$1)) -> 3452751.6 | J50: {=_xlfn.XLOOKUP(B50,'kpi nhà thuốc'!A:A,'kpi nhà thuốc'!F:F,(AD50/DAY($C$1))/U50)} -> 0.82334846 | K50: {=_xlfn.XLOOKUP( B50, 'kpi nhà thuốc'!A:A, 'kpi nhà thuốc'!G:G, IF( AND( OR(C50="DSXC",C50="DSCD"), G50>=F50),IF(AND(I50>=T50,E50>=D50),AD50*1.5%,IF(AND(I50>=T50,E50<D50),AD50*1.3%,IF(AND(I50>=S50,E50>=D50),AD50*1.3%,IF(AND(I50>=S50,E50<D50),AD50*1.1%,IF(AND(I50>=R50,E50>=D50),AD50*1.2%,IF(AND(I50>=R50,E50<D50),AD50*1%,"")))))),"" ) )} -> 1284423.6 | L50: =IF(C50="DSTV","", IF(J50<0.6, 0.8, 1)) -> 1 | M50: =IFERROR(SUMIF('Dự án T8'!$B:$B, $B50, 'Dự án T8'!$M:$M)*$L50, 0) -> 0 | N50: =N(K50)+M50 -> 1284423.6 | O50: =CEILING(R50,100000) -> 3400000 | P50: =CEILING(S50,100000) -> 3800000 | Q50: =CEILING(T50,100000) -> 4200000 | R50: =U50*$R$2 -> 3354838.7 | S50: =U50*$S$2 -> 3774193.5 | T50: =U50*$T$2 -> 4193548.4 | U50: =V50/DAY($C$1) -> 4193548.4 | V50: 130000000 | W50: =IFERROR(SUMIFS(data!$C:$C, data!$A:$A, $A50, data!$B:$B, $B50), 0) -> 373 | X50: =IFERROR(SUMIF(data!$B:$B, $B50, data!$D:$D), 0) -> 31573300 | Y50: =IF(W50>0,X50/W50,0) -> 84646.917 | Z50: =IFERROR(SUMIFS(data!$E:$E, data!$A:$A, $A50, data!$B:$B, $B50), 0) -> 237 | AA50: =IFERROR(SUMIF(data!$B:$B, $B50, data!$F:$F), 0) -> 75462000 | AB50: =IF(Z50>0,AA50/Z50,0) -> 318405.06 | AC50: =W50+Z50 -> 610 | AD50: =X50+AA50 -> 107035300 | AE50: =IF(AC50>0,AD50/AC50,0) -> 175467.7
A51: Lê Bình | B51: Hồ Thị Minh Hòa | C51: CHT | E51: =AE51 -> 131390.99 | F51: {=IFERROR( ROUND( _xludf.LET( nt,$A51, nv,$B51, songay,DAY(EOMONTH($C$1,0)), doanhthungay,$I51, duan_nv,SUM_xlfn.IFS('Dự án T8'!$D:$D,'Dự án T8'!$A:$A,nt,'Dự án T8'!$B:$B,nv), duan_nt,SUM_xlfn.IFS('Dự án T8'!$D:$D,'Dự án T8'!$A:$A,nt), tyle,duan_nv/duan_nt, muc2_ngay,_xlfn.XLOOKUP(nt,'kpi nhà thuốc'!$B:$B,'kpi nhà thuốc'!$P:$P), muc3_ngay,_xlfn.XLOOKUP(nt,'kpi nhà thuốc'!$B:$B,'kpi nhà thuốc'!$T:$T), hangdiem1,_xlfn.XLOOKUP(nt,'kpi nhà thuốc'!$B:$B,'kpi nhà thuốc'!$I:$I), hangdiem2,_xlfn.XLOOKUP(nt,'kpi nhà thuốc'!$B:$B,'kpi nhà thuốc'!$N:$N), hangdiem3,_xlfn.XLOOKUP(nt,'kpi nhà thuốc'!$B:$B,'kpi nhà thuốc'!$R:$R), _xludf.SWITCH(TRUE, doanhthungay>=muc3_ngay,hangdiem3, doanhthungay>=muc2_ngay,hangdiem2, TRUE,hangdiem1 )/songay*tyle ), -3), 0)} -> 0 | G51: =IFERROR(SUMIF('Dự án T8'!$B:$B, $B51, 'Dự án T8'!$D:$D), 0) -> 748722.61 | H51: =Q51 -> 2800000 | I51: =(AD51/DAY($C$1)) -> 1920003.9 | J51: {=_xlfn.XLOOKUP(B51,'kpi nhà thuốc'!A:A,'kpi nhà thuốc'!F:F,(AD51/DAY($C$1))/U51)} -> 0.57323739 | K51: {=_xlfn.XLOOKUP( B51, 'kpi nhà thuốc'!A:A, 'kpi nhà thuốc'!G:G, IF( AND( OR(C51="DSXC",C51="DSCD"), G51>=F51),IF(AND(I51>=T51,E51>=D51),AD51*1.5%,IF(AND(I51>=T51,E51<D51),AD51*1.3%,IF(AND(I51>=S51,E51>=D51),AD51*1.3%,IF(AND(I51>=S51,E51<D51),AD51*1.1%,IF(AND(I51>=R51,E51>=D51),AD51*1.2%,IF(AND(I51>=R51,E51<D51),AD51*1%,"")))))),"" ) )} -> 0 | L51: =IF(C51="DSTV","", IF(J51<0.6, 0.8, 1)) -> 0.8 | M51: =IFERROR(SUMIF('Dự án T8'!$B:$B, $B51, 'Dự án T8'!$M:$M)*$L51, 0) -> 0 | N51: =N(K51)+M51 -> 0 | O51: =CEILING(R51,100000) -> 2300000 | P51: =CEILING(S51,100000) -> 2500000 | Q51: =CEILING(T51,100000) -> 2800000 | R51: =U51*$R$2 -> 2206451.6 | S51: =U51*$S$2 -> 2482258.1 | T51: =U51*$T$2 -> 2758064.5 | U51: =V51/DAY($C$1) -> 2758064.5 | V51: 85500000 | W51: =IFERROR(SUMIFS(data!$C:$C, data!$A:$A, $A51, data!$B:$B, $B51), 0) -> 334 | X51: =IFERROR(SUMIF(data!$B:$B, $B51, data!$D:$D), 0) -> 32785900 | Y51: =IF(W51>0,X51/W51,0) -> 98161.377 | Z51: =IFERROR(SUMIFS(data!$E:$E, data!$A:$A, $A51, data!$B:$B, $B51), 0) -> 119 | AA51: =IFERROR(SUMIF(data!$B:$B, $B51, data!$F:$F), 0) -> 26734220 | AB51: =IF(Z51>0,AA51/Z51,0) -> 224657.31 | AC51: =W51+Z51 -> 453 | AD51: =X51+AA51 -> 59520120 | AE51: =IF(AC51>0,AD51/AC51,0) -> 131390.99
A52: Lê Bình | B52: Lê Thị Xuyến | C52: DSCD (TV) | E52: =AE52 -> 92932.362 | F52: {=IFERROR( ROUND( _xludf.LET( nt,$A52, nv,$B52, songay,DAY(EOMONTH($C$1,0)), doanhthungay,$I52, duan_nv,SUM_xlfn.IFS('Dự án T8'!$D:$D,'Dự án T8'!$A:$A,nt,'Dự án T8'!$B:$B,nv), duan_nt,SUM_xlfn.IFS('Dự án T8'!$D:$D,'Dự án T8'!$A:$A,nt), tyle,duan_nv/duan_nt, muc2_ngay,_xlfn.XLOOKUP(nt,'kpi nhà thuốc'!$B:$B,'kpi nhà thuốc'!$P:$P), muc3_ngay,_xlfn.XLOOKUP(nt,'kpi nhà thuốc'!$B:$B,'kpi nhà thuốc'!$T:$T), hangdiem1,_xlfn.XLOOKUP(nt,'kpi nhà thuốc'!$B:$B,'kpi nhà thuốc'!$I:$I), hangdiem2,_xlfn.XLOOKUP(nt,'kpi nhà thuốc'!$B:$B,'kpi nhà thuốc'!$N:$N), hangdiem3,_xlfn.XLOOKUP(nt,'kpi nhà thuốc'!$B:$B,'kpi nhà thuốc'!$R:$R), _xludf.SWITCH(TRUE, doanhthungay>=muc3_ngay,hangdiem3, doanhthungay>=muc2_ngay,hangdiem2, TRUE,hangdiem1 )/songay*tyle ), -3), 0)} -> 0 | G52: =IFERROR(SUMIF('Dự án T8'!$B:$B, $B52, 'Dự án T8'!$D:$D), 0) -> 406055.39 | H52: =Q52 -> 2600000 | I52: =(AD52/DAY($C$1)) -> 926325.81 | J52: {=_xlfn.XLOOKUP(B52,'kpi nhà thuốc'!A:A,'kpi nhà thuốc'!F:F,(AD52/DAY($C$1))/U52)} -> 0.35895125 | K52: {=_xlfn.XLOOKUP( B52, 'kpi nhà thuốc'!A:A, 'kpi nhà thuốc'!G:G, IF( AND( OR(C52="DSXC",C52="DSCD"), G52>=F52),IF(AND(I52>=T52,E52>=D52),AD52*1.5%,IF(AND(I52>=T52,E52<D52),AD52*1.3%,IF(AND(I52>=S52,E52>=D52),AD52*1.3%,IF(AND(I52>=S52,E52<D52),AD52*1.1%,IF(AND(I52>=R52,E52>=D52),AD52*1.2%,IF(AND(I52>=R52,E52<D52),AD52*1%,"")))))),"" ) )} | L52: =IF(C52="DSTV","", IF(J52<0.6, 0.8, 1)) -> 0.8 | M52: =IFERROR(SUMIF('Dự án T8'!$B:$B, $B52, 'Dự án T8'!$M:$M)*$L52, 0) -> 0 | N52: =N(K52)+M52 -> 0 | O52: =CEILING(R52,100000) -> 2100000 | P52: =CEILING(S52,100000) -> 2400000 | Q52: =CEILING(T52,100000) -> 2600000 | R52: =U52*$R$2 -> 2064516.1 | S52: =U52*$S$2 -> 2322580.6 | T52: =U52*$T$2 -> 2580645.2 | U52: =V52/DAY($C$1) -> 2580645.2 | V52: 80000000 | W52: =IFERROR(SUMIFS(data!$C:$C, data!$A:$A, $A52, data!$B:$B, $B52), 0) -> 216 | X52: =IFERROR(SUMIF(data!$B:$B, $B52, data!$D:$D), 0) -> 16821200 | Y52: =IF(W52>0,X52/W52,0) -> 77875.926 | Z52: =IFERROR(SUMIFS(data!$E:$E, data!$A:$A, $A52, data!$B:$B, $B52), 0) -> 93 | AA52: =IFERROR(SUMIF(data!$B:$B, $B52, data!$F:$F), 0) -> 11894900 | AB52: =IF(Z52>0,AA52/Z52,0) -> 127902.15 | AC52: =W52+Z52 -> 309 | AD52: =X52+AA52 -> 28716100 | AE52: =IF(AC52>0,AD52/AC52,0) -> 92932.362
A53: Lê Bình | B53: Đinh Hoài Bảo | C53: DSCD (TV) | E53: =AE53 -> 105744.23 | F53: {=IFERROR( ROUND( _xludf.LET( nt,$A53, nv,$B53, songay,DAY(EOMONTH($C$1,0)), doanhthungay,$I53, duan_nv,SUM_xlfn.IFS('Dự án T8'!$D:$D,'Dự án T8'!$A:$A,nt,'Dự án T8'!$B:$B,nv), duan_nt,SUM_xlfn.IFS('Dự án T8'!$D:$D,'Dự án T8'!$A:$A,nt), tyle,duan_nv/duan_nt, muc2_ngay,_xlfn.XLOOKUP(nt,'kpi nhà thuốc'!$B:$B,'kpi nhà thuốc'!$P:$P), muc3_ngay,_xlfn.XLOOKUP(nt,'kpi nhà thuốc'!$B:$B,'kpi nhà thuốc'!$T:$T), hangdiem1,_xlfn.XLOOKUP(nt,'kpi nhà thuốc'!$B:$B,'kpi nhà thuốc'!$I:$I), hangdiem2,_xlfn.XLOOKUP(nt,'kpi nhà thuốc'!$B:$B,'kpi nhà thuốc'!$N:$N), hangdiem3,_xlfn.XLOOKUP(nt,'kpi nhà thuốc'!$B:$B,'kpi nhà thuốc'!$R:$R), _xludf.SWITCH(TRUE, doanhthungay>=muc3_ngay,hangdiem3, doanhthungay>=muc2_ngay,hangdiem2, TRUE,hangdiem1 )/songay*tyle ), -3), 0)} -> 0 | G53: =IFERROR(SUMIF('Dự án T8'!$B:$B, $B53, 'Dự án T8'!$D:$D), 0) -> 633358.9 | H53: =Q53 -> 2600000 | I53: =(AD53/DAY($C$1)) -> 1507708.1 | J53: {=_xlfn.XLOOKUP(B53,'kpi nhà thuốc'!A:A,'kpi nhà thuốc'!F:F,(AD53/DAY($C$1))/U53)} -> 0.58423687 | K53: {=_xlfn.XLOOKUP( B53, 'kpi nhà thuốc'!A:A, 'kpi nhà thuốc'!G:G, IF( AND( OR(C53="DSXC",C53="DSCD"), G53>=F53),IF(AND(I53>=T53,E53>=D53),AD53*1.5%,IF(AND(I53>=T53,E53<D53),AD53*1.3%,IF(AND(I53>=S53,E53>=D53),AD53*1.3%,IF(AND(I53>=S53,E53<D53),AD53*1.1%,IF(AND(I53>=R53,E53>=D53),AD53*1.2%,IF(AND(I53>=R53,E53<D53),AD53*1%,"")))))),"" ) )} | L53: =IF(C53="DSTV","", IF(J53<0.6, 0.8, 1)) -> 0.8 | M53: =IFERROR(SUMIF('Dự án T8'!$B:$B, $B53, 'Dự án T8'!$M:$M)*$L53, 0) -> 0 | N53: =N(K53)+M53 -> 0 | O53: =CEILING(R53,100000) -> 2100000 | P53: =CEILING(S53,100000) -> 2400000 | Q53: =CEILING(T53,100000) -> 2600000 | R53: =U53*$R$2 -> 2064516.1 | S53: =U53*$S$2 -> 2322580.6 | T53: =U53*$T$2 -> 2580645.2 | U53: =V53/DAY($C$1) -> 2580645.2 | V53: 80000000 | W53: =IFERROR(SUMIFS(data!$C:$C, data!$A:$A, $A53, data!$B:$B, $B53), 0) -> 295 | X53: =IFERROR(SUMIF(data!$B:$B, $B53, data!$D:$D), 0) -> 24509200 | Y53: =IF(W53>0,X53/W53,0) -> 83082.034 | Z53: =IFERROR(SUMIFS(data!$E:$E, data!$A:$A, $A53, data!$B:$B, $B53), 0) -> 147 | AA53: =IFERROR(SUMIF(data!$B:$B, $B53, data!$F:$F), 0) -> 22229750 | AB53: =IF(Z53>0,AA53/Z53,0) -> 151222.79 | AC53: =W53+Z53 -> 442 | AD53: =X53+AA53 -> 46738950 | AE53: =IF(AC53>0,AD53/AC53,0) -> 105744.23
A54: Lê Bình | B54: Hoàng Lâm Gia Bảo | C54: DSXC | E54: =AE54 -> 220000.55 | F54: {=IFERROR( ROUND( _xludf.LET( nt,$A55, nv,$B55, songay,DAY(EOMONTH($C$1,0)), doanhthungay,$I55, duan_nv,SUM_xlfn.IFS('Dự án T8'!$D:$D,'Dự án T8'!$A:$A,nt,'Dự án T8'!$B:$B,nv), duan_nt,SUM_xlfn.IFS('Dự án T8'!$D:$D,'Dự án T8'!$A:$A,nt), tyle,duan_nv/duan_nt, muc2_ngay,_xlfn.XLOOKUP(nt,'kpi nhà thuốc'!$B:$B,'kpi nhà thuốc'!$P:$P), muc3_ngay,_xlfn.XLOOKUP(nt,'kpi nhà thuốc'!$B:$B,'kpi nhà thuốc'!$T:$T), hangdiem1,_xlfn.XLOOKUP(nt,'kpi nhà thuốc'!$B:$B,'kpi nhà thuốc'!$I:$I), hangdiem2,_xlfn.XLOOKUP(nt,'kpi nhà thuốc'!$B:$B,'kpi nhà thuốc'!$N:$N), hangdiem3,_xlfn.XLOOKUP(nt,'kpi nhà thuốc'!$B:$B,'kpi nhà thuốc'!$R:$R), _xludf.SWITCH(TRUE, doanhthungay>=muc3_ngay,hangdiem3, doanhthungay>=muc2_ngay,hangdiem2, TRUE,hangdiem1 )/songay*tyle ), -3), 0)} -> 0 | G54: =IFERROR(SUMIF('Dự án T8'!$B:$B, $B54, 'Dự án T8'!$D:$D), 0) -> 737019.23 | H54: =Q54 -> 2600000 | I54: =(AD54/DAY($C$1)) -> 2569038.7 | J54: {=_xlfn.XLOOKUP(B54,'kpi nhà thuốc'!A:A,'kpi nhà thuốc'!F:F,(AD54/DAY($C$1))/U54)} -> 0.9955025 | K54: {=_xlfn.XLOOKUP( B54, 'kpi nhà thuốc'!A:A, 'kpi nhà thuốc'!G:G, IF( AND( OR(C54="DSXC",C54="DSCD"), G54>=#REF!),IF(AND(I54>=T54,E54>=D54),AD54*1.5%,IF(AND(I54>=T54,E54<D54),AD54*1.3%,IF(AND(I54>=S54,E54>=D54),AD54*1.3%,IF(AND(I54>=S54,E54<D54),AD54*1.1%,IF(AND(I54>=R54,E54>=D54),AD54*1.2%,IF(AND(I54>=R54,E54<D54),AD54*1%,"")))))),"" ) )} -> #REF! | L54: =IF(C54="DSTV","", IF(J54<0.6, 0.8, 1)) -> 1 | M54: =IFERROR(SUMIF('Dự án T8'!$B:$B, $B54, 'Dự án T8'!$M:$M)*$L54, 0) -> 0 | N54: =N(K54)+M54 -> #REF! | O54: =CEILING(R54,100000) -> 2100000 | P54: =CEILING(S54,100000) -> 2400000 | Q54: =CEILING(T54,100000) -> 2600000 | R54: =U54*$R$2 -> 2064516.1 | S54: =U54*$S$2 -> 2322580.6 | T54: =U54*$T$2 -> 2580645.2 | U54: =V54/DAY($C$1) -> 2580645.2 | V54: 80000000 | W54: =IFERROR(SUMIFS(data!$C:$C, data!$A:$A, $A54, data!$B:$B, $B54), 0) -> 251 | X54: =IFERROR(SUMIF(data!$B:$B, $B54, data!$D:$D), 0) -> 44170400 | Y54: =IF(W54>0,X54/W54,0) -> 175977.69 | Z54: =IFERROR(SUMIFS(data!$E:$E, data!$A:$A, $A54, data!$B:$B, $B54), 0) -> 111 | AA54: =IFERROR(SUMIF(data!$B:$B, $B54, data!$F:$F), 0) -> 35469800 | AB54: =IF(Z54>0,AA54/Z54,0) -> 319547.75 | AC54: =W54+Z54 -> 362 | AD54: =X54+AA54 -> 79640200 | AE54: =IF(AC54>0,AD54/AC54,0) -> 220000.55
A55: Lê Bình | B55: Trần Thị Phương Thùy | C55: DSHV | E55: =AE55 -> 0 | G55: =IFERROR(SUMIF('Dự án T8'!$B:$B, $B55, 'Dự án T8'!$D:$D), 0) -> 0 | H55: =Q55 -> 1800000 | I55: =(AD55/DAY($C$1)) -> 0 | J55: {=_xlfn.XLOOKUP(B55,'kpi nhà thuốc'!A:A,'kpi nhà thuốc'!F:F,(AD55/DAY($C$1))/U55)} -> 0 | K55: {=_xlfn.XLOOKUP( B55, 'kpi nhà thuốc'!A:A, 'kpi nhà thuốc'!G:G, IF( AND( OR(C55="DSXC",C55="DSCD"), G55>=F54),IF(AND(I55>=T55,E55>=D55),AD55*1.5%,IF(AND(I55>=T55,E55<D55),AD55*1.3%,IF(AND(I55>=S55,E55>=D55),AD55*1.3%,IF(AND(I55>=S55,E55<D55),AD55*1.1%,IF(AND(I55>=R55,E55>=D55),AD55*1.2%,IF(AND(I55>=R55,E55<D55),AD55*1%,"")))))),"" ) )} | L55: =IF(C55="DSTV","", IF(J55<0.6, 0.8, 1)) -> 0.8 | M55: =IFERROR(SUMIF('Dự án T8'!$B:$B, $B55, 'Dự án T8'!$M:$M)*$L55, 0) -> 0 | N55: =N(K55)+M55 -> 0 | O55: =CEILING(R55,100000) -> 1500000 | P55: =CEILING(S55,100000) -> 1600000 | Q55: =CEILING(T55,100000) -> 1800000 | R55: =U55*$R$2 -> 1419354.8 | S55: =U55*$S$2 -> 1596774.2 | T55: =U55*$T$2 -> 1774193.5 | U55: =V55/DAY($C$1) -> 1774193.5 | V55: 55000000 | W55: =IFERROR(SUMIFS(data!$C:$C, data!$A:$A, $A55, data!$B:$B, $B55), 0) -> 0 | X55: =IFERROR(SUMIF(data!$B:$B, $B55, data!$D:$D), 0) -> 0 | Y55: =IF(W55>0,X55/W55,0) -> 0 | Z55: =IFERROR(SUMIFS(data!$E:$E, data!$A:$A, $A55, data!$B:$B, $B55), 0) -> 0 | AA55: =IFERROR(SUMIF(data!$B:$B, $B55, data!$F:$F), 0) -> 0 | AB55: =IF(Z55>0,AA55/Z55,0) -> 0 | AC55: =W55+Z55 -> 0 | AD55: =X55+AA55 -> 0 | AE55: =IF(AC55>0,AD55/AC55,0) -> 0
A56: Nam Hòa | B56: Thanh Thảo | C56: DSBC | D56: 150000 | E56: =AE56 -> 76539.86 | G56: =IFERROR(SUMIF('Dự án T8'!$B:$B, $B56, 'Dự án T8'!$D:$D), 0) -> 109565 | H56: =Q56 -> 8800000 | I56: =(AD56/DAY($C$1)) -> 353070.97 | J56: =I56/H56 -> 0.040121701 | K56: =IF(C56="DSTV", 0, IF(J56>=1, AD56*0.015, IF(J56>=0.9, AD56*0.013, IF(J56>=0.8, AD56*0.01, 0)))) -> 0 | L56: =IF(C56="DSTV","", IF(J56<0.6, 0.8, 1)) -> 0.8 | M56: =IFERROR(SUMIF('Dự án T8'!$B:$B, $B56, 'Dự án T8'!$M:$M)*$L56, 0) -> 0 | N56: =N(K56)+M56 -> 0 | O56: =CEILING(R56,100000) -> 7000000 | P56: =CEILING(S56,100000) -> 7900000 | Q56: =CEILING(T56,100000) -> 8800000 | R56: =U56*$R$2 -> 6967741.9 | S56: =U56*$S$2 -> 7838709.7 | T56: =U56*$T$2 -> 8709677.4 | U56: =V56/DAY($C$1) -> 8709677.4 | V56: 270000000 | W56: =IFERROR(SUMIFS(data!$C:$C, data!$A:$A, $A56, data!$B:$B, $B56), 0) -> 134 | X56: =IFERROR(SUMIF(data!$B:$B, $B56, data!$D:$D), 0) -> 10070600 | Y56: =IF(W56>0, X56/W56, 0) -> 75153.731 | Z56: =IFERROR(SUMIFS(data!$E:$E, data!$A:$A, $A56, data!$B:$B, $B56), 0) -> 9 | AA56: =IFERROR(SUMIF(data!$B:$B, $B56, data!$F:$F), 0) -> 874600 | AB56: =IF(Z56>0, AA56/Z56, 0) -> 97177.778 | AC56: =W56+Z56 -> 143 | AD56: =X56+AA56 -> 10945200 | AE56: =IF(AC56>0, AD56/AC56, 0) -> 76539.86
A57: Trường Sa | B57: Medigo | C57: DSBC | D57: 150000 | E57: =AE57 -> 411000 | G57: =IFERROR(SUMIF('Dự án T8'!$B:$B, $B57, 'Dự án T8'!$D:$D), 0) -> 0 | H57: =Q57 -> 8800000 | I57: =(AD57/DAY($C$1)) -> 26516.129 | J57: =I57/H57 -> 0.0030131965 | K57: =IF(C57="DSTV", 0, IF(J57>=1, AD57*0.015, IF(J57>=0.9, AD57*0.013, IF(J57>=0.8, AD57*0.01, 0)))) -> 0 | L57: =IF(C57="DSTV","", IF(J57<0.6, 0.8, 1)) -> 0.8 | M57: =IFERROR(SUMIF('Dự án T8'!$B:$B, $B57, 'Dự án T8'!$M:$M)*$L57, 0) -> 0 | N57: =N(K57)+M57 -> 0 | O57: =CEILING(R57,100000) -> 7000000 | P57: =CEILING(S57,100000) -> 7900000 | Q57: =CEILING(T57,100000) -> 8800000 | R57: =U57*$R$2 -> 6967741.9 | S57: =U57*$S$2 -> 7838709.7 | T57: =U57*$T$2 -> 8709677.4 | U57: =V57/DAY($C$1) -> 8709677.4 | V57: 270000000 | W57: =IFERROR(SUMIFS(data!$C:$C, data!$A:$A, $A57, data!$B:$B, $B57), 0) -> 0 | X57: =IFERROR(SUMIF(data!$B:$B, $B57, data!$D:$D), 0) -> 0 | Y57: =IF(W57>0, X57/W57, 0) -> 0 | Z57: =IFERROR(SUMIFS(data!$E:$E, data!$A:$A, $A57, data!$B:$B, $B57), 0) -> 2 | AA57: =IFERROR(SUMIF(data!$B:$B, $B57, data!$F:$F), 0) -> 822000 | AB57: =IF(Z57>0, AA57/Z57, 0) -> 411000 | AC57: =W57+Z57 -> 2 | AD57: =X57+AA57 -> 822000 | AE57: =IF(AC57>0, AD57/AC57, 0) -> 411000

Sheet kpi nhà thuốc
D1: Dữ liệu cập nhật đến ngày | F1: ='kpi dược sĩ'!$C$1 -> 46265 | T1: ='kpi dược sĩ'!$C$1 -> 46265
A2: Cửa hàng trưởng | B2: Nhà thuốc | C2: KPI doanh thu (tháng) | D2: Doanh thu thực tế (tháng) | E2: Doanh thu thực tế (ngày) | F2: Tỷ lệ đạt KPIs | G2: Thưởng CHT | H2: KPIs mức 1 | I2: KPIs hàng điểm mức 1 | J2: KPIs mức 1/tháng | K2: KPIs mức 1/ngày | L2: KPIs mức 1/ngày | M2: KPIs mức 2 | N2: KPIs hàng điểm mức 2 | O2: KPIs mức 2/tháng | P2: KPIs mức 2/ngày | Q2: KPIs mức 3 | R2: KPIs hàng điểm mức 3 | S2: KPIs mức 3/tháng | T2: KPIs mức 3/ngày | U2: Doanh thu hàng điểm | V2: Hàng điểm/ Doanh thu tổng | W2: Xét Đạt KPI | X2: Số giao dịch off | Y2: Doanh thu off | Z2: Tbbill off | AA2: Số giao dịch onl | AB2: Doanh thu onl | AC2: Tbbill onl | AD2: Tổng giao dịch | AE2: Doanh thu tổng | AF2: Trung bình Bill
A3: Nguyễn Trần Ngọc Phương | B3: Trường Sa | C3: 640000000 | D3: =AE3 -> 460597696 | E3: =D3/DAY('kpi dược sĩ'!$C$1) -> 14857990 | F3: =E3/T3 -> 0.7196839 | G3: =IF( W3<>"Đạt",0,IF(E3>=T3,D3*0.5%,IF(E3>=P3,D3*0.4%,IF(E3>=K3,D3*0.35%,0))) ) -> 0 | H3: 0.8 | I3: =J3*0.25 -> 128000000 | J3: =C3*H3 -> 512000000 | K3: =T3*H3 -> 16516129 | L3: =CEILING(K3,100000) -> 16600000 | M3: 0.9 | N3: =O3*0.25 -> 144000000 | O3: =C3*M3 -> 576000000 | P3: =T3*M3 -> 18580645 | Q3: 1 | R3: =S3*0.25 -> 160000000 | S3: =C3*Q3 -> 640000000 | T3: =C3/DAY($T$1) -> 20645161 | U3: =SUMIF('Dự án T8'!$A:$A, B3, 'Dự án T8'!$D:$D)*DAY($F$1) -> 147185243 | V3: =U3/D3 -> 0.31955271 | W3: =IF(OR(F3="",V3=""),"",IF(AND(F3>=80%,V3>=25%),"Đạt","Không đạt")) -> Không đạt | X3: =SUMIF(data!$A:$A,B3,data!$C:$C) -> 2402 | Y3: =SUMIF(data!$A:$A,B3,data!$D:$D) -> 187551655 | Z3: =Y3/X3 -> 78081.455 | AA3: =SUMIF(data!$A:$A,B3,data!$E:$E) -> 1398 | AB3: =SUMIF(data!$A:$A,B3,data!$F:$F) -> 273046041 | AC3: =AB3/AA3 -> 195311.9 | AD3: =X3+AA3 -> 3800 | AE3: =Y3+AB3 -> 460597696 | AF3: =AE3/AD3 -> 121209.92
A4: Ngô Thị Thanh Thắm | B4: Đỗ Quang Đẩu | C4: 1100000000 | D4: =AE4 -> 964404660 | E4: =D4/DAY('kpi dược sĩ'!$C$1) -> 31109828 | F4: =E4/T4 -> 0.87673151 | G4: =IF( W4<>"Đạt",0,IF(E4>=T4,D4*0.5%,IF(E4>=P4,D4*0.4%,IF(E4>=K4,D4*0.35%,0))) ) -> 0 | H4: 0.8 | I4: =J4*0.25 -> 220000000 | J4: =C4*H4 -> 880000000 | K4: =T4*H4 -> 28387097 | L4: =CEILING(K4,100000) -> 28400000 | M4: 0.9 | N4: =O4*0.25 -> 247500000 | O4: =C4*M4 -> 990000000 | P4: =T4*M4 -> 31935484 | Q4: 1 | R4: =S4*0.25 -> 275000000 | S4: =C4*Q4 -> 1100000000 | T4: =C4/DAY($T$1) -> 35483871 | U4: =SUMIF('Dự án T8'!$A:$A, B4, 'Dự án T8'!$D:$D)*DAY($F$1) -> 80917585 | V4: =U4/D4 -> 0.083904183 | W4: =IF(OR(F4="",V4=""),"",IF(AND(F4>=80%,V4>=25%),"Đạt","Không đạt")) -> Không đạt | X4: =SUMIF(data!$A:$A,B4,data!$C:$C) -> 2944 | Y4: =SUMIF(data!$A:$A,B4,data!$D:$D) -> 769412510 | Z4: =Y4/X4 -> 261349.36 | AA4: =SUMIF(data!$A:$A,B4,data!$E:$E) -> 905 | AB4: =SUMIF(data!$A:$A,B4,data!$F:$F) -> 194992150 | AC4: =AB4/AA4 -> 215460.94 | AD4: =X4+AA4 -> 3849 | AE4: =Y4+AB4 -> 964404660 | AF4: =AE4/AD4 -> 250559.8
A5: Thái Thùy Linh | B5: Minh Châu | C5: 460000000 | D5: =AE5 -> 322605144 | E5: =D5/DAY('kpi dược sĩ'!$C$1) -> 10406618 | F5: =E5/T5 -> 0.70131553 | G5: =IF( W5<>"Đạt",0,IF(E5>=T5,D5*0.5%,IF(E5>=P5,D5*0.4%,IF(E5>=K5,D5*0.35%,0))) ) -> 0 | H5: 0.8 | I5: =J5*0.25 -> 92000000 | J5: =C5*H5 -> 368000000 | K5: =T5*H5 -> 11870968 | L5: =CEILING(K5,100000) -> 11900000 | M5: 0.9 | N5: =O5*0.25 -> 103500000 | O5: =C5*M5 -> 414000000 | P5: =T5*M5 -> 13354839 | Q5: 1 | R5: =S5*0.25 -> 115000000 | S5: =C5*Q5 -> 460000000 | T5: =C5/DAY($T$1) -> 14838710 | U5: =SUMIF('Dự án T8'!$A:$A, B5, 'Dự án T8'!$D:$D)*DAY($F$1) -> 201883994 | V5: =U5/D5 -> 0.62579285 | W5: =IF(OR(F5="",V5=""),"",IF(AND(F5>=80%,V5>=25%),"Đạt","Không đạt")) -> Không đạt | X5: =SUMIF(data!$A:$A,B5,data!$C:$C) -> 2912 | Y5: =SUMIF(data!$A:$A,B5,data!$D:$D) -> 237976194 | Z5: =Y5/X5 -> 81722.594 | AA5: =SUMIF(data!$A:$A,B5,data!$E:$E) -> 540 | AB5: =SUMIF(data!$A:$A,B5,data!$F:$F) -> 84628950 | AC5: =AB5/AA5 -> 156720.28 | AD5: =X5+AA5 -> 3452 | AE5: =Y5+AB5 -> 322605144 | AF5: =AE5/AD5 -> 93454.561
A6: Vũ Ngọc Thanh Thảo | B6: Nam Hòa | C6: 330000000 | D6: =AE6 -> 229673478 | E6: =D6/DAY('kpi dược sĩ'!$C$1) -> 7408821.9 | F6: =E6/T6 -> 0.69598024 | G6: =IF( W6<>"Đạt",0,IF(E6>=T6,D6*0.5%,IF(E6>=P6,D6*0.4%,IF(E6>=K6,D6*0.35%,0))) ) -> 0 | H6: 0.8 | I6: =J6*0.25 -> 66000000 | J6: =C6*H6 -> 264000000 | K6: =T6*H6 -> 8516129 | L6: =CEILING(K6,100000) -> 8600000 | M6: 0.9 | N6: =O6*0.25 -> 74250000 | O6: =C6*M6 -> 297000000 | P6: =T6*M6 -> 9580645.2 | Q6: 1 | R6: =S6*0.25 -> 82500000 | S6: =C6*Q6 -> 330000000 | T6: =C6/DAY($T$1) -> 10645161 | U6: =SUMIF('Dự án T8'!$A:$A, B6, 'Dự án T8'!$D:$D)*DAY($F$1) -> 87116602 | V6: =U6/D6 -> 0.37930632 | W6: =IF(OR(F6="",V6=""),"",IF(AND(F6>=80%,V6>=25%),"Đạt","Không đạt")) -> Không đạt | X6: =SUMIF(data!$A:$A,B6,data!$C:$C) -> 1618 | Y6: =SUMIF(data!$A:$A,B6,data!$D:$D) -> 120579128 | Z6: =Y6/X6 -> 74523.565 | AA6: =SUMIF(data!$A:$A,B6,data!$E:$E) -> 528 | AB6: =SUMIF(data!$A:$A,B6,data!$F:$F) -> 109094350 | AC6: =AB6/AA6 -> 206618.09 | AD6: =X6+AA6 -> 2146 | AE6: =Y6+AB6 -> 229673478 | AF6: =AE6/AD6 -> 107023.99
A7: Lê Thị Quỳnh Trâm | B7: Nguyễn Chí Thanh | C7: 550000000 | D7: =AE7 -> 408015000 | E7: =D7/DAY('kpi dược sĩ'!$C$1) -> 13161774 | F7: =E7/T7 -> 0.74184545 | G7: =IF( W7<>"Đạt",0,IF(E7>=T7,D7*0.5%,IF(E7>=P7,D7*0.4%,IF(E7>=K7,D7*0.35%,0))) ) -> 0 | H7: 0.8 | I7: =J7*0.25 -> 110000000 | J7: =C7*H7 -> 440000000 | K7: =T7*H7 -> 14193548 | L7: =CEILING(K7,100000) -> 14200000 | M7: 0.9 | N7: =O7*0.25 -> 123750000 | O7: =C7*M7 -> 495000000 | P7: =T7*M7 -> 15967742 | Q7: 1 | R7: =S7*0.25 -> 137500000 | S7: =C7*Q7 -> 550000000 | T7: =C7/DAY($T$1) -> 17741935 | U7: =SUMIF('Dự án T8'!$A:$A, B7, 'Dự án T8'!$D:$D)*DAY($F$1) -> 84077819 | V7: =U7/D7 -> 0.20606551 | W7: =IF(OR(F7="",V7=""),"",IF(AND(F7>=80%,V7>=25%),"Đạt","Không đạt")) -> Không đạt | X7: =SUMIF(data!$A:$A,B7,data!$C:$C) -> 2442 | Y7: =SUMIF(data!$A:$A,B7,data!$D:$D) -> 204279225 | Z7: =Y7/X7 -> 83652.426 | AA7: =SUMIF(data!$A:$A,B7,data!$E:$E) -> 786 | AB7: =SUMIF(data!$A:$A,B7,data!$F:$F) -> 203735775 | AC7: =AB7/AA7 -> 259205.82 | AD7: =X7+AA7 -> 3228 | AE7: =Y7+AB7 -> 408015000 | AF7: =AE7/AD7 -> 126398.7
A8: Triệu Thị Ngọc Lý | B8: Nguyễn Thị Thập | C8: 545000000 | D8: =AE8 -> 404616168 | E8: =D8/DAY('kpi dược sĩ'!$C$1) -> 13052134 | F8: =E8/T8 -> 0.74241499 | G8: =IF( W8<>"Đạt",0,IF(E8>=T8,D8*0.5%,IF(E8>=P8,D8*0.4%,IF(E8>=K8,D8*0.35%,0))) ) -> 0 | H8: 0.8 | I8: =J8*0.25 -> 109000000 | J8: =C8*H8 -> 436000000 | K8: =T8*H8 -> 14064516 | L8: =CEILING(K8,100000) -> 14100000 | M8: 0.9 | N8: =O8*0.25 -> 122625000 | O8: =C8*M8 -> 490500000 | P8: =T8*M8 -> 15822581 | Q8: 1 | R8: =S8*0.25 -> 136250000 | S8: =C8*Q8 -> 545000000 | T8: =C8/DAY($T$1) -> 17580645 | U8: =SUMIF('Dự án T8'!$A:$A, B8, 'Dự án T8'!$D:$D)*DAY($F$1) -> 85915429 | V8: =U8/D8 -> 0.2123381 | W8: =IF(OR(F8="",V8=""),"",IF(AND(F8>=80%,V8>=25%),"Đạt","Không đạt")) -> Không đạt | X8: =SUMIF(data!$A:$A,B8,data!$C:$C) -> 1988 | Y8: =SUMIF(data!$A:$A,B8,data!$D:$D) -> 137177700 | Z8: =Y8/X8 -> 69002.867 | AA8: =SUMIF(data!$A:$A,B8,data!$E:$E) -> 1241 | AB8: =SUMIF(data!$A:$A,B8,data!$F:$F) -> 267438468 | AC8: =AB8/AA8 -> 215502.39 | AD8: =X8+AA8 -> 3229 | AE8: =Y8+AB8 -> 404616168 | AF8: =AE8/AD8 -> 125306.96
A9: Võ Ngọc Giàu Sang | B9: Nguyễn Văn Quá | C9: 400000000 | D9: =AE9 -> 275723150 | E9: =D9/DAY('kpi dược sĩ'!$C$1) -> 8894295.2 | F9: =E9/T9 -> 0.68930788 | G9: =IF( W9<>"Đạt",0,IF(E9>=T9,D9*0.5%,IF(E9>=P9,D9*0.4%,IF(E9>=K9,D9*0.35%,0))) ) -> 0 | H9: 0.8 | I9: =J9*0.25 -> 80000000 | J9: =C9*H9 -> 320000000 | K9: =T9*H9 -> 10322581 | L9: =CEILING(K9,100000) -> 10400000 | M9: 0.9 | N9: =O9*0.25 -> 90000000 | O9: =C9*M9 -> 360000000 | P9: =T9*M9 -> 11612903 | Q9: 1 | R9: =S9*0.25 -> 100000000 | S9: =C9*Q9 -> 400000000 | T9: =C9/DAY($T$1) -> 12903226 | U9: =SUMIF('Dự án T8'!$A:$A, B9, 'Dự án T8'!$D:$D)*DAY($F$1) -> 133295056 | V9: =U9/D9 -> 0.48343803 | W9: =IF(OR(F9="",V9=""),"",IF(AND(F9>=80%,V9>=25%),"Đạt","Không đạt")) -> Không đạt | X9: =SUMIF(data!$A:$A,B9,data!$C:$C) -> 2990 | Y9: =SUMIF(data!$A:$A,B9,data!$D:$D) -> 198271700 | Z9: =Y9/X9 -> 66311.605 | AA9: =SUMIF(data!$A:$A,B9,data!$E:$E) -> 569 | AB9: =SUMIF(data!$A:$A,B9,data!$F:$F) -> 77451450 | AC9: =AB9/AA9 -> 136118.54 | AD9: =X9+AA9 -> 3559 | AE9: =Y9+AB9 -> 275723150 | AF9: =AE9/AD9 -> 77472.085
A10: Cù Thị Tường Vy | B10: Rạch Bùng Binh | C10: 420000000 | D10: =AE10 -> 339106300 | E10: =D10/DAY('kpi dược sĩ'!$C$1) -> 10938913 | F10: =E10/T10 -> 0.80739595 | G10: =IF( W10<>"Đạt",0,IF(E10>=T10,D10*0.5%,IF(E10>=P10,D10*0.4%,IF(E10>=K10,D10*0.35%,0))) ) -> 1186872.1 | H10: 0.8 | I10: =J10*0.25 -> 84000000 | J10: =C10*H10 -> 336000000 | K10: =T10*H10 -> 10838710 | L10: =CEILING(K10,100000) -> 10900000 | M10: 0.9 | N10: =O10*0.25 -> 94500000 | O10: =C10*M10 -> 378000000 | P10: =T10*M10 -> 12193548 | Q10: 1 | R10: =S10*0.25 -> 105000000 | S10: =C10*Q10 -> 420000000 | T10: =C10/DAY($T$1) -> 13548387 | U10: =SUMIF('Dự án T8'!$A:$A, B10, 'Dự án T8'!$D:$D)*DAY($F$1) -> 93881470 | V10: =U10/D10 -> 0.27684968 | W10: =IF(OR(F10="",V10=""),"",IF(AND(F10>=80%,V10>=25%),"Đạt","Không đạt")) -> Đạt | X10: =SUMIF(data!$A:$A,B10,data!$C:$C) -> 1809 | Y10: =SUMIF(data!$A:$A,B10,data!$D:$D) -> 147571200 | Z10: =Y10/X10 -> 81576.119 | AA10: =SUMIF(data!$A:$A,B10,data!$E:$E) -> 756 | AB10: =SUMIF(data!$A:$A,B10,data!$F:$F) -> 191535100 | AC10: =AB10/AA10 -> 253353.31 | AD10: =X10+AA10 -> 2565 | AE10: =Y10+AB10 -> 339106300 | AF10: =AE10/AD10 -> 132205.19
A11: Hồ Thị Minh Hòa | B11: Lê Bình | C11: 325500000 | D11: =AE11 -> 186588770 | E11: =D11/DAY('kpi dược sĩ'!$C$1) -> 6018992.6 | F11: =E11/T11 -> 0.57323739 | G11: =IF( W11<>"Đạt",0,IF(E11>=T11,D11*0.5%,IF(E11>=P11,D11*0.4%,IF(E11>=K11,D11*0.35%,0))) ) -> 0 | H11: 0.8 | I11: =J11*0.25 -> 65100000 | J11: =C11*H11 -> 260400000 | K11: =T11*H11 -> 8400000 | L11: =CEILING(K11,100000) -> 8400000 | M11: 0.9 | N11: =O11*0.25 -> 73237500 | O11: =C11*M11 -> 292950000 | P11: =T11*M11 -> 9450000 | Q11: 1 | R11: =S11*0.25 -> 81375000 | S11: =C11*Q11 -> 325500000 | T11: =C11/DAY($T$1) -> 10500000 | U11: =SUMIF('Dự án T8'!$A:$A, B11, 'Dự án T8'!$D:$D)*DAY($F$1) -> 78279840 | V11: =U11/D11 -> 0.41953136 | W11: =IF(OR(F11="",V11=""),"",IF(AND(F11>=80%,V11>=25%),"Đạt","Không đạt")) -> Không đạt | X11: =SUMIF(data!$A:$A,B11,data!$C:$C) -> 1121 | Y11: =SUMIF(data!$A:$A,B11,data!$D:$D) -> 103002100 | Z11: =Y11/X11 -> 91884.121 | AA11: =SUMIF(data!$A:$A,B11,data!$E:$E) -> 475 | AB11: =SUMIF(data!$A:$A,B11,data!$F:$F) -> 83586670 | AC11: =AB11/AA11 -> 175971.94 | AD11: =X11+AA11 -> 1596 | AE11: =Y11+AB11 -> 186588770 | AF11: =AE11/AD11 -> 116910.26
A12: Hứa Thị Kim Thoa | B12: Đường Láng | C12: 980000000 | D12: =AE12 -> 786265501 | E12: =D12/DAY('kpi dược sĩ'!$C$1) -> 25363403 | F12: =E12/T12 -> 0.80231174 | G12: =IF( W12<>"Đạt",0,IF(E12>=T12,D12*0.5%,IF(E12>=P12,D12*0.4%,IF(E12>=K12,D12*0.35%,0))) ) -> 2751929.3 | H12: 0.8 | I12: =J12*0.25 -> 196000000 | J12: =C12*H12 -> 784000000 | K12: =T12*H12 -> 25290323 | L12: =CEILING(K12,100000) -> 25300000 | M12: 0.9 | N12: =O12*0.25 -> 220500000 | O12: =C12*M12 -> 882000000 | P12: =T12*M12 -> 28451613 | Q12: 1 | R12: =S12*0.25 -> 245000000 | S12: =C12*Q12 -> 980000000 | T12: =C12/DAY($T$1) -> 31612903 | U12: =SUMIF('Dự án T8'!$A:$A, B12, 'Dự án T8'!$D:$D)*DAY($F$1) -> 313882475 | V12: =U12/D12 -> 0.39920672 | W12: =IF(OR(F12="",V12=""),"",IF(AND(F12>=80%,V12>=25%),"Đạt","Không đạt")) -> Đạt | X12: =SUMIF(data!$A:$A,B12,data!$C:$C) -> 2359 | Y12: =SUMIF(data!$A:$A,B12,data!$D:$D) -> 273589392 | Z12: =Y12/X12 -> 115976.85 | AA12: =SUMIF(data!$A:$A,B12,data!$E:$E) -> 2055 | AB12: =SUMIF(data!$A:$A,B12,data!$F:$F) -> 512676109 | AC12: =AB12/AA12 -> 249477.43 | AD12: =X12+AA12 -> 4414 | AE12: =Y12+AB12 -> 786265501 | AF12: =AE12/AD12 -> 178129.93
A13: Đinh Thị Lan Anh | B13: Hàng Bông | C13: 1270000000 | D13: =AE13 -> 1016271363 | E13: =D13/DAY('kpi dược sĩ'!$C$1) -> 32782947 | F13: =E13/T13 -> 0.80021367 | G13: =IF( W13<>"Đạt",0,IF(E13>=T13,D13*0.5%,IF(E13>=P13,D13*0.4%,IF(E13>=K13,D13*0.35%,0))) ) -> 3556949.8 | H13: 0.8 | I13: =J13*0.25 -> 254000000 | J13: =C13*H13 -> 1016000000 | K13: =T13*H13 -> 32774194 | L13: =CEILING(K13,100000) -> 32800000 | M13: 0.9 | N13: =O13*0.25 -> 285750000 | O13: =C13*M13 -> 1143000000 | P13: =T13*M13 -> 36870968 | Q13: 1 | R13: =S13*0.25 -> 317500000 | S13: =C13*Q13 -> 1270000000 | T13: =C13/DAY($T$1) -> 40967742 | U13: =SUMIF('Dự án T8'!$A:$A, B13, 'Dự án T8'!$D:$D)*DAY($F$1) -> 369484238 | V13: =U13/D13 -> 0.36356848 | W13: =IF(OR(F13="",V13=""),"",IF(AND(F13>=80%,V13>=25%),"Đạt","Không đạt")) -> Đạt | X13: =SUMIF(data!$A:$A,B13,data!$C:$C) -> 3316 | Y13: =SUMIF(data!$A:$A,B13,data!$D:$D) -> 797026738 | Z13: =Y13/X13 -> 240357.88 | AA13: =SUMIF(data!$A:$A,B13,data!$E:$E) -> 1046 | AB13: =SUMIF(data!$A:$A,B13,data!$F:$F) -> 219244625 | AC13: =AB13/AA13 -> 209602.89 | AD13: =X13+AA13 -> 4362 | AE13: =Y13+AB13 -> 1016271363 | AF13: =AE13/AD13 -> 232982.89
C14: =SUBTOTAL(109,C3:C13) -> 7020500000 | D14: =SUBTOTAL(109,D3:D13) -> 5393867230 | E14: =SUBTOTAL(109,E3:E13) -> 1.7399572e+08 | F14: =(D14/DAY(F1)*30)/C14 -> 0.74351848 | G14: =SUBTOTAL(109,G3:G13) -> 7495751.1 | H14: =SUBTOTAL(109,H3:H13) -> 8.8 | I14: =SUM(I3:I13) -> 1404100000 | J14: =SUBTOTAL(109,J3:J13) -> 5616400000 | K14: =SUBTOTAL(109,K3:K13) -> 1.8117419e+08 | L14: =SUBTOTAL(109,L3:L13) -> 181600000 | M14: =SUBTOTAL(109,M3:M13) -> 9.9 | N14: =SUM(N3:N13) -> 1579612500 | O14: =SUBTOTAL(109,O3:O13) -> 6318450000 | P14: =SUBTOTAL(109,P3:P13) -> 2.0382097e+08 | Q14: =SUBTOTAL(109,Q3:Q13) -> 11 | R14: =SUM(R3:R13) -> 1755125000 | S14: =SUBTOTAL(109,S3:S13) -> 7020500000 | T14: =SUBTOTAL(109,T3:T13) -> 2.2646774e+08 | U14: =SUBTOTAL(109,U3:U13) -> 1675919751 | X14: =SUBTOTAL(109,X3:X13) -> 25901 | Y14: =SUBTOTAL(109,Y3:Y13) -> 3176437542 | Z14: =Y14/X14 -> 122637.64 | AA14: =SUBTOTAL(109,AA3:AA13) -> 10299 | AB14: =SUBTOTAL(109,AB3:AB13) -> 2217429688 | AC14: =AB14/AA14 -> 215305.34 | AD14: =SUBTOTAL(109,AD3:AD13) -> 36200 | AE14: =SUBTOTAL(109,AE3:AE13) -> 5393867230 | AF14: =AE14/AD14 -> 149001.86

Sheet Dự án T8
A1: 46265
A2: Nhà thuốc | B2: Nhân viên | C2: Chức danh | D2: CK + Combo + NY3/ngày | E2: NY3 | F2: Chiết khấu | G2: Combo Liều | H2: Chiết khấu/ngày | I2: Combo Liều/ngày | J2: Thưởng dự án | K2: Thưởng thêm | L2: Thưởng dự án Hot Bill HN | M2: Total dự án
A3: Hàng Bông | B3: Nguyễn Mạnh Tuấn | C3: BC | D3: =SUM(F3:G3)/DAY($A$1) -> 1913967 | E3: 0 | F3: 46975942 | G3: 12357034 | H3: =F3/DAY($A$1) -> 1515353 | I3: =G3/DAY($A$1) -> 398614 | J3: =IFERROR(IF(OR($A3="Hàng Bông",$A3="Đường Láng"),IFS(AND($H3>=3400000,$I3>=900000),4000000,AND($H3>=3200000,$I3>=750000),2800000,AND($H3>=2800000,$I3>=650000),2200000,AND($H3>=2500000,$I3>=520000),1600000,AND($H3>=2200000,$I3>=450000),1000000,TRUE,0),IFS(AND($H3>=1500000,$I3>=700000),4000000,AND($H3>=1200000,$I3>=650000),2800000,AND($H3>=1000000,$I3>=580000),2200000,AND($H3>=850000,$I3>=480000),1600000,AND($H3>=630000,$I3>=350000),1000000,TRUE,0)),0) -> 0 | K3: =IFERROR(IF(AND($J3=0, IF(OR($A3="Hàng Bông",$A3="Đường Láng"),$D3>=2000000,$D3>=950000)), 500000, 0), 0) -> 0 | L3: =IFERROR(SUMIFS('Hot Bill HN'!$G:$G, 'Hot Bill HN'!$C:$C, $A3, 'Hot Bill HN'!$D:$D, $B3), 0) -> 100000 | M3: =IFERROR($J3+$K3+$L3, 0) -> 100000
A4: Hàng Bông | B4: Vũ Thanh Hằng | C4: BC | D4: =SUM(F4:G4)/DAY($A$1) -> 4156945.4 | E4: 0 | F4: 113794177 | G4: 15071129 | H4: =F4/DAY($A$1) -> 3670779.9 | I4: =G4/DAY($A$1) -> 486165.45 | J4: =IFERROR(IF(OR($A4="Hàng Bông",$A4="Đường Láng"),IFS(AND($H4>=3400000,$I4>=900000),4000000,AND($H4>=3200000,$I4>=750000),2800000,AND($H4>=2800000,$I4>=650000),2200000,AND($H4>=2500000,$I4>=520000),1600000,AND($H4>=2200000,$I4>=450000),1000000,TRUE,0),IFS(AND($H4>=1500000,$I4>=700000),4000000,AND($H4>=1200000,$I4>=650000),2800000,AND($H4>=1000000,$I4>=580000),2200000,AND($H4>=850000,$I4>=480000),1600000,AND($H4>=630000,$I4>=350000),1000000,TRUE,0)),0) -> 1000000 | K4: =IFERROR(IF(AND($J4=0, IF(OR($A4="Hàng Bông",$A4="Đường Láng"),$D4>=2000000,$D4>=950000)), 500000, 0), 0) -> 0 | L4: =IFERROR(SUMIFS('Hot Bill HN'!$G:$G, 'Hot Bill HN'!$C:$C, $A4, 'Hot Bill HN'!$D:$D, $B4), 0) -> 800000 | M4: =IFERROR($J4+$K4+$L4, 0) -> 1800000
A5: Hàng Bông | B5: Đinh Thị Khánh Ly | C5: BC | D5: =SUM(F5:G5)/DAY($A$1) -> 3533822.9 | E5: 0 | F5: 99465023 | G5: 10083487 | H5: =F5/DAY($A$1) -> 3208549.1 | I5: =G5/DAY($A$1) -> 325273.77 | J5: =IFERROR(IF(OR($A5="Hàng Bông",$A5="Đường Láng"),IFS(AND($H5>=3400000,$I5>=900000),4000000,AND($H5>=3200000,$I5>=750000),2800000,AND($H5>=2800000,$I5>=650000),2200000,AND($H5>=2500000,$I5>=520000),1600000,AND($H5>=2200000,$I5>=450000),1000000,TRUE,0),IFS(AND($H5>=1500000,$I5>=700000),4000000,AND($H5>=1200000,$I5>=650000),2800000,AND($H5>=1000000,$I5>=580000),2200000,AND($H5>=850000,$I5>=480000),1600000,AND($H5>=630000,$I5>=350000),1000000,TRUE,0)),0) -> 0 | K5: =IFERROR(IF(AND($J5=0, IF(OR($A5="Hàng Bông",$A5="Đường Láng"),$D5>=2000000,$D5>=950000)), 500000, 0), 0) -> 500000 | L5: =IFERROR(SUMIFS('Hot Bill HN'!$G:$G, 'Hot Bill HN'!$C:$C, $A5, 'Hot Bill HN'!$D:$D, $B5), 0) -> 150000 | M5: =IFERROR($J5+$K5+$L5, 0) -> 650000
A6: Hàng Bông | B6: Đinh Thị Lan Anh | C6: CHT | D6: =SUM(F6:G6)/DAY($A$1) -> 2314111.2 | E6: 0 | F6: 62657629 | G6: 9079817 | H6: =F6/DAY($A$1) -> 2021213.8 | I6: =G6/DAY($A$1) -> 292897.32 | J6: =IFERROR(IF(OR($A6="Hàng Bông",$A6="Đường Láng"),IFS(AND($H6>=3400000,$I6>=900000),4000000,AND($H6>=3200000,$I6>=750000),2800000,AND($H6>=2800000,$I6>=650000),2200000,AND($H6>=2500000,$I6>=520000),1600000,AND($H6>=2200000,$I6>=450000),1000000,TRUE,0),IFS(AND($H6>=1500000,$I6>=700000),4000000,AND($H6>=1200000,$I6>=650000),2800000,AND($H6>=1000000,$I6>=580000),2200000,AND($H6>=850000,$I6>=480000),1600000,AND($H6>=630000,$I6>=350000),1000000,TRUE,0)),0) -> 0 | K6: =IFERROR(IF(AND($J6=0, IF(OR($A6="Hàng Bông",$A6="Đường Láng"),$D6>=2000000,$D6>=950000)), 500000, 0), 0) -> 500000 | L6: =IFERROR(SUMIFS('Hot Bill HN'!$G:$G, 'Hot Bill HN'!$C:$C, $A6, 'Hot Bill HN'!$D:$D, $B6), 0) -> 100000 | M6: =IFERROR($J6+$K6+$L6, 0) -> 600000
A7: Lê Bình | B7: Hoàng Lâm Gia Bảo | C7: BC | D7: =SUM(F7:G7)/DAY($A$1) -> 737019.23 | E7: 0 | F7: 16472518 | G7: 6375078 | H7: =F7/DAY($A$1) -> 531371.55 | I7: =G7/DAY($A$1) -> 205647.68 | J7: =IFERROR(IF(OR($A7="Hàng Bông",$A7="Đường Láng"),IFS(AND($H7>=3400000,$I7>=900000),4000000,AND($H7>=3200000,$I7>=750000),2800000,AND($H7>=2800000,$I7>=650000),2200000,AND($H7>=2500000,$I7>=520000),1600000,AND($H7>=2200000,$I7>=450000),1000000,TRUE,0),IFS(AND($H7>=1500000,$I7>=700000),4000000,AND($H7>=1200000,$I7>=650000),2800000,AND($H7>=1000000,$I7>=580000),2200000,AND($H7>=850000,$I7>=480000),1600000,AND($H7>=630000,$I7>=350000),1000000,TRUE,0)),0) -> 0 | K7: =IFERROR(IF(AND($J7=0, IF(OR($A7="Hàng Bông",$A7="Đường Láng"),$D7>=2000000,$D7>=950000)), 500000, 0), 0) -> 0 | L7: =IFERROR(SUMIFS('Hot Bill HN'!$G:$G, 'Hot Bill HN'!$C:$C, $A7, 'Hot Bill HN'!$D:$D, $B7), 0) -> 0 | M7: =IFERROR($J7+$K7+$L7, 0) -> 0
A8: Lê Bình | B8: Hồ Thị Minh Hòa | C8: DSTV | D8: =SUM(F8:G8)/DAY($A$1) -> 748722.61 | E8: 0 | F8: 17422429 | G8: 5787972 | H8: =F8/DAY($A$1) -> 562013.84 | I8: =G8/DAY($A$1) -> 186708.77 | J8: =IFERROR(IF(OR($A8="Hàng Bông",$A8="Đường Láng"),IFS(AND($H8>=3400000,$I8>=900000),4000000,AND($H8>=3200000,$I8>=750000),2800000,AND($H8>=2800000,$I8>=650000),2200000,AND($H8>=2500000,$I8>=520000),1600000,AND($H8>=2200000,$I8>=450000),1000000,TRUE,0),IFS(AND($H8>=1500000,$I8>=700000),4000000,AND($H8>=1200000,$I8>=650000),2800000,AND($H8>=1000000,$I8>=580000),2200000,AND($H8>=850000,$I8>=480000),1600000,AND($H8>=630000,$I8>=350000),1000000,TRUE,0)),0) -> 0 | K8: =IFERROR(IF(AND($J8=0, IF(OR($A8="Hàng Bông",$A8="Đường Láng"),$D8>=2000000,$D8>=950000)), 500000, 0), 0) -> 0 | L8: =IFERROR(SUMIFS('Hot Bill HN'!$G:$G, 'Hot Bill HN'!$C:$C, $A8, 'Hot Bill HN'!$D:$D, $B8), 0) -> 0 | M8: =IFERROR($J8+$K8+$L8, 0) -> 0
A9: Lê Bình | B9: Lê Thị Xuyến | C9: DSTV | D9: =SUM(F9:G9)/DAY($A$1) -> 406055.39 | E9: 0 | F9: 6475157 | G9: 6112560 | H9: =F9/DAY($A$1) -> 208876.03 | I9: =G9/DAY($A$1) -> 197179.35 | J9: =IFERROR(IF(OR($A9="Hàng Bông",$A9="Đường Láng"),IFS(AND($H9>=3400000,$I9>=900000),4000000,AND($H9>=3200000,$I9>=750000),2800000,AND($H9>=2800000,$I9>=650000),2200000,AND($H9>=2500000,$I9>=520000),1600000,AND($H9>=2200000,$I9>=450000),1000000,TRUE,0),IFS(AND($H9>=1500000,$I9>=700000),4000000,AND($H9>=1200000,$I9>=650000),2800000,AND($H9>=1000000,$I9>=580000),2200000,AND($H9>=850000,$I9>=480000),1600000,AND($H9>=630000,$I9>=350000),1000000,TRUE,0)),0) -> 0 | K9: =IFERROR(IF(AND($J9=0, IF(OR($A9="Hàng Bông",$A9="Đường Láng"),$D9>=2000000,$D9>=950000)), 500000, 0), 0) -> 0 | L9: =IFERROR(SUMIFS('Hot Bill HN'!$G:$G, 'Hot Bill HN'!$C:$C, $A9, 'Hot Bill HN'!$D:$D, $B9), 0) -> 0 | M9: =IFERROR($J9+$K9+$L9, 0) -> 0
A10: Lê Bình | B10: Đinh Hoài Bảo | C10: DSTV | D10: =SUM(F10:G10)/DAY($A$1) -> 633358.9 | E10: 0 | F10: 9937439 | G10: 9696687 | H10: =F10/DAY($A$1) -> 320562.55 | I10: =G10/DAY($A$1) -> 312796.35 | J10: =IFERROR(IF(OR($A10="Hàng Bông",$A10="Đường Láng"),IFS(AND($H10>=3400000,$I10>=900000),4000000,AND($H10>=3200000,$I10>=750000),2800000,AND($H10>=2800000,$I10>=650000),2200000,AND($H10>=2500000,$I10>=520000),1600000,AND($H10>=2200000,$I10>=450000),1000000,TRUE,0),IFS(AND($H10>=1500000,$I10>=700000),4000000,AND($H10>=1200000,$I10>=650000),2800000,AND($H10>=1000000,$I10>=580000),2200000,AND($H10>=850000,$I10>=480000),1600000,AND($H10>=630000,$I10>=350000),1000000,TRUE,0)),0) -> 0 | K10: =IFERROR(IF(AND($J10=0, IF(OR($A10="Hàng Bông",$A10="Đường Láng"),$D10>=2000000,$D10>=950000)), 500000, 0), 0) -> 0 | L10: =IFERROR(SUMIFS('Hot Bill HN'!$G:$G, 'Hot Bill HN'!$C:$C, $A10, 'Hot Bill HN'!$D:$D, $B10), 0) -> 0 | M10: =IFERROR($J10+$K10+$L10, 0) -> 0
A11: Minh Châu | B11: Nguyễn Ngọc Thùy | C11: DSTV | D11: =SUM(F11:G11)/DAY($A$1) -> 168526.19 | E11: 0 | F11: 2435272 | G11: 2789040 | H11: =F11/DAY($A$1) -> 78557.161 | I11: =G11/DAY($A$1) -> 89969.032 | J11: =IFERROR(IF(OR($A11="Hàng Bông",$A11="Đường Láng"),IFS(AND($H11>=3400000,$I11>=900000),4000000,AND($H11>=3200000,$I11>=750000),2800000,AND($H11>=2800000,$I11>=650000),2200000,AND($H11>=2500000,$I11>=520000),1600000,AND($H11>=2200000,$I11>=450000),1000000,TRUE,0),IFS(AND($H11>=1500000,$I11>=700000),4000000,AND($H11>=1200000,$I11>=650000),2800000,AND($H11>=1000000,$I11>=580000),2200000,AND($H11>=850000,$I11>=480000),1600000,AND($H11>=630000,$I11>=350000),1000000,TRUE,0)),0) -> 0 | K11: =IFERROR(IF(AND($J11=0, IF(OR($A11="Hàng Bông",$A11="Đường Láng"),$D11>=2000000,$D11>=950000)), 500000, 0), 0) -> 0 | L11: =IFERROR(SUMIFS('Hot Bill HN'!$G:$G, 'Hot Bill HN'!$C:$C, $A11, 'Hot Bill HN'!$D:$D, $B11), 0) -> 0 | M11: =IFERROR($J11+$K11+$L11, 0) -> 0
A12: Minh Châu | B12: Phan Công Vũ Tài | C12: BC | D12: =SUM(F12:G12)/DAY($A$1) -> 2494374.8 | E12: 0 | F12: 49644719 | G12: 27680900 | H12: =F12/DAY($A$1) -> 1601442.5 | I12: =G12/DAY($A$1) -> 892932.26 | J12: =IFERROR(IF(OR($A12="Hàng Bông",$A12="Đường Láng"),IFS(AND($H12>=3400000,$I12>=900000),4000000,AND($H12>=3200000,$I12>=750000),2800000,AND($H12>=2800000,$I12>=650000),2200000,AND($H12>=2500000,$I12>=520000),1600000,AND($H12>=2200000,$I12>=450000),1000000,TRUE,0),IFS(AND($H12>=1500000,$I12>=700000),4000000,AND($H12>=1200000,$I12>=650000),2800000,AND($H12>=1000000,$I12>=580000),2200000,AND($H12>=850000,$I12>=480000),1600000,AND($H12>=630000,$I12>=350000),1000000,TRUE,0)),0) -> 4000000 | K12: =IFERROR(IF(AND($J12=0, IF(OR($A12="Hàng Bông",$A12="Đường Láng"),$D12>=2000000,$D12>=950000)), 500000, 0), 0) -> 0 | L12: =IFERROR(SUMIFS('Hot Bill HN'!$G:$G, 'Hot Bill HN'!$C:$C, $A12, 'Hot Bill HN'!$D:$D, $B12), 0) -> 0 | M12: =IFERROR($J12+$K12+$L12, 0) -> 4000000
A13: Minh Châu | B13: Thái Thùy Linh | C13: BC | D13: =SUM(F13:G13)/DAY($A$1) -> 807276.94 | E13: 0 | F13: 16558840 | G13: 8466745 | H13: =F13/DAY($A$1) -> 534156.13 | I13: =G13/DAY($A$1) -> 273120.81 | J13: =IFERROR(IF(OR($A13="Hàng Bông",$A13="Đường Láng"),IFS(AND($H13>=3400000,$I13>=900000),4000000,AND($H13>=3200000,$I13>=750000),2800000,AND($H13>=2800000,$I13>=650000),2200000,AND($H13>=2500000,$I13>=520000),1600000,AND($H13>=2200000,$I13>=450000),1000000,TRUE,0),IFS(AND($H13>=1500000,$I13>=700000),4000000,AND($H13>=1200000,$I13>=650000),2800000,AND($H13>=1000000,$I13>=580000),2200000,AND($H13>=850000,$I13>=480000),1600000,AND($H13>=630000,$I13>=350000),1000000,TRUE,0)),0) -> 0 | K13: =IFERROR(IF(AND($J13=0, IF(OR($A13="Hàng Bông",$A13="Đường Láng"),$D13>=2000000,$D13>=950000)), 500000, 0), 0) -> 0 | L13: =IFERROR(SUMIFS('Hot Bill HN'!$G:$G, 'Hot Bill HN'!$C:$C, $A13, 'Hot Bill HN'!$D:$D, $B13), 0) -> 0 | M13: =IFERROR($J13+$K13+$L13, 0) -> 0
A14: Minh Châu | B14: Trịnh Thị Phượng | C14: CHT | D14: =SUM(F14:G14)/DAY($A$1) -> 1901524.1 | E14: 0 | F14: 34362209 | G14: 24585039 | H14: =F14/DAY($A$1) -> 1108458.4 | I14: =G14/DAY($A$1) -> 793065.77 | J14: =IFERROR(IF(OR($A14="Hàng Bông",$A14="Đường Láng"),IFS(AND($H14>=3400000,$I14>=900000),4000000,AND($H14>=3200000,$I14>=750000),2800000,AND($H14>=2800000,$I14>=650000),2200000,AND($H14>=2500000,$I14>=520000),1600000,AND($H14>=2200000,$I14>=450000),1000000,TRUE,0),IFS(AND($H14>=1500000,$I14>=700000),4000000,AND($H14>=1200000,$I14>=650000),2800000,AND($H14>=1000000,$I14>=580000),2200000,AND($H14>=850000,$I14>=480000),1600000,AND($H14>=630000,$I14>=350000),1000000,TRUE,0)),0) -> 2200000 | K14: =IFERROR(IF(AND($J14=0, IF(OR($A14="Hàng Bông",$A14="Đường Láng"),$D14>=2000000,$D14>=950000)), 500000, 0), 0) -> 0 | L14: =IFERROR(SUMIFS('Hot Bill HN'!$G:$G, 'Hot Bill HN'!$C:$C, $A14, 'Hot Bill HN'!$D:$D, $B14), 0) -> 0 | M14: =IFERROR($J14+$K14+$L14, 0) -> 2200000
... A54: Đỗ Quang Đẩu | B54: Trần Thiên Phát | C54: BC | D54: =SUM(F54:G54)/DAY($A$1) -> 495122.84 | E54: 0 | F54: 11365733 | G54: 3983075 | H54: =F54/DAY($A$1) -> 366636.55 | I54: =G54/DAY($A$1) -> 128486.29 | J54: =IFERROR(IF(OR($A54="Hàng Bông",$A54="Đường Láng"),IFS(AND($H54>=3400000,$I54>=900000),4000000,AND($H54>=3200000,$I54>=750000),2800000,AND($H54>=2800000,$I54>=650000),2200000,AND($H54>=2500000,$I54>=520000),1600000,AND($H54>=2200000,$I54>=450000),1000000,TRUE,0),IFS(AND($H54>=1500000,$I54>=700000),4000000,AND($H54>=1200000,$I54>=650000),2800000,AND($H54>=1000000,$I54>=580000),2200000,AND($H54>=850000,$I54>=480000),1600000,AND($H54>=630000,$I54>=350000),1000000,TRUE,0)),0) -> 0 | K54: =IFERROR(IF(AND($J54=0, IF(OR($A54="Hàng Bông",$A54="Đường Láng"),$D54>=2000000,$D54>=950000)), 500000, 0), 0) -> 0 | L54: =IFERROR(SUMIFS('Hot Bill HN'!$G:$G, 'Hot Bill HN'!$C:$C, $A54, 'Hot Bill HN'!$D:$D, $B54), 0) -> 0 | M54: =IFERROR($J54+$K54+$L54, 0) -> 0

Sheet Hot Bill HN
A1: Mã hóa đơn | B1: Thời gian | C1: Chi nhánh | D1: Tên Dược Sĩ | E1: Số lượng SP CK | F1: Doanh thu nhóm CK+CKHN | G1: Tiền Thưởng (VNĐ) | H1: Chi tiết sản phẩm
A2: HD1202368 | B2: 46265.787 | C2: Đường Láng | D2: Nguyễn Thị Tâm | E2: 2 | F2: 1215000 | G2: 50000 | H2: CK Sodmex plus cream (h/15g) (SL: 1, TT: 135,000đ) | CK Advance white glutathion viên uống trắng sáng da lustrel laboratoires (h/60v) (SL: 1, TT: 1,080,000đ)
A3: HD1202300 | B3: 46265.706 | C3: Hàng Bông | D3: Đinh Thị Lan Anh | E3: 2 | F3: 1111000 | G3: 50000 | H3: CK Radis noir artichaut bio fleurance nature (h/30v) (SL: 1, TT: 416,000đ) | CKHN Chai xịt bạc ghimas powder spray (c/125ml) (SL: 1, TT: 695,000đ)
A4: HD1202162.01 | B4: 46265.657 | C4: Hàng Bông | D4: Vũ Thanh Hằng | E4: 3 | F4: 1005000 | G4: 50000 | H4: CKHN Manukan (h/16v) (SL: 1, TT: 170,000đ) | CK Probioboost confort gastrique fleurance nature (h/15v) (SL: 1, TT: 416,000đ) | CK Azinc Vitalite arkopharma (h60v) (SL: 1, TT: 419,000đ)
A5: HD1199893 | B5: 46263.675 | C5: Hàng Bông | D5: Vũ Thanh Hằng | E5: 3 | F5: 1780000 | G5: 50000 | H5: CK All in one vitality viên uống chống oxy hóa sante + (h/60v) (SL: 1, TT: 669,000đ) | CK Radis noir artichaut bio fleurance nature (h/30v) (SL: 1, TT: 416,000đ) | CKHN Chai xịt bạc ghimas powder spray (c/125ml) (SL: 1, TT: 695,000đ)
A6: HD1198775 | B6: 46262.777 | C6: Hàng Bông | D6: Vũ Thanh Hằng | E6: 10 | F6: 1200000 | G6: 50000 | H6: CKHN Nước mắt nhân tạo hyafresh vitamin (h/13ml) (SL: 10, TT: 1,200,000đ)
A7: HD1198657 | B7: 46262.652 | C7: Hàng Bông | D7: Vũ Thanh Hằng | E7: 2 | F7: 1158000 | G7: 50000 | H7: CK Arkofluides Detoxifiant Hepatiqua Arkopharma(h/20o) (SL: 1, TT: 742,000đ) | CK Probioboost confort gastrique fleurance nature (h/15v) (SL: 1, TT: 416,000đ)
A8: HD1197473 | B8: 46261.636 | C8: Đường Láng | D8: Nguyễn Thị Mai Duyên | E8: 1 | F8: 1080000 | G8: 50000 | H8: CK Advance white glutathion viên uống trắng sáng da lustrel laboratoires (h/60v) (SL: 1, TT: 1,080,000đ)
A9: HD1197291 | B9: 46261.41 | C9: Hàng Bông | D9: Đinh Thị Khánh Ly | E9: 3 | F9: 1248000 | G9: 50000 | H9: CK Probioboost confort gastrique fleurance nature (h/15v) (SL: 2, TT: 832,000đ) | CK Radis noir artichaut bio fleurance nature (h/30v) (SL: 1, TT: 416,000đ)
A10: HD1195232 | B10: 46259.704 | C10: Hàng Bông | D10: Đinh Thị Khánh Ly | E10: 3 | F10: 1003000 | G10: 50000 | H10: CK Omega 3 viên uống bổ sung omega 3 arkopharma (h/60v) (SL: 1, TT: 377,000đ) | CK Mental energie eurho vital (h/15v) (SL: 1, TT: 210,000đ) | CK Probioboost confort gastrique fleurance nature (h/15v) (SL: 1, TT: 416,000đ)
A11: HD1195211 | B11: 46259.674 | C11: Đường Láng | D11: Nguyễn Thị Mai Duyên | E11: 2 | F11: 1192000 | G11: 50000 | H11: CK Nutri hair zinc viên uống giúp chống rụng tóc bremedie (h/60v) (SL: 2, TT: 1,192,000đ)
A12: HD1195210 | B12: 46259.674 | C12: Đường Láng | D12: Nguyễn Thị Mai Duyên | E12: 2 | F12: 1192000 | G12: 50000 | H12: CK Nutri hair zinc viên uống giúp chống rụng tóc bremedie (h/60v) (SL: 2, TT: 1,192,000đ)
A13: HD1195207 | B13: 46259.67 | C13: Hàng Bông | D13: Vũ Thanh Hằng | E13: 5 | F13: 1928000 | G13: 50000 | H13: CKHN Mason Natural Daily Multiple Vitamins with Minerals (h/60v) (SL: 1, TT: 620,000đ) | CK Eisen + jod + folsaure (h/30v) (SL: 2, TT: 624,000đ) | CK Calcium 600 eurho vital (h/30v) (SL: 2, TT: 684,000đ)
... A33: HD1182823 | B33: 46249.168 | C33: Đường Láng | D33: Lê Thị Soạn | E33: 2 | F33: 1320000 | G33: 50000 | H33: CK Maca #2 organic femina nature's supplements (h/60v) (SL: 1, TT: 660,000đ) | CK Maca #6 old truths nature's supplements (h/60v) (SL: 1, TT: 660,000đ)
