Workbook

Sheet data
A1: Nhà thuốc | B1: Tên nhân viên | C1: Số giao dịch off | D1: Doanh thu off | E1: Số giao dịch onl | F1: Doanh thu onl | G1: Tổng giao dịch | H1: Doanh thu tổng | J1: 46262
A2: Trường Sa | B2: Hồ Thị Minh Hòa | C2: 20 | D2: 1503600 | E2: 14 | F2: 2401800 | G2: 34 | H2: 3905400
A3: Trường Sa | B3: Medigo | E3: 2 | F3: 773000 | G3: 2 | H3: 773000
A4: Trường Sa | B4: Ngô Trần Tuyết Vy | C4: 273 | D4: 16360400 | E4: 168 | F4: 28002100 | G4: 441 | H4: 44362500
A5: Trường Sa | B5: Nguyễn Ngọc Anh Thư | C5: 124 | D5: 7987200 | E5: 111 | F5: 14358250 | G5: 235 | H5: 22345450
A6: Trường Sa | B6: Nguyễn Trần Ngọc Phương | C6: 359 | D6: 24147102 | E6: 222 | F6: 33293301 | G6: 581 | H6: 57440403
A7: Trường Sa | B7: Phạm Nguyễn Ngọc Quý | C7: 357 | D7: 25728300 | E7: 203 | F7: 39161850 | G7: 560 | H7: 64890150
A8: Trường Sa | B8: Trần Thị Kim Khánh | C8: 465 | D8: 43483900 | E8: 393 | F8: 111327600 | G8: 858 | H8: 154811500
A9: Trường Sa | B9: Trịnh Thị Phượng | C9: 578 | D9: 52334100 | E9: 152 | F9: 21958640 | G9: 730 | H9: 74292740
A10: Trường Sa
A12: Đỗ Quang Đẩu | B12: Hoàng Lâm Gia Bảo | C12: 22 | D12: 11025100 | E12: 3 | F12: 533000 | G12: 25 | H12: 11558100
A13: Đỗ Quang Đẩu | B13: Hoàng Thanh Thủy | C13: 570 | D13: 196157840 | E13: 205 | F13: 65403549 | G13: 775 | H13: 261561389
A14: Đỗ Quang Đẩu | B14: Lê Thị Huyền Trân | C14: 659 | D14: 125219600 | E14: 215 | F14: 45027700 | G14: 874 | H14: 170247300
A15: Đỗ Quang Đẩu | B15: Ngô Thị Thanh Thắm | C15: 381 | D15: 160380300 | E15: 135 | F15: 31240001 | G15: 516 | H15: 191620301
A16: Đỗ Quang Đẩu | B16: Phạm Thị Nghĩa Hương | C16: 485 | D16: 97146800 | E16: 132 | F16: 19113000 | G16: 617 | H16: 116259800
A17: Đỗ Quang Đẩu | B17: Trần Thiên Phát | C17: 508 | D17: 115542670 | E17: 125 | F17: 16581400 | G17: 633 | H17: 132124070
A18: Đỗ Quang Đẩu
A19: Đỗ Quang Đẩu
A21: Lê Bình | B21: Đinh Hoài Bảo | C21: 295 | D21: 24509200 | E21: 147 | F21: 22229750 | G21: 442 | H21: 46738950
A22: Lê Bình | B22: Hồ Thị Minh Hòa | C22: 298 | D22: 27340300 | E22: 103 | F22: 20564220 | G22: 401 | H22: 47904520
A23: Lê Bình | B23: Hoàng Lâm Gia Bảo | C23: 238 | D23: 27427500 | E23: 105 | F23: 21293500 | G23: 343 | H23: 48721000
A24: Lê Bình | B24: Lê Thị Xuyến | C24: 177 | D24: 13537000 | E24: 76 | F24: 10291300 | G24: 253 | H24: 23828300
A25: Lê Bình | B25: Nguyễn Thị Huyền Trang | C25: 15 | D25: 1259000 | E25: 1 | F25: 105000 | G25: 16 | H25: 1364000
A27: Minh Châu | B27: Đoàn Quốc Tâm | C27: 696 | D27: 59336500 | E27: 191 | F27: 29599100 | G27: 887 | H27: 88935600
A28: Minh Châu | B28: Nguyễn Ngọc Thùy | C28: 118 | D28: 8323800 | E28: 15 | F28: 1540850 | G28: 133 | H28: 9864650
A29: Minh Châu | B29: Phan Công Vũ Tài | C29: 1028 | D29: 84409594 | E29: 138 | F29: 20035250 | G29: 1166 | H29: 104444844
A30: Minh Châu | B30: Thái Thùy Linh | C30: 505 | D30: 41868700 | E30: 117 | F30: 18342950 | G30: 622 | H30: 60211650
A31: Minh Châu | B31: Trịnh Thị Phượng | C31: 264 | D31: 21942900 | E31: 28 | F31: 3104300 | G31: 292 | H31: 25047200
A34: Nam Hòa | B34: Bùi Thị Thanh Thủy | C34: 248 | D34: 17563028 | E34: 113 | F34: 27843550 | G34: 361 | H34: 45406578
A35: Nam Hòa | B35: Đỗ Thị Kim Tiến | C35: 120 | D35: 10080700 | E35: 35 | F35: 7887900 | G35: 155 | H35: 17968600
... A41: Nam Hòa | B41: Trần Thị Ánh Nguyệt | C41: 593 | D41: 45493300 | E41: 178 | F41: 27598600 | G41: 771 | H41: 73091900
A42: Nam Hòa
A43: Nam Hòa
A45: Nguyễn Chí Thanh | B45: Đỗ Thị Phương Thảo | C45: 346 | D45: 41488625 | E45: 219 | F45: 40219500 | G45: 565 | H45: 81708125
A46: Nguyễn Chí Thanh | B46: Lê Thị Quỳnh Trâm | C46: 290 | D46: 25411600 | E46: 206 | F46: 104707300 | G46: 496 | H46: 130118900
A47: Nguyễn Chí Thanh | B47: Nguyễn Thị Hồng Hạnh | C47: 725 | D47: 59614300 | E47: 94 | F47: 11636605 | G47: 819 | H47: 71250905
A48: Nguyễn Chí Thanh | B48: Nguyễn Trí Nghĩa | C48: 93 | D48: 4340800 | E48: 14 | F48: 1063100 | G48: 107 | H48: 5403900
A49: Nguyễn Chí Thanh | B49: Trần Hoàng Khánh | C49: 737 | D49: 52913400 | E49: 181 | F49: 28349070 | G49: 918 | H49: 81262470
A50: Nguyễn Chí Thanh
A51: Nguyễn Chí Thanh
A52: Nguyễn Chí Thanh
A53: Nguyễn Chí Thanh
A55: Nguyễn Thị Thập | B55: Cao Trọng Nhân | C55: 604 | D55: 41724300 | E55: 309 | F55: 60598768 | G55: 913 | H55: 102323068
A56: Nguyễn Thị Thập | B56: Cù Thị Tường Vy | C56: 10 | D56: 1098200 | E56: 14 | F56: 3604200 | G56: 24 | H56: 4702400
A57: Nguyễn Thị Thập | B57: Hoàng Lâm Gia Bảo | C57: 34 | D57: 3276900 | E57: 38 | F57: 9213700 | G57: 72 | H57: 12490600
A58: Nguyễn Thị Thập | B58: Medigo | E58: 1 | F58: 80000 | G58: 1 | H58: 80000
A59: Nguyễn Thị Thập | B59: Nguyễn Trí Nghĩa | C59: 151 | D59: 9205400 | E59: 138 | F59: 23104000 | G59: 289 | H59: 32309400
A60: Nguyễn Thị Thập | B60: Phan Công Vũ Tài | C60: 12 | D60: 728100 | E60: 15 | F60: 3028900 | G60: 27 | H60: 3757000
A61: Nguyễn Thị Thập | B61: Trần Thành Đạt | C61: 628 | D61: 42581600 | E61: 266 | F61: 57312000 | G61: 894 | H61: 99893600
A62: Nguyễn Thị Thập | B62: Triệu Thị Ngọc Lý | C62: 358 | D62: 24326100 | E62: 360 | F62: 91163900 | G62: 718 | H62: 115490000
A64: Nguyễn Văn Quá | B64: Hồ Ngọc Lý | C64: 701 | D64: 46905800 | E64: 103 | F64: 9581100 | G64: 804 | H64: 56486900
A65: Nguyễn Văn Quá | B65: Nguyễn Thị Hương Giang | C65: 716 | D65: 49789250 | E65: 126 | F65: 18527500 | G65: 842 | H65: 68316750
A66: Nguyễn Văn Quá | B66: Nguyễn Thị Thu Huyền | C66: 898 | D66: 56292400 | E66: 189 | F66: 26604700 | G66: 1087 | H66: 82897100
A67: Nguyễn Văn Quá | B67: Phan Công Vũ Tài | C67: 7 | D67: 918000 | E67: 1 | F67: 20000 | G67: 8 | H67: 938000
A68: Nguyễn Văn Quá | B68: Võ Ngọc Giàu Sang | C68: 374 | D68: 25419450 | E68: 99 | F68: 17072350 | G68: 473 | H68: 42491800
A69: Nguyễn Văn Quá
A71: Rạch Bùng Binh | B71: Cù Thị Tường Vy | C71: 226 | D71: 22179500 | E71: 155 | F71: 61577000 | G71: 381 | H71: 83756500
A72: Rạch Bùng Binh | B72: Huỳnh Thị Huệ Hiền | C72: 585 | D72: 47365800 | E72: 158 | F72: 19445500 | G72: 743 | H72: 66811300
A73: Rạch Bùng Binh | B73: Ngô Thị Ngọc Thủy | C73: 438 | D73: 31541700 | E73: 115 | F73: 16493600 | G73: 553 | H73: 48035300
A74: Rạch Bùng Binh | B74: Nguyễn Thị Phúc Lộc | C74: 20 | D74: 996900 | E74: 5 | F74: 865000 | G74: 25 | H74: 1861900
A75: Rạch Bùng Binh | B75: Phạm Nguyễn Ngọc Quyền Trân | C75: 326 | D75: 28100200 | E75: 205 | F75: 65106000 | G75: 531 | H75: 93206200
A76: Rạch Bùng Binh | B76: Phan Công Vũ Tài | C76: 45 | D76: 3515700 | E76: 25 | F76: 5316200 | G76: 70 | H76: 8831900
A77: Rạch Bùng Binh
A78: Rạch Bùng Binh
A80: Đường Láng | B80: Hứa Thị Kim Thoa | C80: 134 | D80: 11932300 | E80: 42 | F80: 17321300 | G80: 176 | H80: 29253600
A81: Đường Láng | B81: Lê Thị Soạn | C81: 745 | D81: 84823161 | E81: 548 | F81: 84092655 | G81: 1293 | H81: 168915816
A82: Đường Láng | B82: Nguyễn Thị Mai Duyên | C82: 411 | D82: 52500960 | E82: 516 | F82: 151502967 | G82: 927 | H82: 204003927
A83: Đường Láng | B83: Nguyễn Thị Tâm | C83: 572 | D83: 69209294 | E83: 398 | F83: 97207592 | G83: 970 | H83: 166416886
A84: Đường Láng | B84: Trần Ngọc Dung | C84: 257 | D84: 25130380 | E84: 350 | F84: 106621800 | G84: 607 | H84: 131752180
A85: Đường Láng
A87: Hàng Bông | B87: Đinh Thị Khánh Ly | C87: 909 | D87: 227340258 | E87: 247 | F87: 56745127 | G87: 1156 | H87: 284085385
A88: Hàng Bông | B88: Đinh Thị Lan Anh | C88: 554 | D88: 103518742 | E88: 126 | F88: 24178501 | G88: 680 | H88: 127697243
A89: Hàng Bông | B89: Nguyễn Mạnh Tuấn | C89: 715 | D89: 127357340 | E89: 400 | F89: 65579000 | G89: 1115 | H89: 192936340
A90: Hàng Bông | B90: Vũ Thanh Hằng | C90: 794 | D90: 267188160 | E90: 190 | F90: 53876597 | G90: 984 | H90: 321064757
A91: Hàng Bông
A92: Hàng Bông

Sheet kpi dược sĩ
A1: Dữ liệu cập nhật đến ngày | C1: =data!J1 -> 46262 | O1: Mức hoành thành KPI doanh thu/ngày | R1: Mức hoành thành KPI doanh thu/ngày
A2: Nhà thuốc | B2: Nhân viên | C2: Chức danh | D2: KPI trung bình bill | E2: Trung bình bill | F2: KPI doanh thu CK+Combo+NY3/ngày | G2: CK + Combo + NY3/ngày | H2: KPI Doanh thu/ngày (100%) | I2: Doanh thu thực/ngày | J2: % Hoàn thành KPI | K2: Thưởng KPI | L2: Hệ số * Dự án | M2: Thưởng Dự án | N2: Thưởng Dự án + KPI + HH | O2: 0.8 | P2: 0.9 | Q2: 1 | R2: 0.8 | S2: 0.9 | T2: 1 | U2: KPIs Doanh thu/ngày | V2: KPIs Doanh thu/tháng | W2: Số giao dịch off | X2: Doanh thu off | Y2: Trung bình bill off | Z2: Số giao dịch onl | AA2: Doanh thu onl | AB2: Trung bình bill onl | AC2: Tổng giao dịch | AD2: Doanh thu tổng | AE2: Trung bình Bill
A3: Hàng Bông | B3: Đinh Thị Lan Anh | C3: CHT | D3: 150000 | E3: =AE3 -> 187790.06 | F3: {=IFERROR( ROUND( _xludf.LET( nt,$A3, nv,$B3, songay,DAY(EOMONTH($C$1,0)), doanhthungay,$I3, duan_nv,SUM_xlfn.IFS('Dự án T8'!$D:$D,'Dự án T8'!$A:$A,nt,'Dự án T8'!$B:$B,nv), duan_nt,SUM_xlfn.IFS('Dự án T8'!$D:$D,'Dự án T8'!$A:$A,nt), tyle,duan_nv/duan_nt, muc2_ngay,_xlfn.XLOOKUP(nt,'kpi nhà thuốc'!$B:$B,'kpi nhà thuốc'!$P:$P), muc3_ngay,_xlfn.XLOOKUP(nt,'kpi nhà thuốc'!$B:$B,'kpi nhà thuốc'!$T:$T), hangdiem1,_xlfn.XLOOKUP(nt,'kpi nhà thuốc'!$B:$B,'kpi nhà thuốc'!$I:$I), hangdiem2,_xlfn.XLOOKUP(nt,'kpi nhà thuốc'!$B:$B,'kpi nhà thuốc'!$N:$N), hangdiem3,_xlfn.XLOOKUP(nt,'kpi nhà thuốc'!$B:$B,'kpi nhà thuốc'!$R:$R), _xludf.SWITCH(TRUE, doanhthungay>=muc3_ngay,hangdiem3, doanhthungay>=muc2_ngay,hangdiem2, TRUE,hangdiem1 )/songay*tyle ), -3), 0)} -> 0 | G3: {=_xlfn.XLOOKUP(B3,'Dự án T8'!B:B,'Dự án T8'!D:D,0)} -> 2758480.5 | H3: =Q3 -> 8800000 | I3: =(AD3/DAY($C$1)) -> 4560615.8 | J3: {=_xlfn.XLOOKUP(B3,'kpi nhà thuốc'!A:A,'kpi nhà thuốc'!F:F,(AD3/DAY($C$1))/U3)} -> 0.8070668 | K3: {=_xlfn.XLOOKUP( B3, 'kpi nhà thuốc'!A:A, 'kpi nhà thuốc'!G:G, IF( AND( OR(C3="DSXC",C3="DSCD"), G3>=F3),IF(AND(I3>=T3,E3>=D3),AD3*1.5%,IF(AND(I3>=T3,E3<D3),AD3*1.3%,IF(AND(I3>=S3,E3>=D3),AD3*1.3%,IF(AND(I3>=S3,E3<D3),AD3*1.1%,IF(AND(I3>=R3,E3>=D3),AD3*1.2%,IF(AND(I3>=R3,E3<D3),AD3*1%,"")))))),"" ) )} -> #NAME? | L3: =IF(C3="DSTV","", IF(J3<0.6, 0.8, 1)) -> 1 | M3: {=IFERROR( _xlfn.XLOOKUP( $A3&$B3, 'Dự án T8'!$A:$A&'Dự án T8'!$B:$B, 'Dự án T8'!$M:$M, 0 )*$L3, 0)} -> 600000 | N3: =K3+M3*L3 -> #NAME? | O3: =CEILING(R3,100000) -> 7000000 | P3: =CEILING(S3,100000) -> 7900000 | Q3: =CEILING(T3,100000) -> 8800000 | R3: =U3*$R$2 -> 6967741.9 | S3: =U3*$S$2 -> 7838709.7 | T3: =U3*$T$2 -> 8709677.4 | U3: =V3/DAY('kpi nhà thuốc'!$T$1) -> 8709677.4 | V3: 270000000 | W3: =SUMIF(data!$B:$B,B3,data!$C:$C) -> 554 | X3: =SUMIF(data!$B:$B,B3,data!$D:$D) -> 103518742 | Y3: =IF(W3>0,X3/W3,0) -> 186856.94 | Z3: =SUMIF(data!$B:$B,B3,data!$E:$E) -> 126 | AA3: =SUMIF(data!$B:$B,B3,data!$F:$F) -> 24178501 | AB3: =IF(Z3>0,AA3/Z3,0) -> 191892.87 | AC3: =W3+Z3 -> 680 | AD3: =X3+AA3 -> 127697243 | AE3: =IF(AC3>0,AD3/AC3,0) -> 187790.06
A4: Hàng Bông | B4: Vũ Thanh Hằng | C4: DSXC | D4: 245000 | E4: =AE4 -> 326285.32 | F4: {=IFERROR( ROUND( _xludf.LET( nt,$A4, nv,$B4, songay,DAY(EOMONTH($C$1,0)), doanhthungay,$I4, duan_nv,SUM_xlfn.IFS('Dự án T8'!$D:$D,'Dự án T8'!$A:$A,nt,'Dự án T8'!$B:$B,nv), duan_nt,SUM_xlfn.IFS('Dự án T8'!$D:$D,'Dự án T8'!$A:$A,nt), tyle,duan_nv/duan_nt, muc2_ngay,_xlfn.XLOOKUP(nt,'kpi nhà thuốc'!$B:$B,'kpi nhà thuốc'!$P:$P), muc3_ngay,_xlfn.XLOOKUP(nt,'kpi nhà thuốc'!$B:$B,'kpi nhà thuốc'!$T:$T), hangdiem1,_xlfn.XLOOKUP(nt,'kpi nhà thuốc'!$B:$B,'kpi nhà thuốc'!$I:$I), hangdiem2,_xlfn.XLOOKUP(nt,'kpi nhà thuốc'!$B:$B,'kpi nhà thuốc'!$N:$N), hangdiem3,_xlfn.XLOOKUP(nt,'kpi nhà thuốc'!$B:$B,'kpi nhà thuốc'!$R:$R), _xludf.SWITCH(TRUE, doanhthungay>=muc3_ngay,hangdiem3, doanhthungay>=muc2_ngay,hangdiem2, TRUE,hangdiem1 )/songay*tyle ), -3), 0)} -> 0 | G4: {=_xlfn.XLOOKUP(B4,'Dự án T8'!B:B,'Dự án T8'!D:D,0)} -> 8078076.9 | H4: =Q4 -> 11300000 | I4: =(AD4/DAY($C$1)) -> 11466598 | J4: {=_xlfn.XLOOKUP(B4,'kpi nhà thuốc'!A:A,'kpi nhà thuốc'!F:F,(AD4/DAY($C$1))/U4)} -> 1.015613 | K4: {=_xlfn.XLOOKUP( B4, 'kpi nhà thuốc'!A:A, 'kpi nhà thuốc'!G:G, IF( AND( OR(C4="DSXC",C4="DSCD"), G4>=F4),IF(AND(I4>=T4,E4>=D4),AD4*1.5%,IF(AND(I4>=T4,E4<D4),AD4*1.3%,IF(AND(I4>=S4,E4>=D4),AD4*1.3%,IF(AND(I4>=S4,E4<D4),AD4*1.1%,IF(AND(I4>=R4,E4>=D4),AD4*1.2%,IF(AND(I4>=R4,E4<D4),AD4*1%,"")))))),"" ) )} -> #NAME? | L4: =IF(C4="DSTV","", IF(J4<0.6, 0.8, 1)) -> 1 | M4: {=IFERROR( _xlfn.XLOOKUP( $A4&$B4, 'Dự án T8'!$A:$A&'Dự án T8'!$B:$B, 'Dự án T8'!$M:$M, 0 )*$L4, 0)} -> 1400000 | N4: =K4+M4*L4 -> #NAME? | O4: =CEILING(R4,100000) -> 9100000 | P4: =CEILING(S4,100000) -> 10200000 | Q4: =CEILING(T4,100000) -> 11300000 | R4: =U4*$R$2 -> 9032258.1 | S4: =U4*$S$2 -> 10161290 | T4: =U4*$T$2 -> 11290323 | U4: =V4/DAY('kpi nhà thuốc'!$T$1) -> 11290323 | V4: 350000000 | W4: =SUMIF(data!$B:$B,B4,data!$C:$C) -> 794 | X4: =SUMIF(data!$B:$B,B4,data!$D:$D) -> 267188160 | Y4: =IF(W4>0,X4/W4,0) -> 336509.02 | Z4: =SUMIF(data!$B:$B,B4,data!$E:$E) -> 190 | AA4: =SUMIF(data!$B:$B,B4,data!$F:$F) -> 53876597 | AB4: =IF(Z4>0,AA4/Z4,0) -> 283561.04 | AC4: =W4+Z4 -> 984 | AD4: =X4+AA4 -> 321064757 | AE4: =IF(AC4>0,AD4/AC4,0) -> 326285.32
A5: Hàng Bông | B5: Nguyễn Mạnh Tuấn | C5: DSCD | D5: 250000 | E5: =AE5 -> 173037.08 | F5: {=IFERROR( ROUND( _xludf.LET( nt,$A5, nv,$B5, songay,DAY(EOMONTH($C$1,0)), doanhthungay,$I5, duan_nv,SUM_xlfn.IFS('Dự án T8'!$D:$D,'Dự án T8'!$A:$A,nt,'Dự án T8'!$B:$B,nv), duan_nt,SUM_xlfn.IFS('Dự án T8'!$D:$D,'Dự án T8'!$A:$A,nt), tyle,duan_nv/duan_nt, muc2_ngay,_xlfn.XLOOKUP(nt,'kpi nhà thuốc'!$B:$B,'kpi nhà thuốc'!$P:$P), muc3_ngay,_xlfn.XLOOKUP(nt,'kpi nhà thuốc'!$B:$B,'kpi nhà thuốc'!$T:$T), hangdiem1,_xlfn.XLOOKUP(nt,'kpi nhà thuốc'!$B:$B,'kpi nhà thuốc'!$I:$I), hangdiem2,_xlfn.XLOOKUP(nt,'kpi nhà thuốc'!$B:$B,'kpi nhà thuốc'!$N:$N), hangdiem3,_xlfn.XLOOKUP(nt,'kpi nhà thuốc'!$B:$B,'kpi nhà thuốc'!$R:$R), _xludf.SWITCH(TRUE, doanhthungay>=muc3_ngay,hangdiem3, doanhthungay>=muc2_ngay,hangdiem2, TRUE,hangdiem1 )/songay*tyle ), -3), 0)} -> 0 | G5: {=_xlfn.XLOOKUP(B5,'Dự án T8'!B:B,'Dự án T8'!D:D,0)} -> 2185630.4 | H5: =Q5 -> 9700000 | I5: =(AD5/DAY($C$1)) -> 6890583.6 | J5: {=_xlfn.XLOOKUP(B5,'kpi nhà thuốc'!A:A,'kpi nhà thuốc'!F:F,(AD5/DAY($C$1))/U5)} -> 0.71202697 | K5: {=_xlfn.XLOOKUP( B5, 'kpi nhà thuốc'!A:A, 'kpi nhà thuốc'!G:G, IF( AND( OR(C5="DSXC",C5="DSCD"), G5>=F5),IF(AND(I5>=T5,E5>=D5),AD5*1.5%,IF(AND(I5>=T5,E5<D5),AD5*1.3%,IF(AND(I5>=S5,E5>=D5),AD5*1.3%,IF(AND(I5>=S5,E5<D5),AD5*1.1%,IF(AND(I5>=R5,E5>=D5),AD5*1.2%,IF(AND(I5>=R5,E5<D5),AD5*1%,"")))))),"" ) )} -> #NAME? | L5: =IF(C5="DSTV","", IF(J5<0.6, 0.8, 1)) -> 1 | M5: {=IFERROR( _xlfn.XLOOKUP( $A5&$B5, 'Dự án T8'!$A:$A&'Dự án T8'!$B:$B, 'Dự án T8'!$M:$M, 0 )*$L5, 0)} -> 600000 | N5: =K5+M5*L5 -> #NAME? | O5: =CEILING(R5,100000) -> 7800000 | P5: =CEILING(S5,100000) -> 8800000 | Q5: =CEILING(T5,100000) -> 9700000 | R5: =U5*$R$2 -> 7741935.5 | S5: =U5*$S$2 -> 8709677.4 | T5: =U5*$T$2 -> 9677419.4 | U5: =V5/DAY('kpi nhà thuốc'!$T$1) -> 9677419.4 | V5: 300000000 | W5: =SUMIF(data!$B:$B,B5,data!$C:$C) -> 715 | X5: =SUMIF(data!$B:$B,B5,data!$D:$D) -> 127357340 | Y5: =IF(W5>0,X5/W5,0) -> 178122.15 | Z5: =SUMIF(data!$B:$B,B5,data!$E:$E) -> 400 | AA5: =SUMIF(data!$B:$B,B5,data!$F:$F) -> 65579000 | AB5: =IF(Z5>0,AA5/Z5,0) -> 163947.5 | AC5: =W5+Z5 -> 1115 | AD5: =X5+AA5 -> 192936340 | AE5: =IF(AC5>0,AD5/AC5,0) -> 173037.08
A6: Hàng Bông | B6: Đinh Thị Khánh Ly | C6: DSXC | D6: 204000 | E6: =AE6 -> 245748.6 | F6: {=IFERROR( ROUND( _xludf.LET( nt,$A6, nv,$B6, songay,DAY(EOMONTH($C$1,0)), doanhthungay,$I6, duan_nv,SUM_xlfn.IFS('Dự án T8'!$D:$D,'Dự án T8'!$A:$A,nt,'Dự án T8'!$B:$B,nv), duan_nt,SUM_xlfn.IFS('Dự án T8'!$D:$D,'Dự án T8'!$A:$A,nt), tyle,duan_nv/duan_nt, muc2_ngay,_xlfn.XLOOKUP(nt,'kpi nhà thuốc'!$B:$B,'kpi nhà thuốc'!$P:$P), muc3_ngay,_xlfn.XLOOKUP(nt,'kpi nhà thuốc'!$B:$B,'kpi nhà thuốc'!$T:$T), hangdiem1,_xlfn.XLOOKUP(nt,'kpi nhà thuốc'!$B:$B,'kpi nhà thuốc'!$I:$I), hangdiem2,_xlfn.XLOOKUP(nt,'kpi nhà thuốc'!$B:$B,'kpi nhà thuốc'!$N:$N), hangdiem3,_xlfn.XLOOKUP(nt,'kpi nhà thuốc'!$B:$B,'kpi nhà thuốc'!$R:$R), _xludf.SWITCH(TRUE, doanhthungay>=muc3_ngay,hangdiem3, doanhthungay>=muc2_ngay,hangdiem2, TRUE,hangdiem1 )/songay*tyle ), -3), 0)} -> 0 | G6: {=_xlfn.XLOOKUP(B6,'Dự án T8'!B:B,'Dự án T8'!D:D,0)} -> 3697575.1 | H6: =Q6 -> 11300000 | I6: =(AD6/DAY($C$1)) -> 10145907 | J6: {=_xlfn.XLOOKUP(B6,'kpi nhà thuốc'!A:A,'kpi nhà thuốc'!F:F,(AD6/DAY($C$1))/U6)} -> 0.89863744 | K6: {=_xlfn.XLOOKUP( B6, 'kpi nhà thuốc'!A:A, 'kpi nhà thuốc'!G:G, IF( AND( OR(C6="DSXC",C6="DSCD"), G6>=F6),IF(AND(I6>=T6,E6>=D6),AD6*1.5%,IF(AND(I6>=T6,E6<D6),AD6*1.3%,IF(AND(I6>=S6,E6>=D6),AD6*1.3%,IF(AND(I6>=S6,E6<D6),AD6*1.1%,IF(AND(I6>=R6,E6>=D6),AD6*1.2%,IF(AND(I6>=R6,E6<D6),AD6*1%,"")))))),"" ) )} -> #NAME? | L6: =IF(C6="DSTV","", IF(J6<0.6, 0.8, 1)) -> 1 | M6: {=IFERROR( _xlfn.XLOOKUP( $A6&$B6, 'Dự án T8'!$A:$A&'Dự án T8'!$B:$B, 'Dự án T8'!$M:$M, 0 )*$L6, 0)} -> 850000 | N6: =K6+M6*L6 -> #NAME? | O6: =CEILING(R6,100000) -> 9100000 | P6: =CEILING(S6,100000) -> 10200000 | Q6: =CEILING(T6,100000) -> 11300000 | R6: =U6*$R$2 -> 9032258.1 | S6: =U6*$S$2 -> 10161290 | T6: =U6*$T$2 -> 11290323 | U6: =V6/DAY('kpi nhà thuốc'!$T$1) -> 11290323 | V6: 350000000 | W6: =SUMIF(data!$B:$B,B6,data!$C:$C) -> 909 | X6: =SUMIF(data!$B:$B,B6,data!$D:$D) -> 227340258 | Y6: =IF(W6>0,X6/W6,0) -> 250099.29 | Z6: =SUMIF(data!$B:$B,B6,data!$E:$E) -> 247 | AA6: =SUMIF(data!$B:$B,B6,data!$F:$F) -> 56745127 | AB6: =IF(Z6>0,AA6/Z6,0) -> 229737.36 | AC6: =W6+Z6 -> 1156 | AD6: =X6+AA6 -> 284085385 | AE6: =IF(AC6>0,AD6/AC6,0) -> 245748.6
A7: Đường Láng | B7: Hứa Thị Kim Thoa | C7: CHT | D7: 150000 | E7: =AE7 -> 166213.64 | F7: {=IFERROR( ROUND( _xludf.LET( nt,$A7, nv,$B7, songay,DAY(EOMONTH($C$1,0)), doanhthungay,$I7, duan_nv,SUM_xlfn.IFS('Dự án T8'!$D:$D,'Dự án T8'!$A:$A,nt,'Dự án T8'!$B:$B,nv), duan_nt,SUM_xlfn.IFS('Dự án T8'!$D:$D,'Dự án T8'!$A:$A,nt), tyle,duan_nv/duan_nt, muc2_ngay,_xlfn.XLOOKUP(nt,'kpi nhà thuốc'!$B:$B,'kpi nhà thuốc'!$P:$P), muc3_ngay,_xlfn.XLOOKUP(nt,'kpi nhà thuốc'!$B:$B,'kpi nhà thuốc'!$T:$T), hangdiem1,_xlfn.XLOOKUP(nt,'kpi nhà thuốc'!$B:$B,'kpi nhà thuốc'!$I:$I), hangdiem2,_xlfn.XLOOKUP(nt,'kpi nhà thuốc'!$B:$B,'kpi nhà thuốc'!$N:$N), hangdiem3,_xlfn.XLOOKUP(nt,'kpi nhà thuốc'!$B:$B,'kpi nhà thuốc'!$R:$R), _xludf.SWITCH(TRUE, doanhthungay>=muc3_ngay,hangdiem3, doanhthungay>=muc2_ngay,hangdiem2, TRUE,hangdiem1 )/songay*tyle ), -3), 0)} -> 0 | G7: {=_xlfn.XLOOKUP(B7,'Dự án T8'!B:B,'Dự án T8'!D:D,0)} -> 268285.64 | H7: =Q7 -> 3900000 | I7: =(AD7/DAY($C$1)) -> 1044771.4 | J7: {=_xlfn.XLOOKUP(B7,'kpi nhà thuốc'!A:A,'kpi nhà thuốc'!F:F,(AD7/DAY($C$1))/U7)} -> 0.79120316 | K7: {=_xlfn.XLOOKUP( B7, 'kpi nhà thuốc'!A:A, 'kpi nhà thuốc'!G:G, IF( AND( OR(C7="DSXC",C7="DSCD"), G7>=F7),IF(AND(I7>=T7,E7>=D7),AD7*1.5%,IF(AND(I7>=T7,E7<D7),AD7*1.3%,IF(AND(I7>=S7,E7>=D7),AD7*1.3%,IF(AND(I7>=S7,E7<D7),AD7*1.1%,IF(AND(I7>=R7,E7>=D7),AD7*1.2%,IF(AND(I7>=R7,E7<D7),AD7*1%,"")))))),"" ) )} -> 0 | L7: =IF(C7="DSTV","", IF(J7<0.6, 0.8, 1)) -> 1 | M7: {=IFERROR( _xlfn.XLOOKUP( $A7&$B7, 'Dự án T8'!$A:$A&'Dự án T8'!$B:$B, 'Dự án T8'!$M:$M, 0 )*$L7, 0)} -> 0 | N7: =K7+M7*L7 -> 0 | O7: =CEILING(R7,100000) -> 3100000 | P7: =CEILING(S7,100000) -> 3500000 | Q7: =CEILING(T7,100000) -> 3900000 | R7: =U7*$R$2 -> 3096774.2 | S7: =U7*$S$2 -> 3483871 | T7: =U7*$T$2 -> 3870967.7 | U7: =V7/DAY('kpi nhà thuốc'!$T$1) -> 3870967.7 | V7: 120000000 | W7: =SUMIF(data!$B:$B,B7,data!$C:$C) -> 134 | X7: =SUMIF(data!$B:$B,B7,data!$D:$D) -> 11932300 | Y7: =IF(W7>0,X7/W7,0) -> 89047.015 | Z7: =SUMIF(data!$B:$B,B7,data!$E:$E) -> 42 | AA7: =SUMIF(data!$B:$B,B7,data!$F:$F) -> 17321300 | AB7: =IF(Z7>0,AA7/Z7,0) -> 412411.9 | AC7: =W7+Z7 -> 176 | AD7: =X7+AA7 -> 29253600 | AE7: =IF(AC7>0,AD7/AC7,0) -> 166213.64
A8: Đường Láng | B8: Lê Thị Soạn | C8: DSCD | D8: 183000 | E8: =AE8 -> 130638.68 | F8: {=IFERROR( ROUND( _xludf.LET( nt,$A8, nv,$B8, songay,DAY(EOMONTH($C$1,0)), doanhthungay,$I8, duan_nv,SUM_xlfn.IFS('Dự án T8'!$D:$D,'Dự án T8'!$A:$A,nt,'Dự án T8'!$B:$B,nv), duan_nt,SUM_xlfn.IFS('Dự án T8'!$D:$D,'Dự án T8'!$A:$A,nt), tyle,duan_nv/duan_nt, muc2_ngay,_xlfn.XLOOKUP(nt,'kpi nhà thuốc'!$B:$B,'kpi nhà thuốc'!$P:$P), muc3_ngay,_xlfn.XLOOKUP(nt,'kpi nhà thuốc'!$B:$B,'kpi nhà thuốc'!$T:$T), hangdiem1,_xlfn.XLOOKUP(nt,'kpi nhà thuốc'!$B:$B,'kpi nhà thuốc'!$I:$I), hangdiem2,_xlfn.XLOOKUP(nt,'kpi nhà thuốc'!$B:$B,'kpi nhà thuốc'!$N:$N), hangdiem3,_xlfn.XLOOKUP(nt,'kpi nhà thuốc'!$B:$B,'kpi nhà thuốc'!$R:$R), _xludf.SWITCH(TRUE, doanhthungay>=muc3_ngay,hangdiem3, doanhthungay>=muc2_ngay,hangdiem2, TRUE,hangdiem1 )/songay*tyle ), -3), 0)} -> 0 | G8: {=_xlfn.XLOOKUP(B8,'Dự án T8'!B:B,'Dự án T8'!D:D,0)} -> 3421012 | H8: =Q8 -> 7500000 | I8: =(AD8/DAY($C$1)) -> 6032707.7 | J8: {=_xlfn.XLOOKUP(B8,'kpi nhà thuốc'!A:A,'kpi nhà thuốc'!F:F,(AD8/DAY($C$1))/U8)} -> 0.81310408 | K8: {=_xlfn.XLOOKUP( B8, 'kpi nhà thuốc'!A:A, 'kpi nhà thuốc'!G:G, IF( AND( OR(C8="DSXC",C8="DSCD"), G8>=F8),IF(AND(I8>=T8,E8>=D8),AD8*1.5%,IF(AND(I8>=T8,E8<D8),AD8*1.3%,IF(AND(I8>=S8,E8>=D8),AD8*1.3%,IF(AND(I8>=S8,E8<D8),AD8*1.1%,IF(AND(I8>=R8,E8>=D8),AD8*1.2%,IF(AND(I8>=R8,E8<D8),AD8*1%,"")))))),"" ) )} -> #NAME? | L8: =IF(C8="DSTV","", IF(J8<0.6, 0.8, 1)) -> 1 | M8: {=IFERROR( _xlfn.XLOOKUP( $A8&$B8, 'Dự án T8'!$A:$A&'Dự án T8'!$B:$B, 'Dự án T8'!$M:$M, 0 )*$L8, 0)} -> 550000 | N8: =K8+M8*L8 -> #NAME? | O8: =CEILING(R8,100000) -> 6000000 | P8: =CEILING(S8,100000) -> 6700000 | Q8: =CEILING(T8,100000) -> 7500000 | R8: =U8*$R$2 -> 5935483.9 | S8: =U8*$S$2 -> 6677419.4 | T8: =U8*$T$2 -> 7419354.8 | U8: =V8/DAY('kpi nhà thuốc'!$T$1) -> 7419354.8 | V8: 230000000 | W8: =SUMIF(data!$B:$B,B8,data!$C:$C) -> 745 | X8: =SUMIF(data!$B:$B,B8,data!$D:$D) -> 84823161 | Y8: =IF(W8>0,X8/W8,0) -> 113856.59 | Z8: =SUMIF(data!$B:$B,B8,data!$E:$E) -> 548 | AA8: =SUMIF(data!$B:$B,B8,data!$F:$F) -> 84092655 | AB8: =IF(Z8>0,AA8/Z8,0) -> 153453.75 | AC8: =W8+Z8 -> 1293 | AD8: =X8+AA8 -> 168915816 | AE8: =IF(AC8>0,AD8/AC8,0) -> 130638.68
A9: Đường Láng | B9: Nguyễn Thị Tâm | C9: DSXC | D9: 178000 | E9: =AE9 -> 171563.8 | F9: {=IFERROR( ROUND( _xludf.LET( nt,$A9, nv,$B9, songay,DAY(EOMONTH($C$1,0)), doanhthungay,$I9, duan_nv,SUM_xlfn.IFS('Dự án T8'!$D:$D,'Dự án T8'!$A:$A,nt,'Dự án T8'!$B:$B,nv), duan_nt,SUM_xlfn.IFS('Dự án T8'!$D:$D,'Dự án T8'!$A:$A,nt), tyle,duan_nv/duan_nt, muc2_ngay,_xlfn.XLOOKUP(nt,'kpi nhà thuốc'!$B:$B,'kpi nhà thuốc'!$P:$P), muc3_ngay,_xlfn.XLOOKUP(nt,'kpi nhà thuốc'!$B:$B,'kpi nhà thuốc'!$T:$T), hangdiem1,_xlfn.XLOOKUP(nt,'kpi nhà thuốc'!$B:$B,'kpi nhà thuốc'!$I:$I), hangdiem2,_xlfn.XLOOKUP(nt,'kpi nhà thuốc'!$B:$B,'kpi nhà thuốc'!$N:$N), hangdiem3,_xlfn.XLOOKUP(nt,'kpi nhà thuốc'!$B:$B,'kpi nhà thuốc'!$R:$R), _xludf.SWITCH(TRUE, doanhthungay>=muc3_ngay,hangdiem3, doanhthungay>=muc2_ngay,hangdiem2, TRUE,hangdiem1 )/songay*tyle ), -3), 0)} -> 0 | G9: {=_xlfn.XLOOKUP(B9,'Dự án T8'!B:B,'Dự án T8'!D:D,0)} -> 2881220.8 | H9: =Q9 -> 6500000 | I9: =(AD9/DAY($C$1)) -> 5943460.2 | J9: {=_xlfn.XLOOKUP(B9,'kpi nhà thuốc'!A:A,'kpi nhà thuốc'!F:F,(AD9/DAY($C$1))/U9)} -> 0.92123633 | K9: {=_xlfn.XLOOKUP( B9, 'kpi nhà thuốc'!A:A, 'kpi nhà thuốc'!G:G, IF( AND( OR(C9="DSXC",C9="DSCD"), G9>=F9),IF(AND(I9>=T9,E9>=D9),AD9*1.5%,IF(AND(I9>=T9,E9<D9),AD9*1.3%,IF(AND(I9>=S9,E9>=D9),AD9*1.3%,IF(AND(I9>=S9,E9<D9),AD9*1.1%,IF(AND(I9>=R9,E9>=D9),AD9*1.2%,IF(AND(I9>=R9,E9<D9),AD9*1%,"")))))),"" ) )} -> #NAME? | L9: =IF(C9="DSTV","", IF(J9<0.6, 0.8, 1)) -> 1 | M9: {=IFERROR( _xlfn.XLOOKUP( $A9&$B9, 'Dự án T8'!$A:$A&'Dự án T8'!$B:$B, 'Dự án T8'!$M:$M, 0 )*$L9, 0)} -> 600000 | N9: =K9+M9*L9 -> #NAME? | O9: =CEILING(R9,100000) -> 5200000 | P9: =CEILING(S9,100000) -> 5900000 | Q9: =CEILING(T9,100000) -> 6500000 | R9: =U9*$R$2 -> 5161290.3 | S9: =U9*$S$2 -> 5806451.6 | T9: =U9*$T$2 -> 6451612.9 | U9: =V9/DAY('kpi nhà thuốc'!$T$1) -> 6451612.9 | V9: 200000000 | W9: =SUMIF(data!$B:$B,B9,data!$C:$C) -> 572 | X9: =SUMIF(data!$B:$B,B9,data!$D:$D) -> 69209294 | Y9: =IF(W9>0,X9/W9,0) -> 120995.27 | Z9: =SUMIF(data!$B:$B,B9,data!$E:$E) -> 398 | AA9: =SUMIF(data!$B:$B,B9,data!$F:$F) -> 97207592 | AB9: =IF(Z9>0,AA9/Z9,0) -> 244240.18 | AC9: =W9+Z9 -> 970 | AD9: =X9+AA9 -> 166416886 | AE9: =IF(AC9>0,AD9/AC9,0) -> 171563.8
A10: Đường Láng | B10: Nguyễn Thị Mai Duyên | C10: DSXC | D10: 241000 | E10: =AE10 -> 220068.96 | F10: {=IFERROR( ROUND( _xludf.LET( nt,$A10, nv,$B10, songay,DAY(EOMONTH($C$1,0)), doanhthungay,$I10, duan_nv,SUM_xlfn.IFS('Dự án T8'!$D:$D,'Dự án T8'!$A:$A,nt,'Dự án T8'!$B:$B,nv), duan_nt,SUM_xlfn.IFS('Dự án T8'!$D:$D,'Dự án T8'!$A:$A,nt), tyle,duan_nv/duan_nt, muc2_ngay,_xlfn.XLOOKUP(nt,'kpi nhà thuốc'!$B:$B,'kpi nhà thuốc'!$P:$P), muc3_ngay,_xlfn.XLOOKUP(nt,'kpi nhà thuốc'!$B:$B,'kpi nhà thuốc'!$T:$T), hangdiem1,_xlfn.XLOOKUP(nt,'kpi nhà thuốc'!$B:$B,'kpi nhà thuốc'!$I:$I), hangdiem2,_xlfn.XLOOKUP(nt,'kpi nhà thuốc'!$B:$B,'kpi nhà thuốc'!$N:$N), hangdiem3,_xlfn.XLOOKUP(nt,'kpi nhà thuốc'!$B:$B,'kpi nhà thuốc'!$R:$R), _xludf.SWITCH(TRUE, doanhthungay>=muc3_ngay,hangdiem3, doanhthungay>=muc2_ngay,hangdiem2, TRUE,hangdiem1 )/songay*tyle ), -3), 0)} -> 0 | G10: {=_xlfn.XLOOKUP(B10,'Dự án T8'!B:B,'Dự án T8'!D:D,0)} -> 3368580.7 | H10: =Q10 -> 7500000 | I10: =(AD10/DAY($C$1)) -> 7285854.5 | J10: {=_xlfn.XLOOKUP(B10,'kpi nhà thuốc'!A:A,'kpi nhà thuốc'!F:F,(AD10/DAY($C$1))/U10)} -> 0.98200648 | K10: {=_xlfn.XLOOKUP( B10, 'kpi nhà thuốc'!A:A, 'kpi nhà thuốc'!G:G, IF( AND( OR(C10="DSXC",C10="DSCD"), G10>=F10),IF(AND(I10>=T10,E10>=D10),AD10*1.5%,IF(AND(I10>=T10,E10<D10),AD10*1.3%,IF(AND(I10>=S10,E10>=D10),AD10*1.3%,IF(AND(I10>=S10,E10<D10),AD10*1.1%,IF(AND(I10>=R10,E10>=D10),AD10*1.2%,IF(AND(I10>=R10,E10<D10),AD10*1%,"")))))),"" ) )} -> #NAME? | L10: =IF(C10="DSTV","", IF(J10<0.6, 0.8, 1)) -> 1 | M10: {=IFERROR( _xlfn.XLOOKUP( $A10&$B10, 'Dự án T8'!$A:$A&'Dự án T8'!$B:$B, 'Dự án T8'!$M:$M, 0 )*$L10, 0)} -> 700000 | N10: =K10+M10*L10 -> #NAME? | O10: =CEILING(R10,100000) -> 6000000 | P10: =CEILING(S10,100000) -> 6700000 | Q10: =CEILING(T10,100000) -> 7500000 | R10: =U10*$R$2 -> 5935483.9 | S10: =U10*$S$2 -> 6677419.4 | T10: =U10*$T$2 -> 7419354.8 | U10: =V10/DAY('kpi nhà thuốc'!$T$1) -> 7419354.8 | V10: 230000000 | W10: =SUMIF(data!$B:$B,B10,data!$C:$C) -> 411 | X10: =SUMIF(data!$B:$B,B10,data!$D:$D) -> 52500960 | Y10: =IF(W10>0,X10/W10,0) -> 127739.56 | Z10: =SUMIF(data!$B:$B,B10,data!$E:$E) -> 516 | AA10: =SUMIF(data!$B:$B,B10,data!$F:$F) -> 151502967 | AB10: =IF(Z10>0,AA10/Z10,0) -> 293610.4 | AC10: =W10+Z10 -> 927 | AD10: =X10+AA10 -> 204003927 | AE10: =IF(AC10>0,AD10/AC10,0) -> 220068.96
A11: Đường Láng | B11: Trần Ngọc Dung | C11: DSXC | D11: 150000 | E11: =AE11 -> 217054.66 | F11: {=IFERROR( ROUND( _xludf.LET( nt,$A11, nv,$B11, songay,DAY(EOMONTH($C$1,0)), doanhthungay,$I11, duan_nv,SUM_xlfn.IFS('Dự án T8'!$D:$D,'Dự án T8'!$A:$A,nt,'Dự án T8'!$B:$B,nv), duan_nt,SUM_xlfn.IFS('Dự án T8'!$D:$D,'Dự án T8'!$A:$A,nt), tyle,duan_nv/duan_nt, muc2_ngay,_xlfn.XLOOKUP(nt,'kpi nhà thuốc'!$B:$B,'kpi nhà thuốc'!$P:$P), muc3_ngay,_xlfn.XLOOKUP(nt,'kpi nhà thuốc'!$B:$B,'kpi nhà thuốc'!$T:$T), hangdiem1,_xlfn.XLOOKUP(nt,'kpi nhà thuốc'!$B:$B,'kpi nhà thuốc'!$I:$I), hangdiem2,_xlfn.XLOOKUP(nt,'kpi nhà thuốc'!$B:$B,'kpi nhà thuốc'!$N:$N), hangdiem3,_xlfn.XLOOKUP(nt,'kpi nhà thuốc'!$B:$B,'kpi nhà thuốc'!$R:$R), _xludf.SWITCH(TRUE, doanhthungay>=muc3_ngay,hangdiem3, doanhthungay>=muc2_ngay,hangdiem2, TRUE,hangdiem1 )/songay*tyle ), -3), 0)} -> 0 | G11: {=_xlfn.XLOOKUP(B11,'Dự án T8'!B:B,'Dự án T8'!D:D,0)} -> 763078.43 | H11: =Q11 -> 6500000 | I11: =(AD11/DAY($C$1)) -> 4705435 | J11: {=_xlfn.XLOOKUP(B11,'kpi nhà thuốc'!A:A,'kpi nhà thuốc'!F:F,(AD11/DAY($C$1))/U11)} -> 0.72934243 | K11: {=_xlfn.XLOOKUP( B11, 'kpi nhà thuốc'!A:A, 'kpi nhà thuốc'!G:G, IF( AND( OR(C11="DSXC",C11="DSCD"), G11>=F11),IF(AND(I11>=T11,E11>=D11),AD11*1.5%,IF(AND(I11>=T11,E11<D11),AD11*1.3%,IF(AND(I11>=S11,E11>=D11),AD11*1.3%,IF(AND(I11>=S11,E11<D11),AD11*1.1%,IF(AND(I11>=R11,E11>=D11),AD11*1.2%,IF(AND(I11>=R11,E11<D11),AD11*1%,"")))))),"" ) )} -> #NAME? | L11: =IF(C11="DSTV","", IF(J11<0.6, 0.8, 1)) -> 1 | M11: {=IFERROR( _xlfn.XLOOKUP( $A11&$B11, 'Dự án T8'!$A:$A&'Dự án T8'!$B:$B, 'Dự án T8'!$M:$M, 0 )*$L11, 0)} -> 0 | N11: =K11+M11*L11 -> #NAME? | O11: =CEILING(R11,100000) -> 5200000 | P11: =CEILING(S11,100000) -> 5900000 | Q11: =CEILING(T11,100000) -> 6500000 | R11: =U11*$R$2 -> 5161290.3 | S11: =U11*$S$2 -> 5806451.6 | T11: =U11*$T$2 -> 6451612.9 | U11: =V11/DAY('kpi nhà thuốc'!$T$1) -> 6451612.9 | V11: 200000000 | W11: =SUMIF(data!$B:$B,B11,data!$C:$C) -> 257 | X11: =SUMIF(data!$B:$B,B11,data!$D:$D) -> 25130380 | Y11: =IF(W11>0,X11/W11,0) -> 97783.58 | Z11: =SUMIF(data!$B:$B,B11,data!$E:$E) -> 350 | AA11: =SUMIF(data!$B:$B,B11,data!$F:$F) -> 106621800 | AB11: =IF(Z11>0,AA11/Z11,0) -> 304633.71 | AC11: =W11+Z11 -> 607 | AD11: =X11+AA11 -> 131752180 | AE11: =IF(AC11>0,AD11/AC11,0) -> 217054.66
A12: Trường Sa | B12: Nguyễn Trần Ngọc Phương | C12: Q.CHT | D12: 150000 | E12: =AE12 -> 98864.721 | F12: {=IFERROR( ROUND( _xludf.LET( nt,$A12, nv,$B12, songay,DAY(EOMONTH($C$1,0)), doanhthungay,$I12, duan_nv,SUM_xlfn.IFS('Dự án T8'!$D:$D,'Dự án T8'!$A:$A,nt,'Dự án T8'!$B:$B,nv), duan_nt,SUM_xlfn.IFS('Dự án T8'!$D:$D,'Dự án T8'!$A:$A,nt), tyle,duan_nv/duan_nt, muc2_ngay,_xlfn.XLOOKUP(nt,'kpi nhà thuốc'!$B:$B,'kpi nhà thuốc'!$P:$P), muc3_ngay,_xlfn.XLOOKUP(nt,'kpi nhà thuốc'!$B:$B,'kpi nhà thuốc'!$T:$T), hangdiem1,_xlfn.XLOOKUP(nt,'kpi nhà thuốc'!$B:$B,'kpi nhà thuốc'!$I:$I), hangdiem2,_xlfn.XLOOKUP(nt,'kpi nhà thuốc'!$B:$B,'kpi nhà thuốc'!$N:$N), hangdiem3,_xlfn.XLOOKUP(nt,'kpi nhà thuốc'!$B:$B,'kpi nhà thuốc'!$R:$R), _xludf.SWITCH(TRUE, doanhthungay>=muc3_ngay,hangdiem3, doanhthungay>=muc2_ngay,hangdiem2, TRUE,hangdiem1 )/songay*tyle ), -3), 0)} -> 0 | G12: {=_xlfn.XLOOKUP(B12,'Dự án T8'!B:B,'Dự án T8'!D:D,0)} -> 820280.39 | H12: =Q12 -> 3600000 | I12: =(AD12/DAY($C$1)) -> 2051443 | J12: {=_xlfn.XLOOKUP(B12,'kpi nhà thuốc'!A:A,'kpi nhà thuốc'!F:F,(AD12/DAY($C$1))/U12)} -> 0.73144283 | K12: {=_xlfn.XLOOKUP( B12, 'kpi nhà thuốc'!A:A, 'kpi nhà thuốc'!G:G, IF( AND( OR(C12="DSXC",C12="DSCD"), G12>=F12),IF(AND(I12>=T12,E12>=D12),AD12*1.5%,IF(AND(I12>=T12,E12<D12),AD12*1.3%,IF(AND(I12>=S12,E12>=D12),AD12*1.3%,IF(AND(I12>=S12,E12<D12),AD12*1.1%,IF(AND(I12>=R12,E12>=D12),AD12*1.2%,IF(AND(I12>=R12,E12<D12),AD12*1%,"")))))),"" ) )} -> 0 | L12: =IF(C12="DSTV","", IF(J12<0.6, 0.8, 1)) -> 1 | M12: {=IFERROR( _xlfn.XLOOKUP( $A12&$B12, 'Dự án T8'!$A:$A&'Dự án T8'!$B:$B, 'Dự án T8'!$M:$M, 0 )*$L12, 0)} -> 0 | N12: =K12+M12*L12 -> 0 | O12: =CEILING(R12,100000) -> 2900000 | P12: =CEILING(S12,100000) -> 3200000 | Q12: =CEILING(T12,100000) -> 3600000 | R12: =U12*$R$2 -> 2838709.7 | S12: =U12*$S$2 -> 3193548.4 | T12: =U12*$T$2 -> 3548387.1 | U12: =V12/DAY('kpi nhà thuốc'!$T$1) -> 3548387.1 | V12: 110000000 | W12: =SUMIF(data!$B:$B,B12,data!$C:$C) -> 359 | X12: =SUMIF(data!$B:$B,B12,data!$D:$D) -> 24147102 | Y12: =IF(W12>0,X12/W12,0) -> 67262.123 | Z12: =SUMIF(data!$B:$B,B12,data!$E:$E) -> 222 | AA12: =SUMIF(data!$B:$B,B12,data!$F:$F) -> 33293301 | AB12: =IF(Z12>0,AA12/Z12,0) -> 149969.82 | AC12: =W12+Z12 -> 581 | AD12: =X12+AA12 -> 57440403 | AE12: =IF(AC12>0,AD12/AC12,0) -> 98864.721
A13: Trường Sa | B13: Phạm Nguyễn Ngọc Quý | C13: DSXC | D13: 175000 | E13: =AE13 -> 115875.27 | F13: {=IFERROR( ROUND( _xludf.LET( nt,$A13, nv,$B13, songay,DAY(EOMONTH($C$1,0)), doanhthungay,$I13, duan_nv,SUM_xlfn.IFS('Dự án T8'!$D:$D,'Dự án T8'!$A:$A,nt,'Dự án T8'!$B:$B,nv), duan_nt,SUM_xlfn.IFS('Dự án T8'!$D:$D,'Dự án T8'!$A:$A,nt), tyle,duan_nv/duan_nt, muc2_ngay,_xlfn.XLOOKUP(nt,'kpi nhà thuốc'!$B:$B,'kpi nhà thuốc'!$P:$P), muc3_ngay,_xlfn.XLOOKUP(nt,'kpi nhà thuốc'!$B:$B,'kpi nhà thuốc'!$T:$T), hangdiem1,_xlfn.XLOOKUP(nt,'kpi nhà thuốc'!$B:$B,'kpi nhà thuốc'!$I:$I), hangdiem2,_xlfn.XLOOKUP(nt,'kpi nhà thuốc'!$B:$B,'kpi nhà thuốc'!$N:$N), hangdiem3,_xlfn.XLOOKUP(nt,'kpi nhà thuốc'!$B:$B,'kpi nhà thuốc'!$R:$R), _xludf.SWITCH(TRUE, doanhthungay>=muc3_ngay,hangdiem3, doanhthungay>=muc2_ngay,hangdiem2, TRUE,hangdiem1 )/songay*tyle ), -3), 0)} -> 0 | G13: {=_xlfn.XLOOKUP(B13,'Dự án T8'!B:B,'Dự án T8'!D:D,0)} -> 835680.64 | H13: =Q13 -> 3800000 | I13: =(AD13/DAY($C$1)) -> 2317505.4 | J13: {=_xlfn.XLOOKUP(B13,'kpi nhà thuốc'!A:A,'kpi nhà thuốc'!F:F,(AD13/DAY($C$1))/U13)} -> 0.62471884 | K13: {=_xlfn.XLOOKUP( B13, 'kpi nhà thuốc'!A:A, 'kpi nhà thuốc'!G:G, IF( AND( OR(C13="DSXC",C13="DSCD"), G13>=F13),IF(AND(I13>=T13,E13>=D13),AD13*1.5%,IF(AND(I13>=T13,E13<D13),AD13*1.3%,IF(AND(I13>=S13,E13>=D13),AD13*1.3%,IF(AND(I13>=S13,E13<D13),AD13*1.1%,IF(AND(I13>=R13,E13>=D13),AD13*1.2%,IF(AND(I13>=R13,E13<D13),AD13*1%,"")))))),"" ) )} -> #NAME? | L13: =IF(C13="DSTV","", IF(J13<0.6, 0.8, 1)) -> 1 | M13: {=IFERROR( _xlfn.XLOOKUP( $A13&$B13, 'Dự án T8'!$A:$A&'Dự án T8'!$B:$B, 'Dự án T8'!$M:$M, 0 )*$L13, 0)} -> 0 | N13: =K13+M13*L13 -> #NAME? | O13: =CEILING(R13,100000) -> 3000000 | P13: =CEILING(S13,100000) -> 3400000 | Q13: =CEILING(T13,100000) -> 3800000 | R13: =U13*$R$2 -> 2967741.9 | S13: =U13*$S$2 -> 3338709.7 | T13: =U13*$T$2 -> 3709677.4 | U13: =V13/DAY('kpi nhà thuốc'!$T$1) -> 3709677.4 | V13: 115000000 | W13: =SUMIF(data!$B:$B,B13,data!$C:$C) -> 357 | X13: =SUMIF(data!$B:$B,B13,data!$D:$D) -> 25728300 | Y13: =IF(W13>0,X13/W13,0) -> 72068.067 | Z13: =SUMIF(data!$B:$B,B13,data!$E:$E) -> 203 | AA13: =SUMIF(data!$B:$B,B13,data!$F:$F) -> 39161850 | AB13: =IF(Z13>0,AA13/Z13,0) -> 192915.52 | AC13: =W13+Z13 -> 560 | AD13: =X13+AA13 -> 64890150 | AE13: =IF(AC13>0,AD13/AC13,0) -> 115875.27
A14: Trường Sa | B14: Nguyễn Ngọc Anh Thư | C14: DSCD (TV) | D14: 150000 | E14: =AE14 -> 95087.021 | F14: {=IFERROR( ROUND( _xludf.LET( nt,$A14, nv,$B14, songay,DAY(EOMONTH($C$1,0)), doanhthungay,$I14, duan_nv,SUM_xlfn.IFS('Dự án T8'!$D:$D,'Dự án T8'!$A:$A,nt,'Dự án T8'!$B:$B,nv), duan_nt,SUM_xlfn.IFS('Dự án T8'!$D:$D,'Dự án T8'!$A:$A,nt), tyle,duan_nv/duan_nt, muc2_ngay,_xlfn.XLOOKUP(nt,'kpi nhà thuốc'!$B:$B,'kpi nhà thuốc'!$P:$P), muc3_ngay,_xlfn.XLOOKUP(nt,'kpi nhà thuốc'!$B:$B,'kpi nhà thuốc'!$T:$T), hangdiem1,_xlfn.XLOOKUP(nt,'kpi nhà thuốc'!$B:$B,'kpi nhà thuốc'!$I:$I), hangdiem2,_xlfn.XLOOKUP(nt,'kpi nhà thuốc'!$B:$B,'kpi nhà thuốc'!$N:$N), hangdiem3,_xlfn.XLOOKUP(nt,'kpi nhà thuốc'!$B:$B,'kpi nhà thuốc'!$R:$R), _xludf.SWITCH(TRUE, doanhthungay>=muc3_ngay,hangdiem3, doanhthungay>=muc2_ngay,hangdiem2, TRUE,hangdiem1 )/songay*tyle ), -3), 0)} -> 0 | G14: {=_xlfn.XLOOKUP(B14,'Dự án T8'!B:B,'Dự án T8'!D:D,0)} -> 323234.29 | H14: =Q14 -> 3100000 | I14: =(AD14/DAY($C$1)) -> 798051.79 | J14: {=_xlfn.XLOOKUP(B14,'kpi nhà thuốc'!A:A,'kpi nhà thuốc'!F:F,(AD14/DAY($C$1))/U14)} -> 0.2604169 | K14: {=_xlfn.XLOOKUP( B14, 'kpi nhà thuốc'!A:A, 'kpi nhà thuốc'!G:G, IF( AND( OR(C14="DSXC",C14="DSCD"), G14>=F14),IF(AND(I14>=T14,E14>=D14),AD14*1.5%,IF(AND(I14>=T14,E14<D14),AD14*1.3%,IF(AND(I14>=S14,E14>=D14),AD14*1.3%,IF(AND(I14>=S14,E14<D14),AD14*1.1%,IF(AND(I14>=R14,E14>=D14),AD14*1.2%,IF(AND(I14>=R14,E14<D14),AD14*1%,"")))))),"" ) )} | L14: =IF(C14="DSTV","", IF(J14<0.6, 0.8, 1)) -> 0.8 | M14: {=IFERROR( _xlfn.XLOOKUP( $A14&$B14, 'Dự án T8'!$A:$A&'Dự án T8'!$B:$B, 'Dự án T8'!$M:$M, 0 )*$L14, 0)} -> 0 | N14: =K14+M14*L14 -> #VALUE! | O14: =CEILING(R14,100000) -> 2500000 | P14: =CEILING(S14,100000) -> 2800000 | Q14: =CEILING(T14,100000) -> 3100000 | R14: =U14*$R$2 -> 2451612.9 | S14: =U14*$S$2 -> 2758064.5 | T14: =U14*$T$2 -> 3064516.1 | U14: =V14/DAY('kpi nhà thuốc'!$T$1) -> 3064516.1 | V14: 95000000 | W14: =SUMIF(data!$B:$B,B14,data!$C:$C) -> 124 | X14: =SUMIF(data!$B:$B,B14,data!$D:$D) -> 7987200 | Y14: =IF(W14>0,X14/W14,0) -> 64412.903 | Z14: =SUMIF(data!$B:$B,B14,data!$E:$E) -> 111 | AA14: =SUMIF(data!$B:$B,B14,data!$F:$F) -> 14358250 | AB14: =IF(Z14>0,AA14/Z14,0) -> 129353.6 | AC14: =W14+Z14 -> 235 | AD14: =X14+AA14 -> 22345450 | AE14: =IF(AC14>0,AD14/AC14,0) -> 95087.021
... A25: Minh Châu | B25: Nguyễn Ngọc Thùy | C25: DSHV | D25: 100000 | E25: =AE25 -> 74170.301 | F25: {=IFERROR( ROUND( _xludf.LET( nt,$A25, nv,$B25, songay,DAY(EOMONTH($C$1,0)), doanhthungay,$I25, duan_nv,SUM_xlfn.IFS('Dự án T8'!$D:$D,'Dự án T8'!$A:$A,nt,'Dự án T8'!$B:$B,nv), duan_nt,SUM_xlfn.IFS('Dự án T8'!$D:$D,'Dự án T8'!$A:$A,nt), tyle,duan_nv/duan_nt, muc2_ngay,_xlfn.XLOOKUP(nt,'kpi nhà thuốc'!$B:$B,'kpi nhà thuốc'!$P:$P), muc3_ngay,_xlfn.XLOOKUP(nt,'kpi nhà thuốc'!$B:$B,'kpi nhà thuốc'!$T:$T), hangdiem1,_xlfn.XLOOKUP(nt,'kpi nhà thuốc'!$B:$B,'kpi nhà thuốc'!$I:$I), hangdiem2,_xlfn.XLOOKUP(nt,'kpi nhà thuốc'!$B:$B,'kpi nhà thuốc'!$N:$N), hangdiem3,_xlfn.XLOOKUP(nt,'kpi nhà thuốc'!$B:$B,'kpi nhà thuốc'!$R:$R), _xludf.SWITCH(TRUE, doanhthungay>=muc3_ngay,hangdiem3, doanhthungay>=muc2_ngay,hangdiem2, TRUE,hangdiem1 )/songay*tyle ), -3), 0)} -> 0 | G25: {=_xlfn.XLOOKUP(B25,'Dự án T8'!B:B,'Dự án T8'!D:D,0)} -> 115239.75 | H25: =Q25 -> 3300000 | I25: =(AD25/DAY($C$1)) -> 352308.93 | J25: {=_xlfn.XLOOKUP(B25,'kpi nhà thuốc'!A:A,'kpi nhà thuốc'!F:F,(AD25/DAY($C$1))/U25)} -> 0.10921577 | K25: {=_xlfn.XLOOKUP( B25, 'kpi nhà thuốc'!A:A, 'kpi nhà thuốc'!G:G, IF( AND( OR(C25="DSXC",C25="DSCD"), G25>=F25),IF(AND(I25>=T25,E25>=D25),AD25*1.5%,IF(AND(I25>=T25,E25<D25),AD25*1.3%,IF(AND(I25>=S25,E25>=D25),AD25*1.3%,IF(AND(I25>=S25,E25<D25),AD25*1.1%,IF(AND(I25>=R25,E25>=D25),AD25*1.2%,IF(AND(I25>=R25,E25<D25),AD25*1%,"")))))),"" ) )} | L25: =IF(C25="DSTV","", IF(J25<0.6, 0.8, 1)) -> 0.8 | M25: {=IFERROR( _xlfn.XLOOKUP( $A25&$B25, 'Dự án T8'!$A:$A&'Dự án T8'!$B:$B, 'Dự án T8'!$M:$M, 0 )*$L25, 0)} -> 0 | N25: =K25+M25*L25 -> #VALUE! | O25: =CEILING(R25,100000) -> 2600000 | P25: =CEILING(S25,100000) -> 3000000 | Q25: =CEILING(T25,100000) -> 3300000 | R25: =U25*$R$2 -> 2580645.2 | S25: =U25*$S$2 -> 2903225.8 | T25: =U25*$T$2 -> 3225806.5 | U25: =V25/DAY('kpi nhà thuốc'!$T$1) -> 3225806.5 | V25: 100000000 | W25: =SUMIF(data!$B:$B,B25,data!$C:$C) -> 118 | X25: =SUMIF(data!$B:$B,B25,data!$D:$D) -> 8323800 | Y25: =IF(W25>0,X25/W25,0) -> 70540.678 | Z25: =SUMIF(data!$B:$B,B25,data!$E:$E) -> 15 | AA25: =SUMIF(data!$B:$B,B25,data!$F:$F) -> 1540850 | AB25: =IF(Z25>0,AA25/Z25,0) -> 102723.33 | AC25: =W25+Z25 -> 133 | AD25: =X25+AA25 -> 9864650 | AE25: =IF(AC25>0,AD25/AC25,0) -> 74170.301
A26: Minh Châu | B26: Trịnh Thị Phượng | C26: DSCD | E26: =AE26 -> 97201.507 | F26: {=IFERROR( ROUND( _xludf.LET( nt,$A26, nv,$B26, songay,DAY(EOMONTH($C$1,0)), doanhthungay,$I26, duan_nv,SUM_xlfn.IFS('Dự án T8'!$D:$D,'Dự án T8'!$A:$A,nt,'Dự án T8'!$B:$B,nv), duan_nt,SUM_xlfn.IFS('Dự án T8'!$D:$D,'Dự án T8'!$A:$A,nt), tyle,duan_nv/duan_nt, muc2_ngay,_xlfn.XLOOKUP(nt,'kpi nhà thuốc'!$B:$B,'kpi nhà thuốc'!$P:$P), muc3_ngay,_xlfn.XLOOKUP(nt,'kpi nhà thuốc'!$B:$B,'kpi nhà thuốc'!$T:$T), hangdiem1,_xlfn.XLOOKUP(nt,'kpi nhà thuốc'!$B:$B,'kpi nhà thuốc'!$I:$I), hangdiem2,_xlfn.XLOOKUP(nt,'kpi nhà thuốc'!$B:$B,'kpi nhà thuốc'!$N:$N), hangdiem3,_xlfn.XLOOKUP(nt,'kpi nhà thuốc'!$B:$B,'kpi nhà thuốc'!$R:$R), _xludf.SWITCH(TRUE, doanhthungay>=muc3_ngay,hangdiem3, doanhthungay>=muc2_ngay,hangdiem2, TRUE,hangdiem1 )/songay*tyle ), -3), 0)} -> 0 | G26: {=_xlfn.XLOOKUP(B26,'Dự án T8'!B:B,'Dự án T8'!D:D,0)} -> 1875086.3 | H26: =Q26 -> 3800000 | I26: =(AD26/DAY($C$1)) -> 3547855 | J26: {=_xlfn.XLOOKUP(B26,'kpi nhà thuốc'!A:A,'kpi nhà thuốc'!F:F,(AD26/DAY($C$1))/U26)} -> 0.9563783 | K26: {=_xlfn.XLOOKUP( B26, 'kpi nhà thuốc'!A:A, 'kpi nhà thuốc'!G:G, IF( AND( OR(C26="DSXC",C26="DSCD"), G26>=F26),IF(AND(I26>=T26,E26>=D26),AD26*1.5%,IF(AND(I26>=T26,E26<D26),AD26*1.3%,IF(AND(I26>=S26,E26>=D26),AD26*1.3%,IF(AND(I26>=S26,E26<D26),AD26*1.1%,IF(AND(I26>=R26,E26>=D26),AD26*1.2%,IF(AND(I26>=R26,E26<D26),AD26*1%,"")))))),"" ) )} -> #NAME? | L26: =IF(C26="DSTV","", IF(J26<0.6, 0.8, 1)) -> 1 | M26: {=IFERROR( _xlfn.XLOOKUP( $A26&$B26, 'Dự án T8'!$A:$A&'Dự án T8'!$B:$B, 'Dự án T8'!$M:$M, 0 )*$L26, 0)} -> 0 | N26: =K26+M26*L26 -> #NAME? | O26: =CEILING(R26,100000) -> 3000000 | P26: =CEILING(S26,100000) -> 3400000 | Q26: =CEILING(T26,100000) -> 3800000 | R26: =U26*$R$2 -> 2967741.9 | S26: =U26*$S$2 -> 3338709.7 | T26: =U26*$T$2 -> 3709677.4 | U26: =V26/DAY('kpi nhà thuốc'!$T$1) -> 3709677.4 | V26: 115000000 | W26: =SUMIF(data!$B:$B,B26,data!$C:$C) -> 842 | X26: =SUMIF(data!$B:$B,B26,data!$D:$D) -> 74277000 | Y26: =IF(W26>0,X26/W26,0) -> 88214.964 | Z26: =SUMIF(data!$B:$B,B26,data!$E:$E) -> 180 | AA26: =SUMIF(data!$B:$B,B26,data!$F:$F) -> 25062940 | AB26: =IF(Z26>0,AA26/Z26,0) -> 139238.56 | AC26: =W26+Z26 -> 1022 | AD26: =X26+AA26 -> 99339940 | AE26: =IF(AC26>0,AD26/AC26,0) -> 97201.507
A27: Nam Hòa | B27: Trần Thị Ánh Nguyệt | C27: DSCD | D27: 120000 | E27: =AE27 -> 94801.427 | F27: {=IFERROR( ROUND( _xludf.LET( nt,$A27, nv,$B27, songay,DAY(EOMONTH($C$1,0)), doanhthungay,$I27, duan_nv,SUM_xlfn.IFS('Dự án T8'!$D:$D,'Dự án T8'!$A:$A,nt,'Dự án T8'!$B:$B,nv), duan_nt,SUM_xlfn.IFS('Dự án T8'!$D:$D,'Dự án T8'!$A:$A,nt), tyle,duan_nv/duan_nt, muc2_ngay,_xlfn.XLOOKUP(nt,'kpi nhà thuốc'!$B:$B,'kpi nhà thuốc'!$P:$P), muc3_ngay,_xlfn.XLOOKUP(nt,'kpi nhà thuốc'!$B:$B,'kpi nhà thuốc'!$T:$T), hangdiem1,_xlfn.XLOOKUP(nt,'kpi nhà thuốc'!$B:$B,'kpi nhà thuốc'!$I:$I), hangdiem2,_xlfn.XLOOKUP(nt,'kpi nhà thuốc'!$B:$B,'kpi nhà thuốc'!$N:$N), hangdiem3,_xlfn.XLOOKUP(nt,'kpi nhà thuốc'!$B:$B,'kpi nhà thuốc'!$R:$R), _xludf.SWITCH(TRUE, doanhthungay>=muc3_ngay,hangdiem3, doanhthungay>=muc2_ngay,hangdiem2, TRUE,hangdiem1 )/songay*tyle ), -3), 0)} -> 0 | G27: {=_xlfn.XLOOKUP(B27,'Dự án T8'!B:B,'Dự án T8'!D:D,0)} -> 1382847.9 | H27: =Q27 -> 3300000 | I27: =(AD27/DAY($C$1)) -> 2610425 | J27: {=_xlfn.XLOOKUP(B27,'kpi nhà thuốc'!A:A,'kpi nhà thuốc'!F:F,(AD27/DAY($C$1))/U27)} -> 0.80923175 | K27: {=_xlfn.XLOOKUP( B27, 'kpi nhà thuốc'!A:A, 'kpi nhà thuốc'!G:G, IF( AND( OR(C27="DSXC",C27="DSCD"), G27>=F27),IF(AND(I27>=T27,E27>=D27),AD27*1.5%,IF(AND(I27>=T27,E27<D27),AD27*1.3%,IF(AND(I27>=S27,E27>=D27),AD27*1.3%,IF(AND(I27>=S27,E27<D27),AD27*1.1%,IF(AND(I27>=R27,E27>=D27),AD27*1.2%,IF(AND(I27>=R27,E27<D27),AD27*1%,"")))))),"" ) )} -> #NAME? | L27: =IF(C27="DSTV","", IF(J27<0.6, 0.8, 1)) -> 1 | M27: {=IFERROR( _xlfn.XLOOKUP( $A27&$B27, 'Dự án T8'!$A:$A&'Dự án T8'!$B:$B, 'Dự án T8'!$M:$M, 0 )*$L27, 0)} -> 500000 | N27: =K27+M27*L27 -> #NAME? | O27: =CEILING(R27,100000) -> 2600000 | P27: =CEILING(S27,100000) -> 3000000 | Q27: =CEILING(T27,100000) -> 3300000 | R27: =U27*$R$2 -> 2580645.2 | S27: =U27*$S$2 -> 2903225.8 | T27: =U27*$T$2 -> 3225806.5 | U27: =V27/DAY('kpi nhà thuốc'!$T$1) -> 3225806.5 | V27: 100000000 | W27: =SUMIF(data!$B:$B,B27,data!$C:$C) -> 593 | X27: =SUMIF(data!$B:$B,B27,data!$D:$D) -> 45493300 | Y27: =IF(W27>0,X27/W27,0) -> 76717.201 | Z27: =SUMIF(data!$B:$B,B27,data!$E:$E) -> 178 | AA27: =SUMIF(data!$B:$B,B27,data!$F:$F) -> 27598600 | AB27: =IF(Z27>0,AA27/Z27,0) -> 155048.31 | AC27: =W27+Z27 -> 771 | AD27: =X27+AA27 -> 73091900 | AE27: =IF(AC27>0,AD27/AC27,0) -> 94801.427
A28: Nam Hòa | B28: Nguyễn Thị Huyền Trang | C28: DSXC (TV) | E28: =AE28 -> 125547.79 | F28: {=IFERROR( ROUND( _xludf.LET( nt,$A28, nv,$B28, songay,DAY(EOMONTH($C$1,0)), doanhthungay,$I28, duan_nv,SUM_xlfn.IFS('Dự án T8'!$D:$D,'Dự án T8'!$A:$A,nt,'Dự án T8'!$B:$B,nv), duan_nt,SUM_xlfn.IFS('Dự án T8'!$D:$D,'Dự án T8'!$A:$A,nt), tyle,duan_nv/duan_nt, muc2_ngay,_xlfn.XLOOKUP(nt,'kpi nhà thuốc'!$B:$B,'kpi nhà thuốc'!$P:$P), muc3_ngay,_xlfn.XLOOKUP(nt,'kpi nhà thuốc'!$B:$B,'kpi nhà thuốc'!$T:$T), hangdiem1,_xlfn.XLOOKUP(nt,'kpi nhà thuốc'!$B:$B,'kpi nhà thuốc'!$I:$I), hangdiem2,_xlfn.XLOOKUP(nt,'kpi nhà thuốc'!$B:$B,'kpi nhà thuốc'!$N:$N), hangdiem3,_xlfn.XLOOKUP(nt,'kpi nhà thuốc'!$B:$B,'kpi nhà thuốc'!$R:$R), _xludf.SWITCH(TRUE, doanhthungay>=muc3_ngay,hangdiem3, doanhthungay>=muc2_ngay,hangdiem2, TRUE,hangdiem1 )/songay*tyle ), -3), 0)} -> 0 | G28: {=_xlfn.XLOOKUP(B28,'Dự án T8'!B:B,'Dự án T8'!D:D,0)} -> 334543 | H28: =Q28 -> 2000000 | I28: =(AD28/DAY($C$1)) -> 1623153.6 | J28: {=_xlfn.XLOOKUP(B28,'kpi nhà thuốc'!A:A,'kpi nhà thuốc'!F:F,(AD28/DAY($C$1))/U28)} -> 0.83862935 | K28: {=_xlfn.XLOOKUP( B28, 'kpi nhà thuốc'!A:A, 'kpi nhà thuốc'!G:G, IF( AND( OR(C28="DSXC",C28="DSCD"), G28>=F28),IF(AND(I28>=T28,E28>=D28),AD28*1.5%,IF(AND(I28>=T28,E28<D28),AD28*1.3%,IF(AND(I28>=S28,E28>=D28),AD28*1.3%,IF(AND(I28>=S28,E28<D28),AD28*1.1%,IF(AND(I28>=R28,E28>=D28),AD28*1.2%,IF(AND(I28>=R28,E28<D28),AD28*1%,"")))))),"" ) )} | L28: =IF(C28="DSTV","", IF(J28<0.6, 0.8, 1)) -> 1 | M28: {=IFERROR( _xlfn.XLOOKUP( $A28&$B28, 'Dự án T8'!$A:$A&'Dự án T8'!$B:$B, 'Dự án T8'!$M:$M, 0 )*$L28, 0)} -> 0 | N28: =K28+M28*L28 -> #VALUE! | O28: =CEILING(R28,100000) -> 1600000 | P28: =CEILING(S28,100000) -> 1800000 | Q28: =CEILING(T28,100000) -> 2000000 | R28: =U28*$R$2 -> 1548387.1 | S28: =U28*$S$2 -> 1741935.5 | T28: =U28*$T$2 -> 1935483.9 | U28: =V28/DAY('kpi nhà thuốc'!$T$1) -> 1935483.9 | V28: 60000000 | W28: =SUMIF(data!$B:$B,B28,data!$C:$C) -> 253 | X28: =SUMIF(data!$B:$B,B28,data!$D:$D) -> 16117800 | Y28: =IF(W28>0,X28/W28,0) -> 63706.719 | Z28: =SUMIF(data!$B:$B,B28,data!$E:$E) -> 109 | AA28: =SUMIF(data!$B:$B,B28,data!$F:$F) -> 29330500 | AB28: =IF(Z28>0,AA28/Z28,0) -> 269087.16 | AC28: =W28+Z28 -> 362 | AD28: =X28+AA28 -> 45448300 | AE28: =IF(AC28>0,AD28/AC28,0) -> 125547.79
A29: Nam Hòa | B29: Đỗ Thị Kim Tiến | C29: DSCD (TV) | E29: =AE29 -> 115926.45 | F29: {=IFERROR( ROUND( _xludf.LET( nt,$A29, nv,$B29, songay,DAY(EOMONTH($C$1,0)), doanhthungay,$I29, duan_nv,SUM_xlfn.IFS('Dự án T8'!$D:$D,'Dự án T8'!$A:$A,nt,'Dự án T8'!$B:$B,nv), duan_nt,SUM_xlfn.IFS('Dự án T8'!$D:$D,'Dự án T8'!$A:$A,nt), tyle,duan_nv/duan_nt, muc2_ngay,_xlfn.XLOOKUP(nt,'kpi nhà thuốc'!$B:$B,'kpi nhà thuốc'!$P:$P), muc3_ngay,_xlfn.XLOOKUP(nt,'kpi nhà thuốc'!$B:$B,'kpi nhà thuốc'!$T:$T), hangdiem1,_xlfn.XLOOKUP(nt,'kpi nhà thuốc'!$B:$B,'kpi nhà thuốc'!$I:$I), hangdiem2,_xlfn.XLOOKUP(nt,'kpi nhà thuốc'!$B:$B,'kpi nhà thuốc'!$N:$N), hangdiem3,_xlfn.XLOOKUP(nt,'kpi nhà thuốc'!$B:$B,'kpi nhà thuốc'!$R:$R), _xludf.SWITCH(TRUE, doanhthungay>=muc3_ngay,hangdiem3, doanhthungay>=muc2_ngay,hangdiem2, TRUE,hangdiem1 )/songay*tyle ), -3), 0)} -> 0 | G29: {=_xlfn.XLOOKUP(B29,'Dự án T8'!B:B,'Dự án T8'!D:D,0)} -> 272429.64 | H29: =Q29 -> 2000000 | I29: =(AD29/DAY($C$1)) -> 641735.71 | J29: {=_xlfn.XLOOKUP(B29,'kpi nhà thuốc'!A:A,'kpi nhà thuốc'!F:F,(AD29/DAY($C$1))/U29)} -> 0.33156345 | K29: {=_xlfn.XLOOKUP( B29, 'kpi nhà thuốc'!A:A, 'kpi nhà thuốc'!G:G, IF( AND( OR(C29="DSXC",C29="DSCD"), G29>=F29),IF(AND(I29>=T29,E29>=D29),AD29*1.5%,IF(AND(I29>=T29,E29<D29),AD29*1.3%,IF(AND(I29>=S29,E29>=D29),AD29*1.3%,IF(AND(I29>=S29,E29<D29),AD29*1.1%,IF(AND(I29>=R29,E29>=D29),AD29*1.2%,IF(AND(I29>=R29,E29<D29),AD29*1%,"")))))),"" ) )} | L29: =IF(C29="DSTV","", IF(J29<0.6, 0.8, 1)) -> 0.8 | M29: {=IFERROR( _xlfn.XLOOKUP( $A29&$B29, 'Dự án T8'!$A:$A&'Dự án T8'!$B:$B, 'Dự án T8'!$M:$M, 0 )*$L29, 0)} -> 0 | N29: =K29+M29*L29 -> #VALUE! | O29: =CEILING(R29,100000) -> 1600000 | P29: =CEILING(S29,100000) -> 1800000 | Q29: =CEILING(T29,100000) -> 2000000 | R29: =U29*$R$2 -> 1548387.1 | S29: =U29*$S$2 -> 1741935.5 | T29: =U29*$T$2 -> 1935483.9 | U29: =V29/DAY('kpi nhà thuốc'!$T$1) -> 1935483.9 | V29: 60000000 | W29: =SUMIF(data!$B:$B,B29,data!$C:$C) -> 120 | X29: =SUMIF(data!$B:$B,B29,data!$D:$D) -> 10080700 | Y29: =IF(W29>0,X29/W29,0) -> 84005.833 | Z29: =SUMIF(data!$B:$B,B29,data!$E:$E) -> 35 | AA29: =SUMIF(data!$B:$B,B29,data!$F:$F) -> 7887900 | AB29: =IF(Z29>0,AA29/Z29,0) -> 225368.57 | AC29: =W29+Z29 -> 155 | AD29: =X29+AA29 -> 17968600 | AE29: =IF(AC29>0,AD29/AC29,0) -> 115926.45
A30: Nam Hòa | B30: Dương Thị Huỳnh Như | C30: DSCD (TV) | E30: =AE30 -> 78494.186 | F30: {=IFERROR( ROUND( _xludf.LET( nt,$A30, nv,$B30, songay,DAY(EOMONTH($C$1,0)), doanhthungay,$I30, duan_nv,SUM_xlfn.IFS('Dự án T8'!$D:$D,'Dự án T8'!$A:$A,nt,'Dự án T8'!$B:$B,nv), duan_nt,SUM_xlfn.IFS('Dự án T8'!$D:$D,'Dự án T8'!$A:$A,nt), tyle,duan_nv/duan_nt, muc2_ngay,_xlfn.XLOOKUP(nt,'kpi nhà thuốc'!$B:$B,'kpi nhà thuốc'!$P:$P), muc3_ngay,_xlfn.XLOOKUP(nt,'kpi nhà thuốc'!$B:$B,'kpi nhà thuốc'!$T:$T), hangdiem1,_xlfn.XLOOKUP(nt,'kpi nhà thuốc'!$B:$B,'kpi nhà thuốc'!$I:$I), hangdiem2,_xlfn.XLOOKUP(nt,'kpi nhà thuốc'!$B:$B,'kpi nhà thuốc'!$N:$N), hangdiem3,_xlfn.XLOOKUP(nt,'kpi nhà thuốc'!$B:$B,'kpi nhà thuốc'!$R:$R), _xludf.SWITCH(TRUE, doanhthungay>=muc3_ngay,hangdiem3, doanhthungay>=muc2_ngay,hangdiem2, TRUE,hangdiem1 )/songay*tyle ), -3), 0)} -> 0 | G30: {=_xlfn.XLOOKUP(B30,'Dự án T8'!B:B,'Dự án T8'!D:D,0)} -> 454234.64 | H30: =Q30 -> 1700000 | I30: =(AD30/DAY($C$1)) -> 241089.29 | J30: {=_xlfn.XLOOKUP(B30,'kpi nhà thuốc'!A:A,'kpi nhà thuốc'!F:F,(AD30/DAY($C$1))/U30)} -> 0.14947536 | K30: {=_xlfn.XLOOKUP( B30, 'kpi nhà thuốc'!A:A, 'kpi nhà thuốc'!G:G, IF( AND( OR(C30="DSXC",C30="DSCD"), G30>=F30),IF(AND(I30>=T30,E30>=D30),AD30*1.5%,IF(AND(I30>=T30,E30<D30),AD30*1.3%,IF(AND(I30>=S30,E30>=D30),AD30*1.3%,IF(AND(I30>=S30,E30<D30),AD30*1.1%,IF(AND(I30>=R30,E30>=D30),AD30*1.2%,IF(AND(I30>=R30,E30<D30),AD30*1%,"")))))),"" ) )} | L30: =IF(C30="DSTV","", IF(J30<0.6, 0.8, 1)) -> 0.8 | M30: {=IFERROR( _xlfn.XLOOKUP( $A30&$B30, 'Dự án T8'!$A:$A&'Dự án T8'!$B:$B, 'Dự án T8'!$M:$M, 0 )*$L30, 0)} -> 0 | N30: =K30+M30*L30 -> #VALUE! | O30: =CEILING(R30,100000) -> 1300000 | P30: =CEILING(S30,100000) -> 1500000 | Q30: =CEILING(T30,100000) -> 1700000 | R30: =U30*$R$2 -> 1290322.6 | S30: =U30*$S$2 -> 1451612.9 | T30: =U30*$T$2 -> 1612903.2 | U30: =V30/DAY('kpi nhà thuốc'!$T$1) -> 1612903.2 | V30: 50000000 | W30: =SUMIF(data!$B:$B,B30,data!$C:$C) -> 72 | X30: =SUMIF(data!$B:$B,B30,data!$D:$D) -> 5530200 | Y30: =IF(W30>0,X30/W30,0) -> 76808.333 | Z30: =SUMIF(data!$B:$B,B30,data!$E:$E) -> 14 | AA30: =SUMIF(data!$B:$B,B30,data!$F:$F) -> 1220300 | AB30: =IF(Z30>0,AA30/Z30,0) -> 87164.286 | AC30: =W30+Z30 -> 86 | AD30: =X30+AA30 -> 6750500 | AE30: =IF(AC30>0,AD30/AC30,0) -> 78494.186
A31: Nam Hòa | B31: Bùi Thị Thanh Thủy | C31: DSXC (TV) | E31: =AE31 -> 125779.99 | F31: {=IFERROR( ROUND( _xludf.LET( nt,$A31, nv,$B31, songay,DAY(EOMONTH($C$1,0)), doanhthungay,$I31, duan_nv,SUM_xlfn.IFS('Dự án T8'!$D:$D,'Dự án T8'!$A:$A,nt,'Dự án T8'!$B:$B,nv), duan_nt,SUM_xlfn.IFS('Dự án T8'!$D:$D,'Dự án T8'!$A:$A,nt), tyle,duan_nv/duan_nt, muc2_ngay,_xlfn.XLOOKUP(nt,'kpi nhà thuốc'!$B:$B,'kpi nhà thuốc'!$P:$P), muc3_ngay,_xlfn.XLOOKUP(nt,'kpi nhà thuốc'!$B:$B,'kpi nhà thuốc'!$T:$T), hangdiem1,_xlfn.XLOOKUP(nt,'kpi nhà thuốc'!$B:$B,'kpi nhà thuốc'!$I:$I), hangdiem2,_xlfn.XLOOKUP(nt,'kpi nhà thuốc'!$B:$B,'kpi nhà thuốc'!$N:$N), hangdiem3,_xlfn.XLOOKUP(nt,'kpi nhà thuốc'!$B:$B,'kpi nhà thuốc'!$R:$R), _xludf.SWITCH(TRUE, doanhthungay>=muc3_ngay,hangdiem3, doanhthungay>=muc2_ngay,hangdiem2, TRUE,hangdiem1 )/songay*tyle ), -3), 0)} -> 0 | G31: {=_xlfn.XLOOKUP(B31,'Dự án T8'!B:B,'Dự án T8'!D:D,0)} -> 430331.89 | H31: =Q31 -> 2000000 | I31: =(AD31/DAY($C$1)) -> 1621663.5 | J31: {=_xlfn.XLOOKUP(B31,'kpi nhà thuốc'!A:A,'kpi nhà thuốc'!F:F,(AD31/DAY($C$1))/U31)} -> 0.83785948 | K31: {=_xlfn.XLOOKUP( B31, 'kpi nhà thuốc'!A:A, 'kpi nhà thuốc'!G:G, IF( AND( OR(C31="DSXC",C31="DSCD"), G31>=F31),IF(AND(I31>=T31,E31>=D31),AD31*1.5%,IF(AND(I31>=T31,E31<D31),AD31*1.3%,IF(AND(I31>=S31,E31>=D31),AD31*1.3%,IF(AND(I31>=S31,E31<D31),AD31*1.1%,IF(AND(I31>=R31,E31>=D31),AD31*1.2%,IF(AND(I31>=R31,E31<D31),AD31*1%,"")))))),"" ) )} | L31: =IF(C31="DSTV","", IF(J31<0.6, 0.8, 1)) -> 1 | M31: {=IFERROR( _xlfn.XLOOKUP( $A31&$B31, 'Dự án T8'!$A:$A&'Dự án T8'!$B:$B, 'Dự án T8'!$M:$M, 0 )*$L31, 0)} -> 0 | N31: =K31+M31*L31 -> #VALUE! | O31: =CEILING(R31,100000) -> 1600000 | P31: =CEILING(S31,100000) -> 1800000 | Q31: =CEILING(T31,100000) -> 2000000 | R31: =U31*$R$2 -> 1548387.1 | S31: =U31*$S$2 -> 1741935.5 | T31: =U31*$T$2 -> 1935483.9 | U31: =V31/DAY('kpi nhà thuốc'!$T$1) -> 1935483.9 | V31: 60000000 | W31: =SUMIF(data!$B:$B,B31,data!$C:$C) -> 248 | X31: =SUMIF(data!$B:$B,B31,data!$D:$D) -> 17563028 | Y31: =IF(W31>0,X31/W31,0) -> 70818.661 | Z31: =SUMIF(data!$B:$B,B31,data!$E:$E) -> 113 | AA31: =SUMIF(data!$B:$B,B31,data!$F:$F) -> 27843550 | AB31: =IF(Z31>0,AA31/Z31,0) -> 246403.1 | AC31: =W31+Z31 -> 361 | AD31: =X31+AA31 -> 45406578 | AE31: =IF(AC31>0,AD31/AC31,0) -> 125779.99
A32: Nguyễn Chí Thanh | B32: Lê Thị Quỳnh Trâm | C32: CHT | D32: 194000 | E32: =AE32 -> 262336.49 | F32: {=IFERROR( ROUND( _xludf.LET( nt,$A32, nv,$B32, songay,DAY(EOMONTH($C$1,0)), doanhthungay,$I32, duan_nv,SUM_xlfn.IFS('Dự án T8'!$D:$D,'Dự án T8'!$A:$A,nt,'Dự án T8'!$B:$B,nv), duan_nt,SUM_xlfn.IFS('Dự án T8'!$D:$D,'Dự án T8'!$A:$A,nt), tyle,duan_nv/duan_nt, muc2_ngay,_xlfn.XLOOKUP(nt,'kpi nhà thuốc'!$B:$B,'kpi nhà thuốc'!$P:$P), muc3_ngay,_xlfn.XLOOKUP(nt,'kpi nhà thuốc'!$B:$B,'kpi nhà thuốc'!$T:$T), hangdiem1,_xlfn.XLOOKUP(nt,'kpi nhà thuốc'!$B:$B,'kpi nhà thuốc'!$I:$I), hangdiem2,_xlfn.XLOOKUP(nt,'kpi nhà thuốc'!$B:$B,'kpi nhà thuốc'!$N:$N), hangdiem3,_xlfn.XLOOKUP(nt,'kpi nhà thuốc'!$B:$B,'kpi nhà thuốc'!$R:$R), _xludf.SWITCH(TRUE, doanhthungay>=muc3_ngay,hangdiem3, doanhthungay>=muc2_ngay,hangdiem2, TRUE,hangdiem1 )/songay*tyle ), -3), 0)} -> 0 | G32: {=_xlfn.XLOOKUP(B32,'Dự án T8'!B:B,'Dự án T8'!D:D,0)} -> 253045.14 | H32: =Q32 -> 3900000 | I32: =(AD32/DAY($C$1)) -> 4647103.6 | J32: {=_xlfn.XLOOKUP(B32,'kpi nhà thuốc'!A:A,'kpi nhà thuốc'!F:F,(AD32/DAY($C$1))/U32)} -> 0.74429047 | K32: {=_xlfn.XLOOKUP( B32, 'kpi nhà thuốc'!A:A, 'kpi nhà thuốc'!G:G, IF( AND( OR(C32="DSXC",C32="DSCD"), G32>=F32),IF(AND(I32>=T32,E32>=D32),AD32*1.5%,IF(AND(I32>=T32,E32<D32),AD32*1.3%,IF(AND(I32>=S32,E32>=D32),AD32*1.3%,IF(AND(I32>=S32,E32<D32),AD32*1.1%,IF(AND(I32>=R32,E32>=D32),AD32*1.2%,IF(AND(I32>=R32,E32<D32),AD32*1%,"")))))),"" ) )} -> #N/A | L32: =IF(C32="DSTV","", IF(J32<0.6, 0.8, 1)) -> 1 | M32: {=IFERROR( _xlfn.XLOOKUP( $A32&$B32, 'Dự án T8'!$A:$A&'Dự án T8'!$B:$B, 'Dự án T8'!$M:$M, 0 )*$L32, 0)} -> 0 | N32: =K32+M32*L32 -> #N/A | O32: =CEILING(R32,100000) -> 3100000 | P32: =CEILING(S32,100000) -> 3500000 | Q32: =CEILING(T32,100000) -> 3900000 | R32: =U32*$R$2 -> 3096774.2 | S32: =U32*$S$2 -> 3483871 | T32: =U32*$T$2 -> 3870967.7 | U32: =V32/DAY('kpi nhà thuốc'!$T$1) -> 3870967.7 | V32: 120000000 | W32: =SUMIF(data!$B:$B,B32,data!$C:$C) -> 290 | X32: =SUMIF(data!$B:$B,B32,data!$D:$D) -> 25411600 | Y32: =IF(W32>0,X32/W32,0) -> 87626.207 | Z32: =SUMIF(data!$B:$B,B32,data!$E:$E) -> 206 | AA32: =SUMIF(data!$B:$B,B32,data!$F:$F) -> 104707300 | AB32: =IF(Z32>0,AA32/Z32,0) -> 508287.86 | AC32: =W32+Z32 -> 496 | AD32: =X32+AA32 -> 130118900 | AE32: =IF(AC32>0,AD32/AC32,0) -> 262336.49
A33: Nguyễn Chí Thanh | B33: Đỗ Thị Phương Thảo | C33: DSXC | D33: 250000 | E33: =AE33 -> 144616.15 | F33: {=IFERROR( ROUND( _xludf.LET( nt,$A33, nv,$B33, songay,DAY(EOMONTH($C$1,0)), doanhthungay,$I33, duan_nv,SUM_xlfn.IFS('Dự án T8'!$D:$D,'Dự án T8'!$A:$A,nt,'Dự án T8'!$B:$B,nv), duan_nt,SUM_xlfn.IFS('Dự án T8'!$D:$D,'Dự án T8'!$A:$A,nt), tyle,duan_nv/duan_nt, muc2_ngay,_xlfn.XLOOKUP(nt,'kpi nhà thuốc'!$B:$B,'kpi nhà thuốc'!$P:$P), muc3_ngay,_xlfn.XLOOKUP(nt,'kpi nhà thuốc'!$B:$B,'kpi nhà thuốc'!$T:$T), hangdiem1,_xlfn.XLOOKUP(nt,'kpi nhà thuốc'!$B:$B,'kpi nhà thuốc'!$I:$I), hangdiem2,_xlfn.XLOOKUP(nt,'kpi nhà thuốc'!$B:$B,'kpi nhà thuốc'!$N:$N), hangdiem3,_xlfn.XLOOKUP(nt,'kpi nhà thuốc'!$B:$B,'kpi nhà thuốc'!$R:$R), _xludf.SWITCH(TRUE, doanhthungay>=muc3_ngay,hangdiem3, doanhthungay>=muc2_ngay,hangdiem2, TRUE,hangdiem1 )/songay*tyle ), -3), 0)} -> 0 | G33: {=_xlfn.XLOOKUP(B33,'Dự án T8'!B:B,'Dự án T8'!D:D,0)} -> 478506.79 | H33: =Q33 -> 3900000 | I33: =(AD33/DAY($C$1)) -> 2918147.3 | J33: {=_xlfn.XLOOKUP(B33,'kpi nhà thuốc'!A:A,'kpi nhà thuốc'!F:F,(AD33/DAY($C$1))/U33)} -> 0.75385472 | K33: {=_xlfn.XLOOKUP( B33, 'kpi nhà thuốc'!A:A, 'kpi nhà thuốc'!G:G, IF( AND( OR(C33="DSXC",C33="DSCD"), G33>=F33),IF(AND(I33>=T33,E33>=D33),AD33*1.5%,IF(AND(I33>=T33,E33<D33),AD33*1.3%,IF(AND(I33>=S33,E33>=D33),AD33*1.3%,IF(AND(I33>=S33,E33<D33),AD33*1.1%,IF(AND(I33>=R33,E33>=D33),AD33*1.2%,IF(AND(I33>=R33,E33<D33),AD33*1%,"")))))),"" ) )} -> #NAME? | L33: =IF(C33="DSTV","", IF(J33<0.6, 0.8, 1)) -> 1 | M33: {=IFERROR( _xlfn.XLOOKUP( $A33&$B33, 'Dự án T8'!$A:$A&'Dự án T8'!$B:$B, 'Dự án T8'!$M:$M, 0 )*$L33, 0)} -> 0 | N33: =K33+M33*L33 -> #NAME? | O33: =CEILING(R33,100000) -> 3100000 | P33: =CEILING(S33,100000) -> 3500000 | Q33: =CEILING(T33,100000) -> 3900000 | R33: =U33*$R$2 -> 3096774.2 | S33: =U33*$S$2 -> 3483871 | T33: =U33*$T$2 -> 3870967.7 | U33: =V33/DAY('kpi nhà thuốc'!$T$1) -> 3870967.7 | V33: 120000000 | W33: =SUMIF(data!$B:$B,B33,data!$C:$C) -> 346 | X33: =SUMIF(data!$B:$B,B33,data!$D:$D) -> 41488625 | Y33: =IF(W33>0,X33/W33,0) -> 119909.32 | Z33: =SUMIF(data!$B:$B,B33,data!$E:$E) -> 219 | AA33: =SUMIF(data!$B:$B,B33,data!$F:$F) -> 40219500 | AB33: =IF(Z33>0,AA33/Z33,0) -> 183650.68 | AC33: =W33+Z33 -> 565 | AD33: =X33+AA33 -> 81708125 | AE33: =IF(AC33>0,AD33/AC33,0) -> 144616.15
A34: Nguyễn Chí Thanh | B34: Nguyễn Thị Hồng Hạnh | C34: DSCD | D34: 104000 | E34: =AE34 -> 86997.442 | F34: {=IFERROR( ROUND( _xludf.LET( nt,$A34, nv,$B34, songay,DAY(EOMONTH($C$1,0)), doanhthungay,$I34, duan_nv,SUM_xlfn.IFS('Dự án T8'!$D:$D,'Dự án T8'!$A:$A,nt,'Dự án T8'!$B:$B,nv), duan_nt,SUM_xlfn.IFS('Dự án T8'!$D:$D,'Dự án T8'!$A:$A,nt), tyle,duan_nv/duan_nt, muc2_ngay,_xlfn.XLOOKUP(nt,'kpi nhà thuốc'!$B:$B,'kpi nhà thuốc'!$P:$P), muc3_ngay,_xlfn.XLOOKUP(nt,'kpi nhà thuốc'!$B:$B,'kpi nhà thuốc'!$T:$T), hangdiem1,_xlfn.XLOOKUP(nt,'kpi nhà thuốc'!$B:$B,'kpi nhà thuốc'!$I:$I), hangdiem2,_xlfn.XLOOKUP(nt,'kpi nhà thuốc'!$B:$B,'kpi nhà thuốc'!$N:$N), hangdiem3,_xlfn.XLOOKUP(nt,'kpi nhà thuốc'!$B:$B,'kpi nhà thuốc'!$R:$R), _xludf.SWITCH(TRUE, doanhthungay>=muc3_ngay,hangdiem3, doanhthungay>=muc2_ngay,hangdiem2, TRUE,hangdiem1 )/songay*tyle ), -3), 0)} -> 0 | G34: {=_xlfn.XLOOKUP(B34,'Dự án T8'!B:B,'Dự án T8'!D:D,0)} -> 798616.14 | H34: =Q34 -> 3900000 | I34: =(AD34/DAY($C$1)) -> 2544675.2 | J34: {=_xlfn.XLOOKUP(B34,'kpi nhà thuốc'!A:A,'kpi nhà thuốc'!F:F,(AD34/DAY($C$1))/U34)} -> 0.65737442 | K34: {=_xlfn.XLOOKUP( B34, 'kpi nhà thuốc'!A:A, 'kpi nhà thuốc'!G:G, IF( AND( OR(C34="DSXC",C34="DSCD"), G34>=F34),IF(AND(I34>=T34,E34>=D34),AD34*1.5%,IF(AND(I34>=T34,E34<D34),AD34*1.3%,IF(AND(I34>=S34,E34>=D34),AD34*1.3%,IF(AND(I34>=S34,E34<D34),AD34*1.1%,IF(AND(I34>=R34,E34>=D34),AD34*1.2%,IF(AND(I34>=R34,E34<D34),AD34*1%,"")))))),"" ) )} -> #NAME? | L34: =IF(C34="DSTV","", IF(J34<0.6, 0.8, 1)) -> 1 | M34: {=IFERROR( _xlfn.XLOOKUP( $A34&$B34, 'Dự án T8'!$A:$A&'Dự án T8'!$B:$B, 'Dự án T8'!$M:$M, 0 )*$L34, 0)} -> 0 | N34: =K34+M34*L34 -> #NAME? | O34: =CEILING(R34,100000) -> 3100000 | P34: =CEILING(S34,100000) -> 3500000 | Q34: =CEILING(T34,100000) -> 3900000 | R34: =U34*$R$2 -> 3096774.2 | S34: =U34*$S$2 -> 3483871 | T34: =U34*$T$2 -> 3870967.7 | U34: =V34/DAY('kpi nhà thuốc'!$T$1) -> 3870967.7 | V34: 120000000 | W34: =SUMIF(data!$B:$B,B34,data!$C:$C) -> 725 | X34: =SUMIF(data!$B:$B,B34,data!$D:$D) -> 59614300 | Y34: =IF(W34>0,X34/W34,0) -> 82226.621 | Z34: =SUMIF(data!$B:$B,B34,data!$E:$E) -> 94 | AA34: =SUMIF(data!$B:$B,B34,data!$F:$F) -> 11636605 | AB34: =IF(Z34>0,AA34/Z34,0) -> 123793.67 | AC34: =W34+Z34 -> 819 | AD34: =X34+AA34 -> 71250905 | AE34: =IF(AC34>0,AD34/AC34,0) -> 86997.442
A35: Nguyễn Chí Thanh | B35: Trần Hoàng Khánh | C35: DSCD | D35: 157000 | E35: =AE35 -> 88521.209 | F35: {=IFERROR( ROUND( _xludf.LET( nt,$A35, nv,$B35, songay,DAY(EOMONTH($C$1,0)), doanhthungay,$I35, duan_nv,SUM_xlfn.IFS('Dự án T8'!$D:$D,'Dự án T8'!$A:$A,nt,'Dự án T8'!$B:$B,nv), duan_nt,SUM_xlfn.IFS('Dự án T8'!$D:$D,'Dự án T8'!$A:$A,nt), tyle,duan_nv/duan_nt, muc2_ngay,_xlfn.XLOOKUP(nt,'kpi nhà thuốc'!$B:$B,'kpi nhà thuốc'!$P:$P), muc3_ngay,_xlfn.XLOOKUP(nt,'kpi nhà thuốc'!$B:$B,'kpi nhà thuốc'!$T:$T), hangdiem1,_xlfn.XLOOKUP(nt,'kpi nhà thuốc'!$B:$B,'kpi nhà thuốc'!$I:$I), hangdiem2,_xlfn.XLOOKUP(nt,'kpi nhà thuốc'!$B:$B,'kpi nhà thuốc'!$N:$N), hangdiem3,_xlfn.XLOOKUP(nt,'kpi nhà thuốc'!$B:$B,'kpi nhà thuốc'!$R:$R), _xludf.SWITCH(TRUE, doanhthungay>=muc3_ngay,hangdiem3, doanhthungay>=muc2_ngay,hangdiem2, TRUE,hangdiem1 )/songay*tyle ), -3), 0)} -> 0 | G35: {=_xlfn.XLOOKUP(B35,'Dự án T8'!B:B,'Dự án T8'!D:D,0)} -> 1047070.1 | H35: =Q35 -> 3900000 | I35: =(AD35/DAY($C$1)) -> 2902231.1 | J35: {=_xlfn.XLOOKUP(B35,'kpi nhà thuốc'!A:A,'kpi nhà thuốc'!F:F,(AD35/DAY($C$1))/U35)} -> 0.74974303 | K35: {=_xlfn.XLOOKUP( B35, 'kpi nhà thuốc'!A:A, 'kpi nhà thuốc'!G:G, IF( AND( OR(C35="DSXC",C35="DSCD"), G35>=F35),IF(AND(I35>=T35,E35>=D35),AD35*1.5%,IF(AND(I35>=T35,E35<D35),AD35*1.3%,IF(AND(I35>=S35,E35>=D35),AD35*1.3%,IF(AND(I35>=S35,E35<D35),AD35*1.1%,IF(AND(I35>=R35,E35>=D35),AD35*1.2%,IF(AND(I35>=R35,E35<D35),AD35*1%,"")))))),"" ) )} -> #NAME? | L35: =IF(C35="DSTV","", IF(J35<0.6, 0.8, 1)) -> 1 | M35: {=IFERROR( _xlfn.XLOOKUP( $A35&$B35, 'Dự án T8'!$A:$A&'Dự án T8'!$B:$B, 'Dự án T8'!$M:$M, 0 )*$L35, 0)} -> 500000 | N35: =K35+M35*L35 -> #NAME? | O35: =CEILING(R35,100000) -> 3100000 | P35: =CEILING(S35,100000) -> 3500000 | Q35: =CEILING(T35,100000) -> 3900000 | R35: =U35*$R$2 -> 3096774.2 | S35: =U35*$S$2 -> 3483871 | T35: =U35*$T$2 -> 3870967.7 | U35: =V35/DAY('kpi nhà thuốc'!$T$1) -> 3870967.7 | V35: 120000000 | W35: =SUMIF(data!$B:$B,B35,data!$C:$C) -> 737 | X35: =SUMIF(data!$B:$B,B35,data!$D:$D) -> 52913400 | Y35: =IF(W35>0,X35/W35,0) -> 71795.658 | Z35: =SUMIF(data!$B:$B,B35,data!$E:$E) -> 181 | AA35: =SUMIF(data!$B:$B,B35,data!$F:$F) -> 28349070 | AB35: =IF(Z35>0,AA35/Z35,0) -> 156624.7 | AC35: =W35+Z35 -> 918 | AD35: =X35+AA35 -> 81262470 | AE35: =IF(AC35>0,AD35/AC35,0) -> 88521.209
A36: Nguyễn Chí Thanh | B36: Lý Thục Mi | C36: DSXC (TV) | E36: =AE36 -> 0 | F36: {=IFERROR( ROUND( _xludf.LET( nt,$A36, nv,$B36, songay,DAY(EOMONTH($C$1,0)), doanhthungay,$I36, duan_nv,SUM_xlfn.IFS('Dự án T8'!$D:$D,'Dự án T8'!$A:$A,nt,'Dự án T8'!$B:$B,nv), duan_nt,SUM_xlfn.IFS('Dự án T8'!$D:$D,'Dự án T8'!$A:$A,nt), tyle,duan_nv/duan_nt, muc2_ngay,_xlfn.XLOOKUP(nt,'kpi nhà thuốc'!$B:$B,'kpi nhà thuốc'!$P:$P), muc3_ngay,_xlfn.XLOOKUP(nt,'kpi nhà thuốc'!$B:$B,'kpi nhà thuốc'!$T:$T), hangdiem1,_xlfn.XLOOKUP(nt,'kpi nhà thuốc'!$B:$B,'kpi nhà thuốc'!$I:$I), hangdiem2,_xlfn.XLOOKUP(nt,'kpi nhà thuốc'!$B:$B,'kpi nhà thuốc'!$N:$N), hangdiem3,_xlfn.XLOOKUP(nt,'kpi nhà thuốc'!$B:$B,'kpi nhà thuốc'!$R:$R), _xludf.SWITCH(TRUE, doanhthungay>=muc3_ngay,hangdiem3, doanhthungay>=muc2_ngay,hangdiem2, TRUE,hangdiem1 )/songay*tyle ), -3), 0)} -> 0 | G36: {=_xlfn.XLOOKUP(B36,'Dự án T8'!B:B,'Dự án T8'!D:D,0)} -> #N/A | H36: =Q36 -> 2300000 | I36: =(AD36/DAY($C$1)) -> 0 | J36: {=_xlfn.XLOOKUP(B36,'kpi nhà thuốc'!A:A,'kpi nhà thuốc'!F:F,(AD36/DAY($C$1))/U36)} -> 0 | K36: {=_xlfn.XLOOKUP( B36, 'kpi nhà thuốc'!A:A, 'kpi nhà thuốc'!G:G, IF( AND( OR(C36="DSXC",C36="DSCD"), G36>=F36),IF(AND(I36>=T36,E36>=D36),AD36*1.5%,IF(AND(I36>=T36,E36<D36),AD36*1.3%,IF(AND(I36>=S36,E36>=D36),AD36*1.3%,IF(AND(I36>=S36,E36<D36),AD36*1.1%,IF(AND(I36>=R36,E36>=D36),AD36*1.2%,IF(AND(I36>=R36,E36<D36),AD36*1%,"")))))),"" ) )} -> #N/A | L36: =IF(C36="DSTV","", IF(J36<0.6, 0.8, 1)) -> 0.8 | M36: {=IFERROR( _xlfn.XLOOKUP( $A36&$B36, 'Dự án T8'!$A:$A&'Dự án T8'!$B:$B, 'Dự án T8'!$M:$M, 0 )*$L36, 0)} -> 0 | N36: =K36+M36*L36 -> #N/A | O36: =CEILING(R36,100000) -> 1900000 | P36: =CEILING(S36,100000) -> 2100000 | Q36: =CEILING(T36,100000) -> 2300000 | R36: =U36*$R$2 -> 1806451.6 | S36: =U36*$S$2 -> 2032258.1 | T36: =U36*$T$2 -> 2258064.5 | U36: =V36/DAY('kpi nhà thuốc'!$T$1) -> 2258064.5 | V36: 70000000 | W36: =SUMIF(data!$B:$B,B36,data!$C:$C) -> 0 | X36: =SUMIF(data!$B:$B,B36,data!$D:$D) -> 0 | Y36: =IF(W36>0,X36/W36,0) -> 0 | Z36: =SUMIF(data!$B:$B,B36,data!$E:$E) -> 0 | AA36: =SUMIF(data!$B:$B,B36,data!$F:$F) -> 0 | AB36: =IF(Z36>0,AA36/Z36,0) -> 0 | AC36: =W36+Z36 -> 0 | AD36: =X36+AA36 -> 0 | AE36: =IF(AC36>0,AD36/AC36,0) -> 0
A37: Nguyễn Thị Thập | B37: Trần Thành Đạt | C37: DSCD | D37: 170000 | E37: =AE37 -> 111737.81 | F37: {=IFERROR( ROUND( _xludf.LET( nt,$A37, nv,$B37, songay,DAY(EOMONTH($C$1,0)), doanhthungay,$I37, duan_nv,SUM_xlfn.IFS('Dự án T8'!$D:$D,'Dự án T8'!$A:$A,nt,'Dự án T8'!$B:$B,nv), duan_nt,SUM_xlfn.IFS('Dự án T8'!$D:$D,'Dự án T8'!$A:$A,nt), tyle,duan_nv/duan_nt, muc2_ngay,_xlfn.XLOOKUP(nt,'kpi nhà thuốc'!$B:$B,'kpi nhà thuốc'!$P:$P), muc3_ngay,_xlfn.XLOOKUP(nt,'kpi nhà thuốc'!$B:$B,'kpi nhà thuốc'!$T:$T), hangdiem1,_xlfn.XLOOKUP(nt,'kpi nhà thuốc'!$B:$B,'kpi nhà thuốc'!$I:$I), hangdiem2,_xlfn.XLOOKUP(nt,'kpi nhà thuốc'!$B:$B,'kpi nhà thuốc'!$N:$N), hangdiem3,_xlfn.XLOOKUP(nt,'kpi nhà thuốc'!$B:$B,'kpi nhà thuốc'!$R:$R), _xludf.SWITCH(TRUE, doanhthungay>=muc3_ngay,hangdiem3, doanhthungay>=muc2_ngay,hangdiem2, TRUE,hangdiem1 )/songay*tyle ), -3), 0)} -> 0 | G37: {=_xlfn.XLOOKUP(B37,'Dự án T8'!B:B,'Dự án T8'!D:D,0)} -> 473695.11 | H37: =Q37 -> 4600000 | I37: =(AD37/DAY($C$1)) -> 3567628.6 | J37: {=_xlfn.XLOOKUP(B37,'kpi nhà thuốc'!A:A,'kpi nhà thuốc'!F:F,(AD37/DAY($C$1))/U37)} -> 0.7899749 | K37: {=_xlfn.XLOOKUP( B37, 'kpi nhà thuốc'!A:A, 'kpi nhà thuốc'!G:G, IF( AND( OR(C37="DSXC",C37="DSCD"), G37>=F37),IF(AND(I37>=T37,E37>=D37),AD37*1.5%,IF(AND(I37>=T37,E37<D37),AD37*1.3%,IF(AND(I37>=S37,E37>=D37),AD37*1.3%,IF(AND(I37>=S37,E37<D37),AD37*1.1%,IF(AND(I37>=R37,E37>=D37),AD37*1.2%,IF(AND(I37>=R37,E37<D37),AD37*1%,"")))))),"" ) )} -> #NAME? | L37: =IF(C37="DSTV","", IF(J37<0.6, 0.8, 1)) -> 1 | M37: {=IFERROR( _xlfn.XLOOKUP( $A37&$B37, 'Dự án T8'!$A:$A&'Dự án T8'!$B:$B, 'Dự án T8'!$M:$M, 0 )*$L37, 0)} -> 0 | N37: =K37+M37*L37 -> #NAME? | O37: =CEILING(R37,100000) -> 3700000 | P37: =CEILING(S37,100000) -> 4100000 | Q37: =CEILING(T37,100000) -> 4600000 | R37: =U37*$R$2 -> 3612903.2 | S37: =U37*$S$2 -> 4064516.1 | T37: =U37*$T$2 -> 4516129 | U37: =V37/DAY('kpi nhà thuốc'!$T$1) -> 4516129 | V37: 140000000 | W37: =SUMIF(data!$B:$B,B37,data!$C:$C) -> 628 | X37: =SUMIF(data!$B:$B,B37,data!$D:$D) -> 42581600 | Y37: =IF(W37>0,X37/W37,0) -> 67805.096 | Z37: =SUMIF(data!$B:$B,B37,data!$E:$E) -> 266 | AA37: =SUMIF(data!$B:$B,B37,data!$F:$F) -> 57312000 | AB37: =IF(Z37>0,AA37/Z37,0) -> 215458.65 | AC37: =W37+Z37 -> 894 | AD37: =X37+AA37 -> 99893600 | AE37: =IF(AC37>0,AD37/AC37,0) -> 111737.81
A38: Nguyễn Thị Thập | B38: Triệu Thị Ngọc Lý | C38: CHT | D38: 136000 | E38: =AE38 -> 160849.58 | F38: {=IFERROR( ROUND( _xludf.LET( nt,$A38, nv,$B38, songay,DAY(EOMONTH($C$1,0)), doanhthungay,$I38, duan_nv,SUM_xlfn.IFS('Dự án T8'!$D:$D,'Dự án T8'!$A:$A,nt,'Dự án T8'!$B:$B,nv), duan_nt,SUM_xlfn.IFS('Dự án T8'!$D:$D,'Dự án T8'!$A:$A,nt), tyle,duan_nv/duan_nt, muc2_ngay,_xlfn.XLOOKUP(nt,'kpi nhà thuốc'!$B:$B,'kpi nhà thuốc'!$P:$P), muc3_ngay,_xlfn.XLOOKUP(nt,'kpi nhà thuốc'!$B:$B,'kpi nhà thuốc'!$T:$T), hangdiem1,_xlfn.XLOOKUP(nt,'kpi nhà thuốc'!$B:$B,'kpi nhà thuốc'!$I:$I), hangdiem2,_xlfn.XLOOKUP(nt,'kpi nhà thuốc'!$B:$B,'kpi nhà thuốc'!$N:$N), hangdiem3,_xlfn.XLOOKUP(nt,'kpi nhà thuốc'!$B:$B,'kpi nhà thuốc'!$R:$R), _xludf.SWITCH(TRUE, doanhthungay>=muc3_ngay,hangdiem3, doanhthungay>=muc2_ngay,hangdiem2, TRUE,hangdiem1 )/songay*tyle ), -3), 0)} -> 0 | G38: {=_xlfn.XLOOKUP(B38,'Dự án T8'!B:B,'Dự án T8'!D:D,0)} -> 830946.79 | H38: =Q38 -> 4600000 | I38: =(AD38/DAY($C$1)) -> 4124642.9 | J38: {=_xlfn.XLOOKUP(B38,'kpi nhà thuốc'!A:A,'kpi nhà thuốc'!F:F,(AD38/DAY($C$1))/U38)} -> 0.75376331 | K38: {=_xlfn.XLOOKUP( B38, 'kpi nhà thuốc'!A:A, 'kpi nhà thuốc'!G:G, IF( AND( OR(C38="DSXC",C38="DSCD"), G38>=F38),IF(AND(I38>=T38,E38>=D38),AD38*1.5%,IF(AND(I38>=T38,E38<D38),AD38*1.3%,IF(AND(I38>=S38,E38>=D38),AD38*1.3%,IF(AND(I38>=S38,E38<D38),AD38*1.1%,IF(AND(I38>=R38,E38>=D38),AD38*1.2%,IF(AND(I38>=R38,E38<D38),AD38*1%,"")))))),"" ) )} -> 0 | L38: =IF(C38="DSTV","", IF(J38<0.6, 0.8, 1)) -> 1 | M38: {=IFERROR( _xlfn.XLOOKUP( $A38&$B38, 'Dự án T8'!$A:$A&'Dự án T8'!$B:$B, 'Dự án T8'!$M:$M, 0 )*$L38, 0)} -> 0 | N38: =K38+M38*L38 -> 0 | O38: =CEILING(R38,100000) -> 3700000 | P38: =CEILING(S38,100000) -> 4100000 | Q38: =CEILING(T38,100000) -> 4600000 | R38: =U38*$R$2 -> 3612903.2 | S38: =U38*$S$2 -> 4064516.1 | T38: =U38*$T$2 -> 4516129 | U38: =V38/DAY('kpi nhà thuốc'!$T$1) -> 4516129 | V38: 140000000 | W38: =SUMIF(data!$B:$B,B38,data!$C:$C) -> 358 | X38: =SUMIF(data!$B:$B,B38,data!$D:$D) -> 24326100 | Y38: =IF(W38>0,X38/W38,0) -> 67950 | Z38: =SUMIF(data!$B:$B,B38,data!$E:$E) -> 360 | AA38: =SUMIF(data!$B:$B,B38,data!$F:$F) -> 91163900 | AB38: =IF(Z38>0,AA38/Z38,0) -> 253233.06 | AC38: =W38+Z38 -> 718 | AD38: =X38+AA38 -> 115490000 | AE38: =IF(AC38>0,AD38/AC38,0) -> 160849.58
A39: Nguyễn Thị Thập | B39: Nguyễn Trí Nghĩa | C39: DSXC | D39: 133000 | E39: =AE39 -> 91770.872 | F39: {=IFERROR( ROUND( _xludf.LET( nt,$A39, nv,$B39, songay,DAY(EOMONTH($C$1,0)), doanhthungay,$I39, duan_nv,SUM_xlfn.IFS('Dự án T8'!$D:$D,'Dự án T8'!$A:$A,nt,'Dự án T8'!$B:$B,nv), duan_nt,SUM_xlfn.IFS('Dự án T8'!$D:$D,'Dự án T8'!$A:$A,nt), tyle,duan_nv/duan_nt, muc2_ngay,_xlfn.XLOOKUP(nt,'kpi nhà thuốc'!$B:$B,'kpi nhà thuốc'!$P:$P), muc3_ngay,_xlfn.XLOOKUP(nt,'kpi nhà thuốc'!$B:$B,'kpi nhà thuốc'!$T:$T), hangdiem1,_xlfn.XLOOKUP(nt,'kpi nhà thuốc'!$B:$B,'kpi nhà thuốc'!$I:$I), hangdiem2,_xlfn.XLOOKUP(nt,'kpi nhà thuốc'!$B:$B,'kpi nhà thuốc'!$N:$N), hangdiem3,_xlfn.XLOOKUP(nt,'kpi nhà thuốc'!$B:$B,'kpi nhà thuốc'!$R:$R), _xludf.SWITCH(TRUE, doanhthungay>=muc3_ngay,hangdiem3, doanhthungay>=muc2_ngay,hangdiem2, TRUE,hangdiem1 )/songay*tyle ), -3), 0)} -> 0 | G39: {=_xlfn.XLOOKUP(B39,'Dự án T8'!B:B,'Dự án T8'!D:D,0)} -> 307081.79 | H39: =Q39 -> 4100000 | I39: =(AD39/DAY($C$1)) -> 1429003.6 | J39: {=_xlfn.XLOOKUP(B39,'kpi nhà thuốc'!A:A,'kpi nhà thuốc'!F:F,(AD39/DAY($C$1))/U39)} -> 0.35439289 | K39: {=_xlfn.XLOOKUP( B39, 'kpi nhà thuốc'!A:A, 'kpi nhà thuốc'!G:G, IF( AND( OR(C39="DSXC",C39="DSCD"), G39>=F39),IF(AND(I39>=T39,E39>=D39),AD39*1.5%,IF(AND(I39>=T39,E39<D39),AD39*1.3%,IF(AND(I39>=S39,E39>=D39),AD39*1.3%,IF(AND(I39>=S39,E39<D39),AD39*1.1%,IF(AND(I39>=R39,E39>=D39),AD39*1.2%,IF(AND(I39>=R39,E39<D39),AD39*1%,"")))))),"" ) )} -> #NAME? | L39: =IF(C39="DSTV","", IF(J39<0.6, 0.8, 1)) -> 0.8 | M39: {=IFERROR( _xlfn.XLOOKUP( $A39&$B39, 'Dự án T8'!$A:$A&'Dự án T8'!$B:$B, 'Dự án T8'!$M:$M, 0 )*$L39, 0)} -> 0 | N39: =K39+M39*L39 -> #NAME? | O39: =CEILING(R39,100000) -> 3300000 | P39: =CEILING(S39,100000) -> 3700000 | Q39: =CEILING(T39,100000) -> 4100000 | R39: =U39*$R$2 -> 3225806.5 | S39: =U39*$S$2 -> 3629032.3 | T39: =U39*$T$2 -> 4032258.1 | U39: =V39/DAY('kpi nhà thuốc'!$T$1) -> 4032258.1 | V39: 125000000 | W39: =SUMIF(data!$B:$B,B39,data!$C:$C) -> 277 | X39: =SUMIF(data!$B:$B,B39,data!$D:$D) -> 15255000 | Y39: =IF(W39>0,X39/W39,0) -> 55072.202 | Z39: =SUMIF(data!$B:$B,B39,data!$E:$E) -> 159 | AA39: =SUMIF(data!$B:$B,B39,data!$F:$F) -> 24757100 | AB39: =IF(Z39>0,AA39/Z39,0) -> 155705.03 | AC39: =W39+Z39 -> 436 | AD39: =X39+AA39 -> 40012100 | AE39: =IF(AC39>0,AD39/AC39,0) -> 91770.872
A40: Nguyễn Thị Thập | B40: Cao Trọng Nhân | C40: DSCD | D40: 104000 | E40: =AE40 -> 112073.46 | F40: {=IFERROR( ROUND( _xludf.LET( nt,$A40, nv,$B40, songay,DAY(EOMONTH($C$1,0)), doanhthungay,$I40, duan_nv,SUM_xlfn.IFS('Dự án T8'!$D:$D,'Dự án T8'!$A:$A,nt,'Dự án T8'!$B:$B,nv), duan_nt,SUM_xlfn.IFS('Dự án T8'!$D:$D,'Dự án T8'!$A:$A,nt), tyle,duan_nv/duan_nt, muc2_ngay,_xlfn.XLOOKUP(nt,'kpi nhà thuốc'!$B:$B,'kpi nhà thuốc'!$P:$P), muc3_ngay,_xlfn.XLOOKUP(nt,'kpi nhà thuốc'!$B:$B,'kpi nhà thuốc'!$T:$T), hangdiem1,_xlfn.XLOOKUP(nt,'kpi nhà thuốc'!$B:$B,'kpi nhà thuốc'!$I:$I), hangdiem2,_xlfn.XLOOKUP(nt,'kpi nhà thuốc'!$B:$B,'kpi nhà thuốc'!$N:$N), hangdiem3,_xlfn.XLOOKUP(nt,'kpi nhà thuốc'!$B:$B,'kpi nhà thuốc'!$R:$R), _xludf.SWITCH(TRUE, doanhthungay>=muc3_ngay,hangdiem3, doanhthungay>=muc2_ngay,hangdiem2, TRUE,hangdiem1 )/songay*tyle ), -3), 0)} -> 0 | G40: {=_xlfn.XLOOKUP(B40,'Dự án T8'!B:B,'Dự án T8'!D:D,0)} -> 998594.18 | H40: =Q40 -> 4600000 | I40: =(AD40/DAY($C$1)) -> 3654395.3 | J40: {=_xlfn.XLOOKUP(B40,'kpi nhà thuốc'!A:A,'kpi nhà thuốc'!F:F,(AD40/DAY($C$1))/U40)} -> 0.80918753 | K40: {=_xlfn.XLOOKUP( B40, 'kpi nhà thuốc'!A:A, 'kpi nhà thuốc'!G:G, IF( AND( OR(C40="DSXC",C40="DSCD"), G40>=F40),IF(AND(I40>=T40,E40>=D40),AD40*1.5%,IF(AND(I40>=T40,E40<D40),AD40*1.3%,IF(AND(I40>=S40,E40>=D40),AD40*1.3%,IF(AND(I40>=S40,E40<D40),AD40*1.1%,IF(AND(I40>=R40,E40>=D40),AD40*1.2%,IF(AND(I40>=R40,E40<D40),AD40*1%,"")))))),"" ) )} -> #NAME? | L40: =IF(C40="DSTV","", IF(J40<0.6, 0.8, 1)) -> 1 | M40: {=IFERROR( _xlfn.XLOOKUP( $A40&$B40, 'Dự án T8'!$A:$A&'Dự án T8'!$B:$B, 'Dự án T8'!$M:$M, 0 )*$L40, 0)} -> 500000 | N40: =K40+M40*L40 -> #NAME? | O40: =CEILING(R40,100000) -> 3700000 | P40: =CEILING(S40,100000) -> 4100000 | Q40: =CEILING(T40,100000) -> 4600000 | R40: =U40*$R$2 -> 3612903.2 | S40: =U40*$S$2 -> 4064516.1 | T40: =U40*$T$2 -> 4516129 | U40: =V40/DAY('kpi nhà thuốc'!$T$1) -> 4516129 | V40: 140000000 | W40: =SUMIF(data!$B:$B,B40,data!$C:$C) -> 604 | X40: =SUMIF(data!$B:$B,B40,data!$D:$D) -> 41724300 | Y40: =IF(W40>0,X40/W40,0) -> 69079.967 | Z40: =SUMIF(data!$B:$B,B40,data!$E:$E) -> 309 | AA40: =SUMIF(data!$B:$B,B40,data!$F:$F) -> 60598768 | AB40: =IF(Z40>0,AA40/Z40,0) -> 196112.52 | AC40: =W40+Z40 -> 913 | AD40: =X40+AA40 -> 102323068 | AE40: =IF(AC40>0,AD40/AC40,0) -> 112073.46
A41: Nguyễn Thị Thập | B41: Bùi Thị Bích Trâm | C41: DSHV | D41: 104000 | E41: =AE41 -> 0 | F41: {=IFERROR( ROUND( _xludf.LET( nt,$A41, nv,$B41, songay,DAY(EOMONTH($C$1,0)), doanhthungay,$I41, duan_nv,SUM_xlfn.IFS('Dự án T8'!$D:$D,'Dự án T8'!$A:$A,nt,'Dự án T8'!$B:$B,nv), duan_nt,SUM_xlfn.IFS('Dự án T8'!$D:$D,'Dự án T8'!$A:$A,nt), tyle,duan_nv/duan_nt, muc2_ngay,_xlfn.XLOOKUP(nt,'kpi nhà thuốc'!$B:$B,'kpi nhà thuốc'!$P:$P), muc3_ngay,_xlfn.XLOOKUP(nt,'kpi nhà thuốc'!$B:$B,'kpi nhà thuốc'!$T:$T), hangdiem1,_xlfn.XLOOKUP(nt,'kpi nhà thuốc'!$B:$B,'kpi nhà thuốc'!$I:$I), hangdiem2,_xlfn.XLOOKUP(nt,'kpi nhà thuốc'!$B:$B,'kpi nhà thuốc'!$N:$N), hangdiem3,_xlfn.XLOOKUP(nt,'kpi nhà thuốc'!$B:$B,'kpi nhà thuốc'!$R:$R), _xludf.SWITCH(TRUE, doanhthungay>=muc3_ngay,hangdiem3, doanhthungay>=muc2_ngay,hangdiem2, TRUE,hangdiem1 )/songay*tyle ), -3), 0)} -> 0 | G41: {=_xlfn.XLOOKUP(B41,'Dự án T8'!B:B,'Dự án T8'!D:D,0)} -> 0 | H41: =Q41 -> 2300000 | I41: =(AD41/DAY($C$1)) -> 0 | J41: {=_xlfn.XLOOKUP(B41,'kpi nhà thuốc'!A:A,'kpi nhà thuốc'!F:F,(AD41/DAY($C$1))/U41)} -> 0 | K41: {=_xlfn.XLOOKUP( B41, 'kpi nhà thuốc'!A:A, 'kpi nhà thuốc'!G:G, IF( AND( OR(C41="DSXC",C41="DSCD"), G41>=F41),IF(AND(I41>=T41,E41>=D41),AD41*1.5%,IF(AND(I41>=T41,E41<D41),AD41*1.3%,IF(AND(I41>=S41,E41>=D41),AD41*1.3%,IF(AND(I41>=S41,E41<D41),AD41*1.1%,IF(AND(I41>=R41,E41>=D41),AD41*1.2%,IF(AND(I41>=R41,E41<D41),AD41*1%,"")))))),"" ) )} | L41: =IF(C41="DSTV","", IF(J41<0.6, 0.8, 1)) -> 0.8 | M41: {=IFERROR( _xlfn.XLOOKUP( $A41&$B41, 'Dự án T8'!$A:$A&'Dự án T8'!$B:$B, 'Dự án T8'!$M:$M, 0 )*$L41, 0)} -> 0 | N41: =K41+M41*L41 -> #VALUE! | O41: =CEILING(R41,100000) -> 1900000 | P41: =CEILING(S41,100000) -> 2100000 | Q41: =CEILING(T41,100000) -> 2300000 | R41: =U41*$R$2 -> 1806451.6 | S41: =U41*$S$2 -> 2032258.1 | T41: =U41*$T$2 -> 2258064.5 | U41: =V41/DAY('kpi nhà thuốc'!$T$1) -> 2258064.5 | V41: 70000000 | W41: =SUMIF(data!$B:$B,B41,data!$C:$C) -> 0 | X41: =SUMIF(data!$B:$B,B41,data!$D:$D) -> 0 | Y41: =IF(W41>0,X41/W41,0) -> 0 | Z41: =SUMIF(data!$B:$B,B41,data!$E:$E) -> 0 | AA41: =SUMIF(data!$B:$B,B41,data!$F:$F) -> 0 | AB41: =IF(Z41>0,AA41/Z41,0) -> 0 | AC41: =W41+Z41 -> 0 | AD41: =X41+AA41 -> 0 | AE41: =IF(AC41>0,AD41/AC41,0) -> 0
A42: Nguyễn Văn Quá | B42: Hồ Ngọc Lý | C42: DSCD | D42: 115000 | E42: =AE42 -> 70257.338 | F42: {=IFERROR( ROUND( _xludf.LET( nt,$A42, nv,$B42, songay,DAY(EOMONTH($C$1,0)), doanhthungay,$I42, duan_nv,SUM_xlfn.IFS('Dự án T8'!$D:$D,'Dự án T8'!$A:$A,nt,'Dự án T8'!$B:$B,nv), duan_nt,SUM_xlfn.IFS('Dự án T8'!$D:$D,'Dự án T8'!$A:$A,nt), tyle,duan_nv/duan_nt, muc2_ngay,_xlfn.XLOOKUP(nt,'kpi nhà thuốc'!$B:$B,'kpi nhà thuốc'!$P:$P), muc3_ngay,_xlfn.XLOOKUP(nt,'kpi nhà thuốc'!$B:$B,'kpi nhà thuốc'!$T:$T), hangdiem1,_xlfn.XLOOKUP(nt,'kpi nhà thuốc'!$B:$B,'kpi nhà thuốc'!$I:$I), hangdiem2,_xlfn.XLOOKUP(nt,'kpi nhà thuốc'!$B:$B,'kpi nhà thuốc'!$N:$N), hangdiem3,_xlfn.XLOOKUP(nt,'kpi nhà thuốc'!$B:$B,'kpi nhà thuốc'!$R:$R), _xludf.SWITCH(TRUE, doanhthungay>=muc3_ngay,hangdiem3, doanhthungay>=muc2_ngay,hangdiem2, TRUE,hangdiem1 )/songay*tyle ), -3), 0)} -> 0 | G42: {=_xlfn.XLOOKUP(B42,'Dự án T8'!B:B,'Dự án T8'!D:D,0)} -> 976473.68 | H42: =Q42 -> 3300000 | I42: =(AD42/DAY($C$1)) -> 2017389.3 | J42: {=_xlfn.XLOOKUP(B42,'kpi nhà thuốc'!A:A,'kpi nhà thuốc'!F:F,(AD42/DAY($C$1))/U42)} -> 0.62539068 | K42: {=_xlfn.XLOOKUP( B42, 'kpi nhà thuốc'!A:A, 'kpi nhà thuốc'!G:G, IF( AND( OR(C42="DSXC",C42="DSCD"), G42>=F42),IF(AND(I42>=T42,E42>=D42),AD42*1.5%,IF(AND(I42>=T42,E42<D42),AD42*1.3%,IF(AND(I42>=S42,E42>=D42),AD42*1.3%,IF(AND(I42>=S42,E42<D42),AD42*1.1%,IF(AND(I42>=R42,E42>=D42),AD42*1.2%,IF(AND(I42>=R42,E42<D42),AD42*1%,"")))))),"" ) )} -> #NAME? | L42: =IF(C42="DSTV","", IF(J42<0.6, 0.8, 1)) -> 1 | M42: {=IFERROR( _xlfn.XLOOKUP( $A42&$B42, 'Dự án T8'!$A:$A&'Dự án T8'!$B:$B, 'Dự án T8'!$M:$M, 0 )*$L42, 0)} -> 500000 | N42: =K42+M42*L42 -> #NAME? | O42: =CEILING(R42,100000) -> 2600000 | P42: =CEILING(S42,100000) -> 3000000 | Q42: =CEILING(T42,100000) -> 3300000 | R42: =U42*$R$2 -> 2580645.2 | S42: =U42*$S$2 -> 2903225.8 | T42: =U42*$T$2 -> 3225806.5 | U42: =V42/DAY('kpi nhà thuốc'!$T$1) -> 3225806.5 | V42: 100000000 | W42: =SUMIF(data!$B:$B,B42,data!$C:$C) -> 701 | X42: =SUMIF(data!$B:$B,B42,data!$D:$D) -> 46905800 | Y42: =IF(W42>0,X42/W42,0) -> 66912.696 | Z42: =SUMIF(data!$B:$B,B42,data!$E:$E) -> 103 | AA42: =SUMIF(data!$B:$B,B42,data!$F:$F) -> 9581100 | AB42: =IF(Z42>0,AA42/Z42,0) -> 93020.388 | AC42: =W42+Z42 -> 804 | AD42: =X42+AA42 -> 56486900 | AE42: =IF(AC42>0,AD42/AC42,0) -> 70257.338
A43: Nguyễn Văn Quá | B43: Võ Ngọc Giàu Sang | C43: CHT | D43: 102000 | E43: =AE43 -> 89834.672 | F43: {=IFERROR( ROUND( _xludf.LET( nt,$A43, nv,$B43, songay,DAY(EOMONTH($C$1,0)), doanhthungay,$I43, duan_nv,SUM_xlfn.IFS('Dự án T8'!$D:$D,'Dự án T8'!$A:$A,nt,'Dự án T8'!$B:$B,nv), duan_nt,SUM_xlfn.IFS('Dự án T8'!$D:$D,'Dự án T8'!$A:$A,nt), tyle,duan_nv/duan_nt, muc2_ngay,_xlfn.XLOOKUP(nt,'kpi nhà thuốc'!$B:$B,'kpi nhà thuốc'!$P:$P), muc3_ngay,_xlfn.XLOOKUP(nt,'kpi nhà thuốc'!$B:$B,'kpi nhà thuốc'!$T:$T), hangdiem1,_xlfn.XLOOKUP(nt,'kpi nhà thuốc'!$B:$B,'kpi nhà thuốc'!$I:$I), hangdiem2,_xlfn.XLOOKUP(nt,'kpi nhà thuốc'!$B:$B,'kpi nhà thuốc'!$N:$N), hangdiem3,_xlfn.XLOOKUP(nt,'kpi nhà thuốc'!$B:$B,'kpi nhà thuốc'!$R:$R), _xludf.SWITCH(TRUE, doanhthungay>=muc3_ngay,hangdiem3, doanhthungay>=muc2_ngay,hangdiem2, TRUE,hangdiem1 )/songay*tyle ), -3), 0)} -> 0 | G43: {=_xlfn.XLOOKUP(B43,'Dự án T8'!B:B,'Dự án T8'!D:D,0)} -> 724898.36 | H43: =Q43 -> 3300000 | I43: =(AD43/DAY($C$1)) -> 1517564.3 | J43: {=_xlfn.XLOOKUP(B43,'kpi nhà thuốc'!A:A,'kpi nhà thuốc'!F:F,(AD43/DAY($C$1))/U43)} -> 0.69509349 | K43: {=_xlfn.XLOOKUP( B43, 'kpi nhà thuốc'!A:A, 'kpi nhà thuốc'!G:G, IF( AND( OR(C43="DSXC",C43="DSCD"), G43>=F43),IF(AND(I43>=T43,E43>=D43),AD43*1.5%,IF(AND(I43>=T43,E43<D43),AD43*1.3%,IF(AND(I43>=S43,E43>=D43),AD43*1.3%,IF(AND(I43>=S43,E43<D43),AD43*1.1%,IF(AND(I43>=R43,E43>=D43),AD43*1.2%,IF(AND(I43>=R43,E43<D43),AD43*1%,"")))))),"" ) )} -> 0 | L43: =IF(C43="DSTV","", IF(J43<0.6, 0.8, 1)) -> 1 | M43: {=IFERROR( _xlfn.XLOOKUP( $A43&$B43, 'Dự án T8'!$A:$A&'Dự án T8'!$B:$B, 'Dự án T8'!$M:$M, 0 )*$L43, 0)} -> 0 | N43: =K43+M43*L43 -> 0 | O43: =CEILING(R43,100000) -> 2600000 | P43: =CEILING(S43,100000) -> 3000000 | Q43: =CEILING(T43,100000) -> 3300000 | R43: =U43*$R$2 -> 2580645.2 | S43: =U43*$S$2 -> 2903225.8 | T43: =U43*$T$2 -> 3225806.5 | U43: =V43/DAY('kpi nhà thuốc'!$T$1) -> 3225806.5 | V43: 100000000 | W43: =SUMIF(data!$B:$B,B43,data!$C:$C) -> 374 | X43: =SUMIF(data!$B:$B,B43,data!$D:$D) -> 25419450 | Y43: =IF(W43>0,X43/W43,0) -> 67966.444 | Z43: =SUMIF(data!$B:$B,B43,data!$E:$E) -> 99 | AA43: =SUMIF(data!$B:$B,B43,data!$F:$F) -> 17072350 | AB43: =IF(Z43>0,AA43/Z43,0) -> 172447.98 | AC43: =W43+Z43 -> 473 | AD43: =X43+AA43 -> 42491800 | AE43: =IF(AC43>0,AD43/AC43,0) -> 89834.672
A44: Nguyễn Văn Quá | B44: Nguyễn Thị Thu Huyền | C44: DSCD | D44: 107000 | E44: =AE44 -> 76262.282 | F44: {=IFERROR( ROUND( _xludf.LET( nt,$A44, nv,$B44, songay,DAY(EOMONTH($C$1,0)), doanhthungay,$I44, duan_nv,SUM_xlfn.IFS('Dự án T8'!$D:$D,'Dự án T8'!$A:$A,nt,'Dự án T8'!$B:$B,nv), duan_nt,SUM_xlfn.IFS('Dự án T8'!$D:$D,'Dự án T8'!$A:$A,nt), tyle,duan_nv/duan_nt, muc2_ngay,_xlfn.XLOOKUP(nt,'kpi nhà thuốc'!$B:$B,'kpi nhà thuốc'!$P:$P), muc3_ngay,_xlfn.XLOOKUP(nt,'kpi nhà thuốc'!$B:$B,'kpi nhà thuốc'!$T:$T), hangdiem1,_xlfn.XLOOKUP(nt,'kpi nhà thuốc'!$B:$B,'kpi nhà thuốc'!$I:$I), hangdiem2,_xlfn.XLOOKUP(nt,'kpi nhà thuốc'!$B:$B,'kpi nhà thuốc'!$N:$N), hangdiem3,_xlfn.XLOOKUP(nt,'kpi nhà thuốc'!$B:$B,'kpi nhà thuốc'!$R:$R), _xludf.SWITCH(TRUE, doanhthungay>=muc3_ngay,hangdiem3, doanhthungay>=muc2_ngay,hangdiem2, TRUE,hangdiem1 )/songay*tyle ), -3), 0)} -> 0 | G44: {=_xlfn.XLOOKUP(B44,'Dự án T8'!B:B,'Dự án T8'!D:D,0)} -> 1323659.1 | H44: =Q44 -> 3300000 | I44: =(AD44/DAY($C$1)) -> 2960610.7 | J44: {=_xlfn.XLOOKUP(B44,'kpi nhà thuốc'!A:A,'kpi nhà thuốc'!F:F,(AD44/DAY($C$1))/U44)} -> 0.91778932 | K44: {=_xlfn.XLOOKUP( B44, 'kpi nhà thuốc'!A:A, 'kpi nhà thuốc'!G:G, IF( AND( OR(C44="DSXC",C44="DSCD"), G44>=F44),IF(AND(I44>=T44,E44>=D44),AD44*1.5%,IF(AND(I44>=T44,E44<D44),AD44*1.3%,IF(AND(I44>=S44,E44>=D44),AD44*1.3%,IF(AND(I44>=S44,E44<D44),AD44*1.1%,IF(AND(I44>=R44,E44>=D44),AD44*1.2%,IF(AND(I44>=R44,E44<D44),AD44*1%,"")))))),"" ) )} -> #NAME? | L44: =IF(C44="DSTV","", IF(J44<0.6, 0.8, 1)) -> 1 | M44: {=IFERROR( _xlfn.XLOOKUP( $A44&$B44, 'Dự án T8'!$A:$A&'Dự án T8'!$B:$B, 'Dự án T8'!$M:$M, 0 )*$L44, 0)} -> 500000 | N44: =K44+M44*L44 -> #NAME? | O44: =CEILING(R44,100000) -> 2600000 | P44: =CEILING(S44,100000) -> 3000000 | Q44: =CEILING(T44,100000) -> 3300000 | R44: =U44*$R$2 -> 2580645.2 | S44: =U44*$S$2 -> 2903225.8 | T44: =U44*$T$2 -> 3225806.5 | U44: =V44/DAY('kpi nhà thuốc'!$T$1) -> 3225806.5 | V44: 100000000 | W44: =SUMIF(data!$B:$B,B44,data!$C:$C) -> 898 | X44: =SUMIF(data!$B:$B,B44,data!$D:$D) -> 56292400 | Y44: =IF(W44>0,X44/W44,0) -> 62686.414 | Z44: =SUMIF(data!$B:$B,B44,data!$E:$E) -> 189 | AA44: =SUMIF(data!$B:$B,B44,data!$F:$F) -> 26604700 | AB44: =IF(Z44>0,AA44/Z44,0) -> 140765.61 | AC44: =W44+Z44 -> 1087 | AD44: =X44+AA44 -> 82897100 | AE44: =IF(AC44>0,AD44/AC44,0) -> 76262.282
A45: Nguyễn Văn Quá | B45: Nguyễn Thị Hương Giang | C45: DSXC | D45: 105000 | E45: =AE45 -> 81136.283 | F45: {=IFERROR( ROUND( _xludf.LET( nt,$A45, nv,$B45, songay,DAY(EOMONTH($C$1,0)), doanhthungay,$I45, duan_nv,SUM_xlfn.IFS('Dự án T8'!$D:$D,'Dự án T8'!$A:$A,nt,'Dự án T8'!$B:$B,nv), duan_nt,SUM_xlfn.IFS('Dự án T8'!$D:$D,'Dự án T8'!$A:$A,nt), tyle,duan_nv/duan_nt, muc2_ngay,_xlfn.XLOOKUP(nt,'kpi nhà thuốc'!$B:$B,'kpi nhà thuốc'!$P:$P), muc3_ngay,_xlfn.XLOOKUP(nt,'kpi nhà thuốc'!$B:$B,'kpi nhà thuốc'!$T:$T), hangdiem1,_xlfn.XLOOKUP(nt,'kpi nhà thuốc'!$B:$B,'kpi nhà thuốc'!$I:$I), hangdiem2,_xlfn.XLOOKUP(nt,'kpi nhà thuốc'!$B:$B,'kpi nhà thuốc'!$N:$N), hangdiem3,_xlfn.XLOOKUP(nt,'kpi nhà thuốc'!$B:$B,'kpi nhà thuốc'!$R:$R), _xludf.SWITCH(TRUE, doanhthungay>=muc3_ngay,hangdiem3, doanhthungay>=muc2_ngay,hangdiem2, TRUE,hangdiem1 )/songay*tyle ), -3), 0)} -> 0 | G45: {=_xlfn.XLOOKUP(B45,'Dự án T8'!B:B,'Dự án T8'!D:D,0)} -> 958433.86 | H45: =Q45 -> 3300000 | I45: =(AD45/DAY($C$1)) -> 2439883.9 | J45: {=_xlfn.XLOOKUP(B45,'kpi nhà thuốc'!A:A,'kpi nhà thuốc'!F:F,(AD45/DAY($C$1))/U45)} -> 0.75636402 | K45: {=_xlfn.XLOOKUP( B45, 'kpi nhà thuốc'!A:A, 'kpi nhà thuốc'!G:G, IF( AND( OR(C45="DSXC",C45="DSCD"), G45>=F45),IF(AND(I45>=T45,E45>=D45),AD45*1.5%,IF(AND(I45>=T45,E45<D45),AD45*1.3%,IF(AND(I45>=S45,E45>=D45),AD45*1.3%,IF(AND(I45>=S45,E45<D45),AD45*1.1%,IF(AND(I45>=R45,E45>=D45),AD45*1.2%,IF(AND(I45>=R45,E45<D45),AD45*1%,"")))))),"" ) )} -> #NAME? | L45: =IF(C45="DSTV","", IF(J45<0.6, 0.8, 1)) -> 1 | M45: {=IFERROR( _xlfn.XLOOKUP( $A45&$B45, 'Dự án T8'!$A:$A&'Dự án T8'!$B:$B, 'Dự án T8'!$M:$M, 0 )*$L45, 0)} -> 500000 | N45: =K45+M45*L45 -> #NAME? | O45: =CEILING(R45,100000) -> 2600000 | P45: =CEILING(S45,100000) -> 3000000 | Q45: =CEILING(T45,100000) -> 3300000 | R45: =U45*$R$2 -> 2580645.2 | S45: =U45*$S$2 -> 2903225.8 | T45: =U45*$T$2 -> 3225806.5 | U45: =V45/DAY('kpi nhà thuốc'!$T$1) -> 3225806.5 | V45: 100000000 | W45: =SUMIF(data!$B:$B,B45,data!$C:$C) -> 716 | X45: =SUMIF(data!$B:$B,B45,data!$D:$D) -> 49789250 | Y45: =IF(W45>0,X45/W45,0) -> 69538.059 | Z45: =SUMIF(data!$B:$B,B45,data!$E:$E) -> 126 | AA45: =SUMIF(data!$B:$B,B45,data!$F:$F) -> 18527500 | AB45: =IF(Z45>0,AA45/Z45,0) -> 147043.65 | AC45: =W45+Z45 -> 842 | AD45: =X45+AA45 -> 68316750 | AE45: =IF(AC45>0,AD45/AC45,0) -> 81136.283
A46: Rạch Bùng Binh | B46: Cù Thị Tường Vy | C46: CHT | D46: 120000 | E46: =AE46 -> 218417.04 | F46: {=IFERROR( ROUND( _xludf.LET( nt,$A46, nv,$B46, songay,DAY(EOMONTH($C$1,0)), doanhthungay,$I46, duan_nv,SUM_xlfn.IFS('Dự án T8'!$D:$D,'Dự án T8'!$A:$A,nt,'Dự án T8'!$B:$B,nv), duan_nt,SUM_xlfn.IFS('Dự án T8'!$D:$D,'Dự án T8'!$A:$A,nt), tyle,duan_nv/duan_nt, muc2_ngay,_xlfn.XLOOKUP(nt,'kpi nhà thuốc'!$B:$B,'kpi nhà thuốc'!$P:$P), muc3_ngay,_xlfn.XLOOKUP(nt,'kpi nhà thuốc'!$B:$B,'kpi nhà thuốc'!$T:$T), hangdiem1,_xlfn.XLOOKUP(nt,'kpi nhà thuốc'!$B:$B,'kpi nhà thuốc'!$I:$I), hangdiem2,_xlfn.XLOOKUP(nt,'kpi nhà thuốc'!$B:$B,'kpi nhà thuốc'!$N:$N), hangdiem3,_xlfn.XLOOKUP(nt,'kpi nhà thuốc'!$B:$B,'kpi nhà thuốc'!$R:$R), _xludf.SWITCH(TRUE, doanhthungay>=muc3_ngay,hangdiem3, doanhthungay>=muc2_ngay,hangdiem2, TRUE,hangdiem1 )/songay*tyle ), -3), 0)} -> 0 | G46: {=_xlfn.XLOOKUP(B46,'Dự án T8'!B:B,'Dự án T8'!D:D,0)} -> 611955.07 | H46: =Q46 -> 4600000 | I46: =(AD46/DAY($C$1)) -> 3159246.4 | J46: {=_xlfn.XLOOKUP(B46,'kpi nhà thuốc'!A:A,'kpi nhà thuốc'!F:F,(AD46/DAY($C$1))/U46)} -> 0.79741463 | K46: {=_xlfn.XLOOKUP( B46, 'kpi nhà thuốc'!A:A, 'kpi nhà thuốc'!G:G, IF( AND( OR(C46="DSXC",C46="DSCD"), G46>=F46),IF(AND(I46>=T46,E46>=D46),AD46*1.5%,IF(AND(I46>=T46,E46<D46),AD46*1.3%,IF(AND(I46>=S46,E46>=D46),AD46*1.3%,IF(AND(I46>=S46,E46<D46),AD46*1.1%,IF(AND(I46>=R46,E46>=D46),AD46*1.2%,IF(AND(I46>=R46,E46<D46),AD46*1%,"")))))),"" ) )} -> 0 | L46: =IF(C46="DSTV","", IF(J46<0.6, 0.8, 1)) -> 1 | M46: {=IFERROR( _xlfn.XLOOKUP( $A46&$B46, 'Dự án T8'!$A:$A&'Dự án T8'!$B:$B, 'Dự án T8'!$M:$M, 0 )*$L46, 0)} -> 0 | N46: =K46+M46*L46 -> 0 | O46: =CEILING(R46,100000) -> 3700000 | P46: =CEILING(S46,100000) -> 4100000 | Q46: =CEILING(T46,100000) -> 4600000 | R46: =U46*$R$2 -> 3612903.2 | S46: =U46*$S$2 -> 4064516.1 | T46: =U46*$T$2 -> 4516129 | U46: =V46/DAY('kpi nhà thuốc'!$T$1) -> 4516129 | V46: 140000000 | W46: =SUMIF(data!$B:$B,B46,data!$C:$C) -> 236 | X46: =SUMIF(data!$B:$B,B46,data!$D:$D) -> 23277700 | Y46: =IF(W46>0,X46/W46,0) -> 98634.322 | Z46: =SUMIF(data!$B:$B,B46,data!$E:$E) -> 169 | AA46: =SUMIF(data!$B:$B,B46,data!$F:$F) -> 65181200 | AB46: =IF(Z46>0,AA46/Z46,0) -> 385687.57 | AC46: =W46+Z46 -> 405 | AD46: =X46+AA46 -> 88458900 | AE46: =IF(AC46>0,AD46/AC46,0) -> 218417.04
A47: Rạch Bùng Binh | B47: Huỳnh Thị Huệ Hiền | C47: DSCD | D47: 100000 | E47: =AE47 -> 89920.996 | F47: {=IFERROR( ROUND( _xludf.LET( nt,$A47, nv,$B47, songay,DAY(EOMONTH($C$1,0)), doanhthungay,$I47, duan_nv,SUM_xlfn.IFS('Dự án T8'!$D:$D,'Dự án T8'!$A:$A,nt,'Dự án T8'!$B:$B,nv), duan_nt,SUM_xlfn.IFS('Dự án T8'!$D:$D,'Dự án T8'!$A:$A,nt), tyle,duan_nv/duan_nt, muc2_ngay,_xlfn.XLOOKUP(nt,'kpi nhà thuốc'!$B:$B,'kpi nhà thuốc'!$P:$P), muc3_ngay,_xlfn.XLOOKUP(nt,'kpi nhà thuốc'!$B:$B,'kpi nhà thuốc'!$T:$T), hangdiem1,_xlfn.XLOOKUP(nt,'kpi nhà thuốc'!$B:$B,'kpi nhà thuốc'!$I:$I), hangdiem2,_xlfn.XLOOKUP(nt,'kpi nhà thuốc'!$B:$B,'kpi nhà thuốc'!$N:$N), hangdiem3,_xlfn.XLOOKUP(nt,'kpi nhà thuốc'!$B:$B,'kpi nhà thuốc'!$R:$R), _xludf.SWITCH(TRUE, doanhthungay>=muc3_ngay,hangdiem3, doanhthungay>=muc2_ngay,hangdiem2, TRUE,hangdiem1 )/songay*tyle ), -3), 0)} -> 0 | G47: {=_xlfn.XLOOKUP(B47,'Dự án T8'!B:B,'Dự án T8'!D:D,0)} -> 934192.11 | H47: =Q47 -> 3600000 | I47: =(AD47/DAY($C$1)) -> 2386117.9 | J47: {=_xlfn.XLOOKUP(B47,'kpi nhà thuốc'!A:A,'kpi nhà thuốc'!F:F,(AD47/DAY($C$1))/U47)} -> 0.6724514 | K47: {=_xlfn.XLOOKUP( B47, 'kpi nhà thuốc'!A:A, 'kpi nhà thuốc'!G:G, IF( AND( OR(C47="DSXC",C47="DSCD"), G47>=F47),IF(AND(I47>=T47,E47>=D47),AD47*1.5%,IF(AND(I47>=T47,E47<D47),AD47*1.3%,IF(AND(I47>=S47,E47>=D47),AD47*1.3%,IF(AND(I47>=S47,E47<D47),AD47*1.1%,IF(AND(I47>=R47,E47>=D47),AD47*1.2%,IF(AND(I47>=R47,E47<D47),AD47*1%,"")))))),"" ) )} -> #NAME? | L47: =IF(C47="DSTV","", IF(J47<0.6, 0.8, 1)) -> 1 | M47: {=IFERROR( _xlfn.XLOOKUP( $A47&$B47, 'Dự án T8'!$A:$A&'Dự án T8'!$B:$B, 'Dự án T8'!$M:$M, 0 )*$L47, 0)} -> 0 | N47: =K47+M47*L47 -> #NAME? | O47: =CEILING(R47,100000) -> 2900000 | P47: =CEILING(S47,100000) -> 3200000 | Q47: =CEILING(T47,100000) -> 3600000 | R47: =U47*$R$2 -> 2838709.7 | S47: =U47*$S$2 -> 3193548.4 | T47: =U47*$T$2 -> 3548387.1 | U47: =V47/DAY('kpi nhà thuốc'!$T$1) -> 3548387.1 | V47: 110000000 | W47: =SUMIF(data!$B:$B,B47,data!$C:$C) -> 585 | X47: =SUMIF(data!$B:$B,B47,data!$D:$D) -> 47365800 | Y47: =IF(W47>0,X47/W47,0) -> 80967.179 | Z47: =SUMIF(data!$B:$B,B47,data!$E:$E) -> 158 | AA47: =SUMIF(data!$B:$B,B47,data!$F:$F) -> 19445500 | AB47: =IF(Z47>0,AA47/Z47,0) -> 123072.78 | AC47: =W47+Z47 -> 743 | AD47: =X47+AA47 -> 66811300 | AE47: =IF(AC47>0,AD47/AC47,0) -> 89920.996
A48: Rạch Bùng Binh | B48: Ngô Thị Ngọc Thủy | C48: DSXC (TV) | D48: 100000 | E48: =AE48 -> 86863.11 | F48: {=IFERROR( ROUND( _xludf.LET( nt,$A48, nv,$B48, songay,DAY(EOMONTH($C$1,0)), doanhthungay,$I48, duan_nv,SUM_xlfn.IFS('Dự án T8'!$D:$D,'Dự án T8'!$A:$A,nt,'Dự án T8'!$B:$B,nv), duan_nt,SUM_xlfn.IFS('Dự án T8'!$D:$D,'Dự án T8'!$A:$A,nt), tyle,duan_nv/duan_nt, muc2_ngay,_xlfn.XLOOKUP(nt,'kpi nhà thuốc'!$B:$B,'kpi nhà thuốc'!$P:$P), muc3_ngay,_xlfn.XLOOKUP(nt,'kpi nhà thuốc'!$B:$B,'kpi nhà thuốc'!$T:$T), hangdiem1,_xlfn.XLOOKUP(nt,'kpi nhà thuốc'!$B:$B,'kpi nhà thuốc'!$I:$I), hangdiem2,_xlfn.XLOOKUP(nt,'kpi nhà thuốc'!$B:$B,'kpi nhà thuốc'!$N:$N), hangdiem3,_xlfn.XLOOKUP(nt,'kpi nhà thuốc'!$B:$B,'kpi nhà thuốc'!$R:$R), _xludf.SWITCH(TRUE, doanhthungay>=muc3_ngay,hangdiem3, doanhthungay>=muc2_ngay,hangdiem2, TRUE,hangdiem1 )/songay*tyle ), -3), 0)} -> 0 | G48: {=_xlfn.XLOOKUP(B48,'Dự án T8'!B:B,'Dự án T8'!D:D,0)} -> 678153.68 | H48: =Q48 -> 1300000 | I48: =(AD48/DAY($C$1)) -> 1715546.4 | J48: {=_xlfn.XLOOKUP(B48,'kpi nhà thuốc'!A:A,'kpi nhà thuốc'!F:F,(AD48/DAY($C$1))/U48)} -> 1.3295485 | K48: {=_xlfn.XLOOKUP( B48, 'kpi nhà thuốc'!A:A, 'kpi nhà thuốc'!G:G, IF( AND( OR(C48="DSXC",C48="DSCD"), G48>=F48),IF(AND(I48>=T48,E48>=D48),AD48*1.5%,IF(AND(I48>=T48,E48<D48),AD48*1.3%,IF(AND(I48>=S48,E48>=D48),AD48*1.3%,IF(AND(I48>=S48,E48<D48),AD48*1.1%,IF(AND(I48>=R48,E48>=D48),AD48*1.2%,IF(AND(I48>=R48,E48<D48),AD48*1%,"")))))),"" ) )} | L48: =IF(C48="DSTV","", IF(J48<0.6, 0.8, 1)) -> 1 | M48: {=IFERROR( _xlfn.XLOOKUP( $A48&$B48, 'Dự án T8'!$A:$A&'Dự án T8'!$B:$B, 'Dự án T8'!$M:$M, 0 )*$L48, 0)} -> 0 | N48: =K48+M48*L48 -> #VALUE! | O48: =CEILING(R48,100000) -> 1100000 | P48: =CEILING(S48,100000) -> 1200000 | Q48: =CEILING(T48,100000) -> 1300000 | R48: =U48*$R$2 -> 1032258.1 | S48: =U48*$S$2 -> 1161290.3 | T48: =U48*$T$2 -> 1290322.6 | U48: =V48/DAY('kpi nhà thuốc'!$T$1) -> 1290322.6 | V48: 40000000 | W48: =SUMIF(data!$B:$B,B48,data!$C:$C) -> 438 | X48: =SUMIF(data!$B:$B,B48,data!$D:$D) -> 31541700 | Y48: =IF(W48>0,X48/W48,0) -> 72013.014 | Z48: =SUMIF(data!$B:$B,B48,data!$E:$E) -> 115 | AA48: =SUMIF(data!$B:$B,B48,data!$F:$F) -> 16493600 | AB48: =IF(Z48>0,AA48/Z48,0) -> 143422.61 | AC48: =W48+Z48 -> 553 | AD48: =X48+AA48 -> 48035300 | AE48: =IF(AC48>0,AD48/AC48,0) -> 86863.11
A49: Rạch Bùng Binh | B49: Nguyễn Thị Phúc Lộc | C49: DSCD (TV) | D49: 106000 | E49: =AE49 -> 74476 | F49: {=IFERROR( ROUND( _xludf.LET( nt,$A49, nv,$B49, songay,DAY(EOMONTH($C$1,0)), doanhthungay,$I49, duan_nv,SUM_xlfn.IFS('Dự án T8'!$D:$D,'Dự án T8'!$A:$A,nt,'Dự án T8'!$B:$B,nv), duan_nt,SUM_xlfn.IFS('Dự án T8'!$D:$D,'Dự án T8'!$A:$A,nt), tyle,duan_nv/duan_nt, muc2_ngay,_xlfn.XLOOKUP(nt,'kpi nhà thuốc'!$B:$B,'kpi nhà thuốc'!$P:$P), muc3_ngay,_xlfn.XLOOKUP(nt,'kpi nhà thuốc'!$B:$B,'kpi nhà thuốc'!$T:$T), hangdiem1,_xlfn.XLOOKUP(nt,'kpi nhà thuốc'!$B:$B,'kpi nhà thuốc'!$I:$I), hangdiem2,_xlfn.XLOOKUP(nt,'kpi nhà thuốc'!$B:$B,'kpi nhà thuốc'!$N:$N), hangdiem3,_xlfn.XLOOKUP(nt,'kpi nhà thuốc'!$B:$B,'kpi nhà thuốc'!$R:$R), _xludf.SWITCH(TRUE, doanhthungay>=muc3_ngay,hangdiem3, doanhthungay>=muc2_ngay,hangdiem2, TRUE,hangdiem1 )/songay*tyle ), -3), 0)} -> 0 | G49: {=_xlfn.XLOOKUP(B49,'Dự án T8'!B:B,'Dự án T8'!D:D,0)} -> 246005.89 | H49: =Q49 -> 1800000 | I49: =(AD49/DAY($C$1)) -> 66496.429 | J49: {=_xlfn.XLOOKUP(B49,'kpi nhà thuốc'!A:A,'kpi nhà thuốc'!F:F,(AD49/DAY($C$1))/U49)} -> 0.037479805 | K49: {=_xlfn.XLOOKUP( B49, 'kpi nhà thuốc'!A:A, 'kpi nhà thuốc'!G:G, IF( AND( OR(C49="DSXC",C49="DSCD"), G49>=F49),IF(AND(I49>=T49,E49>=D49),AD49*1.5%,IF(AND(I49>=T49,E49<D49),AD49*1.3%,IF(AND(I49>=S49,E49>=D49),AD49*1.3%,IF(AND(I49>=S49,E49<D49),AD49*1.1%,IF(AND(I49>=R49,E49>=D49),AD49*1.2%,IF(AND(I49>=R49,E49<D49),AD49*1%,"")))))),"" ) )} | L49: =IF(C49="DSTV","", IF(J49<0.6, 0.8, 1)) -> 0.8 | M49: {=IFERROR( _xlfn.XLOOKUP( $A49&$B49, 'Dự án T8'!$A:$A&'Dự án T8'!$B:$B, 'Dự án T8'!$M:$M, 0 )*$L49, 0)} -> 0 | N49: =K49+M49*L49 -> #VALUE! | O49: =CEILING(R49,100000) -> 1500000 | P49: =CEILING(S49,100000) -> 1600000 | Q49: =CEILING(T49,100000) -> 1800000 | R49: =U49*$R$2 -> 1419354.8 | S49: =U49*$S$2 -> 1596774.2 | T49: =U49*$T$2 -> 1774193.5 | U49: =V49/DAY('kpi nhà thuốc'!$T$1) -> 1774193.5 | V49: 55000000 | W49: =SUMIF(data!$B:$B,B49,data!$C:$C) -> 20 | X49: =SUMIF(data!$B:$B,B49,data!$D:$D) -> 996900 | Y49: =IF(W49>0,X49/W49,0) -> 49845 | Z49: =SUMIF(data!$B:$B,B49,data!$E:$E) -> 5 | AA49: =SUMIF(data!$B:$B,B49,data!$F:$F) -> 865000 | AB49: =IF(Z49>0,AA49/Z49,0) -> 173000 | AC49: =W49+Z49 -> 25 | AD49: =X49+AA49 -> 1861900 | AE49: =IF(AC49>0,AD49/AC49,0) -> 74476
A50: Rạch Bùng Binh | B50: Phạm Nguyễn Ngọc Quyền Trân | C50: DSXC | E50: =AE50 -> 175529.57 | F50: {=IFERROR( ROUND( _xludf.LET( nt,$A50, nv,$B50, songay,DAY(EOMONTH($C$1,0)), doanhthungay,$I50, duan_nv,SUM_xlfn.IFS('Dự án T8'!$D:$D,'Dự án T8'!$A:$A,nt,'Dự án T8'!$B:$B,nv), duan_nt,SUM_xlfn.IFS('Dự án T8'!$D:$D,'Dự án T8'!$A:$A,nt), tyle,duan_nv/duan_nt, muc2_ngay,_xlfn.XLOOKUP(nt,'kpi nhà thuốc'!$B:$B,'kpi nhà thuốc'!$P:$P), muc3_ngay,_xlfn.XLOOKUP(nt,'kpi nhà thuốc'!$B:$B,'kpi nhà thuốc'!$T:$T), hangdiem1,_xlfn.XLOOKUP(nt,'kpi nhà thuốc'!$B:$B,'kpi nhà thuốc'!$I:$I), hangdiem2,_xlfn.XLOOKUP(nt,'kpi nhà thuốc'!$B:$B,'kpi nhà thuốc'!$N:$N), hangdiem3,_xlfn.XLOOKUP(nt,'kpi nhà thuốc'!$B:$B,'kpi nhà thuốc'!$R:$R), _xludf.SWITCH(TRUE, doanhthungay>=muc3_ngay,hangdiem3, doanhthungay>=muc2_ngay,hangdiem2, TRUE,hangdiem1 )/songay*tyle ), -3), 0)} -> 0 | G50: {=_xlfn.XLOOKUP(B50,'Dự án T8'!B:B,'Dự án T8'!D:D,0)} -> 680335.36 | H50: =Q50 -> 4200000 | I50: =(AD50/DAY($C$1)) -> 3328792.9 | J50: {=_xlfn.XLOOKUP(B50,'kpi nhà thuốc'!A:A,'kpi nhà thuốc'!F:F,(AD50/DAY($C$1))/U50)} -> 0.79378907 | K50: {=_xlfn.XLOOKUP( B50, 'kpi nhà thuốc'!A:A, 'kpi nhà thuốc'!G:G, IF( AND( OR(C50="DSXC",C50="DSCD"), G50>=F50),IF(AND(I50>=T50,E50>=D50),AD50*1.5%,IF(AND(I50>=T50,E50<D50),AD50*1.3%,IF(AND(I50>=S50,E50>=D50),AD50*1.3%,IF(AND(I50>=S50,E50<D50),AD50*1.1%,IF(AND(I50>=R50,E50>=D50),AD50*1.2%,IF(AND(I50>=R50,E50<D50),AD50*1%,"")))))),"" ) )} -> #NAME? | L50: =IF(C50="DSTV","", IF(J50<0.6, 0.8, 1)) -> 1 | M50: {=IFERROR( _xlfn.XLOOKUP( $A50&$B50, 'Dự án T8'!$A:$A&'Dự án T8'!$B:$B, 'Dự án T8'!$M:$M, 0 )*$L50, 0)} -> 0 | N50: =K50+M50*L50 -> #NAME? | O50: =CEILING(R50,100000) -> 3400000 | P50: =CEILING(S50,100000) -> 3800000 | Q50: =CEILING(T50,100000) -> 4200000 | R50: =U50*$R$2 -> 3354838.7 | S50: =U50*$S$2 -> 3774193.5 | T50: =U50*$T$2 -> 4193548.4 | U50: =V50/DAY('kpi nhà thuốc'!$T$1) -> 4193548.4 | V50: 130000000 | W50: =SUMIF(data!$B:$B,B50,data!$C:$C) -> 326 | X50: =SUMIF(data!$B:$B,B50,data!$D:$D) -> 28100200 | Y50: =IF(W50>0,X50/W50,0) -> 86196.933 | Z50: =SUMIF(data!$B:$B,B50,data!$E:$E) -> 205 | AA50: =SUMIF(data!$B:$B,B50,data!$F:$F) -> 65106000 | AB50: =IF(Z50>0,AA50/Z50,0) -> 317590.24 | AC50: =W50+Z50 -> 531 | AD50: =X50+AA50 -> 93206200 | AE50: =IF(AC50>0,AD50/AC50,0) -> 175529.57
A51: Lê Bình | B51: Hồ Thị Minh Hòa | C51: CHT | E51: =AE51 -> 119103.26 | F51: {=IFERROR( ROUND( _xludf.LET( nt,$A51, nv,$B51, songay,DAY(EOMONTH($C$1,0)), doanhthungay,$I51, duan_nv,SUM_xlfn.IFS('Dự án T8'!$D:$D,'Dự án T8'!$A:$A,nt,'Dự án T8'!$B:$B,nv), duan_nt,SUM_xlfn.IFS('Dự án T8'!$D:$D,'Dự án T8'!$A:$A,nt), tyle,duan_nv/duan_nt, muc2_ngay,_xlfn.XLOOKUP(nt,'kpi nhà thuốc'!$B:$B,'kpi nhà thuốc'!$P:$P), muc3_ngay,_xlfn.XLOOKUP(nt,'kpi nhà thuốc'!$B:$B,'kpi nhà thuốc'!$T:$T), hangdiem1,_xlfn.XLOOKUP(nt,'kpi nhà thuốc'!$B:$B,'kpi nhà thuốc'!$I:$I), hangdiem2,_xlfn.XLOOKUP(nt,'kpi nhà thuốc'!$B:$B,'kpi nhà thuốc'!$N:$N), hangdiem3,_xlfn.XLOOKUP(nt,'kpi nhà thuốc'!$B:$B,'kpi nhà thuốc'!$R:$R), _xludf.SWITCH(TRUE, doanhthungay>=muc3_ngay,hangdiem3, doanhthungay>=muc2_ngay,hangdiem2, TRUE,hangdiem1 )/songay*tyle ), -3), 0)} -> 0 | G51: {=_xlfn.XLOOKUP(B51,'Dự án T8'!B:B,'Dự án T8'!D:D,0)} -> 774133.32 | H51: =Q51 -> 2800000 | I51: =(AD51/DAY($C$1)) -> 1850354.3 | J51: {=_xlfn.XLOOKUP(B51,'kpi nhà thuốc'!A:A,'kpi nhà thuốc'!F:F,(AD51/DAY($C$1))/U51)} -> 0.57332235 | K51: {=_xlfn.XLOOKUP( B51, 'kpi nhà thuốc'!A:A, 'kpi nhà thuốc'!G:G, IF( AND( OR(C51="DSXC",C51="DSCD"), G51>=F51),IF(AND(I51>=T51,E51>=D51),AD51*1.5%,IF(AND(I51>=T51,E51<D51),AD51*1.3%,IF(AND(I51>=S51,E51>=D51),AD51*1.3%,IF(AND(I51>=S51,E51<D51),AD51*1.1%,IF(AND(I51>=R51,E51>=D51),AD51*1.2%,IF(AND(I51>=R51,E51<D51),AD51*1%,"")))))),"" ) )} -> 0 | L51: =IF(C51="DSTV","", IF(J51<0.6, 0.8, 1)) -> 0.8 | M51: {=IFERROR( _xlfn.XLOOKUP( $A51&$B51, 'Dự án T8'!$A:$A&'Dự án T8'!$B:$B, 'Dự án T8'!$M:$M, 0 )*$L51, 0)} -> 0 | N51: =K51+M51*L51 -> 0 | O51: =CEILING(R51,100000) -> 2300000 | P51: =CEILING(S51,100000) -> 2500000 | Q51: =CEILING(T51,100000) -> 2800000 | R51: =U51*$R$2 -> 2206451.6 | S51: =U51*$S$2 -> 2482258.1 | T51: =U51*$T$2 -> 2758064.5 | U51: =V51/DAY('kpi nhà thuốc'!$T$1) -> 2758064.5 | V51: 85500000 | W51: =SUMIF(data!$B:$B,B51,data!$C:$C) -> 318 | X51: =SUMIF(data!$B:$B,B51,data!$D:$D) -> 28843900 | Y51: =IF(W51>0,X51/W51,0) -> 90704.088 | Z51: =SUMIF(data!$B:$B,B51,data!$E:$E) -> 117 | AA51: =SUMIF(data!$B:$B,B51,data!$F:$F) -> 22966020 | AB51: =IF(Z51>0,AA51/Z51,0) -> 196290.77 | AC51: =W51+Z51 -> 435 | AD51: =X51+AA51 -> 51809920 | AE51: =IF(AC51>0,AD51/AC51,0) -> 119103.26
A52: Lê Bình | B52: Lê Thị Xuyến | C52: DSCD (TV) | E52: =AE52 -> 94183.004 | F52: {=IFERROR( ROUND( _xludf.LET( nt,$A52, nv,$B52, songay,DAY(EOMONTH($C$1,0)), doanhthungay,$I52, duan_nv,SUM_xlfn.IFS('Dự án T8'!$D:$D,'Dự án T8'!$A:$A,nt,'Dự án T8'!$B:$B,nv), duan_nt,SUM_xlfn.IFS('Dự án T8'!$D:$D,'Dự án T8'!$A:$A,nt), tyle,duan_nv/duan_nt, muc2_ngay,_xlfn.XLOOKUP(nt,'kpi nhà thuốc'!$B:$B,'kpi nhà thuốc'!$P:$P), muc3_ngay,_xlfn.XLOOKUP(nt,'kpi nhà thuốc'!$B:$B,'kpi nhà thuốc'!$T:$T), hangdiem1,_xlfn.XLOOKUP(nt,'kpi nhà thuốc'!$B:$B,'kpi nhà thuốc'!$I:$I), hangdiem2,_xlfn.XLOOKUP(nt,'kpi nhà thuốc'!$B:$B,'kpi nhà thuốc'!$N:$N), hangdiem3,_xlfn.XLOOKUP(nt,'kpi nhà thuốc'!$B:$B,'kpi nhà thuốc'!$R:$R), _xludf.SWITCH(TRUE, doanhthungay>=muc3_ngay,hangdiem3, doanhthungay>=muc2_ngay,hangdiem2, TRUE,hangdiem1 )/songay*tyle ), -3), 0)} -> 0 | G52: {=_xlfn.XLOOKUP(B52,'Dự án T8'!B:B,'Dự án T8'!D:D,0)} -> 372487.18 | H52: =Q52 -> 2600000 | I52: =(AD52/DAY($C$1)) -> 851010.71 | J52: {=_xlfn.XLOOKUP(B52,'kpi nhà thuốc'!A:A,'kpi nhà thuốc'!F:F,(AD52/DAY($C$1))/U52)} -> 0.32976665 | K52: {=_xlfn.XLOOKUP( B52, 'kpi nhà thuốc'!A:A, 'kpi nhà thuốc'!G:G, IF( AND( OR(C52="DSXC",C52="DSCD"), G52>=F52),IF(AND(I52>=T52,E52>=D52),AD52*1.5%,IF(AND(I52>=T52,E52<D52),AD52*1.3%,IF(AND(I52>=S52,E52>=D52),AD52*1.3%,IF(AND(I52>=S52,E52<D52),AD52*1.1%,IF(AND(I52>=R52,E52>=D52),AD52*1.2%,IF(AND(I52>=R52,E52<D52),AD52*1%,"")))))),"" ) )} | L52: =IF(C52="DSTV","", IF(J52<0.6, 0.8, 1)) -> 0.8 | M52: {=IFERROR( _xlfn.XLOOKUP( $A52&$B52, 'Dự án T8'!$A:$A&'Dự án T8'!$B:$B, 'Dự án T8'!$M:$M, 0 )*$L52, 0)} -> 0 | N52: =K52+M52*L52 -> #VALUE! | O52: =CEILING(R52,100000) -> 2100000 | P52: =CEILING(S52,100000) -> 2400000 | Q52: =CEILING(T52,100000) -> 2600000 | R52: =U52*$R$2 -> 2064516.1 | S52: =U52*$S$2 -> 2322580.6 | T52: =U52*$T$2 -> 2580645.2 | U52: =V52/DAY('kpi nhà thuốc'!$T$1) -> 2580645.2 | V52: 80000000 | W52: =SUMIF(data!$B:$B,B52,data!$C:$C) -> 177 | X52: =SUMIF(data!$B:$B,B52,data!$D:$D) -> 13537000 | Y52: =IF(W52>0,X52/W52,0) -> 76480.226 | Z52: =SUMIF(data!$B:$B,B52,data!$E:$E) -> 76 | AA52: =SUMIF(data!$B:$B,B52,data!$F:$F) -> 10291300 | AB52: =IF(Z52>0,AA52/Z52,0) -> 135411.84 | AC52: =W52+Z52 -> 253 | AD52: =X52+AA52 -> 23828300 | AE52: =IF(AC52>0,AD52/AC52,0) -> 94183.004
A53: Lê Bình | B53: Đinh Hoài Bảo | C53: DSCD (TV) | E53: =AE53 -> 105744.23 | F53: {=IFERROR( ROUND( _xludf.LET( nt,$A53, nv,$B53, songay,DAY(EOMONTH($C$1,0)), doanhthungay,$I53, duan_nv,SUM_xlfn.IFS('Dự án T8'!$D:$D,'Dự án T8'!$A:$A,nt,'Dự án T8'!$B:$B,nv), duan_nt,SUM_xlfn.IFS('Dự án T8'!$D:$D,'Dự án T8'!$A:$A,nt), tyle,duan_nv/duan_nt, muc2_ngay,_xlfn.XLOOKUP(nt,'kpi nhà thuốc'!$B:$B,'kpi nhà thuốc'!$P:$P), muc3_ngay,_xlfn.XLOOKUP(nt,'kpi nhà thuốc'!$B:$B,'kpi nhà thuốc'!$T:$T), hangdiem1,_xlfn.XLOOKUP(nt,'kpi nhà thuốc'!$B:$B,'kpi nhà thuốc'!$I:$I), hangdiem2,_xlfn.XLOOKUP(nt,'kpi nhà thuốc'!$B:$B,'kpi nhà thuốc'!$N:$N), hangdiem3,_xlfn.XLOOKUP(nt,'kpi nhà thuốc'!$B:$B,'kpi nhà thuốc'!$R:$R), _xludf.SWITCH(TRUE, doanhthungay>=muc3_ngay,hangdiem3, doanhthungay>=muc2_ngay,hangdiem2, TRUE,hangdiem1 )/songay*tyle ), -3), 0)} -> 0 | G53: {=_xlfn.XLOOKUP(B53,'Dự án T8'!B:B,'Dự án T8'!D:D,0)} -> 701970.14 | H53: =Q53 -> 2600000 | I53: =(AD53/DAY($C$1)) -> 1669248.2 | J53: {=_xlfn.XLOOKUP(B53,'kpi nhà thuốc'!A:A,'kpi nhà thuốc'!F:F,(AD53/DAY($C$1))/U53)} -> 0.64683368 | K53: {=_xlfn.XLOOKUP( B53, 'kpi nhà thuốc'!A:A, 'kpi nhà thuốc'!G:G, IF( AND( OR(C53="DSXC",C53="DSCD"), G53>=F53),IF(AND(I53>=T53,E53>=D53),AD53*1.5%,IF(AND(I53>=T53,E53<D53),AD53*1.3%,IF(AND(I53>=S53,E53>=D53),AD53*1.3%,IF(AND(I53>=S53,E53<D53),AD53*1.1%,IF(AND(I53>=R53,E53>=D53),AD53*1.2%,IF(AND(I53>=R53,E53<D53),AD53*1%,"")))))),"" ) )} | L53: =IF(C53="DSTV","", IF(J53<0.6, 0.8, 1)) -> 1 | M53: {=IFERROR( _xlfn.XLOOKUP( $A53&$B53, 'Dự án T8'!$A:$A&'Dự án T8'!$B:$B, 'Dự án T8'!$M:$M, 0 )*$L53, 0)} -> 0 | N53: =K53+M53*L53 -> #VALUE! | O53: =CEILING(R53,100000) -> 2100000 | P53: =CEILING(S53,100000) -> 2400000 | Q53: =CEILING(T53,100000) -> 2600000 | R53: =U53*$R$2 -> 2064516.1 | S53: =U53*$S$2 -> 2322580.6 | T53: =U53*$T$2 -> 2580645.2 | U53: =V53/DAY('kpi nhà thuốc'!$T$1) -> 2580645.2 | V53: 80000000 | W53: =SUMIF(data!$B:$B,B53,data!$C:$C) -> 295 | X53: =SUMIF(data!$B:$B,B53,data!$D:$D) -> 24509200 | Y53: =IF(W53>0,X53/W53,0) -> 83082.034 | Z53: =SUMIF(data!$B:$B,B53,data!$E:$E) -> 147 | AA53: =SUMIF(data!$B:$B,B53,data!$F:$F) -> 22229750 | AB53: =IF(Z53>0,AA53/Z53,0) -> 151222.79 | AC53: =W53+Z53 -> 442 | AD53: =X53+AA53 -> 46738950 | AE53: =IF(AC53>0,AD53/AC53,0) -> 105744.23
A54: Lê Bình | B54: Hoàng Lâm Gia Bảo | C54: DSXC | E54: =AE54 -> 165385.68 | F54: {=IFERROR( ROUND( _xludf.LET( nt,$A54, nv,$B54, songay,DAY(EOMONTH($C$1,0)), doanhthungay,$I54, duan_nv,SUM_xlfn.IFS('Dự án T8'!$D:$D,'Dự án T8'!$A:$A,nt,'Dự án T8'!$B:$B,nv), duan_nt,SUM_xlfn.IFS('Dự án T8'!$D:$D,'Dự án T8'!$A:$A,nt), tyle,duan_nv/duan_nt, muc2_ngay,_xlfn.XLOOKUP(nt,'kpi nhà thuốc'!$B:$B,'kpi nhà thuốc'!$P:$P), muc3_ngay,_xlfn.XLOOKUP(nt,'kpi nhà thuốc'!$B:$B,'kpi nhà thuốc'!$T:$T), hangdiem1,_xlfn.XLOOKUP(nt,'kpi nhà thuốc'!$B:$B,'kpi nhà thuốc'!$I:$I), hangdiem2,_xlfn.XLOOKUP(nt,'kpi nhà thuốc'!$B:$B,'kpi nhà thuốc'!$N:$N), hangdiem3,_xlfn.XLOOKUP(nt,'kpi nhà thuốc'!$B:$B,'kpi nhà thuốc'!$R:$R), _xludf.SWITCH(TRUE, doanhthungay>=muc3_ngay,hangdiem3, doanhthungay>=muc2_ngay,hangdiem2, TRUE,hangdiem1 )/songay*tyle ), -3), 0)} -> 0 | G54: {=_xlfn.XLOOKUP(B54,'Dự án T8'!B:B,'Dự án T8'!D:D,0)} -> 808500.21 | H54: =Q54 -> 2600000 | I54: =(AD54/DAY($C$1)) -> 2598917.9 | J54: {=_xlfn.XLOOKUP(B54,'kpi nhà thuốc'!A:A,'kpi nhà thuốc'!F:F,(AD54/DAY($C$1))/U54)} -> 1.0070807 | K54: {=_xlfn.XLOOKUP( B54, 'kpi nhà thuốc'!A:A, 'kpi nhà thuốc'!G:G, IF( AND( OR(C54="DSXC",C54="DSCD"), G54>=F54),IF(AND(I54>=T54,E54>=D54),AD54*1.5%,IF(AND(I54>=T54,E54<D54),AD54*1.3%,IF(AND(I54>=S54,E54>=D54),AD54*1.3%,IF(AND(I54>=S54,E54<D54),AD54*1.1%,IF(AND(I54>=R54,E54>=D54),AD54*1.2%,IF(AND(I54>=R54,E54<D54),AD54*1%,"")))))),"" ) )} -> #NAME? | L54: =IF(C54="DSTV","", IF(J54<0.6, 0.8, 1)) -> 1 | M54: {=IFERROR( _xlfn.XLOOKUP( $A54&$B54, 'Dự án T8'!$A:$A&'Dự án T8'!$B:$B, 'Dự án T8'!$M:$M, 0 )*$L54, 0)} -> 0 | N54: =K54+M54*L54 -> #NAME? | O54: =CEILING(R54,100000) -> 2100000 | P54: =CEILING(S54,100000) -> 2400000 | Q54: =CEILING(T54,100000) -> 2600000 | R54: =U54*$R$2 -> 2064516.1 | S54: =U54*$S$2 -> 2322580.6 | T54: =U54*$T$2 -> 2580645.2 | U54: =V54/DAY('kpi nhà thuốc'!$T$1) -> 2580645.2 | V54: 80000000 | W54: =SUMIF(data!$B:$B,B54,data!$C:$C) -> 294 | X54: =SUMIF(data!$B:$B,B54,data!$D:$D) -> 41729500 | Y54: =IF(W54>0,X54/W54,0) -> 141937.07 | Z54: =SUMIF(data!$B:$B,B54,data!$E:$E) -> 146 | AA54: =SUMIF(data!$B:$B,B54,data!$F:$F) -> 31040200 | AB54: =IF(Z54>0,AA54/Z54,0) -> 212604.11 | AC54: =W54+Z54 -> 440 | AD54: =X54+AA54 -> 72769700 | AE54: =IF(AC54>0,AD54/AC54,0) -> 165385.68
A55: Lê Bình | B55: Trần Thị Phương Thùy | C55: DSHV | E55: =AE55 -> 0 | F55: {=IFERROR( ROUND( _xludf.LET( nt,$A55, nv,$B55, songay,DAY(EOMONTH($C$1,0)), doanhthungay,$I55, duan_nv,SUM_xlfn.IFS('Dự án T8'!$D:$D,'Dự án T8'!$A:$A,nt,'Dự án T8'!$B:$B,nv), duan_nt,SUM_xlfn.IFS('Dự án T8'!$D:$D,'Dự án T8'!$A:$A,nt), tyle,duan_nv/duan_nt, muc2_ngay,_xlfn.XLOOKUP(nt,'kpi nhà thuốc'!$B:$B,'kpi nhà thuốc'!$P:$P), muc3_ngay,_xlfn.XLOOKUP(nt,'kpi nhà thuốc'!$B:$B,'kpi nhà thuốc'!$T:$T), hangdiem1,_xlfn.XLOOKUP(nt,'kpi nhà thuốc'!$B:$B,'kpi nhà thuốc'!$I:$I), hangdiem2,_xlfn.XLOOKUP(nt,'kpi nhà thuốc'!$B:$B,'kpi nhà thuốc'!$N:$N), hangdiem3,_xlfn.XLOOKUP(nt,'kpi nhà thuốc'!$B:$B,'kpi nhà thuốc'!$R:$R), _xludf.SWITCH(TRUE, doanhthungay>=muc3_ngay,hangdiem3, doanhthungay>=muc2_ngay,hangdiem2, TRUE,hangdiem1 )/songay*tyle ), -3), 0)} -> 0 | G55: {=_xlfn.XLOOKUP(B55,'Dự án T8'!B:B,'Dự án T8'!D:D,0)} -> 0 | H55: =Q55 -> 1800000 | I55: =(AD55/DAY($C$1)) -> 0 | J55: {=_xlfn.XLOOKUP(B55,'kpi nhà thuốc'!A:A,'kpi nhà thuốc'!F:F,(AD55/DAY($C$1))/U55)} -> 0 | K55: {=_xlfn.XLOOKUP( B55, 'kpi nhà thuốc'!A:A, 'kpi nhà thuốc'!G:G, IF( AND( OR(C55="DSXC",C55="DSCD"), G55>=F55),IF(AND(I55>=T55,E55>=D55),AD55*1.5%,IF(AND(I55>=T55,E55<D55),AD55*1.3%,IF(AND(I55>=S55,E55>=D55),AD55*1.3%,IF(AND(I55>=S55,E55<D55),AD55*1.1%,IF(AND(I55>=R55,E55>=D55),AD55*1.2%,IF(AND(I55>=R55,E55<D55),AD55*1%,"")))))),"" ) )} | L55: =IF(C55="DSTV","", IF(J55<0.6, 0.8, 1)) -> 0.8 | M55: {=IFERROR( _xlfn.XLOOKUP( $A55&$B55, 'Dự án T8'!$A:$A&'Dự án T8'!$B:$B, 'Dự án T8'!$M:$M, 0 )*$L55, 0)} -> 0 | N55: =K55+M55*L55 -> #VALUE! | O55: =CEILING(R55,100000) -> 1500000 | P55: =CEILING(S55,100000) -> 1600000 | Q55: =CEILING(T55,100000) -> 1800000 | R55: =U55*$R$2 -> 1419354.8 | S55: =U55*$S$2 -> 1596774.2 | T55: =U55*$T$2 -> 1774193.5 | U55: =V55/DAY('kpi nhà thuốc'!$T$1) -> 1774193.5 | V55: 55000000 | W55: =SUMIF(data!$B:$B,B55,data!$C:$C) -> 0 | X55: =SUMIF(data!$B:$B,B55,data!$D:$D) -> 0 | Y55: =IF(W55>0,X55/W55,0) -> 0 | Z55: =SUMIF(data!$B:$B,B55,data!$E:$E) -> 0 | AA55: =SUMIF(data!$B:$B,B55,data!$F:$F) -> 0 | AB55: =IF(Z55>0,AA55/Z55,0) -> 0 | AC55: =W55+Z55 -> 0 | AD55: =X55+AA55 -> 0 | AE55: =IF(AC55>0,AD55/AC55,0) -> 0

Sheet kpi nhà thuốc
D1: Dữ liệu cập nhật đến ngày | F1: ='kpi dược sĩ'!C1 -> 46262 | T1: 46265
A2: Cửa hàng trưởng | B2: Nhà thuốc | C2: KPI doanh thu (tháng) | D2: Doanh thu thực tế (tháng) | E2: Doanh thu thực tế (ngày) | F2: Tỷ lệ đạt KPIs | G2: Thưởng CHT | H2: KPIs mức 1 | I2: KPIs hàng điểm mức 1 | J2: KPIs mức 1/tháng | K2: KPIs mức 1/ngày | L2: KPIs mức 1/ngày | M2: KPIs mức 2 | N2: KPIs hàng điểm mức 2 | O2: KPIs mức 2/tháng | P2: KPIs mức 2/ngày | Q2: KPIs mức 3 | R2: KPIs hàng điểm mức 3 | S2: KPIs mức 3/tháng | T2: KPIs mức 3/ngày | U2: Doanh thu hàng điểm | V2: Hàng điểm/ Doanh thu tổng | W2: Xét Đạt KPI | X2: Số giao dịch off | Y2: Doanh thu off | Z2: Tbbill off | AA2: Số giao dịch onl | AB2: Doanh thu onl | AC2: Tbbill onl | AD2: Tổng giao dịch | AE2: Doanh thu tổng | AF2: Trung bình Bill
A3: Nguyễn Trần Ngọc Phương | B3: Trường Sa | C3: 640000000 | D3: =AE3 -> 422821143 | E3: =D3/DAY('kpi dược sĩ'!$C$1) -> 15100755 | F3: =E3/T3 -> 0.73144283 | G3: =IF( W3<>"Đạt",0,IF(E3>=T3,D3*0.5%+1000000,IF(E3>=P3,D3*0.4%+700000,IF(E3>=K3,D3*0.35%+500000,0))) ) -> 0 | H3: 0.8 | I3: =J3*0.25 -> 128000000 | J3: =C3*H3 -> 512000000 | K3: =T3*H3 -> 16516129 | L3: =CEILING(K3,100000) -> 16600000 | M3: 0.9 | N3: =O3*0.25 -> 144000000 | O3: =C3*M3 -> 576000000 | P3: =T3*M3 -> 18580645 | Q3: 1 | R3: =S3*0.25 -> 160000000 | S3: =C3*Q3 -> 640000000 | T3: =C3/DAY($T$1) -> 20645161 | U3: =SUMIF('Dự án T8'!$A:$A,B3,'Dự án T8'!D:D)*DAY($F$1) -> 182721610 | V3: =U3/D3 -> 0.43214871 | W3: =IF(OR(F3="",V3=""),"",IF(AND(F3>=80%,V3>=25%),"Đạt","Không đạt")) -> Không đạt | X3: =SUMIF(data!$A:$A,B3,data!$C:$C) -> 2176 | Y3: =SUMIF(data!$A:$A,B3,data!$D:$D) -> 171544602 | Z3: =Y3/X3 -> 78834.835 | AA3: =SUMIF(data!$A:$A,B3,data!$E:$E) -> 1265 | AB3: =SUMIF(data!$A:$A,B3,data!$F:$F) -> 251276541 | AC3: =AB3/AA3 -> 198637.58 | AD3: =X3+AA3 -> 3441 | AE3: =Y3+AB3 -> 422821143 | AF3: =AE3/AD3 -> 122877.4
A4: Ngô Thị Thanh Thắm | B4: Đỗ Quang Đẩu | C4: 1100000000 | D4: =AE4 -> 883370960 | E4: =D4/DAY('kpi dược sĩ'!$C$1) -> 31548963 | F4: =E4/T4 -> 0.88910714 | G4: =IF( W4<>"Đạt",0,IF(E4>=T4,D4*0.5%+1000000,IF(E4>=P4,D4*0.4%+700000,IF(E4>=K4,D4*0.35%+500000,0))) ) -> 0 | H4: 0.8 | I4: =J4*0.25 -> 220000000 | J4: =C4*H4 -> 880000000 | K4: =T4*H4 -> 28387097 | L4: =CEILING(K4,100000) -> 28400000 | M4: 0.9 | N4: =O4*0.25 -> 247500000 | O4: =C4*M4 -> 990000000 | P4: =T4*M4 -> 31935484 | Q4: 1 | R4: =S4*0.25 -> 275000000 | S4: =C4*Q4 -> 1100000000 | T4: =C4/DAY($T$1) -> 35483871 | U4: =SUMIF('Dự án T8'!$A:$A,B4,'Dự án T8'!D:D)*DAY($F$1) -> 85503660 | V4: =U4/D4 -> 0.096792473 | W4: =IF(OR(F4="",V4=""),"",IF(AND(F4>=80%,V4>=25%),"Đạt","Không đạt")) -> Không đạt | X4: =SUMIF(data!$A:$A,B4,data!$C:$C) -> 2625 | Y4: =SUMIF(data!$A:$A,B4,data!$D:$D) -> 705472310 | Z4: =Y4/X4 -> 268751.36 | AA4: =SUMIF(data!$A:$A,B4,data!$E:$E) -> 815 | AB4: =SUMIF(data!$A:$A,B4,data!$F:$F) -> 177898650 | AC4: =AB4/AA4 -> 218280.55 | AD4: =X4+AA4 -> 3440 | AE4: =Y4+AB4 -> 883370960 | AF4: =AE4/AD4 -> 256793.88
A5: Thái Thùy Linh | B5: Minh Châu | C5: 460000000 | D5: =AE5 -> 288503944 | E5: =D5/DAY('kpi dược sĩ'!$C$1) -> 10303712 | F5: =E5/T5 -> 0.69438061 | G5: =IF( W5<>"Đạt",0,IF(E5>=T5,D5*0.5%+1000000,IF(E5>=P5,D5*0.4%+700000,IF(E5>=K5,D5*0.35%+500000,0))) ) -> 0 | H5: 0.8 | I5: =J5*0.25 -> 92000000 | J5: =C5*H5 -> 368000000 | K5: =T5*H5 -> 11870968 | L5: =CEILING(K5,100000) -> 11900000 | M5: 0.9 | N5: =O5*0.25 -> 103500000 | O5: =C5*M5 -> 414000000 | P5: =T5*M5 -> 13354839 | Q5: 1 | R5: =S5*0.25 -> 115000000 | S5: =C5*Q5 -> 460000000 | T5: =C5/DAY($T$1) -> 14838710 | U5: =SUMIF('Dự án T8'!$A:$A,B5,'Dự án T8'!D:D)*DAY($F$1) -> 1.1968943e+08 | V5: =U5/D5 -> 0.41486236 | W5: =IF(OR(F5="",V5=""),"",IF(AND(F5>=80%,V5>=25%),"Đạt","Không đạt")) -> Không đạt | X5: =SUMIF(data!$A:$A,B5,data!$C:$C) -> 2611 | Y5: =SUMIF(data!$A:$A,B5,data!$D:$D) -> 215881494 | Z5: =Y5/X5 -> 82681.537 | AA5: =SUMIF(data!$A:$A,B5,data!$E:$E) -> 489 | AB5: =SUMIF(data!$A:$A,B5,data!$F:$F) -> 72622450 | AC5: =AB5/AA5 -> 148512.17 | AD5: =X5+AA5 -> 3100 | AE5: =Y5+AB5 -> 288503944 | AF5: =AE5/AD5 -> 93065.788
A6: Vũ Ngọc Thanh Thảo | B6: Nam Hòa | C6: 330000000 | D6: =AE6 -> 206337778 | E6: =D6/DAY('kpi dược sĩ'!$C$1) -> 7369206.4 | F6: =E6/T6 -> 0.69225878 | G6: =IF( W6<>"Đạt",0,IF(E6>=T6,D6*0.5%+1000000,IF(E6>=P6,D6*0.4%+700000,IF(E6>=K6,D6*0.35%+500000,0))) ) -> 0 | H6: 0.8 | I6: =J6*0.25 -> 66000000 | J6: =C6*H6 -> 264000000 | K6: =T6*H6 -> 8516129 | L6: =CEILING(K6,100000) -> 8600000 | M6: 0.9 | N6: =O6*0.25 -> 74250000 | O6: =C6*M6 -> 297000000 | P6: =T6*M6 -> 9580645.2 | Q6: 1 | R6: =S6*0.25 -> 82500000 | S6: =C6*Q6 -> 330000000 | T6: =C6/DAY($T$1) -> 10645161 | U6: =SUMIF('Dự án T8'!$A:$A,B6,'Dự án T8'!D:D)*DAY($F$1) -> 80482838 | V6: =U6/D6 -> 0.39005382 | W6: =IF(OR(F6="",V6=""),"",IF(AND(F6>=80%,V6>=25%),"Đạt","Không đạt")) -> Không đạt | X6: =SUMIF(data!$A:$A,B6,data!$C:$C) -> 1468 | Y6: =SUMIF(data!$A:$A,B6,data!$D:$D) -> 107946928 | Z6: =Y6/X6 -> 73533.33 | AA6: =SUMIF(data!$A:$A,B6,data!$E:$E) -> 478 | AB6: =SUMIF(data!$A:$A,B6,data!$F:$F) -> 98390850 | AC6: =AB6/AA6 -> 205838.6 | AD6: =X6+AA6 -> 1946 | AE6: =Y6+AB6 -> 206337778 | AF6: =AE6/AD6 -> 106031.75
A7: Lê Thị Quỳnh Trâm | B7: Nguyễn Chí Thanh | C7: 550000000 | D7: =AE7 -> 369744300 | E7: =D7/DAY('kpi dược sĩ'!$C$1) -> 13205154 | F7: =E7/T7 -> 0.74429047 | G7: =IF( W7<>"Đạt",0,IF(E7>=T7,D7*0.5%+1000000,IF(E7>=P7,D7*0.4%+700000,IF(E7>=K7,D7*0.35%+500000,0))) ) -> #N/A | H7: 0.8 | I7: =J7*0.25 -> 110000000 | J7: =C7*H7 -> 440000000 | K7: =T7*H7 -> 14193548 | L7: =CEILING(K7,100000) -> 14200000 | M7: 0.9 | N7: =O7*0.25 -> 123750000 | O7: =C7*M7 -> 495000000 | P7: =T7*M7 -> 15967742 | Q7: 1 | R7: =S7*0.25 -> 137500000 | S7: =C7*Q7 -> 550000000 | T7: =C7/DAY($T$1) -> 17741935 | U7: =SUMIF('Dự án T8'!$A:$A,B7,'Dự án T8'!D:D)*DAY($F$1) -> #N/A | V7: =U7/D7 -> #N/A | W7: =IF(OR(F7="",V7=""),"",IF(AND(F7>=80%,V7>=25%),"Đạt","Không đạt")) -> #N/A | X7: =SUMIF(data!$A:$A,B7,data!$C:$C) -> 2191 | Y7: =SUMIF(data!$A:$A,B7,data!$D:$D) -> 183768725 | Z7: =Y7/X7 -> 83874.361 | AA7: =SUMIF(data!$A:$A,B7,data!$E:$E) -> 714 | AB7: =SUMIF(data!$A:$A,B7,data!$F:$F) -> 185975575 | AC7: =AB7/AA7 -> 260469.99 | AD7: =X7+AA7 -> 2905 | AE7: =Y7+AB7 -> 369744300 | AF7: =AE7/AD7 -> 127278.59
A8: Triệu Thị Ngọc Lý | B8: Nguyễn Thị Thập | C8: 545000000 | D8: =AE8 -> 371046068 | E8: =D8/DAY('kpi dược sĩ'!$C$1) -> 13251645 | F8: =E8/T8 -> 0.75376331 | G8: =IF( W8<>"Đạt",0,IF(E8>=T8,D8*0.5%+1000000,IF(E8>=P8,D8*0.4%+700000,IF(E8>=K8,D8*0.35%+500000,0))) ) -> 0 | H8: 0.8 | I8: =J8*0.25 -> 109000000 | J8: =C8*H8 -> 436000000 | K8: =T8*H8 -> 14064516 | L8: =CEILING(K8,100000) -> 14100000 | M8: 0.9 | N8: =O8*0.25 -> 122625000 | O8: =C8*M8 -> 490500000 | P8: =T8*M8 -> 15822581 | Q8: 1 | R8: =S8*0.25 -> 136250000 | S8: =C8*Q8 -> 545000000 | T8: =C8/DAY($T$1) -> 17580645 | U8: =SUMIF('Dự án T8'!$A:$A,B8,'Dự án T8'!D:D)*DAY($F$1) -> 73088900 | V8: =U8/D8 -> 0.19698066 | W8: =IF(OR(F8="",V8=""),"",IF(AND(F8>=80%,V8>=25%),"Đạt","Không đạt")) -> Không đạt | X8: =SUMIF(data!$A:$A,B8,data!$C:$C) -> 1797 | Y8: =SUMIF(data!$A:$A,B8,data!$D:$D) -> 122940600 | Z8: =Y8/X8 -> 68414.357 | AA8: =SUMIF(data!$A:$A,B8,data!$E:$E) -> 1141 | AB8: =SUMIF(data!$A:$A,B8,data!$F:$F) -> 248105468 | AC8: =AB8/AA8 -> 217445.63 | AD8: =X8+AA8 -> 2938 | AE8: =Y8+AB8 -> 371046068 | AF8: =AE8/AD8 -> 126292.06
A9: Võ Ngọc Giàu Sang | B9: Nguyễn Văn Quá | C9: 400000000 | D9: =AE9 -> 251130550 | E9: =D9/DAY('kpi dược sĩ'!$C$1) -> 8968948.2 | F9: =E9/T9 -> 0.69509349 | G9: =IF( W9<>"Đạt",0,IF(E9>=T9,D9*0.5%+1000000,IF(E9>=P9,D9*0.4%+700000,IF(E9>=K9,D9*0.35%+500000,0))) ) -> 0 | H9: 0.8 | I9: =J9*0.25 -> 80000000 | J9: =C9*H9 -> 320000000 | K9: =T9*H9 -> 10322581 | L9: =CEILING(K9,100000) -> 10400000 | M9: 0.9 | N9: =O9*0.25 -> 90000000 | O9: =C9*M9 -> 360000000 | P9: =T9*M9 -> 11612903 | Q9: 1 | R9: =S9*0.25 -> 100000000 | S9: =C9*Q9 -> 400000000 | T9: =C9/DAY($T$1) -> 12903226 | U9: =SUMIF('Dự án T8'!$A:$A,B9,'Dự án T8'!D:D)*DAY($F$1) -> 111537019 | V9: =U9/D9 -> 0.44413959 | W9: =IF(OR(F9="",V9=""),"",IF(AND(F9>=80%,V9>=25%),"Đạt","Không đạt")) -> Không đạt | X9: =SUMIF(data!$A:$A,B9,data!$C:$C) -> 2696 | Y9: =SUMIF(data!$A:$A,B9,data!$D:$D) -> 179324900 | Z9: =Y9/X9 -> 66515.171 | AA9: =SUMIF(data!$A:$A,B9,data!$E:$E) -> 518 | AB9: =SUMIF(data!$A:$A,B9,data!$F:$F) -> 71805650 | AC9: =AB9/AA9 -> 138620.95 | AD9: =X9+AA9 -> 3214 | AE9: =Y9+AB9 -> 251130550 | AF9: =AE9/AD9 -> 78136.45
A10: Cù Thị Tường Vy | B10: Rạch Bùng Binh | C10: 420000000 | D10: =AE10 -> 302503100 | E10: =D10/DAY('kpi dược sĩ'!$C$1) -> 10803682 | F10: =E10/T10 -> 0.79741463 | G10: =IF( W10<>"Đạt",0,IF(E10>=T10,D10*0.5%+1000000,IF(E10>=P10,D10*0.4%+700000,IF(E10>=K10,D10*0.35%+500000,0))) ) -> 0 | H10: 0.8 | I10: =J10*0.25 -> 84000000 | J10: =C10*H10 -> 336000000 | K10: =T10*H10 -> 10838710 | L10: =CEILING(K10,100000) -> 10900000 | M10: 0.9 | N10: =O10*0.25 -> 94500000 | O10: =C10*M10 -> 378000000 | P10: =T10*M10 -> 12193548 | Q10: 1 | R10: =S10*0.25 -> 105000000 | S10: =C10*Q10 -> 420000000 | T10: =C10/DAY($T$1) -> 13548387 | U10: =SUMIF('Dự án T8'!$A:$A,B10,'Dự án T8'!D:D)*DAY($F$1) -> 88217979 | V10: =U10/D10 -> 0.29162669 | W10: =IF(OR(F10="",V10=""),"",IF(AND(F10>=80%,V10>=25%),"Đạt","Không đạt")) -> Không đạt | X10: =SUMIF(data!$A:$A,B10,data!$C:$C) -> 1640 | Y10: =SUMIF(data!$A:$A,B10,data!$D:$D) -> 133699800 | Z10: =Y10/X10 -> 81524.268 | AA10: =SUMIF(data!$A:$A,B10,data!$E:$E) -> 663 | AB10: =SUMIF(data!$A:$A,B10,data!$F:$F) -> 168803300 | AC10: =AB10/AA10 -> 254605.28 | AD10: =X10+AA10 -> 2303 | AE10: =Y10+AB10 -> 302503100 | AF10: =AE10/AD10 -> 131351.76
A11: Hồ Thị Minh Hòa | B11: Lê Bình | C11: 325500000 | D11: =AE11 -> 168556770 | E11: =D11/DAY('kpi dược sĩ'!$C$1) -> 6019884.6 | F11: =E11/T11 -> 0.57332235 | G11: =IF( W11<>"Đạt",0,IF(E11>=T11,D11*0.5%+1000000,IF(E11>=P11,D11*0.4%+700000,IF(E11>=K11,D11*0.35%+500000,0))) ) -> 0 | H11: 0.8 | I11: =J11*0.25 -> 65100000 | J11: =C11*H11 -> 260400000 | K11: =T11*H11 -> 8400000 | L11: =CEILING(K11,100000) -> 8400000 | M11: 0.9 | N11: =O11*0.25 -> 73237500 | O11: =C11*M11 -> 292950000 | P11: =T11*M11 -> 9450000 | Q11: 1 | R11: =S11*0.25 -> 81375000 | S11: =C11*Q11 -> 325500000 | T11: =C11/DAY($T$1) -> 10500000 | U11: =SUMIF('Dự án T8'!$A:$A,B11,'Dự án T8'!D:D)*DAY($F$1) -> 74398544 | V11: =U11/D11 -> 0.44138568 | W11: =IF(OR(F11="",V11=""),"",IF(AND(F11>=80%,V11>=25%),"Đạt","Không đạt")) -> Không đạt | X11: =SUMIF(data!$A:$A,B11,data!$C:$C) -> 1023 | Y11: =SUMIF(data!$A:$A,B11,data!$D:$D) -> 94073000 | Z11: =Y11/X11 -> 91957.967 | AA11: =SUMIF(data!$A:$A,B11,data!$E:$E) -> 432 | AB11: =SUMIF(data!$A:$A,B11,data!$F:$F) -> 74483770 | AC11: =AB11/AA11 -> 172416.13 | AD11: =X11+AA11 -> 1455 | AE11: =Y11+AB11 -> 168556770 | AF11: =AE11/AD11 -> 115846.58
A12: Hứa Thị Kim Thoa | B12: Đường Láng | C12: 980000000 | D12: =AE12 -> 700342409 | E12: =D12/DAY('kpi dược sĩ'!$C$1) -> 25012229 | F12: =E12/T12 -> 0.79120316 | G12: =IF( W12<>"Đạt",0,IF(E12>=T12,D12*0.5%+1000000,IF(E12>=P12,D12*0.4%+700000,IF(E12>=K12,D12*0.35%+500000,0))) ) -> 0 | H12: 0.8 | I12: =J12*0.25 -> 196000000 | J12: =C12*H12 -> 784000000 | K12: =T12*H12 -> 25290323 | L12: =CEILING(K12,100000) -> 25300000 | M12: 0.9 | N12: =O12*0.25 -> 220500000 | O12: =C12*M12 -> 882000000 | P12: =T12*M12 -> 28451613 | Q12: 1 | R12: =S12*0.25 -> 245000000 | S12: =C12*Q12 -> 980000000 | T12: =C12/DAY($T$1) -> 31612903 | U12: =SUMIF('Dự án T8'!$A:$A,B12,'Dự án T8'!D:D)*DAY($F$1) -> 299660971 | V12: =U12/D12 -> 0.4278778 | W12: =IF(OR(F12="",V12=""),"",IF(AND(F12>=80%,V12>=25%),"Đạt","Không đạt")) -> Không đạt | X12: =SUMIF(data!$A:$A,B12,data!$C:$C) -> 2119 | Y12: =SUMIF(data!$A:$A,B12,data!$D:$D) -> 243596095 | Z12: =Y12/X12 -> 114958.04 | AA12: =SUMIF(data!$A:$A,B12,data!$E:$E) -> 1854 | AB12: =SUMIF(data!$A:$A,B12,data!$F:$F) -> 456746314 | AC12: =AB12/AA12 -> 246357.24 | AD12: =X12+AA12 -> 3973 | AE12: =Y12+AB12 -> 700342409 | AF12: =AE12/AD12 -> 176275.46
A13: Đinh Thị Lan Anh | B13: Hàng Bông | C13: 1270000000 | D13: =AE13 -> 925783725 | E13: =D13/DAY('kpi dược sĩ'!$C$1) -> 33063704 | F13: =E13/T13 -> 0.8070668 | G13: =IF( W13<>"Đạt",0,IF(E13>=T13,D13*0.5%+1000000,IF(E13>=P13,D13*0.4%+700000,IF(E13>=K13,D13*0.35%+500000,0))) ) -> #NAME? | H13: 0.8 | I13: =J13*0.25 -> 254000000 | J13: =C13*H13 -> 1016000000 | K13: =T13*H13 -> 32774194 | L13: =CEILING(K13,100000) -> 32800000 | M13: 0.9 | N13: =O13*0.25 -> 285750000 | O13: =C13*M13 -> 1143000000 | P13: =T13*M13 -> 36870968 | Q13: 1 | R13: =S13*0.25 -> 317500000 | S13: =C13*Q13 -> 1270000000 | T13: =C13/DAY($T$1) -> 40967742 | U13: =SUMIF('Dự án T8'!$A:$A,B13,'Dự án T8'!D:D)*DAY($F$1) -> 468153362 | V13: =U13/D13 -> 0.50568329 | W13: =IF(OR(F13="",V13=""),"",IF(AND(F13>=80%,V13>=25%),"Đạt","Không đạt")) -> Đạt | X13: =SUMIF(data!$A:$A,B13,data!$C:$C) -> 2972 | Y13: =SUMIF(data!$A:$A,B13,data!$D:$D) -> 725404500 | Z13: =Y13/X13 -> 244079.58 | AA13: =SUMIF(data!$A:$A,B13,data!$E:$E) -> 963 | AB13: =SUMIF(data!$A:$A,B13,data!$F:$F) -> 200379225 | AC13: =AB13/AA13 -> 208078.12 | AD13: =X13+AA13 -> 3935 | AE13: =Y13+AB13 -> 925783725 | AF13: =AE13/AD13 -> 235269.05
C14: =SUBTOTAL(109,C3:C13) -> 7020500000 | D14: =SUBTOTAL(109,D3:D13) -> 4890140747 | E14: =SUBTOTAL(109,E3:E13) -> 1.7464788e+08 | F14: =(D14/DAY(F1)*30)/C14 -> 0.74630532 | G14: =SUBTOTAL(109,G3:G13) -> #N/A | H14: =SUBTOTAL(109,H3:H13) -> 8.8 | I14: =SUM(I3:I13) -> 1404100000 | J14: =SUBTOTAL(109,J3:J13) -> 5616400000 | K14: =SUBTOTAL(109,K3:K13) -> 1.8117419e+08 | L14: =SUBTOTAL(109,L3:L13) -> 181600000 | M14: =SUBTOTAL(109,M3:M13) -> 9.9 | N14: =SUM(N3:N13) -> 1579612500 | O14: =SUBTOTAL(109,O3:O13) -> 6318450000 | P14: =SUBTOTAL(109,P3:P13) -> 2.0382097e+08 | Q14: =SUBTOTAL(109,Q3:Q13) -> 11 | R14: =SUM(R3:R13) -> 1755125000 | S14: =SUBTOTAL(109,S3:S13) -> 7020500000 | T14: =SUBTOTAL(109,T3:T13) -> 2.2646774e+08 | U14: =SUBTOTAL(109,U3:U13) -> #N/A | X14: =SUBTOTAL(109,X3:X13) -> 23318 | Y14: =SUBTOTAL(109,Y3:Y13) -> 2883652954 | Z14: =Y14/X14 -> 123666.39 | AA14: =SUBTOTAL(109,AA3:AA13) -> 9332 | AB14: =SUBTOTAL(109,AB3:AB13) -> 2006487793 | AC14: =AB14/AA14 -> 215011.55 | AD14: =SUBTOTAL(109,AD3:AD13) -> 32650 | AE14: =SUBTOTAL(109,AE3:AE13) -> 4890140747 | AF14: =AE14/AD14 -> 149774.6

Sheet Dự án T8
A1: ='kpi dược sĩ'!C1 -> 46262
A2: Nhà thuốc | B2: Nhân viên | C2: Chức danh | D2: CK + Combo + NY3/ngày | E2: NY3 | F2: Chiết khấu | G2: Combo Liều | H2: Chiết khấu/ngày | I2: Combo Liều/ngày | J2: Thưởng dự án | K2: Thưởng thêm | L2: Thưởng dự án Hot Bill HN | M2: Total dự án
A3: Hàng Bông | B3: Đinh Thị Lan Anh | C3: CHT | D3: =SUM(F3:G3)/DAY($A$1) -> 2758480.5 | E3: 13394373 | F3: 55925446 | G3: 7917636 | H3: =F3/DAY($A$1) -> 1997337.4 | I3: =G3/DAY($A$1) -> 282772.71 | J3: =IFERROR( IF( OR($A3="Hàng Bông",$A3="Đường Láng"), _xludf._xlfn.IFS( AND($H3>=3400000,$I3>=800000),4000000, AND($H3>=3000000,$I3>=700000),2800000, AND($H3>=2600000,$I3>=550000),2000000, AND($H3>=2200000,$I3>=450000),1200000, TRUE,0 ), _xludf._xlfn.IFS( AND($H3>=1500000,$I3>=700000),4000000, AND($H3>=1200000,$I3>=650000),2800000, AND($H3>=1000000,$I3>=580000),2200000, AND($H3>=850000,$I3>=480000),1600000, AND($H3>=630000,$I3>=350000),1000000, TRUE,0 ) ), 0) -> 0 | K3: =IFERROR( IF( AND( $J3=0, IF(OR($A3="Hàng Bông",$A3="Đường Láng"),$D3>=2000000,$D3>=950000) ), 500000, 0 ), 0) -> 500000 | L3: =IFERROR( SUMIF( 'Hot Bill HN'!$D:$D, $B3, 'Hot Bill HN'!$G:$G ), 0) -> 100000 | M3: =IFERROR($J3+$K3+$L3,0) -> 600000
A4: Hàng Bông | B4: Vũ Thanh Hằng | C4: BC | D4: =SUM(F4:G4)/DAY($A$1) -> 8078076.9 | E4: 112463349 | F4: 101243730 | G4: 12479074 | H4: =F4/DAY($A$1) -> 3615847.5 | I4: =G4/DAY($A$1) -> 445681.21 | J4: =IFERROR( IF( OR($A4="Hàng Bông",$A4="Đường Láng"), _xludf._xlfn.IFS( AND($H4>=3400000,$I4>=800000),4000000, AND($H4>=3000000,$I4>=700000),2800000, AND($H4>=2600000,$I4>=550000),2000000, AND($H4>=2200000,$I4>=450000),1200000, TRUE,0 ), _xludf._xlfn.IFS( AND($H4>=1500000,$I4>=700000),4000000, AND($H4>=1200000,$I4>=650000),2800000, AND($H4>=1000000,$I4>=580000),2200000, AND($H4>=850000,$I4>=480000),1600000, AND($H4>=630000,$I4>=350000),1000000, TRUE,0 ) ), 0) -> 0 | K4: =IFERROR( IF( AND( $J4=0, IF(OR($A4="Hàng Bông",$A4="Đường Láng"),$D4>=2000000,$D4>=950000) ), 500000, 0 ), 0) -> 500000 | L4: =IFERROR( SUMIF( 'Hot Bill HN'!$D:$D, $B4, 'Hot Bill HN'!$G:$G ), 0) -> 900000 | M4: =IFERROR($J4+$K4+$L4,0) -> 1400000
A5: Hàng Bông | B5: Nguyễn Mạnh Tuấn | C5: BC | D5: =SUM(F5:G5)/DAY($A$1) -> 2185630.4 | E5: 6598538 | F5: 43607386 | G5: 10991728 | H5: =F5/DAY($A$1) -> 1557406.6 | I5: =G5/DAY($A$1) -> 392561.71 | J5: =IFERROR( IF( OR($A5="Hàng Bông",$A5="Đường Láng"), _xludf._xlfn.IFS( AND($H5>=3400000,$I5>=800000),4000000, AND($H5>=3000000,$I5>=700000),2800000, AND($H5>=2600000,$I5>=550000),2000000, AND($H5>=2200000,$I5>=450000),1200000, TRUE,0 ), _xludf._xlfn.IFS( AND($H5>=1500000,$I5>=700000),4000000, AND($H5>=1200000,$I5>=650000),2800000, AND($H5>=1000000,$I5>=580000),2200000, AND($H5>=850000,$I5>=480000),1600000, AND($H5>=630000,$I5>=350000),1000000, TRUE,0 ) ), 0) -> 0 | K5: =IFERROR( IF( AND( $J5=0, IF(OR($A5="Hàng Bông",$A5="Đường Láng"),$D5>=2000000,$D5>=950000) ), 500000, 0 ), 0) -> 500000 | L5: =IFERROR( SUMIF( 'Hot Bill HN'!$D:$D, $B5, 'Hot Bill HN'!$G:$G ), 0) -> 100000 | M5: =IFERROR($J5+$K5+$L5,0) -> 600000
A6: Hàng Bông | B6: Đinh Thị Khánh Ly | C6: BC | D6: =SUM(F6:G6)/DAY($A$1) -> 3697575.1 | E6: 10788615 | F6: 83995244 | G6: 8748243 | H6: =F6/DAY($A$1) -> 2999830.1 | I6: =G6/DAY($A$1) -> 312437.25 | J6: =IFERROR( IF( OR($A6="Hàng Bông",$A6="Đường Láng"), _xludf._xlfn.IFS( AND($H6>=3400000,$I6>=800000),4000000, AND($H6>=3000000,$I6>=700000),2800000, AND($H6>=2600000,$I6>=550000),2000000, AND($H6>=2200000,$I6>=450000),1200000, TRUE,0 ), _xludf._xlfn.IFS( AND($H6>=1500000,$I6>=700000),4000000, AND($H6>=1200000,$I6>=650000),2800000, AND($H6>=1000000,$I6>=580000),2200000, AND($H6>=850000,$I6>=480000),1600000, AND($H6>=630000,$I6>=350000),1000000, TRUE,0 ) ), 0) -> 0 | K6: =IFERROR( IF( AND( $J6=0, IF(OR($A6="Hàng Bông",$A6="Đường Láng"),$D6>=2000000,$D6>=950000) ), 500000, 0 ), 0) -> 500000 | L6: =IFERROR( SUMIF( 'Hot Bill HN'!$D:$D, $B6, 'Hot Bill HN'!$G:$G ), 0) -> 350000 | M6: =IFERROR($J6+$K6+$L6,0) -> 850000
A7: Đường Láng | B7: Hứa Thị Kim Thoa | C7: CHT | D7: =SUM(F7:G7)/DAY($A$1) -> 268285.64 | E7: 650940 | F7: 5906044 | G7: 955014 | H7: =F7/DAY($A$1) -> 210930.14 | I7: =G7/DAY($A$1) -> 34107.643 | J7: =IFERROR( IF( OR($A7="Hàng Bông",$A7="Đường Láng"), _xludf._xlfn.IFS( AND($H7>=3400000,$I7>=800000),4000000, AND($H7>=3000000,$I7>=700000),2800000, AND($H7>=2600000,$I7>=550000),2000000, AND($H7>=2200000,$I7>=450000),1200000, TRUE,0 ), _xludf._xlfn.IFS( AND($H7>=1500000,$I7>=700000),4000000, AND($H7>=1200000,$I7>=650000),2800000, AND($H7>=1000000,$I7>=580000),2200000, AND($H7>=850000,$I7>=480000),1600000, AND($H7>=630000,$I7>=350000),1000000, TRUE,0 ) ), 0) -> 0 | K7: =IFERROR( IF( AND( $J7=0, IF(OR($A7="Hàng Bông",$A7="Đường Láng"),$D7>=2000000,$D7>=950000) ), 500000, 0 ), 0) -> 0 | L7: =IFERROR( SUMIF( 'Hot Bill HN'!$D:$D, $B7, 'Hot Bill HN'!$G:$G ), 0) -> 0 | M7: =IFERROR($J7+$K7+$L7,0) -> 0
A8: Đường Láng | B8: Lê Thị Soạn | C8: BC | D8: =SUM(F8:G8)/DAY($A$1) -> 3421012 | E8: 8718828 | F8: 72176897 | G8: 14892610 | H8: =F8/DAY($A$1) -> 2577746.3 | I8: =G8/DAY($A$1) -> 531878.93 | J8: =IFERROR( IF( OR($A8="Hàng Bông",$A8="Đường Láng"), _xludf._xlfn.IFS( AND($H8>=3400000,$I8>=800000),4000000, AND($H8>=3000000,$I8>=700000),2800000, AND($H8>=2600000,$I8>=550000),2000000, AND($H8>=2200000,$I8>=450000),1200000, TRUE,0 ), _xludf._xlfn.IFS( AND($H8>=1500000,$I8>=700000),4000000, AND($H8>=1200000,$I8>=650000),2800000, AND($H8>=1000000,$I8>=580000),2200000, AND($H8>=850000,$I8>=480000),1600000, AND($H8>=630000,$I8>=350000),1000000, TRUE,0 ) ), 0) -> 0 | K8: =IFERROR( IF( AND( $J8=0, IF(OR($A8="Hàng Bông",$A8="Đường Láng"),$D8>=2000000,$D8>=950000) ), 500000, 0 ), 0) -> 500000 | L8: =IFERROR( SUMIF( 'Hot Bill HN'!$D:$D, $B8, 'Hot Bill HN'!$G:$G ), 0) -> 50000 | M8: =IFERROR($J8+$K8+$L8,0) -> 550000
A9: Đường Láng | B9: Nguyễn Thị Tâm | C9: BC | D9: =SUM(F9:G9)/DAY($A$1) -> 2881220.8 | E9: 6592417 | F9: 61826930 | G9: 12254836 | H9: =F9/DAY($A$1) -> 2208104.6 | I9: =G9/DAY($A$1) -> 437672.71 | J9: =IFERROR( IF( OR($A9="Hàng Bông",$A9="Đường Láng"), _xludf._xlfn.IFS( AND($H9>=3400000,$I9>=800000),4000000, AND($H9>=3000000,$I9>=700000),2800000, AND($H9>=2600000,$I9>=550000),2000000, AND($H9>=2200000,$I9>=450000),1200000, TRUE,0 ), _xludf._xlfn.IFS( AND($H9>=1500000,$I9>=700000),4000000, AND($H9>=1200000,$I9>=650000),2800000, AND($H9>=1000000,$I9>=580000),2200000, AND($H9>=850000,$I9>=480000),1600000, AND($H9>=630000,$I9>=350000),1000000, TRUE,0 ) ), 0) -> 0 | K9: =IFERROR( IF( AND( $J9=0, IF(OR($A9="Hàng Bông",$A9="Đường Láng"),$D9>=2000000,$D9>=950000) ), 500000, 0 ), 0) -> 500000 | L9: =IFERROR( SUMIF( 'Hot Bill HN'!$D:$D, $B9, 'Hot Bill HN'!$G:$G ), 0) -> 100000 | M9: =IFERROR($J9+$K9+$L9,0) -> 600000
A10: Đường Láng | B10: Nguyễn Thị Mai Duyên | C10: BC | D10: =SUM(F10:G10)/DAY($A$1) -> 3368580.7 | E10: 6524765 | F10: 71737328 | G10: 16058166 | H10: =F10/DAY($A$1) -> 2562047.4 | I10: =G10/DAY($A$1) -> 573505.93 | J10: =IFERROR( IF( OR($A10="Hàng Bông",$A10="Đường Láng"), _xludf._xlfn.IFS( AND($H10>=3400000,$I10>=800000),4000000, AND($H10>=3000000,$I10>=700000),2800000, AND($H10>=2600000,$I10>=550000),2000000, AND($H10>=2200000,$I10>=450000),1200000, TRUE,0 ), _xludf._xlfn.IFS( AND($H10>=1500000,$I10>=700000),4000000, AND($H10>=1200000,$I10>=650000),2800000, AND($H10>=1000000,$I10>=580000),2200000, AND($H10>=850000,$I10>=480000),1600000, AND($H10>=630000,$I10>=350000),1000000, TRUE,0 ) ), 0) -> 0 | K10: =IFERROR( IF( AND( $J10=0, IF(OR($A10="Hàng Bông",$A10="Đường Láng"),$D10>=2000000,$D10>=950000) ), 500000, 0 ), 0) -> 500000 | L10: =IFERROR( SUMIF( 'Hot Bill HN'!$D:$D, $B10, 'Hot Bill HN'!$G:$G ), 0) -> 200000 | M10: =IFERROR($J10+$K10+$L10,0) -> 700000
A11: Đường Láng | B11: Trần Ngọc Dung | C11: BC | D11: =SUM(F11:G11)/DAY($A$1) -> 763078.43 | E11: 2545134 | F11: 15345707 | G11: 3475355 | H11: =F11/DAY($A$1) -> 548060.96 | I11: =G11/DAY($A$1) -> 124119.82 | J11: =IFERROR( IF( OR($A11="Hàng Bông",$A11="Đường Láng"), _xludf._xlfn.IFS( AND($H11>=3400000,$I11>=800000),4000000, AND($H11>=3000000,$I11>=700000),2800000, AND($H11>=2600000,$I11>=550000),2000000, AND($H11>=2200000,$I11>=450000),1200000, TRUE,0 ), _xludf._xlfn.IFS( AND($H11>=1500000,$I11>=700000),4000000, AND($H11>=1200000,$I11>=650000),2800000, AND($H11>=1000000,$I11>=580000),2200000, AND($H11>=850000,$I11>=480000),1600000, AND($H11>=630000,$I11>=350000),1000000, TRUE,0 ) ), 0) -> 0 | K11: =IFERROR( IF( AND( $J11=0, IF(OR($A11="Hàng Bông",$A11="Đường Láng"),$D11>=2000000,$D11>=950000) ), 500000, 0 ), 0) -> 0 | L11: =IFERROR( SUMIF( 'Hot Bill HN'!$D:$D, $B11, 'Hot Bill HN'!$G:$G ), 0) -> 0 | M11: =IFERROR($J11+$K11+$L11,0) -> 0
A12: Trường Sa | B12: Nguyễn Trần Ngọc Phương | C12: CHT | D12: =SUM(F12:G12)/DAY($A$1) -> 820280.39 | E12: 978966 | F12: 12877735 | G12: 9111150 | H12: =F12/DAY($A$1) -> 459919.11 | I12: =G12/DAY($A$1) -> 325398.21 | J12: =IFERROR( IF( OR($A12="Hàng Bông",$A12="Đường Láng"), _xludf._xlfn.IFS( AND($H12>=3400000,$I12>=800000),4000000, AND($H12>=3000000,$I12>=700000),2800000, AND($H12>=2600000,$I12>=550000),2000000, AND($H12>=2200000,$I12>=450000),1200000, TRUE,0 ), _xludf._xlfn.IFS( AND($H12>=1500000,$I12>=700000),4000000, AND($H12>=1200000,$I12>=650000),2800000, AND($H12>=1000000,$I12>=580000),2200000, AND($H12>=850000,$I12>=480000),1600000, AND($H12>=630000,$I12>=350000),1000000, TRUE,0 ) ), 0) -> 0 | K12: =IFERROR( IF( AND( $J12=0, IF(OR($A12="Hàng Bông",$A12="Đường Láng"),$D12>=2000000,$D12>=950000) ), 500000, 0 ), 0) -> 0 | L12: =IFERROR( SUMIF( 'Hot Bill HN'!$D:$D, $B12, 'Hot Bill HN'!$G:$G ), 0) -> 0 | M12: =IFERROR($J12+$K12+$L12,0) -> 0
A13: Trường Sa | B13: Phạm Nguyễn Ngọc Quý | C13: BC | D13: =SUM(F13:G13)/DAY($A$1) -> 835680.64 | E13: 519000 | F13: 14316640 | G13: 8563418 | H13: =F13/DAY($A$1) -> 511308.57 | I13: =G13/DAY($A$1) -> 305836.36 | J13: =IFERROR( IF( OR($A13="Hàng Bông",$A13="Đường Láng"), _xludf._xlfn.IFS( AND($H13>=3400000,$I13>=800000),4000000, AND($H13>=3000000,$I13>=700000),2800000, AND($H13>=2600000,$I13>=550000),2000000, AND($H13>=2200000,$I13>=450000),1200000, TRUE,0 ), _xludf._xlfn.IFS( AND($H13>=1500000,$I13>=700000),4000000, AND($H13>=1200000,$I13>=650000),2800000, AND($H13>=1000000,$I13>=580000),2200000, AND($H13>=850000,$I13>=480000),1600000, AND($H13>=630000,$I13>=350000),1000000, TRUE,0 ) ), 0) -> 0 | K13: =IFERROR( IF( AND( $J13=0, IF(OR($A13="Hàng Bông",$A13="Đường Láng"),$D13>=2000000,$D13>=950000) ), 500000, 0 ), 0) -> 0 | L13: =IFERROR( SUMIF( 'Hot Bill HN'!$D:$D, $B13, 'Hot Bill HN'!$G:$G ), 0) -> 0 | M13: =IFERROR($J13+$K13+$L13,0) -> 0
A14: Trường Sa | B14: Nguyễn Ngọc Anh Thư | C14: BC | D14: =SUM(F14:G14)/DAY($A$1) -> 323234.29 | E14: 268631 | F14: 6024318 | G14: 2757611 | H14: =F14/DAY($A$1) -> 215154.21 | I14: =G14/DAY($A$1) -> 98486.107 | J14: =IFERROR( IF( OR($A14="Hàng Bông",$A14="Đường Láng"), _xludf._xlfn.IFS( AND($H14>=3400000,$I14>=800000),4000000, AND($H14>=3000000,$I14>=700000),2800000, AND($H14>=2600000,$I14>=550000),2000000, AND($H14>=2200000,$I14>=450000),1200000, TRUE,0 ), _xludf._xlfn.IFS( AND($H14>=1500000,$I14>=700000),4000000, AND($H14>=1200000,$I14>=650000),2800000, AND($H14>=1000000,$I14>=580000),2200000, AND($H14>=850000,$I14>=480000),1600000, AND($H14>=630000,$I14>=350000),1000000, TRUE,0 ) ), 0) -> 0 | K14: =IFERROR( IF( AND( $J14=0, IF(OR($A14="Hàng Bông",$A14="Đường Láng"),$D14>=2000000,$D14>=950000) ), 500000, 0 ), 0) -> 0 | L14: =IFERROR( SUMIF( 'Hot Bill HN'!$D:$D, $B14, 'Hot Bill HN'!$G:$G ), 0) -> 0 | M14: =IFERROR($J14+$K14+$L14,0) -> 0
... A35: Nguyễn Chí Thanh | B35: Trần Hoàng Khánh | C35: BC | D35: =SUM(F35:G35)/DAY($A$1) -> 1047070.1 | E35: 974434 | F35: 17190013 | G35: 11153517 | H35: =F35/DAY($A$1) -> 613929.04 | I35: =G35/DAY($A$1) -> 398339.89 | J35: =IFERROR( IF( OR($A35="Hàng Bông",$A35="Đường Láng"), _xludf._xlfn.IFS( AND($H35>=3400000,$I35>=800000),4000000, AND($H35>=3000000,$I35>=700000),2800000, AND($H35>=2600000,$I35>=550000),2000000, AND($H35>=2200000,$I35>=450000),1200000, TRUE,0 ), _xludf._xlfn.IFS( AND($H35>=1500000,$I35>=700000),4000000, AND($H35>=1200000,$I35>=650000),2800000, AND($H35>=1000000,$I35>=580000),2200000, AND($H35>=850000,$I35>=480000),1600000, AND($H35>=630000,$I35>=350000),1000000, TRUE,0 ) ), 0) -> 0 | K35: =IFERROR( IF( AND( $J35=0, IF(OR($A35="Hàng Bông",$A35="Đường Láng"),$D35>=2000000,$D35>=950000) ), 500000, 0 ), 0) -> 500000 | L35: =IFERROR( SUMIF( 'Hot Bill HN'!$D:$D, $B35, 'Hot Bill HN'!$G:$G ), 0) -> 0 | M35: =IFERROR($J35+$K35+$L35,0) -> 500000
A36: Nguyễn Chí Thanh | B36: Lý Thục Mi | C36: CHT | D36: =SUM(F36:G36)/DAY($A$1) -> #N/A | E36: 366995 | F36: #N/A | G36: 4473800 | H36: =F36/DAY($A$1) -> #N/A | I36: =G36/DAY($A$1) -> 159778.57 | J36: =IFERROR( IF( OR($A36="Hàng Bông",$A36="Đường Láng"), _xludf._xlfn.IFS( AND($H36>=3400000,$I36>=800000),4000000, AND($H36>=3000000,$I36>=700000),2800000, AND($H36>=2600000,$I36>=550000),2000000, AND($H36>=2200000,$I36>=450000),1200000, TRUE,0 ), _xludf._xlfn.IFS( AND($H36>=1500000,$I36>=700000),4000000, AND($H36>=1200000,$I36>=650000),2800000, AND($H36>=1000000,$I36>=580000),2200000, AND($H36>=850000,$I36>=480000),1600000, AND($H36>=630000,$I36>=350000),1000000, TRUE,0 ) ), 0) -> 0 | K36: =IFERROR( IF( AND( $J36=0, IF(OR($A36="Hàng Bông",$A36="Đường Láng"),$D36>=2000000,$D36>=950000) ), 500000, 0 ), 0) -> 0 | L36: =IFERROR( SUMIF( 'Hot Bill HN'!$D:$D, $B36, 'Hot Bill HN'!$G:$G ), 0) -> 0 | M36: =IFERROR($J36+$K36+$L36,0) -> 0
A37: Nguyễn Thị Thập | B37: Trần Thành Đạt | C37: BC | D37: =SUM(F37:G37)/DAY($A$1) -> 473695.11 | E37: 5500 | F37: 6474677 | G37: 6783286 | H37: =F37/DAY($A$1) -> 231238.46 | I37: =G37/DAY($A$1) -> 242260.21 | J37: =IFERROR( IF( OR($A37="Hàng Bông",$A37="Đường Láng"), _xludf._xlfn.IFS( AND($H37>=3400000,$I37>=800000),4000000, AND($H37>=3000000,$I37>=700000),2800000, AND($H37>=2600000,$I37>=550000),2000000, AND($H37>=2200000,$I37>=450000),1200000, TRUE,0 ), _xludf._xlfn.IFS( AND($H37>=1500000,$I37>=700000),4000000, AND($H37>=1200000,$I37>=650000),2800000, AND($H37>=1000000,$I37>=580000),2200000, AND($H37>=850000,$I37>=480000),1600000, AND($H37>=630000,$I37>=350000),1000000, TRUE,0 ) ), 0) -> 0 | K37: =IFERROR( IF( AND( $J37=0, IF(OR($A37="Hàng Bông",$A37="Đường Láng"),$D37>=2000000,$D37>=950000) ), 500000, 0 ), 0) -> 0 | L37: =IFERROR( SUMIF( 'Hot Bill HN'!$D:$D, $B37, 'Hot Bill HN'!$G:$G ), 0) -> 0 | M37: =IFERROR($J37+$K37+$L37,0) -> 0
A38: Nguyễn Thị Thập | B38: Triệu Thị Ngọc Lý | C38: BC | D38: =SUM(F38:G38)/DAY($A$1) -> 830946.79 | E38: 361935 | F38: 14505260 | G38: 8399315 | H38: =F38/DAY($A$1) -> 518045 | I38: =G38/DAY($A$1) -> 299975.54 | J38: =IFERROR( IF( OR($A38="Hàng Bông",$A38="Đường Láng"), _xludf._xlfn.IFS( AND($H38>=3400000,$I38>=800000),4000000, AND($H38>=3000000,$I38>=700000),2800000, AND($H38>=2600000,$I38>=550000),2000000, AND($H38>=2200000,$I38>=450000),1200000, TRUE,0 ), _xludf._xlfn.IFS( AND($H38>=1500000,$I38>=700000),4000000, AND($H38>=1200000,$I38>=650000),2800000, AND($H38>=1000000,$I38>=580000),2200000, AND($H38>=850000,$I38>=480000),1600000, AND($H38>=630000,$I38>=350000),1000000, TRUE,0 ) ), 0) -> 0 | K38: =IFERROR( IF( AND( $J38=0, IF(OR($A38="Hàng Bông",$A38="Đường Láng"),$D38>=2000000,$D38>=950000) ), 500000, 0 ), 0) -> 0 | L38: =IFERROR( SUMIF( 'Hot Bill HN'!$D:$D, $B38, 'Hot Bill HN'!$G:$G ), 0) -> 0 | M38: =IFERROR($J38+$K38+$L38,0) -> 0
A39: Nguyễn Thị Thập | B39: Nguyễn Trí Nghĩa | C39: BC | D39: =SUM(F39:G39)/DAY($A$1) -> 307081.79 | E39: 623279 | F39: 3155314 | G39: 4819697 | H39: =F39/DAY($A$1) -> 112689.79 | I39: =G39/DAY($A$1) -> 172132.04 | J39: =IFERROR( IF( OR($A39="Hàng Bông",$A39="Đường Láng"), _xludf._xlfn.IFS( AND($H39>=3400000,$I39>=800000),4000000, AND($H39>=3000000,$I39>=700000),2800000, AND($H39>=2600000,$I39>=550000),2000000, AND($H39>=2200000,$I39>=450000),1200000, TRUE,0 ), _xludf._xlfn.IFS( AND($H39>=1500000,$I39>=700000),4000000, AND($H39>=1200000,$I39>=650000),2800000, AND($H39>=1000000,$I39>=580000),2200000, AND($H39>=850000,$I39>=480000),1600000, AND($H39>=630000,$I39>=350000),1000000, TRUE,0 ) ), 0) -> 0 | K39: =IFERROR( IF( AND( $J39=0, IF(OR($A39="Hàng Bông",$A39="Đường Láng"),$D39>=2000000,$D39>=950000) ), 500000, 0 ), 0) -> 0 | L39: =IFERROR( SUMIF( 'Hot Bill HN'!$D:$D, $B39, 'Hot Bill HN'!$G:$G ), 0) -> 0 | M39: =IFERROR($J39+$K39+$L39,0) -> 0
A40: Nguyễn Thị Thập | B40: Cao Trọng Nhân | C40: CHT | D40: =SUM(F40:G40)/DAY($A$1) -> 998594.18 | E40: 518522 | F40: 14809237 | G40: 12632878 | H40: =F40/DAY($A$1) -> 528901.32 | I40: =G40/DAY($A$1) -> 451174.21 | J40: =IFERROR( IF( OR($A40="Hàng Bông",$A40="Đường Láng"), _xludf._xlfn.IFS( AND($H40>=3400000,$I40>=800000),4000000, AND($H40>=3000000,$I40>=700000),2800000, AND($H40>=2600000,$I40>=550000),2000000, AND($H40>=2200000,$I40>=450000),1200000, TRUE,0 ), _xludf._xlfn.IFS( AND($H40>=1500000,$I40>=700000),4000000, AND($H40>=1200000,$I40>=650000),2800000, AND($H40>=1000000,$I40>=580000),2200000, AND($H40>=850000,$I40>=480000),1600000, AND($H40>=630000,$I40>=350000),1000000, TRUE,0 ) ), 0) -> 0 | K40: =IFERROR( IF( AND( $J40=0, IF(OR($A40="Hàng Bông",$A40="Đường Láng"),$D40>=2000000,$D40>=950000) ), 500000, 0 ), 0) -> 500000 | L40: =IFERROR( SUMIF( 'Hot Bill HN'!$D:$D, $B40, 'Hot Bill HN'!$G:$G ), 0) -> 0 | M40: =IFERROR($J40+$K40+$L40,0) -> 500000
A41: Nguyễn Văn Quá | B41: Hồ Ngọc Lý | C41: BC | D41: =SUM(F41:G41)/DAY($A$1) -> 976473.68 | E41: 600454 | F41: 17810503 | G41: 8930306 | H41: =F41/DAY($A$1) -> 636089.39 | I41: =G41/DAY($A$1) -> 318939.5 | J41: =IFERROR( IF( OR($A41="Hàng Bông",$A41="Đường Láng"), _xludf._xlfn.IFS( AND($H41>=3400000,$I41>=800000),4000000, AND($H41>=3000000,$I41>=700000),2800000, AND($H41>=2600000,$I41>=550000),2000000, AND($H41>=2200000,$I41>=450000),1200000, TRUE,0 ), _xludf._xlfn.IFS( AND($H41>=1500000,$I41>=700000),4000000, AND($H41>=1200000,$I41>=650000),2800000, AND($H41>=1000000,$I41>=580000),2200000, AND($H41>=850000,$I41>=480000),1600000, AND($H41>=630000,$I41>=350000),1000000, TRUE,0 ) ), 0) -> 0 | K41: =IFERROR( IF( AND( $J41=0, IF(OR($A41="Hàng Bông",$A41="Đường Láng"),$D41>=2000000,$D41>=950000) ), 500000, 0 ), 0) -> 500000 | L41: =IFERROR( SUMIF( 'Hot Bill HN'!$D:$D, $B41, 'Hot Bill HN'!$G:$G ), 0) -> 0 | M41: =IFERROR($J41+$K41+$L41,0) -> 500000
A42: Nguyễn Văn Quá | B42: Võ Ngọc Giàu Sang | C42: BC | D42: =SUM(F42:G42)/DAY($A$1) -> 724898.36 | E42: 239074 | F42: 14379614 | G42: 5678466 | H42: =F42/DAY($A$1) -> 513557.64 | I42: =G42/DAY($A$1) -> 202802.36 | J42: =IFERROR( IF( OR($A42="Hàng Bông",$A42="Đường Láng"), _xludf._xlfn.IFS( AND($H42>=3400000,$I42>=800000),4000000, AND($H42>=3000000,$I42>=700000),2800000, AND($H42>=2600000,$I42>=550000),2000000, AND($H42>=2200000,$I42>=450000),1200000, TRUE,0 ), _xludf._xlfn.IFS( AND($H42>=1500000,$I42>=700000),4000000, AND($H42>=1200000,$I42>=650000),2800000, AND($H42>=1000000,$I42>=580000),2200000, AND($H42>=850000,$I42>=480000),1600000, AND($H42>=630000,$I42>=350000),1000000, TRUE,0 ) ), 0) -> 0 | K42: =IFERROR( IF( AND( $J42=0, IF(OR($A42="Hàng Bông",$A42="Đường Láng"),$D42>=2000000,$D42>=950000) ), 500000, 0 ), 0) -> 0 | L42: =IFERROR( SUMIF( 'Hot Bill HN'!$D:$D, $B42, 'Hot Bill HN'!$G:$G ), 0) -> 0 | M42: =IFERROR($J42+$K42+$L42,0) -> 0
A43: Nguyễn Văn Quá | B43: Nguyễn Thị Thu Huyền | C43: BC | D43: =SUM(F43:G43)/DAY($A$1) -> 1323659.1 | E43: 1094439 | F43: 19863367 | G43: 16104648 | H43: =F43/DAY($A$1) -> 709405.96 | I43: =G43/DAY($A$1) -> 575166 | J43: =IFERROR( IF( OR($A43="Hàng Bông",$A43="Đường Láng"), _xludf._xlfn.IFS( AND($H43>=3400000,$I43>=800000),4000000, AND($H43>=3000000,$I43>=700000),2800000, AND($H43>=2600000,$I43>=550000),2000000, AND($H43>=2200000,$I43>=450000),1200000, TRUE,0 ), _xludf._xlfn.IFS( AND($H43>=1500000,$I43>=700000),4000000, AND($H43>=1200000,$I43>=650000),2800000, AND($H43>=1000000,$I43>=580000),2200000, AND($H43>=850000,$I43>=480000),1600000, AND($H43>=630000,$I43>=350000),1000000, TRUE,0 ) ), 0) -> 0 | K43: =IFERROR( IF( AND( $J43=0, IF(OR($A43="Hàng Bông",$A43="Đường Láng"),$D43>=2000000,$D43>=950000) ), 500000, 0 ), 0) -> 500000 | L43: =IFERROR( SUMIF( 'Hot Bill HN'!$D:$D, $B43, 'Hot Bill HN'!$G:$G ), 0) -> 0 | M43: =IFERROR($J43+$K43+$L43,0) -> 500000
A44: Nguyễn Văn Quá | B44: Nguyễn Thị Hương Giang | C44: CHT | D44: =SUM(F44:G44)/DAY($A$1) -> 958433.86 | E44: 319500 | F44: 14874783 | G44: 11641865 | H44: =F44/DAY($A$1) -> 531242.25 | I44: =G44/DAY($A$1) -> 415780.89 | J44: =IFERROR( IF( OR($A44="Hàng Bông",$A44="Đường Láng"), _xludf._xlfn.IFS( AND($H44>=3400000,$I44>=800000),4000000, AND($H44>=3000000,$I44>=700000),2800000, AND($H44>=2600000,$I44>=550000),2000000, AND($H44>=2200000,$I44>=450000),1200000, TRUE,0 ), _xludf._xlfn.IFS( AND($H44>=1500000,$I44>=700000),4000000, AND($H44>=1200000,$I44>=650000),2800000, AND($H44>=1000000,$I44>=580000),2200000, AND($H44>=850000,$I44>=480000),1600000, AND($H44>=630000,$I44>=350000),1000000, TRUE,0 ) ), 0) -> 0 | K44: =IFERROR( IF( AND( $J44=0, IF(OR($A44="Hàng Bông",$A44="Đường Láng"),$D44>=2000000,$D44>=950000) ), 500000, 0 ), 0) -> 500000 | L44: =IFERROR( SUMIF( 'Hot Bill HN'!$D:$D, $B44, 'Hot Bill HN'!$G:$G ), 0) -> 0 | M44: =IFERROR($J44+$K44+$L44,0) -> 500000
A45: Rạch Bùng Binh | B45: Cù Thị Tường Vy | C45: DSTV | D45: =SUM(F45:G45)/DAY($A$1) -> 611955.07 | E45: 914480 | F45: 7011275 | G45: 9208987 | H45: =F45/DAY($A$1) -> 250402.68 | I45: =G45/DAY($A$1) -> 328892.39 | J45: =IFERROR( IF( OR($A45="Hàng Bông",$A45="Đường Láng"), _xludf._xlfn.IFS( AND($H45>=3400000,$I45>=800000),4000000, AND($H45>=3000000,$I45>=700000),2800000, AND($H45>=2600000,$I45>=550000),2000000, AND($H45>=2200000,$I45>=450000),1200000, TRUE,0 ), _xludf._xlfn.IFS( AND($H45>=1500000,$I45>=700000),4000000, AND($H45>=1200000,$I45>=650000),2800000, AND($H45>=1000000,$I45>=580000),2200000, AND($H45>=850000,$I45>=480000),1600000, AND($H45>=630000,$I45>=350000),1000000, TRUE,0 ) ), 0) -> 0 | K45: =IFERROR( IF( AND( $J45=0, IF(OR($A45="Hàng Bông",$A45="Đường Láng"),$D45>=2000000,$D45>=950000) ), 500000, 0 ), 0) -> 0 | L45: =IFERROR( SUMIF( 'Hot Bill HN'!$D:$D, $B45, 'Hot Bill HN'!$G:$G ), 0) -> 0 | M45: =IFERROR($J45+$K45+$L45,0) -> 0
A46: Rạch Bùng Binh | B46: Huỳnh Thị Huệ Hiền | C46: DSTV | D46: =SUM(F46:G46)/DAY($A$1) -> 934192.11 | E46: 146000 | F46: 15205287 | G46: 10806092 | H46: =F46/DAY($A$1) -> 543045.96 | I46: =G46/DAY($A$1) -> 385931.86 | J46: =IFERROR( IF( OR($A46="Hàng Bông",$A46="Đường Láng"), _xludf._xlfn.IFS( AND($H46>=3400000,$I46>=800000),4000000, AND($H46>=3000000,$I46>=700000),2800000, AND($H46>=2600000,$I46>=550000),2000000, AND($H46>=2200000,$I46>=450000),1200000, TRUE,0 ), _xludf._xlfn.IFS( AND($H46>=1500000,$I46>=700000),4000000, AND($H46>=1200000,$I46>=650000),2800000, AND($H46>=1000000,$I46>=580000),2200000, AND($H46>=850000,$I46>=480000),1600000, AND($H46>=630000,$I46>=350000),1000000, TRUE,0 ) ), 0) -> 0 | K46: =IFERROR( IF( AND( $J46=0, IF(OR($A46="Hàng Bông",$A46="Đường Láng"),$D46>=2000000,$D46>=950000) ), 500000, 0 ), 0) -> 0 | L46: =IFERROR( SUMIF( 'Hot Bill HN'!$D:$D, $B46, 'Hot Bill HN'!$G:$G ), 0) -> 0 | M46: =IFERROR($J46+$K46+$L46,0) -> 0
A47: Rạch Bùng Binh | B47: Ngô Thị Ngọc Thủy | C47: BC | D47: =SUM(F47:G47)/DAY($A$1) -> 678153.68 | E47: 366000 | F47: 9134464 | G47: 9487839 | H47: =F47/DAY($A$1) -> 326230.86 | I47: =G47/DAY($A$1) -> 338851.39 | J47: =IFERROR( IF( OR($A47="Hàng Bông",$A47="Đường Láng"), _xludf._xlfn.IFS( AND($H47>=3400000,$I47>=800000),4000000, AND($H47>=3000000,$I47>=700000),2800000, AND($H47>=2600000,$I47>=550000),2000000, AND($H47>=2200000,$I47>=450000),1200000, TRUE,0 ), _xludf._xlfn.IFS( AND($H47>=1500000,$I47>=700000),4000000, AND($H47>=1200000,$I47>=650000),2800000, AND($H47>=1000000,$I47>=580000),2200000, AND($H47>=850000,$I47>=480000),1600000, AND($H47>=630000,$I47>=350000),1000000, TRUE,0 ) ), 0) -> 0 | K47: =IFERROR( IF( AND( $J47=0, IF(OR($A47="Hàng Bông",$A47="Đường Láng"),$D47>=2000000,$D47>=950000) ), 500000, 0 ), 0) -> 0 | L47: =IFERROR( SUMIF( 'Hot Bill HN'!$D:$D, $B47, 'Hot Bill HN'!$G:$G ), 0) -> 0 | M47: =IFERROR($J47+$K47+$L47,0) -> 0
A48: Rạch Bùng Binh | B48: Nguyễn Thị Phúc Lộc | C48: DSTV | D48: =SUM(F48:G48)/DAY($A$1) -> 246005.89 | E48: 6524765 | F48: 193400 | G48: 170000 | H48: =F48/DAY($A$1) -> 6907.1429 | I48: =G48/DAY($A$1) -> 6071.4286 | J48: =IFERROR( IF( OR($A48="Hàng Bông",$A48="Đường Láng"), _xludf._xlfn.IFS( AND($H48>=3400000,$I48>=800000),4000000, AND($H48>=3000000,$I48>=700000),2800000, AND($H48>=2600000,$I48>=550000),2000000, AND($H48>=2200000,$I48>=450000),1200000, TRUE,0 ), _xludf._xlfn.IFS( AND($H48>=1500000,$I48>=700000),4000000, AND($H48>=1200000,$I48>=650000),2800000, AND($H48>=1000000,$I48>=580000),2200000, AND($H48>=850000,$I48>=480000),1600000, AND($H48>=630000,$I48>=350000),1000000, TRUE,0 ) ), 0) -> 0 | K48: =IFERROR( IF( AND( $J48=0, IF(OR($A48="Hàng Bông",$A48="Đường Láng"),$D48>=2000000,$D48>=950000) ), 500000, 0 ), 0) -> 0 | L48: =IFERROR( SUMIF( 'Hot Bill HN'!$D:$D, $B48, 'Hot Bill HN'!$G:$G ), 0) -> 0 | M48: =IFERROR($J48+$K48+$L48,0) -> 0
... A53: Lê Bình | B53: Hoàng Lâm Gia Bảo | C53: BC | D53: =SUM(F53:G53)/DAY($A$1) -> 808500.21 | E53: 1359400 | F53: 15776914 | G53: 5501692 | H53: =F53/DAY($A$1) -> 563461.21 | I53: =G53/DAY($A$1) -> 196489 | J53: =IFERROR( IF( OR($A53="Hàng Bông",$A53="Đường Láng"), _xludf._xlfn.IFS( AND($H53>=3400000,$I53>=800000),4000000, AND($H53>=3000000,$I53>=700000),2800000, AND($H53>=2600000,$I53>=550000),2000000, AND($H53>=2200000,$I53>=450000),1200000, TRUE,0 ), _xludf._xlfn.IFS( AND($H53>=1500000,$I53>=700000),4000000, AND($H53>=1200000,$I53>=650000),2800000, AND($H53>=1000000,$I53>=580000),2200000, AND($H53>=850000,$I53>=480000),1600000, AND($H53>=630000,$I53>=350000),1000000, TRUE,0 ) ), 0) -> 0 | K53: =IFERROR( IF( AND( $J53=0, IF(OR($A53="Hàng Bông",$A53="Đường Láng"),$D53>=2000000,$D53>=950000) ), 500000, 0 ), 0) -> 0 | L53: =IFERROR( SUMIF( 'Hot Bill HN'!$D:$D, $B53, 'Hot Bill HN'!$G:$G ), 0) -> 0 | M53: =IFERROR($J53+$K53+$L53,0) -> 0

Sheet Hot Bill HN
A1: Mã hóa đơn | B1: Thời gian | C1: Chi nhánh | D1: Tên Dược Sĩ | E1: Số lượng SP CK | F1: Doanh thu nhóm CK+CKHN | G1: Tiền Thưởng (VNĐ) | H1: Chi tiết sản phẩm
A2: HD1190587 | B2: 46255.865 | C2: NT Hàng Bông 247 | D2: Vũ Thanh Hằng | E2: 2 | F2: 1223000 | G2: 50000 | H2: CK A-z multivitamin plus Q10 & lutein eurho vital (h/30v) (SL: 1, TT: 391,000đ) | CK Radis noir artichaut bio fleurance nature (h/30v) (SL: 2, TT: 832,000đ)
A3: HD1190430 | B3: 46255.716 | C3: NT Hàng Bông 247 | D3: Vũ Thanh Hằng | E3: 2 | F3: 1022000 | G3: 50000 | H3: CK Dermosoft decalact (h/20gr) (SL: 2, TT: 280,000đ) | CK Arkofluides Detoxifiant Hepatiqua Arkopharma(h/20o) (SL: 1, TT: 742,000đ)
A4: HD1189412.01 | B4: 46255.319 | C4: NT Hàng Bông 247 | D4: Vũ Thanh Hằng | E4: 2 | F4: 1240000 | G4: 50000 | H4: CK Advance white glutathion viên uống trắng sáng da lustrel laboratoires (h/60v) (SL: 1, TT: 1,080,000đ) | CKHN Kem dưỡng ẩm Dermaryl Bioderma (h/50gr) (SL: 1, TT: 160,000đ)
A5: HD1189412 | B5: 46254.867 | C5: NT Hàng Bông 247 | D5: Vũ Thanh Hằng | E5: 2 | F5: 1240000 | G5: 50000 | H5: CK Advance white glutathion viên uống trắng sáng da lustrel laboratoires (h/60v) (SL: 1, TT: 1,080,000đ) | CKHN Kem dưỡng ẩm Dermaryl Bioderma (h/50gr) (SL: 1, TT: 160,000đ)
A6: HD1188700 | B6: 46254.097 | C6: NT Hàng Bông 247 | D6: Nguyễn Mạnh Tuấn | E6: 4 | F6: 1029600 | G6: 50000 | H6: CK Ozzotin sleep expert livial (h/10v) (SL: 2, TT: 264,000đ) | CK Probioboost confort gastrique fleurance nature (h/15v) (SL: 1, TT: 457,600đ) | CKHN Manukan (h/16v) (SL: 1, TT: 187,000đ) | CKHN Metazolin đức minh (h/15ml) (SL: 2, TT: 121,000đ)
A7: HD1187084 | B7: 46252.877 | C7: NT Hàng Bông 247 | D7: Vũ Thanh Hằng | E7: 2 | F7: 1111000 | G7: 50000 | H7: CK Probioboost confort gastrique fleurance nature (h/15v) (SL: 1, TT: 416,000đ) | CKHN Chai xịt bạc ghimas powder spray (c/125ml) (SL: 1, TT: 695,000đ)
A8: HD1186887 | B8: 46252.685 | C8: NT Hàng Bông 247 | D8: Vũ Thanh Hằng | E8: 2 | F8: 1111000 | G8: 50000 | H8: CK Probioboost confort gastrique fleurance nature (h/15v) (SL: 1, TT: 416,000đ) | CKHN Chai xịt bạc ghimas powder spray (c/125ml) (SL: 1, TT: 695,000đ)
A9: HD1185947 | B9: 46251.895 | C9: NT Hàng Bông 247 | D9: Đinh Thị Khánh Ly | E9: 1 | F9: 2226000 | G9: 50000 | H9: CK Arkofluides Detoxifiant Hepatiqua Arkopharma(h/20o) (SL: 3, TT: 2,226,000đ)
A10: HD1184723 | B10: 46250.908 | C10: NT Hàng Bông 247 | D10: Vũ Thanh Hằng | E10: 2 | F10: 1114000 | G10: 50000 | H10: CK Azinc Vitalite arkopharma (h60v) (SL: 1, TT: 419,000đ) | CKHN Chai xịt bạc ghimas powder spray (c/125ml) (SL: 1, TT: 695,000đ)
A11: HD1184536 | B11: 46250.719 | C11: NT Hàng Bông 247 | D11: Vũ Thanh Hằng | E11: 1 | F11: 1080000 | G11: 50000 | H11: CK Advance white glutathion viên uống trắng sáng da lustrel laboratoires (h/60v) (SL: 1, TT: 1,080,000đ)
A12: HD1184270 | B12: 46250.332 | C12: NT Hàng Bông 247 | D12: Đinh Thị Lan Anh | E12: 2 | F12: 1011000 | G12: 50000 | H12: CK Probioboost confort gastrique fleurance nature (h/15v) (SL: 2, TT: 832,000đ) | CK Bọt vệ sinh ladycare classic (h/190ml) (SL: 1, TT: 179,000đ)
A13: HD1184166 | B13: 46250.219 | C13: NT Hàng Bông 247 | D13: Nguyễn Mạnh Tuấn | E13: 2 | F13: 1092000 | G13: 50000 | H13: CK Que thử thai nk quick test ngọc khánh (h/1q) (SL: 3, TT: 66,000đ) | CK Calcium 600 eurho vital (h/30v) (SL: 3, TT: 1,026,000đ)
... A37: HD1192974 | B37: 46257.857 | C37: NT Hàng Bông 247 | D37: Vũ Thanh Hằng | E37: 3 | F37: 1060000 | G37: 50000 | H37: CKHN An phế healthway usa pharma (h/125ml) (SL: 1, TT: 100,000đ) | CKHN Manukan (h/16v) (SL: 2, TT: 340,000đ) | CKHN Mason Natural Daily Multiple Vitamins with Minerals (h/60v) (SL: 1, TT: 620,000đ)
